method,dataset,n_tasks,ledger_hash,unit,window_W,sigma,delta,T,m_T,m_T_passes,eps,regime,observed,eps0,eps0_analytic
M0,cifar100,10,644a6e018def9325,U1,3,2.0,1e-05,1,1.0,30.0,2.5292139405522476,contractive,1,,
M0,cifar100,10,644a6e018def9325,U1,3,2.0,1e-05,2,1.0,30.0,2.5292139405522476,contractive,1,,
M0,cifar100,10,644a6e018def9325,U1,3,2.0,1e-05,3,1.0,30.0,2.5292139405522476,contractive,1,,
M0,cifar100,10,644a6e018def9325,U1,3,2.0,1e-05,4,1.0,30.0,2.5292139405522476,contractive,1,,
M0,cifar100,10,644a6e018def9325,U1,3,2.0,1e-05,5,1.0,30.0,2.5292139405522476,contractive,1,,
M0,cifar100,10,644a6e018def9325,U1,3,2.0,1e-05,6,1.0,30.0,2.5292139405522476,contractive,1,,
M0,cifar100,10,644a6e018def9325,U1,3,2.0,1e-05,7,1.0,30.0,2.5292139405522476,contractive,1,,
M0,cifar100,10,644a6e018def9325,U1,3,2.0,1e-05,8,1.0,30.0,2.5292139405522476,contractive,1,,
M0,cifar100,10,644a6e018def9325,U1,3,2.0,1e-05,9,1.0,30.0,2.5292139405522476,contractive,1,,
M0,cifar100,10,644a6e018def9325,U1,3,2.0,1e-05,10,1.0,30.0,2.5292139405522476,contractive,1,,
M0,cifar100,10,644a6e018def9325,U1,3,2.0,1e-05,11,1.0,nan,2.5292139405522476,contractive,0,,
M0,cifar100,10,644a6e018def9325,U1,3,2.0,1e-05,13,1.0,nan,2.5292139405522476,contractive,0,,
M0,cifar100,10,644a6e018def9325,U1,3,2.0,1e-05,16,1.0,nan,2.5292139405522476,contractive,0,,
M0,cifar100,10,644a6e018def9325,U1,3,2.0,1e-05,19,1.0,nan,2.5292139405522476,contractive,0,,
M0,cifar100,10,644a6e018def9325,U1,3,2.0,1e-05,23,1.0,nan,2.5292139405522476,contractive,0,,
M0,cifar100,10,644a6e018def9325,U1,3,2.0,1e-05,28,1.0,nan,2.5292139405522476,contractive,0,,
M0,cifar100,10,644a6e018def9325,U1,3,2.0,1e-05,34,1.0,nan,2.5292139405522476,contractive,0,,
M0,cifar100,10,644a6e018def9325,U1,3,2.0,1e-05,41,1.0,nan,2.5292139405522476,contractive,0,,
M0,cifar100,10,644a6e018def9325,U1,3,2.0,1e-05,49,1.0,nan,2.5292139405522476,contractive,0,,
M0,cifar100,10,644a6e018def9325,U1,3,2.0,1e-05,60,1.0,nan,2.5292139405522476,contractive,0,,
M0,cifar100,10,644a6e018def9325,U1,3,2.0,1e-05,72,1.0,nan,2.5292139405522476,contractive,0,,
M0,cifar100,10,644a6e018def9325,U1,3,2.0,1e-05,87,1.0,nan,2.5292139405522476,contractive,0,,
M0,cifar100,10,644a6e018def9325,U1,3,2.0,1e-05,105,1.0,nan,2.5292139405522476,contractive,0,,
M0,cifar100,10,644a6e018def9325,U1,3,2.0,1e-05,127,1.0,nan,2.5292139405522476,contractive,0,,
M0,cifar100,10,644a6e018def9325,U1,3,2.0,1e-05,153,1.0,nan,2.5292139405522476,contractive,0,,
M0,cifar100,10,644a6e018def9325,U1,3,2.0,1e-05,184,1.0,nan,2.5292139405522476,contractive,0,,
M0,cifar100,10,644a6e018def9325,U1,3,2.0,1e-05,222,1.0,nan,2.5292139405522476,contractive,0,,
M0,cifar100,10,644a6e018def9325,U1,3,2.0,1e-05,268,1.0,nan,2.5292139405522476,contractive,0,,
M0,cifar100,10,644a6e018def9325,U1,3,2.0,1e-05,324,1.0,nan,2.5292139405522476,contractive,0,,
M0,cifar100,10,644a6e018def9325,U1,3,2.0,1e-05,391,1.0,nan,2.5292139405522476,contractive,0,,
M0,cifar100,10,644a6e018def9325,U1,3,2.0,1e-05,472,1.0,nan,2.5292139405522476,contractive,0,,
M0,cifar100,10,644a6e018def9325,U1,3,2.0,1e-05,569,1.0,nan,2.5292139405522476,contractive,0,,
M0,cifar100,10,644a6e018def9325,U1,3,2.0,1e-05,687,1.0,nan,2.5292139405522476,contractive,0,,
M0,cifar100,10,644a6e018def9325,U1,3,2.0,1e-05,829,1.0,nan,2.5292139405522476,contractive,0,,
M0,cifar100,10,644a6e018def9325,U1,3,2.0,1e-05,1000,1.0,nan,2.5292139405522476,contractive,0,,
M0,cifar100,10,644a6e018def9325,U2,3,2.0,1e-05,1,1.0,30.0,2.5292139405522476,contractive,1,,
M0,cifar100,10,644a6e018def9325,U2,3,2.0,1e-05,2,1.0,30.0,2.5292139405522476,contractive,1,,
M0,cifar100,10,644a6e018def9325,U2,3,2.0,1e-05,3,1.0,30.0,2.5292139405522476,contractive,1,,
M0,cifar100,10,644a6e018def9325,U2,3,2.0,1e-05,4,1.0,30.0,2.5292139405522476,contractive,1,,
M0,cifar100,10,644a6e018def9325,U2,3,2.0,1e-05,5,1.0,30.0,2.5292139405522476,contractive,1,,
M0,cifar100,10,644a6e018def9325,U2,3,2.0,1e-05,6,1.0,30.0,2.5292139405522476,contractive,1,,
M0,cifar100,10,644a6e018def9325,U2,3,2.0,1e-05,7,1.0,30.0,2.5292139405522476,contractive,1,,
M0,cifar100,10,644a6e018def9325,U2,3,2.0,1e-05,8,1.0,30.0,2.5292139405522476,contractive,1,,
M0,cifar100,10,644a6e018def9325,U2,3,2.0,1e-05,9,1.0,30.0,2.5292139405522476,contractive,1,,
M0,cifar100,10,644a6e018def9325,U2,3,2.0,1e-05,10,1.0,30.0,2.5292139405522476,contractive,1,,
M0,cifar100,10,644a6e018def9325,U2,3,2.0,1e-05,11,1.0,nan,2.5292139405522476,contractive,0,,
M0,cifar100,10,644a6e018def9325,U2,3,2.0,1e-05,13,1.0,nan,2.5292139405522476,contractive,0,,
M0,cifar100,10,644a6e018def9325,U2,3,2.0,1e-05,16,1.0,nan,2.5292139405522476,contractive,0,,
M0,cifar100,10,644a6e018def9325,U2,3,2.0,1e-05,19,1.0,nan,2.5292139405522476,contractive,0,,
M0,cifar100,10,644a6e018def9325,U2,3,2.0,1e-05,23,1.0,nan,2.5292139405522476,contractive,0,,
M0,cifar100,10,644a6e018def9325,U2,3,2.0,1e-05,28,1.0,nan,2.5292139405522476,contractive,0,,
M0,cifar100,10,644a6e018def9325,U2,3,2.0,1e-05,34,1.0,nan,2.5292139405522476,contractive,0,,
M0,cifar100,10,644a6e018def9325,U2,3,2.0,1e-05,41,1.0,nan,2.5292139405522476,contractive,0,,
M0,cifar100,10,644a6e018def9325,U2,3,2.0,1e-05,49,1.0,nan,2.5292139405522476,contractive,0,,
M0,cifar100,10,644a6e018def9325,U2,3,2.0,1e-05,60,1.0,nan,2.5292139405522476,contractive,0,,
M0,cifar100,10,644a6e018def9325,U2,3,2.0,1e-05,72,1.0,nan,2.5292139405522476,contractive,0,,
M0,cifar100,10,644a6e018def9325,U2,3,2.0,1e-05,87,1.0,nan,2.5292139405522476,contractive,0,,
M0,cifar100,10,644a6e018def9325,U2,3,2.0,1e-05,105,1.0,nan,2.5292139405522476,contractive,0,,
M0,cifar100,10,644a6e018def9325,U2,3,2.0,1e-05,127,1.0,nan,2.5292139405522476,contractive,0,,
M0,cifar100,10,644a6e018def9325,U2,3,2.0,1e-05,153,1.0,nan,2.5292139405522476,contractive,0,,
M0,cifar100,10,644a6e018def9325,U2,3,2.0,1e-05,184,1.0,nan,2.5292139405522476,contractive,0,,
M0,cifar100,10,644a6e018def9325,U2,3,2.0,1e-05,222,1.0,nan,2.5292139405522476,contractive,0,,
M0,cifar100,10,644a6e018def9325,U2,3,2.0,1e-05,268,1.0,nan,2.5292139405522476,contractive,0,,
M0,cifar100,10,644a6e018def9325,U2,3,2.0,1e-05,324,1.0,nan,2.5292139405522476,contractive,0,,
M0,cifar100,10,644a6e018def9325,U2,3,2.0,1e-05,391,1.0,nan,2.5292139405522476,contractive,0,,
M0,cifar100,10,644a6e018def9325,U2,3,2.0,1e-05,472,1.0,nan,2.5292139405522476,contractive,0,,
M0,cifar100,10,644a6e018def9325,U2,3,2.0,1e-05,569,1.0,nan,2.5292139405522476,contractive,0,,
M0,cifar100,10,644a6e018def9325,U2,3,2.0,1e-05,687,1.0,nan,2.5292139405522476,contractive,0,,
M0,cifar100,10,644a6e018def9325,U2,3,2.0,1e-05,829,1.0,nan,2.5292139405522476,contractive,0,,
M0,cifar100,10,644a6e018def9325,U2,3,2.0,1e-05,1000,1.0,nan,2.5292139405522476,contractive,0,,
M0,cifar100,10,644a6e018def9325,U3,3,2.0,1e-05,1,1.0,30.0,2.5292139405522476,contractive,1,,
M0,cifar100,10,644a6e018def9325,U3,3,2.0,1e-05,2,2.0,60.0,3.6430702143557943,contractive,1,,
M0,cifar100,10,644a6e018def9325,U3,3,2.0,1e-05,3,3.0,90.0,4.530670910207755,contractive,1,,
M0,cifar100,10,644a6e018def9325,U3,3,2.0,1e-05,4,3.0,90.0,4.530670910207755,contractive,1,,
M0,cifar100,10,644a6e018def9325,U3,3,2.0,1e-05,5,3.0,90.0,4.530670910207755,contractive,1,,
M0,cifar100,10,644a6e018def9325,U3,3,2.0,1e-05,6,3.0,90.0,4.530670910207755,contractive,1,,
M0,cifar100,10,644a6e018def9325,U3,3,2.0,1e-05,7,3.0,90.0,4.530670910207755,contractive,1,,
M0,cifar100,10,644a6e018def9325,U3,3,2.0,1e-05,8,3.0,90.0,4.530670910207755,contractive,1,,
M0,cifar100,10,644a6e018def9325,U3,3,2.0,1e-05,9,3.0,90.0,4.530670910207755,contractive,1,,
M0,cifar100,10,644a6e018def9325,U3,3,2.0,1e-05,10,3.0,90.0,4.530670910207755,contractive,1,,
M0,cifar100,10,644a6e018def9325,U3,3,2.0,1e-05,11,3.0,nan,4.530670910207755,contractive,0,,
M0,cifar100,10,644a6e018def9325,U3,3,2.0,1e-05,13,3.0,nan,4.530670910207755,contractive,0,,
M0,cifar100,10,644a6e018def9325,U3,3,2.0,1e-05,16,3.0,nan,4.530670910207755,contractive,0,,
M0,cifar100,10,644a6e018def9325,U3,3,2.0,1e-05,19,3.0,nan,4.530670910207755,contractive,0,,
M0,cifar100,10,644a6e018def9325,U3,3,2.0,1e-05,23,3.0,nan,4.530670910207755,contractive,0,,
M0,cifar100,10,644a6e018def9325,U3,3,2.0,1e-05,28,3.0,nan,4.530670910207755,contractive,0,,
M0,cifar100,10,644a6e018def9325,U3,3,2.0,1e-05,34,3.0,nan,4.530670910207755,contractive,0,,
M0,cifar100,10,644a6e018def9325,U3,3,2.0,1e-05,41,3.0,nan,4.530670910207755,contractive,0,,
M0,cifar100,10,644a6e018def9325,U3,3,2.0,1e-05,49,3.0,nan,4.530670910207755,contractive,0,,
M0,cifar100,10,644a6e018def9325,U3,3,2.0,1e-05,60,3.0,nan,4.530670910207755,contractive,0,,
M0,cifar100,10,644a6e018def9325,U3,3,2.0,1e-05,72,3.0,nan,4.530670910207755,contractive,0,,
M0,cifar100,10,644a6e018def9325,U3,3,2.0,1e-05,87,3.0,nan,4.530670910207755,contractive,0,,
M0,cifar100,10,644a6e018def9325,U3,3,2.0,1e-05,105,3.0,nan,4.530670910207755,contractive,0,,
M0,cifar100,10,644a6e018def9325,U3,3,2.0,1e-05,127,3.0,nan,4.530670910207755,contractive,0,,
M0,cifar100,10,644a6e018def9325,U3,3,2.0,1e-05,153,3.0,nan,4.530670910207755,contractive,0,,
M0,cifar100,10,644a6e018def9325,U3,3,2.0,1e-05,184,3.0,nan,4.530670910207755,contractive,0,,
M0,cifar100,10,644a6e018def9325,U3,3,2.0,1e-05,222,3.0,nan,4.530670910207755,contractive,0,,
M0,cifar100,10,644a6e018def9325,U3,3,2.0,1e-05,268,3.0,nan,4.530670910207755,contractive,0,,
M0,cifar100,10,644a6e018def9325,U3,3,2.0,1e-05,324,3.0,nan,4.530670910207755,contractive,0,,
M0,cifar100,10,644a6e018def9325,U3,3,2.0,1e-05,391,3.0,nan,4.530670910207755,contractive,0,,
M0,cifar100,10,644a6e018def9325,U3,3,2.0,1e-05,472,3.0,nan,4.530670910207755,contractive,0,,
M0,cifar100,10,644a6e018def9325,U3,3,2.0,1e-05,569,3.0,nan,4.530670910207755,contractive,0,,
M0,cifar100,10,644a6e018def9325,U3,3,2.0,1e-05,687,3.0,nan,4.530670910207755,contractive,0,,
M0,cifar100,10,644a6e018def9325,U3,3,2.0,1e-05,829,3.0,nan,4.530670910207755,contractive,0,,
M0,cifar100,10,644a6e018def9325,U3,3,2.0,1e-05,1000,3.0,nan,4.530670910207755,contractive,0,,
M0,cifar100,10,644a6e018def9325,U4,3,2.0,1e-05,1,1.0,30.0,2.5292139405522476,accumulating,1,,
M0,cifar100,10,644a6e018def9325,U4,3,2.0,1e-05,2,2.0,60.0,3.6430702143557943,accumulating,1,,
M0,cifar100,10,644a6e018def9325,U4,3,2.0,1e-05,3,3.0,90.0,4.530670910207755,accumulating,1,,
M0,cifar100,10,644a6e018def9325,U4,3,2.0,1e-05,4,4.0,120.0,5.298525913621841,accumulating,1,,
M0,cifar100,10,644a6e018def9325,U4,3,2.0,1e-05,5,5.0,150.0,5.989928952612497,accumulating,1,,
M0,cifar100,10,644a6e018def9325,U4,3,2.0,1e-05,6,6.0,180.0,6.627064838413654,accumulating,1,,
M0,cifar100,10,644a6e018def9325,U4,3,2.0,1e-05,7,7.0,210.0,7.2228557001495926,accumulating,1,,
M0,cifar100,10,644a6e018def9325,U4,3,2.0,1e-05,8,8.0,240.0,7.786148140875069,accumulating,1,,
M0,cifar100,10,644a6e018def9325,U4,3,2.0,1e-05,9,9.0,270.0,8.32290815088033,accumulating,1,,
M0,cifar100,10,644a6e018def9325,U4,3,2.0,1e-05,10,10.0,300.0,8.837137179629,accumulating,1,,
M0,cifar100,10,644a6e018def9325,U4,3,2.0,1e-05,11,11.0,nan,9.332482635101428,accumulating,0,,
M0,cifar100,10,644a6e018def9325,U4,3,2.0,1e-05,13,13.0,nan,10.275778510681564,accumulating,0,,
M0,cifar100,10,644a6e018def9325,U4,3,2.0,1e-05,16,16.0,nan,11.597073111012214,accumulating,0,,
M0,cifar100,10,644a6e018def9325,U4,3,2.0,1e-05,19,19.0,nan,12.833657185228812,accumulating,0,,
M0,cifar100,10,644a6e018def9325,U4,3,2.0,1e-05,23,23.000000000000004,nan,14.38147740685298,accumulating,0,,
M0,cifar100,10,644a6e018def9325,U4,3,2.0,1e-05,28,28.000000000000004,nan,16.19572800655683,accumulating,0,,
M0,cifar100,10,644a6e018def9325,U4,3,2.0,1e-05,34,34.00000000000001,nan,18.240223715748627,accumulating,0,,
M0,cifar100,10,644a6e018def9325,U4,3,2.0,1e-05,41,41.00000000000001,nan,20.487792395451542,accumulating,0,,
M0,cifar100,10,644a6e018def9325,U4,3,2.0,1e-05,49,49.00000000000001,nan,22.91998804247573,accumulating,0,,
M0,cifar100,10,644a6e018def9325,U4,3,2.0,1e-05,60,60.000000000000014,nan,26.08512999244108,accumulating,0,,
M0,cifar100,10,644a6e018def9325,U4,3,2.0,1e-05,72,72.00000000000001,nan,29.35897512033764,accumulating,0,,
M0,cifar100,10,644a6e018def9325,U4,3,2.0,1e-05,87,87.00000000000001,nan,33.25803711357819,accumulating,0,,
M0,cifar100,10,644a6e018def9325,U4,3,2.0,1e-05,105,105.00000000000001,nan,37.71682632389029,accumulating,0,,
M0,cifar100,10,644a6e018def9325,U4,3,2.0,1e-05,127,127.00000000000003,nan,42.91844411113106,accumulating,0,,
M0,cifar100,10,644a6e018def9325,U4,3,2.0,1e-05,153,153.00000000000003,nan,48.80235366498836,accumulating,0,,
M0,cifar100,10,644a6e018def9325,U4,3,2.0,1e-05,184,184.00000000000003,nan,55.558386427103585,accumulating,0,,
M0,cifar100,10,644a6e018def9325,U4,3,2.0,1e-05,222,222.00000000000006,nan,63.49833045608512,accumulating,0,,
M0,cifar100,10,644a6e018def9325,U4,3,2.0,1e-05,268,268.00000000000006,nan,72.78447969015048,accumulating,0,,
M0,cifar100,10,644a6e018def9325,U4,3,2.0,1e-05,324,324.00000000000006,nan,83.71305013226166,accumulating,0,,
M0,cifar100,10,644a6e018def9325,U4,3,2.0,1e-05,391,391.00000000000006,nan,96.36229821481945,accumulating,0,,
M0,cifar100,10,644a6e018def9325,U4,3,2.0,1e-05,472,472.0000000000001,nan,111.1765381066988,accumulating,0,,
M0,cifar100,10,644a6e018def9325,U4,3,2.0,1e-05,569,569.0000000000001,nan,128.39103600561833,accumulating,0,,
M0,cifar100,10,644a6e018def9325,U4,3,2.0,1e-05,687,687.0000000000001,nan,148.76771427668623,accumulating,0,,
M0,cifar100,10,644a6e018def9325,U4,3,2.0,1e-05,829,829.0000000000002,nan,172.7214023396624,accumulating,0,,
M0,cifar100,10,644a6e018def9325,U4,3,2.0,1e-05,1000,1000.0000000000002,nan,201.0695932944363,accumulating,0,,
M1,cifar100,10,9fe641be323b6bde,U1,3,2.0,1e-05,1,2.0,31.0,3.6430702143557943,accumulating,1,,
M1,cifar100,10,9fe641be323b6bde,U1,3,2.0,1e-05,2,3.0,61.0,4.530670910207755,accumulating,1,,
M1,cifar100,10,9fe641be323b6bde,U1,3,2.0,1e-05,3,4.0,91.0,5.298525913621841,accumulating,1,,
M1,cifar100,10,9fe641be323b6bde,U1,3,2.0,1e-05,4,5.0,121.0,5.989928952612497,accumulating,1,,
M1,cifar100,10,9fe641be323b6bde,U1,3,2.0,1e-05,5,6.0,151.0,6.627064838413654,accumulating,1,,
M1,cifar100,10,9fe641be323b6bde,U1,3,2.0,1e-05,6,7.0,181.0,7.2228557001495926,accumulating,1,,
M1,cifar100,10,9fe641be323b6bde,U1,3,2.0,1e-05,7,8.0,211.0,7.786148140875069,accumulating,1,,
M1,cifar100,10,9fe641be323b6bde,U1,3,2.0,1e-05,8,9.0,241.0,8.32290815088033,accumulating,1,,
M1,cifar100,10,9fe641be323b6bde,U1,3,2.0,1e-05,9,10.0,271.0,8.837137179629,accumulating,1,,
M1,cifar100,10,9fe641be323b6bde,U1,3,2.0,1e-05,10,11.0,301.0,9.332482635101428,accumulating,1,,
M1,cifar100,10,9fe641be323b6bde,U1,3,2.0,1e-05,11,12.0,nan,9.811302669989779,accumulating,0,,
M1,cifar100,10,9fe641be323b6bde,U1,3,2.0,1e-05,13,14.0,nan,10.727493607361541,accumulating,0,,
M1,cifar100,10,9fe641be323b6bde,U1,3,2.0,1e-05,16,17.0,nan,12.017585876506033,accumulating,0,,
M1,cifar100,10,9fe641be323b6bde,U1,3,2.0,1e-05,19,20.0,nan,13.230019140012296,accumulating,0,,
M1,cifar100,10,9fe641be323b6bde,U1,3,2.0,1e-05,23,23.999999999999996,nan,14.7540034708529,accumulating,0,,
M1,cifar100,10,9fe641be323b6bde,U1,3,2.0,1e-05,28,28.999999999999996,nan,16.545642154879417,accumulating,0,,
M1,cifar100,10,9fe641be323b6bde,U1,3,2.0,1e-05,34,34.99999999999999,nan,18.569765173035062,accumulating,0,,
M1,cifar100,10,9fe641be323b6bde,U1,3,2.0,1e-05,41,41.99999999999999,nan,20.80039289796411,accumulating,0,,
M1,cifar100,10,9fe641be323b6bde,U1,3,2.0,1e-05,49,49.99999999999999,nan,23.215647590214424,accumulating,0,,
M1,cifar100,10,9fe641be323b6bde,U1,3,2.0,1e-05,60,60.999999999999986,nan,26.363848585405904,accumulating,0,,
M1,cifar100,10,9fe641be323b6bde,U1,3,2.0,1e-05,72,72.99999999999999,nan,29.62639974345322,accumulating,0,,
M1,cifar100,10,9fe641be323b6bde,U1,3,2.0,1e-05,87,87.99999999999999,nan,33.51111248383596,accumulating,0,,
M1,cifar100,10,9fe641be323b6bde,U1,3,2.0,1e-05,105,105.99999999999999,nan,37.95695840341722,accumulating,0,,
M1,cifar100,10,9fe641be323b6bde,U1,3,2.0,1e-05,127,127.99999999999997,nan,43.1519868246989,accumulating,0,,
M1,cifar100,10,9fe641be323b6bde,U1,3,2.0,1e-05,153,153.99999999999997,nan,49.024602408706954,accumulating,0,,
M1,cifar100,10,9fe641be323b6bde,U1,3,2.0,1e-05,184,184.99999999999997,nan,55.76934120097293,accumulating,0,,
M1,cifar100,10,9fe641be323b6bde,U1,3,2.0,1e-05,222,222.99999999999994,nan,63.70363824502984,accumulating,0,,
M1,cifar100,10,9fe641be323b6bde,U1,3,2.0,1e-05,268,268.99999999999994,nan,72.98414049417059,accumulating,0,,
M1,cifar100,10,9fe641be323b6bde,U1,3,2.0,1e-05,324,324.99999999999994,nan,83.90706395135713,accumulating,0,,
M1,cifar100,10,9fe641be323b6bde,U1,3,2.0,1e-05,391,391.99999999999994,nan,96.5506650489903,accumulating,0,,
M1,cifar100,10,9fe641be323b6bde,U1,3,2.0,1e-05,472,472.9999999999999,nan,111.35925795594503,accumulating,0,,
M1,cifar100,10,9fe641be323b6bde,U1,3,2.0,1e-05,569,569.9999999999999,nan,128.56810886993992,accumulating,0,,
M1,cifar100,10,9fe641be323b6bde,U1,3,2.0,1e-05,687,687.9999999999999,nan,148.93914015608323,accumulating,0,,
M1,cifar100,10,9fe641be323b6bde,U1,3,2.0,1e-05,829,829.9999999999998,nan,172.88718123413477,accumulating,0,,
M1,cifar100,10,9fe641be323b6bde,U1,3,2.0,1e-05,1000,1000.9999999999998,nan,201.23537218890866,accumulating,0,,
M1,cifar100,10,9fe641be323b6bde,U2,3,2.0,1e-05,1,2.0,31.0,3.6430702143557943,accumulating,1,,
M1,cifar100,10,9fe641be323b6bde,U2,3,2.0,1e-05,2,3.0,61.0,4.530670910207755,accumulating,1,,
M1,cifar100,10,9fe641be323b6bde,U2,3,2.0,1e-05,3,4.0,91.0,5.298525913621841,accumulating,1,,
M1,cifar100,10,9fe641be323b6bde,U2,3,2.0,1e-05,4,5.0,121.0,5.989928952612497,accumulating,1,,
M1,cifar100,10,9fe641be323b6bde,U2,3,2.0,1e-05,5,6.0,151.0,6.627064838413654,accumulating,1,,
M1,cifar100,10,9fe641be323b6bde,U2,3,2.0,1e-05,6,7.0,181.0,7.2228557001495926,accumulating,1,,
M1,cifar100,10,9fe641be323b6bde,U2,3,2.0,1e-05,7,8.0,211.0,7.786148140875069,accumulating,1,,
M1,cifar100,10,9fe641be323b6bde,U2,3,2.0,1e-05,8,9.0,241.0,8.32290815088033,accumulating,1,,
M1,cifar100,10,9fe641be323b6bde,U2,3,2.0,1e-05,9,10.0,271.0,8.837137179629,accumulating,1,,
M1,cifar100,10,9fe641be323b6bde,U2,3,2.0,1e-05,10,11.0,301.0,9.332482635101428,accumulating,1,,
M1,cifar100,10,9fe641be323b6bde,U2,3,2.0,1e-05,11,12.0,nan,9.811302669989779,accumulating,0,,
M1,cifar100,10,9fe641be323b6bde,U2,3,2.0,1e-05,13,14.0,nan,10.727493607361541,accumulating,0,,
M1,cifar100,10,9fe641be323b6bde,U2,3,2.0,1e-05,16,17.0,nan,12.017585876506033,accumulating,0,,
M1,cifar100,10,9fe641be323b6bde,U2,3,2.0,1e-05,19,20.0,nan,13.230019140012296,accumulating,0,,
M1,cifar100,10,9fe641be323b6bde,U2,3,2.0,1e-05,23,23.999999999999996,nan,14.7540034708529,accumulating,0,,
M1,cifar100,10,9fe641be323b6bde,U2,3,2.0,1e-05,28,28.999999999999996,nan,16.545642154879417,accumulating,0,,
M1,cifar100,10,9fe641be323b6bde,U2,3,2.0,1e-05,34,34.99999999999999,nan,18.569765173035062,accumulating,0,,
M1,cifar100,10,9fe641be323b6bde,U2,3,2.0,1e-05,41,41.99999999999999,nan,20.80039289796411,accumulating,0,,
M1,cifar100,10,9fe641be323b6bde,U2,3,2.0,1e-05,49,49.99999999999999,nan,23.215647590214424,accumulating,0,,
M1,cifar100,10,9fe641be323b6bde,U2,3,2.0,1e-05,60,60.999999999999986,nan,26.363848585405904,accumulating,0,,
M1,cifar100,10,9fe641be323b6bde,U2,3,2.0,1e-05,72,72.99999999999999,nan,29.62639974345322,accumulating,0,,
M1,cifar100,10,9fe641be323b6bde,U2,3,2.0,1e-05,87,87.99999999999999,nan,33.51111248383596,accumulating,0,,
M1,cifar100,10,9fe641be323b6bde,U2,3,2.0,1e-05,105,105.99999999999999,nan,37.95695840341722,accumulating,0,,
M1,cifar100,10,9fe641be323b6bde,U2,3,2.0,1e-05,127,127.99999999999997,nan,43.1519868246989,accumulating,0,,
M1,cifar100,10,9fe641be323b6bde,U2,3,2.0,1e-05,153,153.99999999999997,nan,49.024602408706954,accumulating,0,,
M1,cifar100,10,9fe641be323b6bde,U2,3,2.0,1e-05,184,184.99999999999997,nan,55.76934120097293,accumulating,0,,
M1,cifar100,10,9fe641be323b6bde,U2,3,2.0,1e-05,222,222.99999999999994,nan,63.70363824502984,accumulating,0,,
M1,cifar100,10,9fe641be323b6bde,U2,3,2.0,1e-05,268,268.99999999999994,nan,72.98414049417059,accumulating,0,,
M1,cifar100,10,9fe641be323b6bde,U2,3,2.0,1e-05,324,324.99999999999994,nan,83.90706395135713,accumulating,0,,
M1,cifar100,10,9fe641be323b6bde,U2,3,2.0,1e-05,391,391.99999999999994,nan,96.5506650489903,accumulating,0,,
M1,cifar100,10,9fe641be323b6bde,U2,3,2.0,1e-05,472,472.9999999999999,nan,111.35925795594503,accumulating,0,,
M1,cifar100,10,9fe641be323b6bde,U2,3,2.0,1e-05,569,569.9999999999999,nan,128.56810886993992,accumulating,0,,
M1,cifar100,10,9fe641be323b6bde,U2,3,2.0,1e-05,687,687.9999999999999,nan,148.93914015608323,accumulating,0,,
M1,cifar100,10,9fe641be323b6bde,U2,3,2.0,1e-05,829,829.9999999999998,nan,172.88718123413477,accumulating,0,,
M1,cifar100,10,9fe641be323b6bde,U2,3,2.0,1e-05,1000,1000.9999999999998,nan,201.23537218890866,accumulating,0,,
M1,cifar100,10,9fe641be323b6bde,U3,3,2.0,1e-05,1,2.0,31.0,3.6430702143557943,accumulating,1,,
M1,cifar100,10,9fe641be323b6bde,U3,3,2.0,1e-05,2,4.0,62.0,5.298525913621841,accumulating,1,,
M1,cifar100,10,9fe641be323b6bde,U3,3,2.0,1e-05,3,6.0,93.0,6.627064838413654,accumulating,1,,
M1,cifar100,10,9fe641be323b6bde,U3,3,2.0,1e-05,4,7.0,123.0,7.2228557001495926,accumulating,1,,
M1,cifar100,10,9fe641be323b6bde,U3,3,2.0,1e-05,5,8.0,153.0,7.786148140875069,accumulating,1,,
M1,cifar100,10,9fe641be323b6bde,U3,3,2.0,1e-05,6,9.0,183.0,8.32290815088033,accumulating,1,,
M1,cifar100,10,9fe641be323b6bde,U3,3,2.0,1e-05,7,10.0,213.0,8.837137179629,accumulating,1,,
M1,cifar100,10,9fe641be323b6bde,U3,3,2.0,1e-05,8,11.0,243.0,9.332482635101428,accumulating,1,,
M1,cifar100,10,9fe641be323b6bde,U3,3,2.0,1e-05,9,12.0,273.0,9.811302669989779,accumulating,1,,
M1,cifar100,10,9fe641be323b6bde,U3,3,2.0,1e-05,10,13.0,303.0,10.275778510681564,accumulating,1,,
M1,cifar100,10,9fe641be323b6bde,U3,3,2.0,1e-05,11,14.0,nan,10.727493607361541,accumulating,0,,
M1,cifar100,10,9fe641be323b6bde,U3,3,2.0,1e-05,13,16.0,nan,11.597073111012214,accumulating,0,,
M1,cifar100,10,9fe641be323b6bde,U3,3,2.0,1e-05,16,19.0,nan,12.833657185228812,accumulating,0,,
M1,cifar100,10,9fe641be323b6bde,U3,3,2.0,1e-05,19,22.0,nan,14.00355442581983,accumulating,0,,
M1,cifar100,10,9fe641be323b6bde,U3,3,2.0,1e-05,23,26.000000000000004,nan,15.484581546057857,accumulating,0,,
M1,cifar100,10,9fe641be323b6bde,U3,3,2.0,1e-05,28,31.000000000000004,nan,17.2335510089633,accumulating,0,,
M1,cifar100,10,9fe641be323b6bde,U3,3,2.0,1e-05,34,37.00000000000001,nan,19.219669528451472,accumulating,0,,
M1,cifar100,10,9fe641be323b6bde,U3,3,2.0,1e-05,41,44.00000000000001,nan,21.415203807352537,accumulating,0,,
M1,cifar100,10,9fe641be323b6bde,U3,3,2.0,1e-05,49,52.00000000000001,nan,23.801902476567957,accumulating,0,,
M1,cifar100,10,9fe641be323b6bde,U3,3,2.0,1e-05,60,63.000000000000014,nan,26.92128577133555,accumulating,0,,
M1,cifar100,10,9fe641be323b6bde,U3,3,2.0,1e-05,72,75.00000000000001,nan,30.154894242181886,accumulating,0,,
M1,cifar100,10,9fe641be323b6bde,U3,3,2.0,1e-05,87,90.00000000000001,nan,34.012079820519375,accumulating,0,,
M1,cifar100,10,9fe641be323b6bde,U3,3,2.0,1e-05,105,108.00000000000001,nan,38.435337800402145,accumulating,0,,
M1,cifar100,10,9fe641be323b6bde,U3,3,2.0,1e-05,127,130.00000000000003,nan,43.61260043773246,accumulating,0,,
M1,cifar100,10,9fe641be323b6bde,U3,3,2.0,1e-05,153,156.00000000000003,nan,49.46909989614414,accumulating,0,,
M1,cifar100,10,9fe641be323b6bde,U3,3,2.0,1e-05,184,187.00000000000003,nan,56.191250748711624,accumulating,0,,
M1,cifar100,10,9fe641be323b6bde,U3,3,2.0,1e-05,222,225.00000000000006,nan,64.1142538229193,accumulating,0,,
M1,cifar100,10,9fe641be323b6bde,U3,3,2.0,1e-05,268,271.00000000000006,nan,73.38346210221079,accumulating,0,,
M1,cifar100,10,9fe641be323b6bde,U3,3,2.0,1e-05,324,327.00000000000006,nan,84.2950915895481,accumulating,0,,
M1,cifar100,10,9fe641be323b6bde,U3,3,2.0,1e-05,391,394.00000000000006,nan,96.92438986549277,accumulating,0,,
M1,cifar100,10,9fe641be323b6bde,U3,3,2.0,1e-05,472,475.0000000000001,nan,111.72469765443749,accumulating,0,,
M1,cifar100,10,9fe641be323b6bde,U3,3,2.0,1e-05,569,572.0000000000001,nan,128.92225459858315,accumulating,0,,
M1,cifar100,10,9fe641be323b6bde,U3,3,2.0,1e-05,687,690.0000000000001,nan,149.28199191487718,accumulating,0,,
M1,cifar100,10,9fe641be323b6bde,U3,3,2.0,1e-05,829,832.0000000000002,nan,173.2187390230795,accumulating,0,,
M1,cifar100,10,9fe641be323b6bde,U3,3,2.0,1e-05,1000,1003.0000000000002,nan,201.56692997785336,accumulating,0,,
M1,cifar100,10,9fe641be323b6bde,U4,3,2.0,1e-05,1,2.0,31.0,3.6430702143557943,accumulating,1,,
M1,cifar100,10,9fe641be323b6bde,U4,3,2.0,1e-05,2,4.0,62.0,5.298525913621841,accumulating,1,,
M1,cifar100,10,9fe641be323b6bde,U4,3,2.0,1e-05,3,6.0,93.0,6.627064838413654,accumulating,1,,
M1,cifar100,10,9fe641be323b6bde,U4,3,2.0,1e-05,4,8.0,124.0,7.786148140875069,accumulating,1,,
M1,cifar100,10,9fe641be323b6bde,U4,3,2.0,1e-05,5,10.0,155.0,8.837137179629,accumulating,1,,
M1,cifar100,10,9fe641be323b6bde,U4,3,2.0,1e-05,6,12.0,186.0,9.811302669989779,accumulating,1,,
M1,cifar100,10,9fe641be323b6bde,U4,3,2.0,1e-05,7,14.0,217.0,10.727493607361541,accumulating,1,,
M1,cifar100,10,9fe641be323b6bde,U4,3,2.0,1e-05,8,16.0,248.0,11.597073111012214,accumulating,1,,
M1,cifar100,10,9fe641be323b6bde,U4,3,2.0,1e-05,9,18.0,279.0,12.429255783705855,accumulating,1,,
M1,cifar100,10,9fe641be323b6bde,U4,3,2.0,1e-05,10,20.0,310.0,13.230019140012296,accumulating,1,,
M1,cifar100,10,9fe641be323b6bde,U4,3,2.0,1e-05,11,22.0,nan,14.00355442581983,accumulating,0,,
M1,cifar100,10,9fe641be323b6bde,U4,3,2.0,1e-05,13,26.0,nan,15.484581546057857,accumulating,0,,
M1,cifar100,10,9fe641be323b6bde,U4,3,2.0,1e-05,16,32.0,nan,17.572818052042024,accumulating,0,,
M1,cifar100,10,9fe641be323b6bde,U4,3,2.0,1e-05,19,38.0,nan,19.54041303075243,accumulating,0,,
M1,cifar100,10,9fe641be323b6bde,U4,3,2.0,1e-05,23,46.00000000000001,nan,22.02267769906763,accumulating,0,,
M1,cifar100,10,9fe641be323b6bde,U4,3,2.0,1e-05,28,56.00000000000001,nan,24.95475168674332,accumulating,0,,
M1,cifar100,10,9fe641be323b6bde,U4,3,2.0,1e-05,34,68.00000000000001,nan,28.287921514591282,accumulating,0,,
M1,cifar100,10,9fe641be323b6bde,U4,3,2.0,1e-05,41,82.00000000000001,nan,31.977383847246536,accumulating,0,,
M1,cifar100,10,9fe641be323b6bde,U4,3,2.0,1e-05,49,98.00000000000001,nan,36.00296953997069,accumulating,0,,
M1,cifar100,10,9fe641be323b6bde,U4,3,2.0,1e-05,60,120.00000000000003,nan,41.28364511615619,accumulating,0,,
M1,cifar100,10,9fe641be323b6bde,U4,3,2.0,1e-05,72,144.00000000000003,nan,46.80211497152102,accumulating,0,,
M1,cifar100,10,9fe641be323b6bde,U4,3,2.0,1e-05,87,174.00000000000003,nan,53.39927427762436,accumulating,0,,
M1,cifar100,10,9fe641be323b6bde,U4,3,2.0,1e-05,105,210.00000000000003,nan,61.03463698874844,accumulating,0,,
M1,cifar100,10,9fe641be323b6bde,U4,3,2.0,1e-05,127,254.00000000000006,nan,69.98922843386907,accumulating,0,,
M1,cifar100,10,9fe641be323b6bde,U4,3,2.0,1e-05,153,306.00000000000006,nan,80.22080138854307,accumulating,0,,
M1,cifar100,10,9fe641be323b6bde,U4,3,2.0,1e-05,184,368.00000000000006,nan,92.0298610288898,accumulating,0,,
M1,cifar100,10,9fe641be323b6bde,U4,3,2.0,1e-05,222,444.0000000000001,nan,106.06038232780433,accumulating,0,,
M1,cifar100,10,9fe641be323b6bde,U4,3,2.0,1e-05,268,536.0000000000001,nan,122.54763148300526,accumulating,0,,
M1,cifar100,10,9fe641be323b6bde,U4,3,2.0,1e-05,324,648.0000000000001,nan,142.08210498020384,accumulating,0,,
M1,cifar100,10,9fe641be323b6bde,U4,3,2.0,1e-05,391,782.0000000000001,nan,164.9297942994614,accumulating,0,,
M1,cifar100,10,9fe641be323b6bde,U4,3,2.0,1e-05,472,944.0000000000002,nan,191.78597520398404,accumulating,0,,
M1,cifar100,10,9fe641be323b6bde,U4,3,2.0,1e-05,569,1138.0000000000002,nan,223.19332006566768,accumulating,0,,
M1,cifar100,10,9fe641be323b6bde,U4,3,2.0,1e-05,687,1374.0000000000002,nan,260.98445071893406,accumulating,0,,
M1,cifar100,10,9fe641be323b6bde,U4,3,2.0,1e-05,829,1658.0000000000005,nan,304.9445301109602,accumulating,0,,
M1,cifar100,10,9fe641be323b6bde,U4,3,2.0,1e-05,1000,2000.0000000000005,nan,357.7783743320657,accumulating,0,,
M2,cifar100,10,934940b0d31b7a5d,U1,3,2.0,1e-05,1,2.0,31.0,3.6430702143557943,contractive,1,,
M2,cifar100,10,934940b0d31b7a5d,U1,3,2.0,1e-05,2,2.0,31.0,3.6430702143557943,contractive,1,,
M2,cifar100,10,934940b0d31b7a5d,U1,3,2.0,1e-05,3,2.0,31.0,3.6430702143557943,contractive,1,,
M2,cifar100,10,934940b0d31b7a5d,U1,3,2.0,1e-05,4,2.0,31.0,3.6430702143557943,contractive,1,,
M2,cifar100,10,934940b0d31b7a5d,U1,3,2.0,1e-05,5,2.0,31.0,3.6430702143557943,contractive,1,,
M2,cifar100,10,934940b0d31b7a5d,U1,3,2.0,1e-05,6,2.0,31.0,3.6430702143557943,contractive,1,,
M2,cifar100,10,934940b0d31b7a5d,U1,3,2.0,1e-05,7,2.0,31.0,3.6430702143557943,contractive,1,,
M2,cifar100,10,934940b0d31b7a5d,U1,3,2.0,1e-05,8,2.0,31.0,3.6430702143557943,contractive,1,,
M2,cifar100,10,934940b0d31b7a5d,U1,3,2.0,1e-05,9,2.0,31.0,3.6430702143557943,contractive,1,,
M2,cifar100,10,934940b0d31b7a5d,U1,3,2.0,1e-05,10,2.0,31.0,3.6430702143557943,contractive,1,,
M2,cifar100,10,934940b0d31b7a5d,U1,3,2.0,1e-05,11,2.0,nan,3.6430702143557943,contractive,0,,
M2,cifar100,10,934940b0d31b7a5d,U1,3,2.0,1e-05,13,2.0,nan,3.6430702143557943,contractive,0,,
M2,cifar100,10,934940b0d31b7a5d,U1,3,2.0,1e-05,16,2.0,nan,3.6430702143557943,contractive,0,,
M2,cifar100,10,934940b0d31b7a5d,U1,3,2.0,1e-05,19,2.0,nan,3.6430702143557943,contractive,0,,
M2,cifar100,10,934940b0d31b7a5d,U1,3,2.0,1e-05,23,2.0,nan,3.6430702143557943,contractive,0,,
M2,cifar100,10,934940b0d31b7a5d,U1,3,2.0,1e-05,28,2.0,nan,3.6430702143557943,contractive,0,,
M2,cifar100,10,934940b0d31b7a5d,U1,3,2.0,1e-05,34,2.0,nan,3.6430702143557943,contractive,0,,
M2,cifar100,10,934940b0d31b7a5d,U1,3,2.0,1e-05,41,2.0,nan,3.6430702143557943,contractive,0,,
M2,cifar100,10,934940b0d31b7a5d,U1,3,2.0,1e-05,49,2.0,nan,3.6430702143557943,contractive,0,,
M2,cifar100,10,934940b0d31b7a5d,U1,3,2.0,1e-05,60,2.0,nan,3.6430702143557943,contractive,0,,
M2,cifar100,10,934940b0d31b7a5d,U1,3,2.0,1e-05,72,2.0,nan,3.6430702143557943,contractive,0,,
M2,cifar100,10,934940b0d31b7a5d,U1,3,2.0,1e-05,87,2.0,nan,3.6430702143557943,contractive,0,,
M2,cifar100,10,934940b0d31b7a5d,U1,3,2.0,1e-05,105,2.0,nan,3.6430702143557943,contractive,0,,
M2,cifar100,10,934940b0d31b7a5d,U1,3,2.0,1e-05,127,2.0,nan,3.6430702143557943,contractive,0,,
M2,cifar100,10,934940b0d31b7a5d,U1,3,2.0,1e-05,153,2.0,nan,3.6430702143557943,contractive,0,,
M2,cifar100,10,934940b0d31b7a5d,U1,3,2.0,1e-05,184,2.0,nan,3.6430702143557943,contractive,0,,
M2,cifar100,10,934940b0d31b7a5d,U1,3,2.0,1e-05,222,2.0,nan,3.6430702143557943,contractive,0,,
M2,cifar100,10,934940b0d31b7a5d,U1,3,2.0,1e-05,268,2.0,nan,3.6430702143557943,contractive,0,,
M2,cifar100,10,934940b0d31b7a5d,U1,3,2.0,1e-05,324,2.0,nan,3.6430702143557943,contractive,0,,
M2,cifar100,10,934940b0d31b7a5d,U1,3,2.0,1e-05,391,2.0,nan,3.6430702143557943,contractive,0,,
M2,cifar100,10,934940b0d31b7a5d,U1,3,2.0,1e-05,472,2.0,nan,3.6430702143557943,contractive,0,,
M2,cifar100,10,934940b0d31b7a5d,U1,3,2.0,1e-05,569,2.0,nan,3.6430702143557943,contractive,0,,
M2,cifar100,10,934940b0d31b7a5d,U1,3,2.0,1e-05,687,2.0,nan,3.6430702143557943,contractive,0,,
M2,cifar100,10,934940b0d31b7a5d,U1,3,2.0,1e-05,829,2.0,nan,3.6430702143557943,contractive,0,,
M2,cifar100,10,934940b0d31b7a5d,U1,3,2.0,1e-05,1000,2.0,nan,3.6430702143557943,contractive,0,,
M2,cifar100,10,934940b0d31b7a5d,U2,3,2.0,1e-05,1,2.0,31.0,3.6430702143557943,contractive,1,,
M2,cifar100,10,934940b0d31b7a5d,U2,3,2.0,1e-05,2,2.0,31.0,3.6430702143557943,contractive,1,,
M2,cifar100,10,934940b0d31b7a5d,U2,3,2.0,1e-05,3,2.0,31.0,3.6430702143557943,contractive,1,,
M2,cifar100,10,934940b0d31b7a5d,U2,3,2.0,1e-05,4,2.0,31.0,3.6430702143557943,contractive,1,,
M2,cifar100,10,934940b0d31b7a5d,U2,3,2.0,1e-05,5,2.0,31.0,3.6430702143557943,contractive,1,,
M2,cifar100,10,934940b0d31b7a5d,U2,3,2.0,1e-05,6,2.0,31.0,3.6430702143557943,contractive,1,,
M2,cifar100,10,934940b0d31b7a5d,U2,3,2.0,1e-05,7,2.0,31.0,3.6430702143557943,contractive,1,,
M2,cifar100,10,934940b0d31b7a5d,U2,3,2.0,1e-05,8,2.0,31.0,3.6430702143557943,contractive,1,,
M2,cifar100,10,934940b0d31b7a5d,U2,3,2.0,1e-05,9,2.0,31.0,3.6430702143557943,contractive,1,,
M2,cifar100,10,934940b0d31b7a5d,U2,3,2.0,1e-05,10,2.0,31.0,3.6430702143557943,contractive,1,,
M2,cifar100,10,934940b0d31b7a5d,U2,3,2.0,1e-05,11,2.0,nan,3.6430702143557943,contractive,0,,
M2,cifar100,10,934940b0d31b7a5d,U2,3,2.0,1e-05,13,2.0,nan,3.6430702143557943,contractive,0,,
M2,cifar100,10,934940b0d31b7a5d,U2,3,2.0,1e-05,16,2.0,nan,3.6430702143557943,contractive,0,,
M2,cifar100,10,934940b0d31b7a5d,U2,3,2.0,1e-05,19,2.0,nan,3.6430702143557943,contractive,0,,
M2,cifar100,10,934940b0d31b7a5d,U2,3,2.0,1e-05,23,2.0,nan,3.6430702143557943,contractive,0,,
M2,cifar100,10,934940b0d31b7a5d,U2,3,2.0,1e-05,28,2.0,nan,3.6430702143557943,contractive,0,,
M2,cifar100,10,934940b0d31b7a5d,U2,3,2.0,1e-05,34,2.0,nan,3.6430702143557943,contractive,0,,
M2,cifar100,10,934940b0d31b7a5d,U2,3,2.0,1e-05,41,2.0,nan,3.6430702143557943,contractive,0,,
M2,cifar100,10,934940b0d31b7a5d,U2,3,2.0,1e-05,49,2.0,nan,3.6430702143557943,contractive,0,,
M2,cifar100,10,934940b0d31b7a5d,U2,3,2.0,1e-05,60,2.0,nan,3.6430702143557943,contractive,0,,
M2,cifar100,10,934940b0d31b7a5d,U2,3,2.0,1e-05,72,2.0,nan,3.6430702143557943,contractive,0,,
M2,cifar100,10,934940b0d31b7a5d,U2,3,2.0,1e-05,87,2.0,nan,3.6430702143557943,contractive,0,,
M2,cifar100,10,934940b0d31b7a5d,U2,3,2.0,1e-05,105,2.0,nan,3.6430702143557943,contractive,0,,
M2,cifar100,10,934940b0d31b7a5d,U2,3,2.0,1e-05,127,2.0,nan,3.6430702143557943,contractive,0,,
M2,cifar100,10,934940b0d31b7a5d,U2,3,2.0,1e-05,153,2.0,nan,3.6430702143557943,contractive,0,,
M2,cifar100,10,934940b0d31b7a5d,U2,3,2.0,1e-05,184,2.0,nan,3.6430702143557943,contractive,0,,
M2,cifar100,10,934940b0d31b7a5d,U2,3,2.0,1e-05,222,2.0,nan,3.6430702143557943,contractive,0,,
M2,cifar100,10,934940b0d31b7a5d,U2,3,2.0,1e-05,268,2.0,nan,3.6430702143557943,contractive,0,,
M2,cifar100,10,934940b0d31b7a5d,U2,3,2.0,1e-05,324,2.0,nan,3.6430702143557943,contractive,0,,
M2,cifar100,10,934940b0d31b7a5d,U2,3,2.0,1e-05,391,2.0,nan,3.6430702143557943,contractive,0,,
M2,cifar100,10,934940b0d31b7a5d,U2,3,2.0,1e-05,472,2.0,nan,3.6430702143557943,contractive,0,,
M2,cifar100,10,934940b0d31b7a5d,U2,3,2.0,1e-05,569,2.0,nan,3.6430702143557943,contractive,0,,
M2,cifar100,10,934940b0d31b7a5d,U2,3,2.0,1e-05,687,2.0,nan,3.6430702143557943,contractive,0,,
M2,cifar100,10,934940b0d31b7a5d,U2,3,2.0,1e-05,829,2.0,nan,3.6430702143557943,contractive,0,,
M2,cifar100,10,934940b0d31b7a5d,U2,3,2.0,1e-05,1000,2.0,nan,3.6430702143557943,contractive,0,,
M2,cifar100,10,934940b0d31b7a5d,U3,3,2.0,1e-05,1,2.0,31.0,3.6430702143557943,contractive,1,,
M2,cifar100,10,934940b0d31b7a5d,U3,3,2.0,1e-05,2,4.0,62.0,5.298525913621841,contractive,1,,
M2,cifar100,10,934940b0d31b7a5d,U3,3,2.0,1e-05,3,6.0,93.0,6.627064838413654,contractive,1,,
M2,cifar100,10,934940b0d31b7a5d,U3,3,2.0,1e-05,4,6.0,93.0,6.627064838413654,contractive,1,,
M2,cifar100,10,934940b0d31b7a5d,U3,3,2.0,1e-05,5,6.0,93.0,6.627064838413654,contractive,1,,
M2,cifar100,10,934940b0d31b7a5d,U3,3,2.0,1e-05,6,6.0,93.0,6.627064838413654,contractive,1,,
M2,cifar100,10,934940b0d31b7a5d,U3,3,2.0,1e-05,7,6.0,93.0,6.627064838413654,contractive,1,,
M2,cifar100,10,934940b0d31b7a5d,U3,3,2.0,1e-05,8,6.0,93.0,6.627064838413654,contractive,1,,
M2,cifar100,10,934940b0d31b7a5d,U3,3,2.0,1e-05,9,6.0,93.0,6.627064838413654,contractive,1,,
M2,cifar100,10,934940b0d31b7a5d,U3,3,2.0,1e-05,10,6.0,93.0,6.627064838413654,contractive,1,,
M2,cifar100,10,934940b0d31b7a5d,U3,3,2.0,1e-05,11,6.0,nan,6.627064838413654,contractive,0,,
M2,cifar100,10,934940b0d31b7a5d,U3,3,2.0,1e-05,13,6.0,nan,6.627064838413654,contractive,0,,
M2,cifar100,10,934940b0d31b7a5d,U3,3,2.0,1e-05,16,6.0,nan,6.627064838413654,contractive,0,,
M2,cifar100,10,934940b0d31b7a5d,U3,3,2.0,1e-05,19,6.0,nan,6.627064838413654,contractive,0,,
M2,cifar100,10,934940b0d31b7a5d,U3,3,2.0,1e-05,23,6.0,nan,6.627064838413654,contractive,0,,
M2,cifar100,10,934940b0d31b7a5d,U3,3,2.0,1e-05,28,6.0,nan,6.627064838413654,contractive,0,,
M2,cifar100,10,934940b0d31b7a5d,U3,3,2.0,1e-05,34,6.0,nan,6.627064838413654,contractive,0,,
M2,cifar100,10,934940b0d31b7a5d,U3,3,2.0,1e-05,41,6.0,nan,6.627064838413654,contractive,0,,
M2,cifar100,10,934940b0d31b7a5d,U3,3,2.0,1e-05,49,6.0,nan,6.627064838413654,contractive,0,,
M2,cifar100,10,934940b0d31b7a5d,U3,3,2.0,1e-05,60,6.0,nan,6.627064838413654,contractive,0,,
M2,cifar100,10,934940b0d31b7a5d,U3,3,2.0,1e-05,72,6.0,nan,6.627064838413654,contractive,0,,
M2,cifar100,10,934940b0d31b7a5d,U3,3,2.0,1e-05,87,6.0,nan,6.627064838413654,contractive,0,,
M2,cifar100,10,934940b0d31b7a5d,U3,3,2.0,1e-05,105,6.0,nan,6.627064838413654,contractive,0,,
M2,cifar100,10,934940b0d31b7a5d,U3,3,2.0,1e-05,127,6.0,nan,6.627064838413654,contractive,0,,
M2,cifar100,10,934940b0d31b7a5d,U3,3,2.0,1e-05,153,6.0,nan,6.627064838413654,contractive,0,,
M2,cifar100,10,934940b0d31b7a5d,U3,3,2.0,1e-05,184,6.0,nan,6.627064838413654,contractive,0,,
M2,cifar100,10,934940b0d31b7a5d,U3,3,2.0,1e-05,222,6.0,nan,6.627064838413654,contractive,0,,
M2,cifar100,10,934940b0d31b7a5d,U3,3,2.0,1e-05,268,6.0,nan,6.627064838413654,contractive,0,,
M2,cifar100,10,934940b0d31b7a5d,U3,3,2.0,1e-05,324,6.0,nan,6.627064838413654,contractive,0,,
M2,cifar100,10,934940b0d31b7a5d,U3,3,2.0,1e-05,391,6.0,nan,6.627064838413654,contractive,0,,
M2,cifar100,10,934940b0d31b7a5d,U3,3,2.0,1e-05,472,6.0,nan,6.627064838413654,contractive,0,,
M2,cifar100,10,934940b0d31b7a5d,U3,3,2.0,1e-05,569,6.0,nan,6.627064838413654,contractive,0,,
M2,cifar100,10,934940b0d31b7a5d,U3,3,2.0,1e-05,687,6.0,nan,6.627064838413654,contractive,0,,
M2,cifar100,10,934940b0d31b7a5d,U3,3,2.0,1e-05,829,6.0,nan,6.627064838413654,contractive,0,,
M2,cifar100,10,934940b0d31b7a5d,U3,3,2.0,1e-05,1000,6.0,nan,6.627064838413654,contractive,0,,
M2,cifar100,10,934940b0d31b7a5d,U4,3,2.0,1e-05,1,2.0,31.0,3.6430702143557943,accumulating,1,,
M2,cifar100,10,934940b0d31b7a5d,U4,3,2.0,1e-05,2,4.0,62.0,5.298525913621841,accumulating,1,,
M2,cifar100,10,934940b0d31b7a5d,U4,3,2.0,1e-05,3,6.0,93.0,6.627064838413654,accumulating,1,,
M2,cifar100,10,934940b0d31b7a5d,U4,3,2.0,1e-05,4,8.0,124.0,7.786148140875069,accumulating,1,,
M2,cifar100,10,934940b0d31b7a5d,U4,3,2.0,1e-05,5,10.0,155.0,8.837137179629,accumulating,1,,
M2,cifar100,10,934940b0d31b7a5d,U4,3,2.0,1e-05,6,12.0,186.0,9.811302669989779,accumulating,1,,
M2,cifar100,10,934940b0d31b7a5d,U4,3,2.0,1e-05,7,14.0,217.0,10.727493607361541,accumulating,1,,
M2,cifar100,10,934940b0d31b7a5d,U4,3,2.0,1e-05,8,16.0,248.0,11.597073111012214,accumulating,1,,
M2,cifar100,10,934940b0d31b7a5d,U4,3,2.0,1e-05,9,18.0,279.0,12.429255783705855,accumulating,1,,
M2,cifar100,10,934940b0d31b7a5d,U4,3,2.0,1e-05,10,20.0,310.0,13.230019140012296,accumulating,1,,
M2,cifar100,10,934940b0d31b7a5d,U4,3,2.0,1e-05,11,22.0,nan,14.00355442581983,accumulating,0,,
M2,cifar100,10,934940b0d31b7a5d,U4,3,2.0,1e-05,13,26.0,nan,15.484581546057857,accumulating,0,,
M2,cifar100,10,934940b0d31b7a5d,U4,3,2.0,1e-05,16,32.0,nan,17.572818052042024,accumulating,0,,
M2,cifar100,10,934940b0d31b7a5d,U4,3,2.0,1e-05,19,38.0,nan,19.54041303075243,accumulating,0,,
M2,cifar100,10,934940b0d31b7a5d,U4,3,2.0,1e-05,23,46.00000000000001,nan,22.02267769906763,accumulating,0,,
M2,cifar100,10,934940b0d31b7a5d,U4,3,2.0,1e-05,28,56.00000000000001,nan,24.95475168674332,accumulating,0,,
M2,cifar100,10,934940b0d31b7a5d,U4,3,2.0,1e-05,34,68.00000000000001,nan,28.287921514591282,accumulating,0,,
M2,cifar100,10,934940b0d31b7a5d,U4,3,2.0,1e-05,41,82.00000000000001,nan,31.977383847246536,accumulating,0,,
M2,cifar100,10,934940b0d31b7a5d,U4,3,2.0,1e-05,49,98.00000000000001,nan,36.00296953997069,accumulating,0,,
M2,cifar100,10,934940b0d31b7a5d,U4,3,2.0,1e-05,60,120.00000000000003,nan,41.28364511615619,accumulating,0,,
M2,cifar100,10,934940b0d31b7a5d,U4,3,2.0,1e-05,72,144.00000000000003,nan,46.80211497152102,accumulating,0,,
M2,cifar100,10,934940b0d31b7a5d,U4,3,2.0,1e-05,87,174.00000000000003,nan,53.39927427762436,accumulating,0,,
M2,cifar100,10,934940b0d31b7a5d,U4,3,2.0,1e-05,105,210.00000000000003,nan,61.03463698874844,accumulating,0,,
M2,cifar100,10,934940b0d31b7a5d,U4,3,2.0,1e-05,127,254.00000000000006,nan,69.98922843386907,accumulating,0,,
M2,cifar100,10,934940b0d31b7a5d,U4,3,2.0,1e-05,153,306.00000000000006,nan,80.22080138854307,accumulating,0,,
M2,cifar100,10,934940b0d31b7a5d,U4,3,2.0,1e-05,184,368.00000000000006,nan,92.0298610288898,accumulating,0,,
M2,cifar100,10,934940b0d31b7a5d,U4,3,2.0,1e-05,222,444.0000000000001,nan,106.06038232780433,accumulating,0,,
M2,cifar100,10,934940b0d31b7a5d,U4,3,2.0,1e-05,268,536.0000000000001,nan,122.54763148300526,accumulating,0,,
M2,cifar100,10,934940b0d31b7a5d,U4,3,2.0,1e-05,324,648.0000000000001,nan,142.08210498020384,accumulating,0,,
M2,cifar100,10,934940b0d31b7a5d,U4,3,2.0,1e-05,391,782.0000000000001,nan,164.9297942994614,accumulating,0,,
M2,cifar100,10,934940b0d31b7a5d,U4,3,2.0,1e-05,472,944.0000000000002,nan,191.78597520398404,accumulating,0,,
M2,cifar100,10,934940b0d31b7a5d,U4,3,2.0,1e-05,569,1138.0000000000002,nan,223.19332006566768,accumulating,0,,
M2,cifar100,10,934940b0d31b7a5d,U4,3,2.0,1e-05,687,1374.0000000000002,nan,260.98445071893406,accumulating,0,,
M2,cifar100,10,934940b0d31b7a5d,U4,3,2.0,1e-05,829,1658.0000000000005,nan,304.9445301109602,accumulating,0,,
M2,cifar100,10,934940b0d31b7a5d,U4,3,2.0,1e-05,1000,2000.0000000000005,nan,357.7783743320657,accumulating,0,,
M3,cifar100,10,6f0420fa59a12dd9,U1,3,2.0,1e-05,1,2.0,31.0,3.6430702143557943,contractive,1,,
M3,cifar100,10,6f0420fa59a12dd9,U1,3,2.0,1e-05,2,2.0,31.0,3.6430702143557943,contractive,1,,
M3,cifar100,10,6f0420fa59a12dd9,U1,3,2.0,1e-05,3,2.0,31.0,3.6430702143557943,contractive,1,,
M3,cifar100,10,6f0420fa59a12dd9,U1,3,2.0,1e-05,4,2.0,31.0,3.6430702143557943,contractive,1,,
M3,cifar100,10,6f0420fa59a12dd9,U1,3,2.0,1e-05,5,2.0,31.0,3.6430702143557943,contractive,1,,
M3,cifar100,10,6f0420fa59a12dd9,U1,3,2.0,1e-05,6,2.0,31.0,3.6430702143557943,contractive,1,,
M3,cifar100,10,6f0420fa59a12dd9,U1,3,2.0,1e-05,7,2.0,31.0,3.6430702143557943,contractive,1,,
M3,cifar100,10,6f0420fa59a12dd9,U1,3,2.0,1e-05,8,2.0,31.0,3.6430702143557943,contractive,1,,
M3,cifar100,10,6f0420fa59a12dd9,U1,3,2.0,1e-05,9,2.0,31.0,3.6430702143557943,contractive,1,,
M3,cifar100,10,6f0420fa59a12dd9,U1,3,2.0,1e-05,10,2.0,31.0,3.6430702143557943,contractive,1,,
M3,cifar100,10,6f0420fa59a12dd9,U1,3,2.0,1e-05,11,2.0,nan,3.6430702143557943,contractive,0,,
M3,cifar100,10,6f0420fa59a12dd9,U1,3,2.0,1e-05,13,2.0,nan,3.6430702143557943,contractive,0,,
M3,cifar100,10,6f0420fa59a12dd9,U1,3,2.0,1e-05,16,2.0,nan,3.6430702143557943,contractive,0,,
M3,cifar100,10,6f0420fa59a12dd9,U1,3,2.0,1e-05,19,2.0,nan,3.6430702143557943,contractive,0,,
M3,cifar100,10,6f0420fa59a12dd9,U1,3,2.0,1e-05,23,2.0,nan,3.6430702143557943,contractive,0,,
M3,cifar100,10,6f0420fa59a12dd9,U1,3,2.0,1e-05,28,2.0,nan,3.6430702143557943,contractive,0,,
M3,cifar100,10,6f0420fa59a12dd9,U1,3,2.0,1e-05,34,2.0,nan,3.6430702143557943,contractive,0,,
M3,cifar100,10,6f0420fa59a12dd9,U1,3,2.0,1e-05,41,2.0,nan,3.6430702143557943,contractive,0,,
M3,cifar100,10,6f0420fa59a12dd9,U1,3,2.0,1e-05,49,2.0,nan,3.6430702143557943,contractive,0,,
M3,cifar100,10,6f0420fa59a12dd9,U1,3,2.0,1e-05,60,2.0,nan,3.6430702143557943,contractive,0,,
M3,cifar100,10,6f0420fa59a12dd9,U1,3,2.0,1e-05,72,2.0,nan,3.6430702143557943,contractive,0,,
M3,cifar100,10,6f0420fa59a12dd9,U1,3,2.0,1e-05,87,2.0,nan,3.6430702143557943,contractive,0,,
M3,cifar100,10,6f0420fa59a12dd9,U1,3,2.0,1e-05,105,2.0,nan,3.6430702143557943,contractive,0,,
M3,cifar100,10,6f0420fa59a12dd9,U1,3,2.0,1e-05,127,2.0,nan,3.6430702143557943,contractive,0,,
M3,cifar100,10,6f0420fa59a12dd9,U1,3,2.0,1e-05,153,2.0,nan,3.6430702143557943,contractive,0,,
M3,cifar100,10,6f0420fa59a12dd9,U1,3,2.0,1e-05,184,2.0,nan,3.6430702143557943,contractive,0,,
M3,cifar100,10,6f0420fa59a12dd9,U1,3,2.0,1e-05,222,2.0,nan,3.6430702143557943,contractive,0,,
M3,cifar100,10,6f0420fa59a12dd9,U1,3,2.0,1e-05,268,2.0,nan,3.6430702143557943,contractive,0,,
M3,cifar100,10,6f0420fa59a12dd9,U1,3,2.0,1e-05,324,2.0,nan,3.6430702143557943,contractive,0,,
M3,cifar100,10,6f0420fa59a12dd9,U1,3,2.0,1e-05,391,2.0,nan,3.6430702143557943,contractive,0,,
M3,cifar100,10,6f0420fa59a12dd9,U1,3,2.0,1e-05,472,2.0,nan,3.6430702143557943,contractive,0,,
M3,cifar100,10,6f0420fa59a12dd9,U1,3,2.0,1e-05,569,2.0,nan,3.6430702143557943,contractive,0,,
M3,cifar100,10,6f0420fa59a12dd9,U1,3,2.0,1e-05,687,2.0,nan,3.6430702143557943,contractive,0,,
M3,cifar100,10,6f0420fa59a12dd9,U1,3,2.0,1e-05,829,2.0,nan,3.6430702143557943,contractive,0,,
M3,cifar100,10,6f0420fa59a12dd9,U1,3,2.0,1e-05,1000,2.0,nan,3.6430702143557943,contractive,0,,
M3,cifar100,10,6f0420fa59a12dd9,U2,3,2.0,1e-05,1,2.0,31.0,3.6430702143557943,contractive,1,,
M3,cifar100,10,6f0420fa59a12dd9,U2,3,2.0,1e-05,2,2.0,31.0,3.6430702143557943,contractive,1,,
M3,cifar100,10,6f0420fa59a12dd9,U2,3,2.0,1e-05,3,2.0,31.0,3.6430702143557943,contractive,1,,
M3,cifar100,10,6f0420fa59a12dd9,U2,3,2.0,1e-05,4,2.0,31.0,3.6430702143557943,contractive,1,,
M3,cifar100,10,6f0420fa59a12dd9,U2,3,2.0,1e-05,5,2.0,31.0,3.6430702143557943,contractive,1,,
M3,cifar100,10,6f0420fa59a12dd9,U2,3,2.0,1e-05,6,2.0,31.0,3.6430702143557943,contractive,1,,
M3,cifar100,10,6f0420fa59a12dd9,U2,3,2.0,1e-05,7,2.0,31.0,3.6430702143557943,contractive,1,,
M3,cifar100,10,6f0420fa59a12dd9,U2,3,2.0,1e-05,8,2.0,31.0,3.6430702143557943,contractive,1,,
M3,cifar100,10,6f0420fa59a12dd9,U2,3,2.0,1e-05,9,2.0,31.0,3.6430702143557943,contractive,1,,
M3,cifar100,10,6f0420fa59a12dd9,U2,3,2.0,1e-05,10,2.0,31.0,3.6430702143557943,contractive,1,,
M3,cifar100,10,6f0420fa59a12dd9,U2,3,2.0,1e-05,11,2.0,nan,3.6430702143557943,contractive,0,,
M3,cifar100,10,6f0420fa59a12dd9,U2,3,2.0,1e-05,13,2.0,nan,3.6430702143557943,contractive,0,,
M3,cifar100,10,6f0420fa59a12dd9,U2,3,2.0,1e-05,16,2.0,nan,3.6430702143557943,contractive,0,,
M3,cifar100,10,6f0420fa59a12dd9,U2,3,2.0,1e-05,19,2.0,nan,3.6430702143557943,contractive,0,,
M3,cifar100,10,6f0420fa59a12dd9,U2,3,2.0,1e-05,23,2.0,nan,3.6430702143557943,contractive,0,,
M3,cifar100,10,6f0420fa59a12dd9,U2,3,2.0,1e-05,28,2.0,nan,3.6430702143557943,contractive,0,,
M3,cifar100,10,6f0420fa59a12dd9,U2,3,2.0,1e-05,34,2.0,nan,3.6430702143557943,contractive,0,,
M3,cifar100,10,6f0420fa59a12dd9,U2,3,2.0,1e-05,41,2.0,nan,3.6430702143557943,contractive,0,,
M3,cifar100,10,6f0420fa59a12dd9,U2,3,2.0,1e-05,49,2.0,nan,3.6430702143557943,contractive,0,,
M3,cifar100,10,6f0420fa59a12dd9,U2,3,2.0,1e-05,60,2.0,nan,3.6430702143557943,contractive,0,,
M3,cifar100,10,6f0420fa59a12dd9,U2,3,2.0,1e-05,72,2.0,nan,3.6430702143557943,contractive,0,,
M3,cifar100,10,6f0420fa59a12dd9,U2,3,2.0,1e-05,87,2.0,nan,3.6430702143557943,contractive,0,,
M3,cifar100,10,6f0420fa59a12dd9,U2,3,2.0,1e-05,105,2.0,nan,3.6430702143557943,contractive,0,,
M3,cifar100,10,6f0420fa59a12dd9,U2,3,2.0,1e-05,127,2.0,nan,3.6430702143557943,contractive,0,,
M3,cifar100,10,6f0420fa59a12dd9,U2,3,2.0,1e-05,153,2.0,nan,3.6430702143557943,contractive,0,,
M3,cifar100,10,6f0420fa59a12dd9,U2,3,2.0,1e-05,184,2.0,nan,3.6430702143557943,contractive,0,,
M3,cifar100,10,6f0420fa59a12dd9,U2,3,2.0,1e-05,222,2.0,nan,3.6430702143557943,contractive,0,,
M3,cifar100,10,6f0420fa59a12dd9,U2,3,2.0,1e-05,268,2.0,nan,3.6430702143557943,contractive,0,,
M3,cifar100,10,6f0420fa59a12dd9,U2,3,2.0,1e-05,324,2.0,nan,3.6430702143557943,contractive,0,,
M3,cifar100,10,6f0420fa59a12dd9,U2,3,2.0,1e-05,391,2.0,nan,3.6430702143557943,contractive,0,,
M3,cifar100,10,6f0420fa59a12dd9,U2,3,2.0,1e-05,472,2.0,nan,3.6430702143557943,contractive,0,,
M3,cifar100,10,6f0420fa59a12dd9,U2,3,2.0,1e-05,569,2.0,nan,3.6430702143557943,contractive,0,,
M3,cifar100,10,6f0420fa59a12dd9,U2,3,2.0,1e-05,687,2.0,nan,3.6430702143557943,contractive,0,,
M3,cifar100,10,6f0420fa59a12dd9,U2,3,2.0,1e-05,829,2.0,nan,3.6430702143557943,contractive,0,,
M3,cifar100,10,6f0420fa59a12dd9,U2,3,2.0,1e-05,1000,2.0,nan,3.6430702143557943,contractive,0,,
M3,cifar100,10,6f0420fa59a12dd9,U3,3,2.0,1e-05,1,2.0,31.0,3.6430702143557943,contractive,1,,
M3,cifar100,10,6f0420fa59a12dd9,U3,3,2.0,1e-05,2,4.0,62.0,5.298525913621841,contractive,1,,
M3,cifar100,10,6f0420fa59a12dd9,U3,3,2.0,1e-05,3,6.0,93.0,6.627064838413654,contractive,1,,
M3,cifar100,10,6f0420fa59a12dd9,U3,3,2.0,1e-05,4,6.0,93.0,6.627064838413654,contractive,1,,
M3,cifar100,10,6f0420fa59a12dd9,U3,3,2.0,1e-05,5,6.0,93.0,6.627064838413654,contractive,1,,
M3,cifar100,10,6f0420fa59a12dd9,U3,3,2.0,1e-05,6,6.0,93.0,6.627064838413654,contractive,1,,
M3,cifar100,10,6f0420fa59a12dd9,U3,3,2.0,1e-05,7,6.0,93.0,6.627064838413654,contractive,1,,
M3,cifar100,10,6f0420fa59a12dd9,U3,3,2.0,1e-05,8,6.0,93.0,6.627064838413654,contractive,1,,
M3,cifar100,10,6f0420fa59a12dd9,U3,3,2.0,1e-05,9,6.0,93.0,6.627064838413654,contractive,1,,
M3,cifar100,10,6f0420fa59a12dd9,U3,3,2.0,1e-05,10,6.0,93.0,6.627064838413654,contractive,1,,
M3,cifar100,10,6f0420fa59a12dd9,U3,3,2.0,1e-05,11,6.0,nan,6.627064838413654,contractive,0,,
M3,cifar100,10,6f0420fa59a12dd9,U3,3,2.0,1e-05,13,6.0,nan,6.627064838413654,contractive,0,,
M3,cifar100,10,6f0420fa59a12dd9,U3,3,2.0,1e-05,16,6.0,nan,6.627064838413654,contractive,0,,
M3,cifar100,10,6f0420fa59a12dd9,U3,3,2.0,1e-05,19,6.0,nan,6.627064838413654,contractive,0,,
M3,cifar100,10,6f0420fa59a12dd9,U3,3,2.0,1e-05,23,6.0,nan,6.627064838413654,contractive,0,,
M3,cifar100,10,6f0420fa59a12dd9,U3,3,2.0,1e-05,28,6.0,nan,6.627064838413654,contractive,0,,
M3,cifar100,10,6f0420fa59a12dd9,U3,3,2.0,1e-05,34,6.0,nan,6.627064838413654,contractive,0,,
M3,cifar100,10,6f0420fa59a12dd9,U3,3,2.0,1e-05,41,6.0,nan,6.627064838413654,contractive,0,,
M3,cifar100,10,6f0420fa59a12dd9,U3,3,2.0,1e-05,49,6.0,nan,6.627064838413654,contractive,0,,
M3,cifar100,10,6f0420fa59a12dd9,U3,3,2.0,1e-05,60,6.0,nan,6.627064838413654,contractive,0,,
M3,cifar100,10,6f0420fa59a12dd9,U3,3,2.0,1e-05,72,6.0,nan,6.627064838413654,contractive,0,,
M3,cifar100,10,6f0420fa59a12dd9,U3,3,2.0,1e-05,87,6.0,nan,6.627064838413654,contractive,0,,
M3,cifar100,10,6f0420fa59a12dd9,U3,3,2.0,1e-05,105,6.0,nan,6.627064838413654,contractive,0,,
M3,cifar100,10,6f0420fa59a12dd9,U3,3,2.0,1e-05,127,6.0,nan,6.627064838413654,contractive,0,,
M3,cifar100,10,6f0420fa59a12dd9,U3,3,2.0,1e-05,153,6.0,nan,6.627064838413654,contractive,0,,
M3,cifar100,10,6f0420fa59a12dd9,U3,3,2.0,1e-05,184,6.0,nan,6.627064838413654,contractive,0,,
M3,cifar100,10,6f0420fa59a12dd9,U3,3,2.0,1e-05,222,6.0,nan,6.627064838413654,contractive,0,,
M3,cifar100,10,6f0420fa59a12dd9,U3,3,2.0,1e-05,268,6.0,nan,6.627064838413654,contractive,0,,
M3,cifar100,10,6f0420fa59a12dd9,U3,3,2.0,1e-05,324,6.0,nan,6.627064838413654,contractive,0,,
M3,cifar100,10,6f0420fa59a12dd9,U3,3,2.0,1e-05,391,6.0,nan,6.627064838413654,contractive,0,,
M3,cifar100,10,6f0420fa59a12dd9,U3,3,2.0,1e-05,472,6.0,nan,6.627064838413654,contractive,0,,
M3,cifar100,10,6f0420fa59a12dd9,U3,3,2.0,1e-05,569,6.0,nan,6.627064838413654,contractive,0,,
M3,cifar100,10,6f0420fa59a12dd9,U3,3,2.0,1e-05,687,6.0,nan,6.627064838413654,contractive,0,,
M3,cifar100,10,6f0420fa59a12dd9,U3,3,2.0,1e-05,829,6.0,nan,6.627064838413654,contractive,0,,
M3,cifar100,10,6f0420fa59a12dd9,U3,3,2.0,1e-05,1000,6.0,nan,6.627064838413654,contractive,0,,
M3,cifar100,10,6f0420fa59a12dd9,U4,3,2.0,1e-05,1,2.0,31.0,3.6430702143557943,accumulating,1,,
M3,cifar100,10,6f0420fa59a12dd9,U4,3,2.0,1e-05,2,4.0,62.0,5.298525913621841,accumulating,1,,
M3,cifar100,10,6f0420fa59a12dd9,U4,3,2.0,1e-05,3,6.0,93.0,6.627064838413654,accumulating,1,,
M3,cifar100,10,6f0420fa59a12dd9,U4,3,2.0,1e-05,4,8.0,124.0,7.786148140875069,accumulating,1,,
M3,cifar100,10,6f0420fa59a12dd9,U4,3,2.0,1e-05,5,10.0,155.0,8.837137179629,accumulating,1,,
M3,cifar100,10,6f0420fa59a12dd9,U4,3,2.0,1e-05,6,12.0,186.0,9.811302669989779,accumulating,1,,
M3,cifar100,10,6f0420fa59a12dd9,U4,3,2.0,1e-05,7,14.0,217.0,10.727493607361541,accumulating,1,,
M3,cifar100,10,6f0420fa59a12dd9,U4,3,2.0,1e-05,8,16.0,248.0,11.597073111012214,accumulating,1,,
M3,cifar100,10,6f0420fa59a12dd9,U4,3,2.0,1e-05,9,18.0,279.0,12.429255783705855,accumulating,1,,
M3,cifar100,10,6f0420fa59a12dd9,U4,3,2.0,1e-05,10,20.0,310.0,13.230019140012296,accumulating,1,,
M3,cifar100,10,6f0420fa59a12dd9,U4,3,2.0,1e-05,11,22.0,nan,14.00355442581983,accumulating,0,,
M3,cifar100,10,6f0420fa59a12dd9,U4,3,2.0,1e-05,13,26.0,nan,15.484581546057857,accumulating,0,,
M3,cifar100,10,6f0420fa59a12dd9,U4,3,2.0,1e-05,16,32.0,nan,17.572818052042024,accumulating,0,,
M3,cifar100,10,6f0420fa59a12dd9,U4,3,2.0,1e-05,19,38.0,nan,19.54041303075243,accumulating,0,,
M3,cifar100,10,6f0420fa59a12dd9,U4,3,2.0,1e-05,23,46.00000000000001,nan,22.02267769906763,accumulating,0,,
M3,cifar100,10,6f0420fa59a12dd9,U4,3,2.0,1e-05,28,56.00000000000001,nan,24.95475168674332,accumulating,0,,
M3,cifar100,10,6f0420fa59a12dd9,U4,3,2.0,1e-05,34,68.00000000000001,nan,28.287921514591282,accumulating,0,,
M3,cifar100,10,6f0420fa59a12dd9,U4,3,2.0,1e-05,41,82.00000000000001,nan,31.977383847246536,accumulating,0,,
M3,cifar100,10,6f0420fa59a12dd9,U4,3,2.0,1e-05,49,98.00000000000001,nan,36.00296953997069,accumulating,0,,
M3,cifar100,10,6f0420fa59a12dd9,U4,3,2.0,1e-05,60,120.00000000000003,nan,41.28364511615619,accumulating,0,,
M3,cifar100,10,6f0420fa59a12dd9,U4,3,2.0,1e-05,72,144.00000000000003,nan,46.80211497152102,accumulating,0,,
M3,cifar100,10,6f0420fa59a12dd9,U4,3,2.0,1e-05,87,174.00000000000003,nan,53.39927427762436,accumulating,0,,
M3,cifar100,10,6f0420fa59a12dd9,U4,3,2.0,1e-05,105,210.00000000000003,nan,61.03463698874844,accumulating,0,,
M3,cifar100,10,6f0420fa59a12dd9,U4,3,2.0,1e-05,127,254.00000000000006,nan,69.98922843386907,accumulating,0,,
M3,cifar100,10,6f0420fa59a12dd9,U4,3,2.0,1e-05,153,306.00000000000006,nan,80.22080138854307,accumulating,0,,
M3,cifar100,10,6f0420fa59a12dd9,U4,3,2.0,1e-05,184,368.00000000000006,nan,92.0298610288898,accumulating,0,,
M3,cifar100,10,6f0420fa59a12dd9,U4,3,2.0,1e-05,222,444.0000000000001,nan,106.06038232780433,accumulating,0,,
M3,cifar100,10,6f0420fa59a12dd9,U4,3,2.0,1e-05,268,536.0000000000001,nan,122.54763148300526,accumulating,0,,
M3,cifar100,10,6f0420fa59a12dd9,U4,3,2.0,1e-05,324,648.0000000000001,nan,142.08210498020384,accumulating,0,,
M3,cifar100,10,6f0420fa59a12dd9,U4,3,2.0,1e-05,391,782.0000000000001,nan,164.9297942994614,accumulating,0,,
M3,cifar100,10,6f0420fa59a12dd9,U4,3,2.0,1e-05,472,944.0000000000002,nan,191.78597520398404,accumulating,0,,
M3,cifar100,10,6f0420fa59a12dd9,U4,3,2.0,1e-05,569,1138.0000000000002,nan,223.19332006566768,accumulating,0,,
M3,cifar100,10,6f0420fa59a12dd9,U4,3,2.0,1e-05,687,1374.0000000000002,nan,260.98445071893406,accumulating,0,,
M3,cifar100,10,6f0420fa59a12dd9,U4,3,2.0,1e-05,829,1658.0000000000005,nan,304.9445301109602,accumulating,0,,
M3,cifar100,10,6f0420fa59a12dd9,U4,3,2.0,1e-05,1000,2000.0000000000005,nan,357.7783743320657,accumulating,0,,
M4,cifar100,10,7f1595f2e0803ed1,U1,3,2.0,1e-05,1,2.0,2.0,3.6430702143557943,contractive,1,,
M4,cifar100,10,7f1595f2e0803ed1,U1,3,2.0,1e-05,2,2.0,2.0,3.6430702143557943,contractive,1,,
M4,cifar100,10,7f1595f2e0803ed1,U1,3,2.0,1e-05,3,2.0,2.0,3.6430702143557943,contractive,1,,
M4,cifar100,10,7f1595f2e0803ed1,U1,3,2.0,1e-05,4,2.0,2.0,3.6430702143557943,contractive,1,,
M4,cifar100,10,7f1595f2e0803ed1,U1,3,2.0,1e-05,5,2.0,2.0,3.6430702143557943,contractive,1,,
M4,cifar100,10,7f1595f2e0803ed1,U1,3,2.0,1e-05,6,2.0,2.0,3.6430702143557943,contractive,1,,
M4,cifar100,10,7f1595f2e0803ed1,U1,3,2.0,1e-05,7,2.0,2.0,3.6430702143557943,contractive,1,,
M4,cifar100,10,7f1595f2e0803ed1,U1,3,2.0,1e-05,8,2.0,2.0,3.6430702143557943,contractive,1,,
M4,cifar100,10,7f1595f2e0803ed1,U1,3,2.0,1e-05,9,2.0,2.0,3.6430702143557943,contractive,1,,
M4,cifar100,10,7f1595f2e0803ed1,U1,3,2.0,1e-05,10,2.0,2.0,3.6430702143557943,contractive,1,,
M4,cifar100,10,7f1595f2e0803ed1,U1,3,2.0,1e-05,11,2.0,nan,3.6430702143557943,contractive,0,,
M4,cifar100,10,7f1595f2e0803ed1,U1,3,2.0,1e-05,13,2.0,nan,3.6430702143557943,contractive,0,,
M4,cifar100,10,7f1595f2e0803ed1,U1,3,2.0,1e-05,16,2.0,nan,3.6430702143557943,contractive,0,,
M4,cifar100,10,7f1595f2e0803ed1,U1,3,2.0,1e-05,19,2.0,nan,3.6430702143557943,contractive,0,,
M4,cifar100,10,7f1595f2e0803ed1,U1,3,2.0,1e-05,23,2.0,nan,3.6430702143557943,contractive,0,,
M4,cifar100,10,7f1595f2e0803ed1,U1,3,2.0,1e-05,28,2.0,nan,3.6430702143557943,contractive,0,,
M4,cifar100,10,7f1595f2e0803ed1,U1,3,2.0,1e-05,34,2.0,nan,3.6430702143557943,contractive,0,,
M4,cifar100,10,7f1595f2e0803ed1,U1,3,2.0,1e-05,41,2.0,nan,3.6430702143557943,contractive,0,,
M4,cifar100,10,7f1595f2e0803ed1,U1,3,2.0,1e-05,49,2.0,nan,3.6430702143557943,contractive,0,,
M4,cifar100,10,7f1595f2e0803ed1,U1,3,2.0,1e-05,60,2.0,nan,3.6430702143557943,contractive,0,,
M4,cifar100,10,7f1595f2e0803ed1,U1,3,2.0,1e-05,72,2.0,nan,3.6430702143557943,contractive,0,,
M4,cifar100,10,7f1595f2e0803ed1,U1,3,2.0,1e-05,87,2.0,nan,3.6430702143557943,contractive,0,,
M4,cifar100,10,7f1595f2e0803ed1,U1,3,2.0,1e-05,105,2.0,nan,3.6430702143557943,contractive,0,,
M4,cifar100,10,7f1595f2e0803ed1,U1,3,2.0,1e-05,127,2.0,nan,3.6430702143557943,contractive,0,,
M4,cifar100,10,7f1595f2e0803ed1,U1,3,2.0,1e-05,153,2.0,nan,3.6430702143557943,contractive,0,,
M4,cifar100,10,7f1595f2e0803ed1,U1,3,2.0,1e-05,184,2.0,nan,3.6430702143557943,contractive,0,,
M4,cifar100,10,7f1595f2e0803ed1,U1,3,2.0,1e-05,222,2.0,nan,3.6430702143557943,contractive,0,,
M4,cifar100,10,7f1595f2e0803ed1,U1,3,2.0,1e-05,268,2.0,nan,3.6430702143557943,contractive,0,,
M4,cifar100,10,7f1595f2e0803ed1,U1,3,2.0,1e-05,324,2.0,nan,3.6430702143557943,contractive,0,,
M4,cifar100,10,7f1595f2e0803ed1,U1,3,2.0,1e-05,391,2.0,nan,3.6430702143557943,contractive,0,,
M4,cifar100,10,7f1595f2e0803ed1,U1,3,2.0,1e-05,472,2.0,nan,3.6430702143557943,contractive,0,,
M4,cifar100,10,7f1595f2e0803ed1,U1,3,2.0,1e-05,569,2.0,nan,3.6430702143557943,contractive,0,,
M4,cifar100,10,7f1595f2e0803ed1,U1,3,2.0,1e-05,687,2.0,nan,3.6430702143557943,contractive,0,,
M4,cifar100,10,7f1595f2e0803ed1,U1,3,2.0,1e-05,829,2.0,nan,3.6430702143557943,contractive,0,,
M4,cifar100,10,7f1595f2e0803ed1,U1,3,2.0,1e-05,1000,2.0,nan,3.6430702143557943,contractive,0,,
M4,cifar100,10,7f1595f2e0803ed1,U2,3,2.0,1e-05,1,2.0,2.0,3.6430702143557943,contractive,1,,
M4,cifar100,10,7f1595f2e0803ed1,U2,3,2.0,1e-05,2,2.0,2.0,3.6430702143557943,contractive,1,,
M4,cifar100,10,7f1595f2e0803ed1,U2,3,2.0,1e-05,3,2.0,2.0,3.6430702143557943,contractive,1,,
M4,cifar100,10,7f1595f2e0803ed1,U2,3,2.0,1e-05,4,2.0,2.0,3.6430702143557943,contractive,1,,
M4,cifar100,10,7f1595f2e0803ed1,U2,3,2.0,1e-05,5,2.0,2.0,3.6430702143557943,contractive,1,,
M4,cifar100,10,7f1595f2e0803ed1,U2,3,2.0,1e-05,6,2.0,2.0,3.6430702143557943,contractive,1,,
M4,cifar100,10,7f1595f2e0803ed1,U2,3,2.0,1e-05,7,2.0,2.0,3.6430702143557943,contractive,1,,
M4,cifar100,10,7f1595f2e0803ed1,U2,3,2.0,1e-05,8,2.0,2.0,3.6430702143557943,contractive,1,,
M4,cifar100,10,7f1595f2e0803ed1,U2,3,2.0,1e-05,9,2.0,2.0,3.6430702143557943,contractive,1,,
M4,cifar100,10,7f1595f2e0803ed1,U2,3,2.0,1e-05,10,2.0,2.0,3.6430702143557943,contractive,1,,
M4,cifar100,10,7f1595f2e0803ed1,U2,3,2.0,1e-05,11,2.0,nan,3.6430702143557943,contractive,0,,
M4,cifar100,10,7f1595f2e0803ed1,U2,3,2.0,1e-05,13,2.0,nan,3.6430702143557943,contractive,0,,
M4,cifar100,10,7f1595f2e0803ed1,U2,3,2.0,1e-05,16,2.0,nan,3.6430702143557943,contractive,0,,
M4,cifar100,10,7f1595f2e0803ed1,U2,3,2.0,1e-05,19,2.0,nan,3.6430702143557943,contractive,0,,
M4,cifar100,10,7f1595f2e0803ed1,U2,3,2.0,1e-05,23,2.0,nan,3.6430702143557943,contractive,0,,
M4,cifar100,10,7f1595f2e0803ed1,U2,3,2.0,1e-05,28,2.0,nan,3.6430702143557943,contractive,0,,
M4,cifar100,10,7f1595f2e0803ed1,U2,3,2.0,1e-05,34,2.0,nan,3.6430702143557943,contractive,0,,
M4,cifar100,10,7f1595f2e0803ed1,U2,3,2.0,1e-05,41,2.0,nan,3.6430702143557943,contractive,0,,
M4,cifar100,10,7f1595f2e0803ed1,U2,3,2.0,1e-05,49,2.0,nan,3.6430702143557943,contractive,0,,
M4,cifar100,10,7f1595f2e0803ed1,U2,3,2.0,1e-05,60,2.0,nan,3.6430702143557943,contractive,0,,
M4,cifar100,10,7f1595f2e0803ed1,U2,3,2.0,1e-05,72,2.0,nan,3.6430702143557943,contractive,0,,
M4,cifar100,10,7f1595f2e0803ed1,U2,3,2.0,1e-05,87,2.0,nan,3.6430702143557943,contractive,0,,
M4,cifar100,10,7f1595f2e0803ed1,U2,3,2.0,1e-05,105,2.0,nan,3.6430702143557943,contractive,0,,
M4,cifar100,10,7f1595f2e0803ed1,U2,3,2.0,1e-05,127,2.0,nan,3.6430702143557943,contractive,0,,
M4,cifar100,10,7f1595f2e0803ed1,U2,3,2.0,1e-05,153,2.0,nan,3.6430702143557943,contractive,0,,
M4,cifar100,10,7f1595f2e0803ed1,U2,3,2.0,1e-05,184,2.0,nan,3.6430702143557943,contractive,0,,
M4,cifar100,10,7f1595f2e0803ed1,U2,3,2.0,1e-05,222,2.0,nan,3.6430702143557943,contractive,0,,
M4,cifar100,10,7f1595f2e0803ed1,U2,3,2.0,1e-05,268,2.0,nan,3.6430702143557943,contractive,0,,
M4,cifar100,10,7f1595f2e0803ed1,U2,3,2.0,1e-05,324,2.0,nan,3.6430702143557943,contractive,0,,
M4,cifar100,10,7f1595f2e0803ed1,U2,3,2.0,1e-05,391,2.0,nan,3.6430702143557943,contractive,0,,
M4,cifar100,10,7f1595f2e0803ed1,U2,3,2.0,1e-05,472,2.0,nan,3.6430702143557943,contractive,0,,
M4,cifar100,10,7f1595f2e0803ed1,U2,3,2.0,1e-05,569,2.0,nan,3.6430702143557943,contractive,0,,
M4,cifar100,10,7f1595f2e0803ed1,U2,3,2.0,1e-05,687,2.0,nan,3.6430702143557943,contractive,0,,
M4,cifar100,10,7f1595f2e0803ed1,U2,3,2.0,1e-05,829,2.0,nan,3.6430702143557943,contractive,0,,
M4,cifar100,10,7f1595f2e0803ed1,U2,3,2.0,1e-05,1000,2.0,nan,3.6430702143557943,contractive,0,,
M4,cifar100,10,7f1595f2e0803ed1,U3,3,2.0,1e-05,1,2.0,2.0,3.6430702143557943,contractive,1,,
M4,cifar100,10,7f1595f2e0803ed1,U3,3,2.0,1e-05,2,4.0,4.0,5.298525913621841,contractive,1,,
M4,cifar100,10,7f1595f2e0803ed1,U3,3,2.0,1e-05,3,6.0,6.0,6.627064838413654,contractive,1,,
M4,cifar100,10,7f1595f2e0803ed1,U3,3,2.0,1e-05,4,6.0,6.0,6.627064838413654,contractive,1,,
M4,cifar100,10,7f1595f2e0803ed1,U3,3,2.0,1e-05,5,6.0,6.0,6.627064838413654,contractive,1,,
M4,cifar100,10,7f1595f2e0803ed1,U3,3,2.0,1e-05,6,6.0,6.0,6.627064838413654,contractive,1,,
M4,cifar100,10,7f1595f2e0803ed1,U3,3,2.0,1e-05,7,6.0,6.0,6.627064838413654,contractive,1,,
M4,cifar100,10,7f1595f2e0803ed1,U3,3,2.0,1e-05,8,6.0,6.0,6.627064838413654,contractive,1,,
M4,cifar100,10,7f1595f2e0803ed1,U3,3,2.0,1e-05,9,6.0,6.0,6.627064838413654,contractive,1,,
M4,cifar100,10,7f1595f2e0803ed1,U3,3,2.0,1e-05,10,6.0,6.0,6.627064838413654,contractive,1,,
M4,cifar100,10,7f1595f2e0803ed1,U3,3,2.0,1e-05,11,6.0,nan,6.627064838413654,contractive,0,,
M4,cifar100,10,7f1595f2e0803ed1,U3,3,2.0,1e-05,13,6.0,nan,6.627064838413654,contractive,0,,
M4,cifar100,10,7f1595f2e0803ed1,U3,3,2.0,1e-05,16,6.0,nan,6.627064838413654,contractive,0,,
M4,cifar100,10,7f1595f2e0803ed1,U3,3,2.0,1e-05,19,6.0,nan,6.627064838413654,contractive,0,,
M4,cifar100,10,7f1595f2e0803ed1,U3,3,2.0,1e-05,23,6.0,nan,6.627064838413654,contractive,0,,
M4,cifar100,10,7f1595f2e0803ed1,U3,3,2.0,1e-05,28,6.0,nan,6.627064838413654,contractive,0,,
M4,cifar100,10,7f1595f2e0803ed1,U3,3,2.0,1e-05,34,6.0,nan,6.627064838413654,contractive,0,,
M4,cifar100,10,7f1595f2e0803ed1,U3,3,2.0,1e-05,41,6.0,nan,6.627064838413654,contractive,0,,
M4,cifar100,10,7f1595f2e0803ed1,U3,3,2.0,1e-05,49,6.0,nan,6.627064838413654,contractive,0,,
M4,cifar100,10,7f1595f2e0803ed1,U3,3,2.0,1e-05,60,6.0,nan,6.627064838413654,contractive,0,,
M4,cifar100,10,7f1595f2e0803ed1,U3,3,2.0,1e-05,72,6.0,nan,6.627064838413654,contractive,0,,
M4,cifar100,10,7f1595f2e0803ed1,U3,3,2.0,1e-05,87,6.0,nan,6.627064838413654,contractive,0,,
M4,cifar100,10,7f1595f2e0803ed1,U3,3,2.0,1e-05,105,6.0,nan,6.627064838413654,contractive,0,,
M4,cifar100,10,7f1595f2e0803ed1,U3,3,2.0,1e-05,127,6.0,nan,6.627064838413654,contractive,0,,
M4,cifar100,10,7f1595f2e0803ed1,U3,3,2.0,1e-05,153,6.0,nan,6.627064838413654,contractive,0,,
M4,cifar100,10,7f1595f2e0803ed1,U3,3,2.0,1e-05,184,6.0,nan,6.627064838413654,contractive,0,,
M4,cifar100,10,7f1595f2e0803ed1,U3,3,2.0,1e-05,222,6.0,nan,6.627064838413654,contractive,0,,
M4,cifar100,10,7f1595f2e0803ed1,U3,3,2.0,1e-05,268,6.0,nan,6.627064838413654,contractive,0,,
M4,cifar100,10,7f1595f2e0803ed1,U3,3,2.0,1e-05,324,6.0,nan,6.627064838413654,contractive,0,,
M4,cifar100,10,7f1595f2e0803ed1,U3,3,2.0,1e-05,391,6.0,nan,6.627064838413654,contractive,0,,
M4,cifar100,10,7f1595f2e0803ed1,U3,3,2.0,1e-05,472,6.0,nan,6.627064838413654,contractive,0,,
M4,cifar100,10,7f1595f2e0803ed1,U3,3,2.0,1e-05,569,6.0,nan,6.627064838413654,contractive,0,,
M4,cifar100,10,7f1595f2e0803ed1,U3,3,2.0,1e-05,687,6.0,nan,6.627064838413654,contractive,0,,
M4,cifar100,10,7f1595f2e0803ed1,U3,3,2.0,1e-05,829,6.0,nan,6.627064838413654,contractive,0,,
M4,cifar100,10,7f1595f2e0803ed1,U3,3,2.0,1e-05,1000,6.0,nan,6.627064838413654,contractive,0,,
M4,cifar100,10,7f1595f2e0803ed1,U4,3,2.0,1e-05,1,2.0,2.0,3.6430702143557943,accumulating,1,,
M4,cifar100,10,7f1595f2e0803ed1,U4,3,2.0,1e-05,2,4.0,4.0,5.298525913621841,accumulating,1,,
M4,cifar100,10,7f1595f2e0803ed1,U4,3,2.0,1e-05,3,6.0,6.0,6.627064838413654,accumulating,1,,
M4,cifar100,10,7f1595f2e0803ed1,U4,3,2.0,1e-05,4,8.0,8.0,7.786148140875069,accumulating,1,,
M4,cifar100,10,7f1595f2e0803ed1,U4,3,2.0,1e-05,5,10.0,10.0,8.837137179629,accumulating,1,,
M4,cifar100,10,7f1595f2e0803ed1,U4,3,2.0,1e-05,6,12.0,12.0,9.811302669989779,accumulating,1,,
M4,cifar100,10,7f1595f2e0803ed1,U4,3,2.0,1e-05,7,14.0,14.0,10.727493607361541,accumulating,1,,
M4,cifar100,10,7f1595f2e0803ed1,U4,3,2.0,1e-05,8,16.0,16.0,11.597073111012214,accumulating,1,,
M4,cifar100,10,7f1595f2e0803ed1,U4,3,2.0,1e-05,9,18.0,18.0,12.429255783705855,accumulating,1,,
M4,cifar100,10,7f1595f2e0803ed1,U4,3,2.0,1e-05,10,20.0,20.0,13.230019140012296,accumulating,1,,
M4,cifar100,10,7f1595f2e0803ed1,U4,3,2.0,1e-05,11,22.0,nan,14.00355442581983,accumulating,0,,
M4,cifar100,10,7f1595f2e0803ed1,U4,3,2.0,1e-05,13,26.0,nan,15.484581546057857,accumulating,0,,
M4,cifar100,10,7f1595f2e0803ed1,U4,3,2.0,1e-05,16,32.0,nan,17.572818052042024,accumulating,0,,
M4,cifar100,10,7f1595f2e0803ed1,U4,3,2.0,1e-05,19,38.0,nan,19.54041303075243,accumulating,0,,
M4,cifar100,10,7f1595f2e0803ed1,U4,3,2.0,1e-05,23,46.00000000000001,nan,22.02267769906763,accumulating,0,,
M4,cifar100,10,7f1595f2e0803ed1,U4,3,2.0,1e-05,28,56.00000000000001,nan,24.95475168674332,accumulating,0,,
M4,cifar100,10,7f1595f2e0803ed1,U4,3,2.0,1e-05,34,68.00000000000001,nan,28.287921514591282,accumulating,0,,
M4,cifar100,10,7f1595f2e0803ed1,U4,3,2.0,1e-05,41,82.00000000000001,nan,31.977383847246536,accumulating,0,,
M4,cifar100,10,7f1595f2e0803ed1,U4,3,2.0,1e-05,49,98.00000000000001,nan,36.00296953997069,accumulating,0,,
M4,cifar100,10,7f1595f2e0803ed1,U4,3,2.0,1e-05,60,120.00000000000003,nan,41.28364511615619,accumulating,0,,
M4,cifar100,10,7f1595f2e0803ed1,U4,3,2.0,1e-05,72,144.00000000000003,nan,46.80211497152102,accumulating,0,,
M4,cifar100,10,7f1595f2e0803ed1,U4,3,2.0,1e-05,87,174.00000000000003,nan,53.39927427762436,accumulating,0,,
M4,cifar100,10,7f1595f2e0803ed1,U4,3,2.0,1e-05,105,210.00000000000003,nan,61.03463698874844,accumulating,0,,
M4,cifar100,10,7f1595f2e0803ed1,U4,3,2.0,1e-05,127,254.00000000000006,nan,69.98922843386907,accumulating,0,,
M4,cifar100,10,7f1595f2e0803ed1,U4,3,2.0,1e-05,153,306.00000000000006,nan,80.22080138854307,accumulating,0,,
M4,cifar100,10,7f1595f2e0803ed1,U4,3,2.0,1e-05,184,368.00000000000006,nan,92.0298610288898,accumulating,0,,
M4,cifar100,10,7f1595f2e0803ed1,U4,3,2.0,1e-05,222,444.0000000000001,nan,106.06038232780433,accumulating,0,,
M4,cifar100,10,7f1595f2e0803ed1,U4,3,2.0,1e-05,268,536.0000000000001,nan,122.54763148300526,accumulating,0,,
M4,cifar100,10,7f1595f2e0803ed1,U4,3,2.0,1e-05,324,648.0000000000001,nan,142.08210498020384,accumulating,0,,
M4,cifar100,10,7f1595f2e0803ed1,U4,3,2.0,1e-05,391,782.0000000000001,nan,164.9297942994614,accumulating,0,,
M4,cifar100,10,7f1595f2e0803ed1,U4,3,2.0,1e-05,472,944.0000000000002,nan,191.78597520398404,accumulating,0,,
M4,cifar100,10,7f1595f2e0803ed1,U4,3,2.0,1e-05,569,1138.0000000000002,nan,223.19332006566768,accumulating,0,,
M4,cifar100,10,7f1595f2e0803ed1,U4,3,2.0,1e-05,687,1374.0000000000002,nan,260.98445071893406,accumulating,0,,
M4,cifar100,10,7f1595f2e0803ed1,U4,3,2.0,1e-05,829,1658.0000000000005,nan,304.9445301109602,accumulating,0,,
M4,cifar100,10,7f1595f2e0803ed1,U4,3,2.0,1e-05,1000,2000.0000000000005,nan,357.7783743320657,accumulating,0,,
M5,cifar100,10,e4971cdc07574a8b,U1,3,2.0,1e-05,1,1.0,30.0,2.5292139405522476,accumulating,1,,
M5,cifar100,10,e4971cdc07574a8b,U1,3,2.0,1e-05,2,2.0,60.0,3.6430702143557943,accumulating,1,,
M5,cifar100,10,e4971cdc07574a8b,U1,3,2.0,1e-05,3,3.0,90.0,4.530670910207755,accumulating,1,,
M5,cifar100,10,e4971cdc07574a8b,U1,3,2.0,1e-05,4,4.0,120.0,5.298525913621841,accumulating,1,,
M5,cifar100,10,e4971cdc07574a8b,U1,3,2.0,1e-05,5,5.0,150.0,5.989928952612497,accumulating,1,,
M5,cifar100,10,e4971cdc07574a8b,U1,3,2.0,1e-05,6,6.0,180.0,6.627064838413654,accumulating,1,,
M5,cifar100,10,e4971cdc07574a8b,U1,3,2.0,1e-05,7,7.0,210.0,7.2228557001495926,accumulating,1,,
M5,cifar100,10,e4971cdc07574a8b,U1,3,2.0,1e-05,8,8.0,240.0,7.786148140875069,accumulating,1,,
M5,cifar100,10,e4971cdc07574a8b,U1,3,2.0,1e-05,9,9.0,270.0,8.32290815088033,accumulating,1,,
M5,cifar100,10,e4971cdc07574a8b,U1,3,2.0,1e-05,10,10.0,300.0,8.837137179629,accumulating,1,,
M5,cifar100,10,e4971cdc07574a8b,U1,3,2.0,1e-05,11,11.0,nan,9.332482635101428,accumulating,0,,
M5,cifar100,10,e4971cdc07574a8b,U1,3,2.0,1e-05,13,13.0,nan,10.275778510681564,accumulating,0,,
M5,cifar100,10,e4971cdc07574a8b,U1,3,2.0,1e-05,16,16.0,nan,11.597073111012214,accumulating,0,,
M5,cifar100,10,e4971cdc07574a8b,U1,3,2.0,1e-05,19,19.0,nan,12.833657185228812,accumulating,0,,
M5,cifar100,10,e4971cdc07574a8b,U1,3,2.0,1e-05,23,23.000000000000004,nan,14.38147740685298,accumulating,0,,
M5,cifar100,10,e4971cdc07574a8b,U1,3,2.0,1e-05,28,28.000000000000004,nan,16.19572800655683,accumulating,0,,
M5,cifar100,10,e4971cdc07574a8b,U1,3,2.0,1e-05,34,34.00000000000001,nan,18.240223715748627,accumulating,0,,
M5,cifar100,10,e4971cdc07574a8b,U1,3,2.0,1e-05,41,41.00000000000001,nan,20.487792395451542,accumulating,0,,
M5,cifar100,10,e4971cdc07574a8b,U1,3,2.0,1e-05,49,49.00000000000001,nan,22.91998804247573,accumulating,0,,
M5,cifar100,10,e4971cdc07574a8b,U1,3,2.0,1e-05,60,60.000000000000014,nan,26.08512999244108,accumulating,0,,
M5,cifar100,10,e4971cdc07574a8b,U1,3,2.0,1e-05,72,72.00000000000001,nan,29.35897512033764,accumulating,0,,
M5,cifar100,10,e4971cdc07574a8b,U1,3,2.0,1e-05,87,87.00000000000001,nan,33.25803711357819,accumulating,0,,
M5,cifar100,10,e4971cdc07574a8b,U1,3,2.0,1e-05,105,105.00000000000001,nan,37.71682632389029,accumulating,0,,
M5,cifar100,10,e4971cdc07574a8b,U1,3,2.0,1e-05,127,127.00000000000003,nan,42.91844411113106,accumulating,0,,
M5,cifar100,10,e4971cdc07574a8b,U1,3,2.0,1e-05,153,153.00000000000003,nan,48.80235366498836,accumulating,0,,
M5,cifar100,10,e4971cdc07574a8b,U1,3,2.0,1e-05,184,184.00000000000003,nan,55.558386427103585,accumulating,0,,
M5,cifar100,10,e4971cdc07574a8b,U1,3,2.0,1e-05,222,222.00000000000006,nan,63.49833045608512,accumulating,0,,
M5,cifar100,10,e4971cdc07574a8b,U1,3,2.0,1e-05,268,268.00000000000006,nan,72.78447969015048,accumulating,0,,
M5,cifar100,10,e4971cdc07574a8b,U1,3,2.0,1e-05,324,324.00000000000006,nan,83.71305013226166,accumulating,0,,
M5,cifar100,10,e4971cdc07574a8b,U1,3,2.0,1e-05,391,391.00000000000006,nan,96.36229821481945,accumulating,0,,
M5,cifar100,10,e4971cdc07574a8b,U1,3,2.0,1e-05,472,472.0000000000001,nan,111.1765381066988,accumulating,0,,
M5,cifar100,10,e4971cdc07574a8b,U1,3,2.0,1e-05,569,569.0000000000001,nan,128.39103600561833,accumulating,0,,
M5,cifar100,10,e4971cdc07574a8b,U1,3,2.0,1e-05,687,687.0000000000001,nan,148.76771427668623,accumulating,0,,
M5,cifar100,10,e4971cdc07574a8b,U1,3,2.0,1e-05,829,829.0000000000002,nan,172.7214023396624,accumulating,0,,
M5,cifar100,10,e4971cdc07574a8b,U1,3,2.0,1e-05,1000,1000.0000000000002,nan,201.0695932944363,accumulating,0,,
M5,cifar100,10,e4971cdc07574a8b,U2,3,2.0,1e-05,1,1.0,30.0,2.5292139405522476,accumulating,1,,
M5,cifar100,10,e4971cdc07574a8b,U2,3,2.0,1e-05,2,2.0,60.0,3.6430702143557943,accumulating,1,,
M5,cifar100,10,e4971cdc07574a8b,U2,3,2.0,1e-05,3,3.0,90.0,4.530670910207755,accumulating,1,,
M5,cifar100,10,e4971cdc07574a8b,U2,3,2.0,1e-05,4,4.0,120.0,5.298525913621841,accumulating,1,,
M5,cifar100,10,e4971cdc07574a8b,U2,3,2.0,1e-05,5,5.0,150.0,5.989928952612497,accumulating,1,,
M5,cifar100,10,e4971cdc07574a8b,U2,3,2.0,1e-05,6,6.0,180.0,6.627064838413654,accumulating,1,,
M5,cifar100,10,e4971cdc07574a8b,U2,3,2.0,1e-05,7,7.0,210.0,7.2228557001495926,accumulating,1,,
M5,cifar100,10,e4971cdc07574a8b,U2,3,2.0,1e-05,8,8.0,240.0,7.786148140875069,accumulating,1,,
M5,cifar100,10,e4971cdc07574a8b,U2,3,2.0,1e-05,9,9.0,270.0,8.32290815088033,accumulating,1,,
M5,cifar100,10,e4971cdc07574a8b,U2,3,2.0,1e-05,10,10.0,300.0,8.837137179629,accumulating,1,,
M5,cifar100,10,e4971cdc07574a8b,U2,3,2.0,1e-05,11,11.0,nan,9.332482635101428,accumulating,0,,
M5,cifar100,10,e4971cdc07574a8b,U2,3,2.0,1e-05,13,13.0,nan,10.275778510681564,accumulating,0,,
M5,cifar100,10,e4971cdc07574a8b,U2,3,2.0,1e-05,16,16.0,nan,11.597073111012214,accumulating,0,,
M5,cifar100,10,e4971cdc07574a8b,U2,3,2.0,1e-05,19,19.0,nan,12.833657185228812,accumulating,0,,
M5,cifar100,10,e4971cdc07574a8b,U2,3,2.0,1e-05,23,23.000000000000004,nan,14.38147740685298,accumulating,0,,
M5,cifar100,10,e4971cdc07574a8b,U2,3,2.0,1e-05,28,28.000000000000004,nan,16.19572800655683,accumulating,0,,
M5,cifar100,10,e4971cdc07574a8b,U2,3,2.0,1e-05,34,34.00000000000001,nan,18.240223715748627,accumulating,0,,
M5,cifar100,10,e4971cdc07574a8b,U2,3,2.0,1e-05,41,41.00000000000001,nan,20.487792395451542,accumulating,0,,
M5,cifar100,10,e4971cdc07574a8b,U2,3,2.0,1e-05,49,49.00000000000001,nan,22.91998804247573,accumulating,0,,
M5,cifar100,10,e4971cdc07574a8b,U2,3,2.0,1e-05,60,60.000000000000014,nan,26.08512999244108,accumulating,0,,
M5,cifar100,10,e4971cdc07574a8b,U2,3,2.0,1e-05,72,72.00000000000001,nan,29.35897512033764,accumulating,0,,
M5,cifar100,10,e4971cdc07574a8b,U2,3,2.0,1e-05,87,87.00000000000001,nan,33.25803711357819,accumulating,0,,
M5,cifar100,10,e4971cdc07574a8b,U2,3,2.0,1e-05,105,105.00000000000001,nan,37.71682632389029,accumulating,0,,
M5,cifar100,10,e4971cdc07574a8b,U2,3,2.0,1e-05,127,127.00000000000003,nan,42.91844411113106,accumulating,0,,
M5,cifar100,10,e4971cdc07574a8b,U2,3,2.0,1e-05,153,153.00000000000003,nan,48.80235366498836,accumulating,0,,
M5,cifar100,10,e4971cdc07574a8b,U2,3,2.0,1e-05,184,184.00000000000003,nan,55.558386427103585,accumulating,0,,
M5,cifar100,10,e4971cdc07574a8b,U2,3,2.0,1e-05,222,222.00000000000006,nan,63.49833045608512,accumulating,0,,
M5,cifar100,10,e4971cdc07574a8b,U2,3,2.0,1e-05,268,268.00000000000006,nan,72.78447969015048,accumulating,0,,
M5,cifar100,10,e4971cdc07574a8b,U2,3,2.0,1e-05,324,324.00000000000006,nan,83.71305013226166,accumulating,0,,
M5,cifar100,10,e4971cdc07574a8b,U2,3,2.0,1e-05,391,391.00000000000006,nan,96.36229821481945,accumulating,0,,
M5,cifar100,10,e4971cdc07574a8b,U2,3,2.0,1e-05,472,472.0000000000001,nan,111.1765381066988,accumulating,0,,
M5,cifar100,10,e4971cdc07574a8b,U2,3,2.0,1e-05,569,569.0000000000001,nan,128.39103600561833,accumulating,0,,
M5,cifar100,10,e4971cdc07574a8b,U2,3,2.0,1e-05,687,687.0000000000001,nan,148.76771427668623,accumulating,0,,
M5,cifar100,10,e4971cdc07574a8b,U2,3,2.0,1e-05,829,829.0000000000002,nan,172.7214023396624,accumulating,0,,
M5,cifar100,10,e4971cdc07574a8b,U2,3,2.0,1e-05,1000,1000.0000000000002,nan,201.0695932944363,accumulating,0,,
M5,cifar100,10,e4971cdc07574a8b,U3,3,2.0,1e-05,1,1.0,30.0,2.5292139405522476,accumulating,1,,
M5,cifar100,10,e4971cdc07574a8b,U3,3,2.0,1e-05,2,2.0,60.0,3.6430702143557943,accumulating,1,,
M5,cifar100,10,e4971cdc07574a8b,U3,3,2.0,1e-05,3,3.0,90.0,4.530670910207755,accumulating,1,,
M5,cifar100,10,e4971cdc07574a8b,U3,3,2.0,1e-05,4,4.0,120.0,5.298525913621841,accumulating,1,,
M5,cifar100,10,e4971cdc07574a8b,U3,3,2.0,1e-05,5,5.0,150.0,5.989928952612497,accumulating,1,,
M5,cifar100,10,e4971cdc07574a8b,U3,3,2.0,1e-05,6,6.0,180.0,6.627064838413654,accumulating,1,,
M5,cifar100,10,e4971cdc07574a8b,U3,3,2.0,1e-05,7,7.0,210.0,7.2228557001495926,accumulating,1,,
M5,cifar100,10,e4971cdc07574a8b,U3,3,2.0,1e-05,8,8.0,240.0,7.786148140875069,accumulating,1,,
M5,cifar100,10,e4971cdc07574a8b,U3,3,2.0,1e-05,9,9.0,270.0,8.32290815088033,accumulating,1,,
M5,cifar100,10,e4971cdc07574a8b,U3,3,2.0,1e-05,10,10.0,300.0,8.837137179629,accumulating,1,,
M5,cifar100,10,e4971cdc07574a8b,U3,3,2.0,1e-05,11,11.0,nan,9.332482635101428,accumulating,0,,
M5,cifar100,10,e4971cdc07574a8b,U3,3,2.0,1e-05,13,13.0,nan,10.275778510681564,accumulating,0,,
M5,cifar100,10,e4971cdc07574a8b,U3,3,2.0,1e-05,16,16.0,nan,11.597073111012214,accumulating,0,,
M5,cifar100,10,e4971cdc07574a8b,U3,3,2.0,1e-05,19,19.0,nan,12.833657185228812,accumulating,0,,
M5,cifar100,10,e4971cdc07574a8b,U3,3,2.0,1e-05,23,23.000000000000004,nan,14.38147740685298,accumulating,0,,
M5,cifar100,10,e4971cdc07574a8b,U3,3,2.0,1e-05,28,28.000000000000004,nan,16.19572800655683,accumulating,0,,
M5,cifar100,10,e4971cdc07574a8b,U3,3,2.0,1e-05,34,34.00000000000001,nan,18.240223715748627,accumulating,0,,
M5,cifar100,10,e4971cdc07574a8b,U3,3,2.0,1e-05,41,41.00000000000001,nan,20.487792395451542,accumulating,0,,
M5,cifar100,10,e4971cdc07574a8b,U3,3,2.0,1e-05,49,49.00000000000001,nan,22.91998804247573,accumulating,0,,
M5,cifar100,10,e4971cdc07574a8b,U3,3,2.0,1e-05,60,60.000000000000014,nan,26.08512999244108,accumulating,0,,
M5,cifar100,10,e4971cdc07574a8b,U3,3,2.0,1e-05,72,72.00000000000001,nan,29.35897512033764,accumulating,0,,
M5,cifar100,10,e4971cdc07574a8b,U3,3,2.0,1e-05,87,87.00000000000001,nan,33.25803711357819,accumulating,0,,
M5,cifar100,10,e4971cdc07574a8b,U3,3,2.0,1e-05,105,105.00000000000001,nan,37.71682632389029,accumulating,0,,
M5,cifar100,10,e4971cdc07574a8b,U3,3,2.0,1e-05,127,127.00000000000003,nan,42.91844411113106,accumulating,0,,
M5,cifar100,10,e4971cdc07574a8b,U3,3,2.0,1e-05,153,153.00000000000003,nan,48.80235366498836,accumulating,0,,
M5,cifar100,10,e4971cdc07574a8b,U3,3,2.0,1e-05,184,184.00000000000003,nan,55.558386427103585,accumulating,0,,
M5,cifar100,10,e4971cdc07574a8b,U3,3,2.0,1e-05,222,222.00000000000006,nan,63.49833045608512,accumulating,0,,
M5,cifar100,10,e4971cdc07574a8b,U3,3,2.0,1e-05,268,268.00000000000006,nan,72.78447969015048,accumulating,0,,
M5,cifar100,10,e4971cdc07574a8b,U3,3,2.0,1e-05,324,324.00000000000006,nan,83.71305013226166,accumulating,0,,
M5,cifar100,10,e4971cdc07574a8b,U3,3,2.0,1e-05,391,391.00000000000006,nan,96.36229821481945,accumulating,0,,
M5,cifar100,10,e4971cdc07574a8b,U3,3,2.0,1e-05,472,472.0000000000001,nan,111.1765381066988,accumulating,0,,
M5,cifar100,10,e4971cdc07574a8b,U3,3,2.0,1e-05,569,569.0000000000001,nan,128.39103600561833,accumulating,0,,
M5,cifar100,10,e4971cdc07574a8b,U3,3,2.0,1e-05,687,687.0000000000001,nan,148.76771427668623,accumulating,0,,
M5,cifar100,10,e4971cdc07574a8b,U3,3,2.0,1e-05,829,829.0000000000002,nan,172.7214023396624,accumulating,0,,
M5,cifar100,10,e4971cdc07574a8b,U3,3,2.0,1e-05,1000,1000.0000000000002,nan,201.0695932944363,accumulating,0,,
M5,cifar100,10,e4971cdc07574a8b,U4,3,2.0,1e-05,1,1.0,30.0,2.5292139405522476,accumulating,1,,
M5,cifar100,10,e4971cdc07574a8b,U4,3,2.0,1e-05,2,2.0,60.0,3.6430702143557943,accumulating,1,,
M5,cifar100,10,e4971cdc07574a8b,U4,3,2.0,1e-05,3,3.0,90.0,4.530670910207755,accumulating,1,,
M5,cifar100,10,e4971cdc07574a8b,U4,3,2.0,1e-05,4,4.0,120.0,5.298525913621841,accumulating,1,,
M5,cifar100,10,e4971cdc07574a8b,U4,3,2.0,1e-05,5,5.0,150.0,5.989928952612497,accumulating,1,,
M5,cifar100,10,e4971cdc07574a8b,U4,3,2.0,1e-05,6,6.0,180.0,6.627064838413654,accumulating,1,,
M5,cifar100,10,e4971cdc07574a8b,U4,3,2.0,1e-05,7,7.0,210.0,7.2228557001495926,accumulating,1,,
M5,cifar100,10,e4971cdc07574a8b,U4,3,2.0,1e-05,8,8.0,240.0,7.786148140875069,accumulating,1,,
M5,cifar100,10,e4971cdc07574a8b,U4,3,2.0,1e-05,9,9.0,270.0,8.32290815088033,accumulating,1,,
M5,cifar100,10,e4971cdc07574a8b,U4,3,2.0,1e-05,10,10.0,300.0,8.837137179629,accumulating,1,,
M5,cifar100,10,e4971cdc07574a8b,U4,3,2.0,1e-05,11,11.0,nan,9.332482635101428,accumulating,0,,
M5,cifar100,10,e4971cdc07574a8b,U4,3,2.0,1e-05,13,13.0,nan,10.275778510681564,accumulating,0,,
M5,cifar100,10,e4971cdc07574a8b,U4,3,2.0,1e-05,16,16.0,nan,11.597073111012214,accumulating,0,,
M5,cifar100,10,e4971cdc07574a8b,U4,3,2.0,1e-05,19,19.0,nan,12.833657185228812,accumulating,0,,
M5,cifar100,10,e4971cdc07574a8b,U4,3,2.0,1e-05,23,23.000000000000004,nan,14.38147740685298,accumulating,0,,
M5,cifar100,10,e4971cdc07574a8b,U4,3,2.0,1e-05,28,28.000000000000004,nan,16.19572800655683,accumulating,0,,
M5,cifar100,10,e4971cdc07574a8b,U4,3,2.0,1e-05,34,34.00000000000001,nan,18.240223715748627,accumulating,0,,
M5,cifar100,10,e4971cdc07574a8b,U4,3,2.0,1e-05,41,41.00000000000001,nan,20.487792395451542,accumulating,0,,
M5,cifar100,10,e4971cdc07574a8b,U4,3,2.0,1e-05,49,49.00000000000001,nan,22.91998804247573,accumulating,0,,
M5,cifar100,10,e4971cdc07574a8b,U4,3,2.0,1e-05,60,60.000000000000014,nan,26.08512999244108,accumulating,0,,
M5,cifar100,10,e4971cdc07574a8b,U4,3,2.0,1e-05,72,72.00000000000001,nan,29.35897512033764,accumulating,0,,
M5,cifar100,10,e4971cdc07574a8b,U4,3,2.0,1e-05,87,87.00000000000001,nan,33.25803711357819,accumulating,0,,
M5,cifar100,10,e4971cdc07574a8b,U4,3,2.0,1e-05,105,105.00000000000001,nan,37.71682632389029,accumulating,0,,
M5,cifar100,10,e4971cdc07574a8b,U4,3,2.0,1e-05,127,127.00000000000003,nan,42.91844411113106,accumulating,0,,
M5,cifar100,10,e4971cdc07574a8b,U4,3,2.0,1e-05,153,153.00000000000003,nan,48.80235366498836,accumulating,0,,
M5,cifar100,10,e4971cdc07574a8b,U4,3,2.0,1e-05,184,184.00000000000003,nan,55.558386427103585,accumulating,0,,
M5,cifar100,10,e4971cdc07574a8b,U4,3,2.0,1e-05,222,222.00000000000006,nan,63.49833045608512,accumulating,0,,
M5,cifar100,10,e4971cdc07574a8b,U4,3,2.0,1e-05,268,268.00000000000006,nan,72.78447969015048,accumulating,0,,
M5,cifar100,10,e4971cdc07574a8b,U4,3,2.0,1e-05,324,324.00000000000006,nan,83.71305013226166,accumulating,0,,
M5,cifar100,10,e4971cdc07574a8b,U4,3,2.0,1e-05,391,391.00000000000006,nan,96.36229821481945,accumulating,0,,
M5,cifar100,10,e4971cdc07574a8b,U4,3,2.0,1e-05,472,472.0000000000001,nan,111.1765381066988,accumulating,0,,
M5,cifar100,10,e4971cdc07574a8b,U4,3,2.0,1e-05,569,569.0000000000001,nan,128.39103600561833,accumulating,0,,
M5,cifar100,10,e4971cdc07574a8b,U4,3,2.0,1e-05,687,687.0000000000001,nan,148.76771427668623,accumulating,0,,
M5,cifar100,10,e4971cdc07574a8b,U4,3,2.0,1e-05,829,829.0000000000002,nan,172.7214023396624,accumulating,0,,
M5,cifar100,10,e4971cdc07574a8b,U4,3,2.0,1e-05,1000,1000.0000000000002,nan,201.0695932944363,accumulating,0,,
M8,cifar100,10,f7b59727f91af13f,U1,3,2.0,1e-05,1,1.0,1.0,2.5292139405522476,contractive,1,,
M8,cifar100,10,f7b59727f91af13f,U1,3,2.0,1e-05,2,1.0,1.0,2.5292139405522476,contractive,1,,
M8,cifar100,10,f7b59727f91af13f,U1,3,2.0,1e-05,3,1.0,1.0,2.5292139405522476,contractive,1,,
M8,cifar100,10,f7b59727f91af13f,U1,3,2.0,1e-05,4,1.0,1.0,2.5292139405522476,contractive,1,,
M8,cifar100,10,f7b59727f91af13f,U1,3,2.0,1e-05,5,1.0,1.0,2.5292139405522476,contractive,1,,
M8,cifar100,10,f7b59727f91af13f,U1,3,2.0,1e-05,6,1.0,1.0,2.5292139405522476,contractive,1,,
M8,cifar100,10,f7b59727f91af13f,U1,3,2.0,1e-05,7,1.0,1.0,2.5292139405522476,contractive,1,,
M8,cifar100,10,f7b59727f91af13f,U1,3,2.0,1e-05,8,1.0,1.0,2.5292139405522476,contractive,1,,
M8,cifar100,10,f7b59727f91af13f,U1,3,2.0,1e-05,9,1.0,1.0,2.5292139405522476,contractive,1,,
M8,cifar100,10,f7b59727f91af13f,U1,3,2.0,1e-05,10,1.0,1.0,2.5292139405522476,contractive,1,,
M8,cifar100,10,f7b59727f91af13f,U1,3,2.0,1e-05,11,1.0,nan,2.5292139405522476,contractive,0,,
M8,cifar100,10,f7b59727f91af13f,U1,3,2.0,1e-05,13,1.0,nan,2.5292139405522476,contractive,0,,
M8,cifar100,10,f7b59727f91af13f,U1,3,2.0,1e-05,16,1.0,nan,2.5292139405522476,contractive,0,,
M8,cifar100,10,f7b59727f91af13f,U1,3,2.0,1e-05,19,1.0,nan,2.5292139405522476,contractive,0,,
M8,cifar100,10,f7b59727f91af13f,U1,3,2.0,1e-05,23,1.0,nan,2.5292139405522476,contractive,0,,
M8,cifar100,10,f7b59727f91af13f,U1,3,2.0,1e-05,28,1.0,nan,2.5292139405522476,contractive,0,,
M8,cifar100,10,f7b59727f91af13f,U1,3,2.0,1e-05,34,1.0,nan,2.5292139405522476,contractive,0,,
M8,cifar100,10,f7b59727f91af13f,U1,3,2.0,1e-05,41,1.0,nan,2.5292139405522476,contractive,0,,
M8,cifar100,10,f7b59727f91af13f,U1,3,2.0,1e-05,49,1.0,nan,2.5292139405522476,contractive,0,,
M8,cifar100,10,f7b59727f91af13f,U1,3,2.0,1e-05,60,1.0,nan,2.5292139405522476,contractive,0,,
M8,cifar100,10,f7b59727f91af13f,U1,3,2.0,1e-05,72,1.0,nan,2.5292139405522476,contractive,0,,
M8,cifar100,10,f7b59727f91af13f,U1,3,2.0,1e-05,87,1.0,nan,2.5292139405522476,contractive,0,,
M8,cifar100,10,f7b59727f91af13f,U1,3,2.0,1e-05,105,1.0,nan,2.5292139405522476,contractive,0,,
M8,cifar100,10,f7b59727f91af13f,U1,3,2.0,1e-05,127,1.0,nan,2.5292139405522476,contractive,0,,
M8,cifar100,10,f7b59727f91af13f,U1,3,2.0,1e-05,153,1.0,nan,2.5292139405522476,contractive,0,,
M8,cifar100,10,f7b59727f91af13f,U1,3,2.0,1e-05,184,1.0,nan,2.5292139405522476,contractive,0,,
M8,cifar100,10,f7b59727f91af13f,U1,3,2.0,1e-05,222,1.0,nan,2.5292139405522476,contractive,0,,
M8,cifar100,10,f7b59727f91af13f,U1,3,2.0,1e-05,268,1.0,nan,2.5292139405522476,contractive,0,,
M8,cifar100,10,f7b59727f91af13f,U1,3,2.0,1e-05,324,1.0,nan,2.5292139405522476,contractive,0,,
M8,cifar100,10,f7b59727f91af13f,U1,3,2.0,1e-05,391,1.0,nan,2.5292139405522476,contractive,0,,
M8,cifar100,10,f7b59727f91af13f,U1,3,2.0,1e-05,472,1.0,nan,2.5292139405522476,contractive,0,,
M8,cifar100,10,f7b59727f91af13f,U1,3,2.0,1e-05,569,1.0,nan,2.5292139405522476,contractive,0,,
M8,cifar100,10,f7b59727f91af13f,U1,3,2.0,1e-05,687,1.0,nan,2.5292139405522476,contractive,0,,
M8,cifar100,10,f7b59727f91af13f,U1,3,2.0,1e-05,829,1.0,nan,2.5292139405522476,contractive,0,,
M8,cifar100,10,f7b59727f91af13f,U1,3,2.0,1e-05,1000,1.0,nan,2.5292139405522476,contractive,0,,
M8,cifar100,10,f7b59727f91af13f,U2,3,2.0,1e-05,1,1.0,1.0,2.5292139405522476,contractive,1,,
M8,cifar100,10,f7b59727f91af13f,U2,3,2.0,1e-05,2,1.0,1.0,2.5292139405522476,contractive,1,,
M8,cifar100,10,f7b59727f91af13f,U2,3,2.0,1e-05,3,1.0,1.0,2.5292139405522476,contractive,1,,
M8,cifar100,10,f7b59727f91af13f,U2,3,2.0,1e-05,4,1.0,1.0,2.5292139405522476,contractive,1,,
M8,cifar100,10,f7b59727f91af13f,U2,3,2.0,1e-05,5,1.0,1.0,2.5292139405522476,contractive,1,,
M8,cifar100,10,f7b59727f91af13f,U2,3,2.0,1e-05,6,1.0,1.0,2.5292139405522476,contractive,1,,
M8,cifar100,10,f7b59727f91af13f,U2,3,2.0,1e-05,7,1.0,1.0,2.5292139405522476,contractive,1,,
M8,cifar100,10,f7b59727f91af13f,U2,3,2.0,1e-05,8,1.0,1.0,2.5292139405522476,contractive,1,,
M8,cifar100,10,f7b59727f91af13f,U2,3,2.0,1e-05,9,1.0,1.0,2.5292139405522476,contractive,1,,
M8,cifar100,10,f7b59727f91af13f,U2,3,2.0,1e-05,10,1.0,1.0,2.5292139405522476,contractive,1,,
M8,cifar100,10,f7b59727f91af13f,U2,3,2.0,1e-05,11,1.0,nan,2.5292139405522476,contractive,0,,
M8,cifar100,10,f7b59727f91af13f,U2,3,2.0,1e-05,13,1.0,nan,2.5292139405522476,contractive,0,,
M8,cifar100,10,f7b59727f91af13f,U2,3,2.0,1e-05,16,1.0,nan,2.5292139405522476,contractive,0,,
M8,cifar100,10,f7b59727f91af13f,U2,3,2.0,1e-05,19,1.0,nan,2.5292139405522476,contractive,0,,
M8,cifar100,10,f7b59727f91af13f,U2,3,2.0,1e-05,23,1.0,nan,2.5292139405522476,contractive,0,,
M8,cifar100,10,f7b59727f91af13f,U2,3,2.0,1e-05,28,1.0,nan,2.5292139405522476,contractive,0,,
M8,cifar100,10,f7b59727f91af13f,U2,3,2.0,1e-05,34,1.0,nan,2.5292139405522476,contractive,0,,
M8,cifar100,10,f7b59727f91af13f,U2,3,2.0,1e-05,41,1.0,nan,2.5292139405522476,contractive,0,,
M8,cifar100,10,f7b59727f91af13f,U2,3,2.0,1e-05,49,1.0,nan,2.5292139405522476,contractive,0,,
M8,cifar100,10,f7b59727f91af13f,U2,3,2.0,1e-05,60,1.0,nan,2.5292139405522476,contractive,0,,
M8,cifar100,10,f7b59727f91af13f,U2,3,2.0,1e-05,72,1.0,nan,2.5292139405522476,contractive,0,,
M8,cifar100,10,f7b59727f91af13f,U2,3,2.0,1e-05,87,1.0,nan,2.5292139405522476,contractive,0,,
M8,cifar100,10,f7b59727f91af13f,U2,3,2.0,1e-05,105,1.0,nan,2.5292139405522476,contractive,0,,
M8,cifar100,10,f7b59727f91af13f,U2,3,2.0,1e-05,127,1.0,nan,2.5292139405522476,contractive,0,,
M8,cifar100,10,f7b59727f91af13f,U2,3,2.0,1e-05,153,1.0,nan,2.5292139405522476,contractive,0,,
M8,cifar100,10,f7b59727f91af13f,U2,3,2.0,1e-05,184,1.0,nan,2.5292139405522476,contractive,0,,
M8,cifar100,10,f7b59727f91af13f,U2,3,2.0,1e-05,222,1.0,nan,2.5292139405522476,contractive,0,,
M8,cifar100,10,f7b59727f91af13f,U2,3,2.0,1e-05,268,1.0,nan,2.5292139405522476,contractive,0,,
M8,cifar100,10,f7b59727f91af13f,U2,3,2.0,1e-05,324,1.0,nan,2.5292139405522476,contractive,0,,
M8,cifar100,10,f7b59727f91af13f,U2,3,2.0,1e-05,391,1.0,nan,2.5292139405522476,contractive,0,,
M8,cifar100,10,f7b59727f91af13f,U2,3,2.0,1e-05,472,1.0,nan,2.5292139405522476,contractive,0,,
M8,cifar100,10,f7b59727f91af13f,U2,3,2.0,1e-05,569,1.0,nan,2.5292139405522476,contractive,0,,
M8,cifar100,10,f7b59727f91af13f,U2,3,2.0,1e-05,687,1.0,nan,2.5292139405522476,contractive,0,,
M8,cifar100,10,f7b59727f91af13f,U2,3,2.0,1e-05,829,1.0,nan,2.5292139405522476,contractive,0,,
M8,cifar100,10,f7b59727f91af13f,U2,3,2.0,1e-05,1000,1.0,nan,2.5292139405522476,contractive,0,,
M8,cifar100,10,f7b59727f91af13f,U3,3,2.0,1e-05,1,1.0,1.0,2.5292139405522476,contractive,1,,
M8,cifar100,10,f7b59727f91af13f,U3,3,2.0,1e-05,2,2.0,2.0,3.6430702143557943,contractive,1,,
M8,cifar100,10,f7b59727f91af13f,U3,3,2.0,1e-05,3,3.0,3.0,4.530670910207755,contractive,1,,
M8,cifar100,10,f7b59727f91af13f,U3,3,2.0,1e-05,4,3.0,3.0,4.530670910207755,contractive,1,,
M8,cifar100,10,f7b59727f91af13f,U3,3,2.0,1e-05,5,3.0,3.0,4.530670910207755,contractive,1,,
M8,cifar100,10,f7b59727f91af13f,U3,3,2.0,1e-05,6,3.0,3.0,4.530670910207755,contractive,1,,
M8,cifar100,10,f7b59727f91af13f,U3,3,2.0,1e-05,7,3.0,3.0,4.530670910207755,contractive,1,,
M8,cifar100,10,f7b59727f91af13f,U3,3,2.0,1e-05,8,3.0,3.0,4.530670910207755,contractive,1,,
M8,cifar100,10,f7b59727f91af13f,U3,3,2.0,1e-05,9,3.0,3.0,4.530670910207755,contractive,1,,
M8,cifar100,10,f7b59727f91af13f,U3,3,2.0,1e-05,10,3.0,3.0,4.530670910207755,contractive,1,,
M8,cifar100,10,f7b59727f91af13f,U3,3,2.0,1e-05,11,3.0,nan,4.530670910207755,contractive,0,,
M8,cifar100,10,f7b59727f91af13f,U3,3,2.0,1e-05,13,3.0,nan,4.530670910207755,contractive,0,,
M8,cifar100,10,f7b59727f91af13f,U3,3,2.0,1e-05,16,3.0,nan,4.530670910207755,contractive,0,,
M8,cifar100,10,f7b59727f91af13f,U3,3,2.0,1e-05,19,3.0,nan,4.530670910207755,contractive,0,,
M8,cifar100,10,f7b59727f91af13f,U3,3,2.0,1e-05,23,3.0,nan,4.530670910207755,contractive,0,,
M8,cifar100,10,f7b59727f91af13f,U3,3,2.0,1e-05,28,3.0,nan,4.530670910207755,contractive,0,,
M8,cifar100,10,f7b59727f91af13f,U3,3,2.0,1e-05,34,3.0,nan,4.530670910207755,contractive,0,,
M8,cifar100,10,f7b59727f91af13f,U3,3,2.0,1e-05,41,3.0,nan,4.530670910207755,contractive,0,,
M8,cifar100,10,f7b59727f91af13f,U3,3,2.0,1e-05,49,3.0,nan,4.530670910207755,contractive,0,,
M8,cifar100,10,f7b59727f91af13f,U3,3,2.0,1e-05,60,3.0,nan,4.530670910207755,contractive,0,,
M8,cifar100,10,f7b59727f91af13f,U3,3,2.0,1e-05,72,3.0,nan,4.530670910207755,contractive,0,,
M8,cifar100,10,f7b59727f91af13f,U3,3,2.0,1e-05,87,3.0,nan,4.530670910207755,contractive,0,,
M8,cifar100,10,f7b59727f91af13f,U3,3,2.0,1e-05,105,3.0,nan,4.530670910207755,contractive,0,,
M8,cifar100,10,f7b59727f91af13f,U3,3,2.0,1e-05,127,3.0,nan,4.530670910207755,contractive,0,,
M8,cifar100,10,f7b59727f91af13f,U3,3,2.0,1e-05,153,3.0,nan,4.530670910207755,contractive,0,,
M8,cifar100,10,f7b59727f91af13f,U3,3,2.0,1e-05,184,3.0,nan,4.530670910207755,contractive,0,,
M8,cifar100,10,f7b59727f91af13f,U3,3,2.0,1e-05,222,3.0,nan,4.530670910207755,contractive,0,,
M8,cifar100,10,f7b59727f91af13f,U3,3,2.0,1e-05,268,3.0,nan,4.530670910207755,contractive,0,,
M8,cifar100,10,f7b59727f91af13f,U3,3,2.0,1e-05,324,3.0,nan,4.530670910207755,contractive,0,,
M8,cifar100,10,f7b59727f91af13f,U3,3,2.0,1e-05,391,3.0,nan,4.530670910207755,contractive,0,,
M8,cifar100,10,f7b59727f91af13f,U3,3,2.0,1e-05,472,3.0,nan,4.530670910207755,contractive,0,,
M8,cifar100,10,f7b59727f91af13f,U3,3,2.0,1e-05,569,3.0,nan,4.530670910207755,contractive,0,,
M8,cifar100,10,f7b59727f91af13f,U3,3,2.0,1e-05,687,3.0,nan,4.530670910207755,contractive,0,,
M8,cifar100,10,f7b59727f91af13f,U3,3,2.0,1e-05,829,3.0,nan,4.530670910207755,contractive,0,,
M8,cifar100,10,f7b59727f91af13f,U3,3,2.0,1e-05,1000,3.0,nan,4.530670910207755,contractive,0,,
M8,cifar100,10,f7b59727f91af13f,U4,3,2.0,1e-05,1,1.0,1.0,2.5292139405522476,accumulating,1,,
M8,cifar100,10,f7b59727f91af13f,U4,3,2.0,1e-05,2,2.0,2.0,3.6430702143557943,accumulating,1,,
M8,cifar100,10,f7b59727f91af13f,U4,3,2.0,1e-05,3,3.0,3.0,4.530670910207755,accumulating,1,,
M8,cifar100,10,f7b59727f91af13f,U4,3,2.0,1e-05,4,4.0,4.0,5.298525913621841,accumulating,1,,
M8,cifar100,10,f7b59727f91af13f,U4,3,2.0,1e-05,5,5.0,5.0,5.989928952612497,accumulating,1,,
M8,cifar100,10,f7b59727f91af13f,U4,3,2.0,1e-05,6,6.0,6.0,6.627064838413654,accumulating,1,,
M8,cifar100,10,f7b59727f91af13f,U4,3,2.0,1e-05,7,7.0,7.0,7.2228557001495926,accumulating,1,,
M8,cifar100,10,f7b59727f91af13f,U4,3,2.0,1e-05,8,8.0,8.0,7.786148140875069,accumulating,1,,
M8,cifar100,10,f7b59727f91af13f,U4,3,2.0,1e-05,9,9.0,9.0,8.32290815088033,accumulating,1,,
M8,cifar100,10,f7b59727f91af13f,U4,3,2.0,1e-05,10,10.0,10.0,8.837137179629,accumulating,1,,
M8,cifar100,10,f7b59727f91af13f,U4,3,2.0,1e-05,11,11.0,nan,9.332482635101428,accumulating,0,,
M8,cifar100,10,f7b59727f91af13f,U4,3,2.0,1e-05,13,13.0,nan,10.275778510681564,accumulating,0,,
M8,cifar100,10,f7b59727f91af13f,U4,3,2.0,1e-05,16,16.0,nan,11.597073111012214,accumulating,0,,
M8,cifar100,10,f7b59727f91af13f,U4,3,2.0,1e-05,19,19.0,nan,12.833657185228812,accumulating,0,,
M8,cifar100,10,f7b59727f91af13f,U4,3,2.0,1e-05,23,23.000000000000004,nan,14.38147740685298,accumulating,0,,
M8,cifar100,10,f7b59727f91af13f,U4,3,2.0,1e-05,28,28.000000000000004,nan,16.19572800655683,accumulating,0,,
M8,cifar100,10,f7b59727f91af13f,U4,3,2.0,1e-05,34,34.00000000000001,nan,18.240223715748627,accumulating,0,,
M8,cifar100,10,f7b59727f91af13f,U4,3,2.0,1e-05,41,41.00000000000001,nan,20.487792395451542,accumulating,0,,
M8,cifar100,10,f7b59727f91af13f,U4,3,2.0,1e-05,49,49.00000000000001,nan,22.91998804247573,accumulating,0,,
M8,cifar100,10,f7b59727f91af13f,U4,3,2.0,1e-05,60,60.000000000000014,nan,26.08512999244108,accumulating,0,,
M8,cifar100,10,f7b59727f91af13f,U4,3,2.0,1e-05,72,72.00000000000001,nan,29.35897512033764,accumulating,0,,
M8,cifar100,10,f7b59727f91af13f,U4,3,2.0,1e-05,87,87.00000000000001,nan,33.25803711357819,accumulating,0,,
M8,cifar100,10,f7b59727f91af13f,U4,3,2.0,1e-05,105,105.00000000000001,nan,37.71682632389029,accumulating,0,,
M8,cifar100,10,f7b59727f91af13f,U4,3,2.0,1e-05,127,127.00000000000003,nan,42.91844411113106,accumulating,0,,
M8,cifar100,10,f7b59727f91af13f,U4,3,2.0,1e-05,153,153.00000000000003,nan,48.80235366498836,accumulating,0,,
M8,cifar100,10,f7b59727f91af13f,U4,3,2.0,1e-05,184,184.00000000000003,nan,55.558386427103585,accumulating,0,,
M8,cifar100,10,f7b59727f91af13f,U4,3,2.0,1e-05,222,222.00000000000006,nan,63.49833045608512,accumulating,0,,
M8,cifar100,10,f7b59727f91af13f,U4,3,2.0,1e-05,268,268.00000000000006,nan,72.78447969015048,accumulating,0,,
M8,cifar100,10,f7b59727f91af13f,U4,3,2.0,1e-05,324,324.00000000000006,nan,83.71305013226166,accumulating,0,,
M8,cifar100,10,f7b59727f91af13f,U4,3,2.0,1e-05,391,391.00000000000006,nan,96.36229821481945,accumulating,0,,
M8,cifar100,10,f7b59727f91af13f,U4,3,2.0,1e-05,472,472.0000000000001,nan,111.1765381066988,accumulating,0,,
M8,cifar100,10,f7b59727f91af13f,U4,3,2.0,1e-05,569,569.0000000000001,nan,128.39103600561833,accumulating,0,,
M8,cifar100,10,f7b59727f91af13f,U4,3,2.0,1e-05,687,687.0000000000001,nan,148.76771427668623,accumulating,0,,
M8,cifar100,10,f7b59727f91af13f,U4,3,2.0,1e-05,829,829.0000000000002,nan,172.7214023396624,accumulating,0,,
M8,cifar100,10,f7b59727f91af13f,U4,3,2.0,1e-05,1000,1000.0000000000002,nan,201.0695932944363,accumulating,0,,
M9,cifar100,50,7f2c4cd40d05e333,U1,3,3.7306316348159387,1e-05,1,1.0,1.0,1.3242590312218243,contractive,1,1.0,1.0
M9,cifar100,50,7f2c4cd40d05e333,U1,3,3.7306316348159387,1e-05,2,1.0,1.0,1.3242590312218243,contractive,1,1.0,1.0
M9,cifar100,50,7f2c4cd40d05e333,U1,3,3.7306316348159387,1e-05,3,1.0,1.0,1.3242590312218243,contractive,1,1.0,1.0
M9,cifar100,50,7f2c4cd40d05e333,U1,3,3.7306316348159387,1e-05,4,1.0,1.0,1.3242590312218243,contractive,1,1.0,1.0
M9,cifar100,50,7f2c4cd40d05e333,U1,3,3.7306316348159387,1e-05,5,1.0,1.0,1.3242590312218243,contractive,1,1.0,1.0
M9,cifar100,50,7f2c4cd40d05e333,U1,3,3.7306316348159387,1e-05,6,1.0,1.0,1.3242590312218243,contractive,1,1.0,1.0
M9,cifar100,50,7f2c4cd40d05e333,U1,3,3.7306316348159387,1e-05,7,1.0,1.0,1.3242590312218243,contractive,1,1.0,1.0
M9,cifar100,50,7f2c4cd40d05e333,U1,3,3.7306316348159387,1e-05,8,1.0,1.0,1.3242590312218243,contractive,1,1.0,1.0
M9,cifar100,50,7f2c4cd40d05e333,U1,3,3.7306316348159387,1e-05,9,1.0,1.0,1.3242590312218243,contractive,1,1.0,1.0
M9,cifar100,50,7f2c4cd40d05e333,U1,3,3.7306316348159387,1e-05,10,1.0,1.0,1.3242590312218243,contractive,1,1.0,1.0
M9,cifar100,50,7f2c4cd40d05e333,U1,3,3.7306316348159387,1e-05,11,1.0,1.0,1.3242590312218243,contractive,1,1.0,1.0
M9,cifar100,50,7f2c4cd40d05e333,U1,3,3.7306316348159387,1e-05,12,1.0,1.0,1.3242590312218243,contractive,1,1.0,1.0
M9,cifar100,50,7f2c4cd40d05e333,U1,3,3.7306316348159387,1e-05,13,1.0,1.0,1.3242590312218243,contractive,1,1.0,1.0
M9,cifar100,50,7f2c4cd40d05e333,U1,3,3.7306316348159387,1e-05,14,1.0,1.0,1.3242590312218243,contractive,1,1.0,1.0
M9,cifar100,50,7f2c4cd40d05e333,U1,3,3.7306316348159387,1e-05,15,1.0,1.0,1.3242590312218243,contractive,1,1.0,1.0
M9,cifar100,50,7f2c4cd40d05e333,U1,3,3.7306316348159387,1e-05,16,1.0,1.0,1.3242590312218243,contractive,1,1.0,1.0
M9,cifar100,50,7f2c4cd40d05e333,U1,3,3.7306316348159387,1e-05,17,1.0,1.0,1.3242590312218243,contractive,1,1.0,1.0
M9,cifar100,50,7f2c4cd40d05e333,U1,3,3.7306316348159387,1e-05,18,1.0,1.0,1.3242590312218243,contractive,1,1.0,1.0
M9,cifar100,50,7f2c4cd40d05e333,U1,3,3.7306316348159387,1e-05,19,1.0,1.0,1.3242590312218243,contractive,1,1.0,1.0
M9,cifar100,50,7f2c4cd40d05e333,U1,3,3.7306316348159387,1e-05,20,1.0,1.0,1.3242590312218243,contractive,1,1.0,1.0
M9,cifar100,50,7f2c4cd40d05e333,U1,3,3.7306316348159387,1e-05,21,1.0,1.0,1.3242590312218243,contractive,1,1.0,1.0
M9,cifar100,50,7f2c4cd40d05e333,U1,3,3.7306316348159387,1e-05,22,1.0,1.0,1.3242590312218243,contractive,1,1.0,1.0
M9,cifar100,50,7f2c4cd40d05e333,U1,3,3.7306316348159387,1e-05,23,1.0,1.0,1.3242590312218243,contractive,1,1.0,1.0
M9,cifar100,50,7f2c4cd40d05e333,U1,3,3.7306316348159387,1e-05,24,1.0,1.0,1.3242590312218243,contractive,1,1.0,1.0
M9,cifar100,50,7f2c4cd40d05e333,U1,3,3.7306316348159387,1e-05,25,1.0,1.0,1.3242590312218243,contractive,1,1.0,1.0
M9,cifar100,50,7f2c4cd40d05e333,U1,3,3.7306316348159387,1e-05,26,1.0,1.0,1.3242590312218243,contractive,1,1.0,1.0
M9,cifar100,50,7f2c4cd40d05e333,U1,3,3.7306316348159387,1e-05,27,1.0,1.0,1.3242590312218243,contractive,1,1.0,1.0
M9,cifar100,50,7f2c4cd40d05e333,U1,3,3.7306316348159387,1e-05,28,1.0,1.0,1.3242590312218243,contractive,1,1.0,1.0
M9,cifar100,50,7f2c4cd40d05e333,U1,3,3.7306316348159387,1e-05,29,1.0,1.0,1.3242590312218243,contractive,1,1.0,1.0
M9,cifar100,50,7f2c4cd40d05e333,U1,3,3.7306316348159387,1e-05,30,1.0,1.0,1.3242590312218243,contractive,1,1.0,1.0
M9,cifar100,50,7f2c4cd40d05e333,U1,3,3.7306316348159387,1e-05,31,1.0,1.0,1.3242590312218243,contractive,1,1.0,1.0
M9,cifar100,50,7f2c4cd40d05e333,U1,3,3.7306316348159387,1e-05,32,1.0,1.0,1.3242590312218243,contractive,1,1.0,1.0
M9,cifar100,50,7f2c4cd40d05e333,U1,3,3.7306316348159387,1e-05,33,1.0,1.0,1.3242590312218243,contractive,1,1.0,1.0
M9,cifar100,50,7f2c4cd40d05e333,U1,3,3.7306316348159387,1e-05,34,1.0,1.0,1.3242590312218243,contractive,1,1.0,1.0
M9,cifar100,50,7f2c4cd40d05e333,U1,3,3.7306316348159387,1e-05,35,1.0,1.0,1.3242590312218243,contractive,1,1.0,1.0
M9,cifar100,50,7f2c4cd40d05e333,U1,3,3.7306316348159387,1e-05,36,1.0,1.0,1.3242590312218243,contractive,1,1.0,1.0
M9,cifar100,50,7f2c4cd40d05e333,U1,3,3.7306316348159387,1e-05,37,1.0,1.0,1.3242590312218243,contractive,1,1.0,1.0
M9,cifar100,50,7f2c4cd40d05e333,U1,3,3.7306316348159387,1e-05,38,1.0,1.0,1.3242590312218243,contractive,1,1.0,1.0
M9,cifar100,50,7f2c4cd40d05e333,U1,3,3.7306316348159387,1e-05,39,1.0,1.0,1.3242590312218243,contractive,1,1.0,1.0
M9,cifar100,50,7f2c4cd40d05e333,U1,3,3.7306316348159387,1e-05,40,1.0,1.0,1.3242590312218243,contractive,1,1.0,1.0
M9,cifar100,50,7f2c4cd40d05e333,U1,3,3.7306316348159387,1e-05,41,1.0,1.0,1.3242590312218243,contractive,1,1.0,1.0
M9,cifar100,50,7f2c4cd40d05e333,U1,3,3.7306316348159387,1e-05,42,1.0,1.0,1.3242590312218243,contractive,1,1.0,1.0
M9,cifar100,50,7f2c4cd40d05e333,U1,3,3.7306316348159387,1e-05,43,1.0,1.0,1.3242590312218243,contractive,1,1.0,1.0
M9,cifar100,50,7f2c4cd40d05e333,U1,3,3.7306316348159387,1e-05,44,1.0,1.0,1.3242590312218243,contractive,1,1.0,1.0
M9,cifar100,50,7f2c4cd40d05e333,U1,3,3.7306316348159387,1e-05,45,1.0,1.0,1.3242590312218243,contractive,1,1.0,1.0
M9,cifar100,50,7f2c4cd40d05e333,U1,3,3.7306316348159387,1e-05,46,1.0,1.0,1.3242590312218243,contractive,1,1.0,1.0
M9,cifar100,50,7f2c4cd40d05e333,U1,3,3.7306316348159387,1e-05,47,1.0,1.0,1.3242590312218243,contractive,1,1.0,1.0
M9,cifar100,50,7f2c4cd40d05e333,U1,3,3.7306316348159387,1e-05,48,1.0,1.0,1.3242590312218243,contractive,1,1.0,1.0
M9,cifar100,50,7f2c4cd40d05e333,U1,3,3.7306316348159387,1e-05,49,1.0,1.0,1.3242590312218243,contractive,1,1.0,1.0
M9,cifar100,50,7f2c4cd40d05e333,U1,3,3.7306316348159387,1e-05,50,1.0,1.0,1.3242590312218243,contractive,1,1.0,1.0
M9,cifar100,50,7f2c4cd40d05e333,U1,3,3.7306316348159387,1e-05,51,1.0,nan,1.3242590312218243,contractive,0,1.0,1.0
M9,cifar100,50,7f2c4cd40d05e333,U1,3,3.7306316348159387,1e-05,58,1.0,nan,1.3242590312218243,contractive,0,1.0,1.0
M9,cifar100,50,7f2c4cd40d05e333,U1,3,3.7306316348159387,1e-05,65,1.0,nan,1.3242590312218243,contractive,0,1.0,1.0
M9,cifar100,50,7f2c4cd40d05e333,U1,3,3.7306316348159387,1e-05,74,1.0,nan,1.3242590312218243,contractive,0,1.0,1.0
M9,cifar100,50,7f2c4cd40d05e333,U1,3,3.7306316348159387,1e-05,84,1.0,nan,1.3242590312218243,contractive,0,1.0,1.0
M9,cifar100,50,7f2c4cd40d05e333,U1,3,3.7306316348159387,1e-05,95,1.0,nan,1.3242590312218243,contractive,0,1.0,1.0
M9,cifar100,50,7f2c4cd40d05e333,U1,3,3.7306316348159387,1e-05,107,1.0,nan,1.3242590312218243,contractive,0,1.0,1.0
M9,cifar100,50,7f2c4cd40d05e333,U1,3,3.7306316348159387,1e-05,121,1.0,nan,1.3242590312218243,contractive,0,1.0,1.0
M9,cifar100,50,7f2c4cd40d05e333,U1,3,3.7306316348159387,1e-05,138,1.0,nan,1.3242590312218243,contractive,0,1.0,1.0
M9,cifar100,50,7f2c4cd40d05e333,U1,3,3.7306316348159387,1e-05,156,1.0,nan,1.3242590312218243,contractive,0,1.0,1.0
M9,cifar100,50,7f2c4cd40d05e333,U1,3,3.7306316348159387,1e-05,176,1.0,nan,1.3242590312218243,contractive,0,1.0,1.0
M9,cifar100,50,7f2c4cd40d05e333,U1,3,3.7306316348159387,1e-05,199,1.0,nan,1.3242590312218243,contractive,0,1.0,1.0
M9,cifar100,50,7f2c4cd40d05e333,U1,3,3.7306316348159387,1e-05,226,1.0,nan,1.3242590312218243,contractive,0,1.0,1.0
M9,cifar100,50,7f2c4cd40d05e333,U1,3,3.7306316348159387,1e-05,256,1.0,nan,1.3242590312218243,contractive,0,1.0,1.0
M9,cifar100,50,7f2c4cd40d05e333,U1,3,3.7306316348159387,1e-05,289,1.0,nan,1.3242590312218243,contractive,0,1.0,1.0
M9,cifar100,50,7f2c4cd40d05e333,U1,3,3.7306316348159387,1e-05,328,1.0,nan,1.3242590312218243,contractive,0,1.0,1.0
M9,cifar100,50,7f2c4cd40d05e333,U1,3,3.7306316348159387,1e-05,371,1.0,nan,1.3242590312218243,contractive,0,1.0,1.0
M9,cifar100,50,7f2c4cd40d05e333,U1,3,3.7306316348159387,1e-05,420,1.0,nan,1.3242590312218243,contractive,0,1.0,1.0
M9,cifar100,50,7f2c4cd40d05e333,U1,3,3.7306316348159387,1e-05,475,1.0,nan,1.3242590312218243,contractive,0,1.0,1.0
M9,cifar100,50,7f2c4cd40d05e333,U1,3,3.7306316348159387,1e-05,538,1.0,nan,1.3242590312218243,contractive,0,1.0,1.0
M9,cifar100,50,7f2c4cd40d05e333,U1,3,3.7306316348159387,1e-05,609,1.0,nan,1.3242590312218243,contractive,0,1.0,1.0
M9,cifar100,50,7f2c4cd40d05e333,U1,3,3.7306316348159387,1e-05,689,1.0,nan,1.3242590312218243,contractive,0,1.0,1.0
M9,cifar100,50,7f2c4cd40d05e333,U1,3,3.7306316348159387,1e-05,780,1.0,nan,1.3242590312218243,contractive,0,1.0,1.0
M9,cifar100,50,7f2c4cd40d05e333,U1,3,3.7306316348159387,1e-05,883,1.0,nan,1.3242590312218243,contractive,0,1.0,1.0
M9,cifar100,50,7f2c4cd40d05e333,U1,3,3.7306316348159387,1e-05,1000,1.0,nan,1.3242590312218243,contractive,0,1.0,1.0
M9,cifar100,50,7f2c4cd40d05e333,U2,3,3.7306316348159387,1e-05,1,1.0,1.0,1.3242590312218243,contractive,1,1.0,1.0
M9,cifar100,50,7f2c4cd40d05e333,U2,3,3.7306316348159387,1e-05,2,1.0,1.0,1.3242590312218243,contractive,1,1.0,1.0
M9,cifar100,50,7f2c4cd40d05e333,U2,3,3.7306316348159387,1e-05,3,1.0,1.0,1.3242590312218243,contractive,1,1.0,1.0
M9,cifar100,50,7f2c4cd40d05e333,U2,3,3.7306316348159387,1e-05,4,1.0,1.0,1.3242590312218243,contractive,1,1.0,1.0
M9,cifar100,50,7f2c4cd40d05e333,U2,3,3.7306316348159387,1e-05,5,1.0,1.0,1.3242590312218243,contractive,1,1.0,1.0
M9,cifar100,50,7f2c4cd40d05e333,U2,3,3.7306316348159387,1e-05,6,1.0,1.0,1.3242590312218243,contractive,1,1.0,1.0
M9,cifar100,50,7f2c4cd40d05e333,U2,3,3.7306316348159387,1e-05,7,1.0,1.0,1.3242590312218243,contractive,1,1.0,1.0
M9,cifar100,50,7f2c4cd40d05e333,U2,3,3.7306316348159387,1e-05,8,1.0,1.0,1.3242590312218243,contractive,1,1.0,1.0
M9,cifar100,50,7f2c4cd40d05e333,U2,3,3.7306316348159387,1e-05,9,1.0,1.0,1.3242590312218243,contractive,1,1.0,1.0
M9,cifar100,50,7f2c4cd40d05e333,U2,3,3.7306316348159387,1e-05,10,1.0,1.0,1.3242590312218243,contractive,1,1.0,1.0
M9,cifar100,50,7f2c4cd40d05e333,U2,3,3.7306316348159387,1e-05,11,1.0,1.0,1.3242590312218243,contractive,1,1.0,1.0
M9,cifar100,50,7f2c4cd40d05e333,U2,3,3.7306316348159387,1e-05,12,1.0,1.0,1.3242590312218243,contractive,1,1.0,1.0
M9,cifar100,50,7f2c4cd40d05e333,U2,3,3.7306316348159387,1e-05,13,1.0,1.0,1.3242590312218243,contractive,1,1.0,1.0
M9,cifar100,50,7f2c4cd40d05e333,U2,3,3.7306316348159387,1e-05,14,1.0,1.0,1.3242590312218243,contractive,1,1.0,1.0
M9,cifar100,50,7f2c4cd40d05e333,U2,3,3.7306316348159387,1e-05,15,1.0,1.0,1.3242590312218243,contractive,1,1.0,1.0
M9,cifar100,50,7f2c4cd40d05e333,U2,3,3.7306316348159387,1e-05,16,1.0,1.0,1.3242590312218243,contractive,1,1.0,1.0
M9,cifar100,50,7f2c4cd40d05e333,U2,3,3.7306316348159387,1e-05,17,1.0,1.0,1.3242590312218243,contractive,1,1.0,1.0
M9,cifar100,50,7f2c4cd40d05e333,U2,3,3.7306316348159387,1e-05,18,1.0,1.0,1.3242590312218243,contractive,1,1.0,1.0
M9,cifar100,50,7f2c4cd40d05e333,U2,3,3.7306316348159387,1e-05,19,1.0,1.0,1.3242590312218243,contractive,1,1.0,1.0
M9,cifar100,50,7f2c4cd40d05e333,U2,3,3.7306316348159387,1e-05,20,1.0,1.0,1.3242590312218243,contractive,1,1.0,1.0
M9,cifar100,50,7f2c4cd40d05e333,U2,3,3.7306316348159387,1e-05,21,1.0,1.0,1.3242590312218243,contractive,1,1.0,1.0
M9,cifar100,50,7f2c4cd40d05e333,U2,3,3.7306316348159387,1e-05,22,1.0,1.0,1.3242590312218243,contractive,1,1.0,1.0
M9,cifar100,50,7f2c4cd40d05e333,U2,3,3.7306316348159387,1e-05,23,1.0,1.0,1.3242590312218243,contractive,1,1.0,1.0
M9,cifar100,50,7f2c4cd40d05e333,U2,3,3.7306316348159387,1e-05,24,1.0,1.0,1.3242590312218243,contractive,1,1.0,1.0
M9,cifar100,50,7f2c4cd40d05e333,U2,3,3.7306316348159387,1e-05,25,1.0,1.0,1.3242590312218243,contractive,1,1.0,1.0
M9,cifar100,50,7f2c4cd40d05e333,U2,3,3.7306316348159387,1e-05,26,1.0,1.0,1.3242590312218243,contractive,1,1.0,1.0
M9,cifar100,50,7f2c4cd40d05e333,U2,3,3.7306316348159387,1e-05,27,1.0,1.0,1.3242590312218243,contractive,1,1.0,1.0
M9,cifar100,50,7f2c4cd40d05e333,U2,3,3.7306316348159387,1e-05,28,1.0,1.0,1.3242590312218243,contractive,1,1.0,1.0
M9,cifar100,50,7f2c4cd40d05e333,U2,3,3.7306316348159387,1e-05,29,1.0,1.0,1.3242590312218243,contractive,1,1.0,1.0
M9,cifar100,50,7f2c4cd40d05e333,U2,3,3.7306316348159387,1e-05,30,1.0,1.0,1.3242590312218243,contractive,1,1.0,1.0
M9,cifar100,50,7f2c4cd40d05e333,U2,3,3.7306316348159387,1e-05,31,1.0,1.0,1.3242590312218243,contractive,1,1.0,1.0
M9,cifar100,50,7f2c4cd40d05e333,U2,3,3.7306316348159387,1e-05,32,1.0,1.0,1.3242590312218243,contractive,1,1.0,1.0
M9,cifar100,50,7f2c4cd40d05e333,U2,3,3.7306316348159387,1e-05,33,1.0,1.0,1.3242590312218243,contractive,1,1.0,1.0
M9,cifar100,50,7f2c4cd40d05e333,U2,3,3.7306316348159387,1e-05,34,1.0,1.0,1.3242590312218243,contractive,1,1.0,1.0
M9,cifar100,50,7f2c4cd40d05e333,U2,3,3.7306316348159387,1e-05,35,1.0,1.0,1.3242590312218243,contractive,1,1.0,1.0
M9,cifar100,50,7f2c4cd40d05e333,U2,3,3.7306316348159387,1e-05,36,1.0,1.0,1.3242590312218243,contractive,1,1.0,1.0
M9,cifar100,50,7f2c4cd40d05e333,U2,3,3.7306316348159387,1e-05,37,1.0,1.0,1.3242590312218243,contractive,1,1.0,1.0
M9,cifar100,50,7f2c4cd40d05e333,U2,3,3.7306316348159387,1e-05,38,1.0,1.0,1.3242590312218243,contractive,1,1.0,1.0
M9,cifar100,50,7f2c4cd40d05e333,U2,3,3.7306316348159387,1e-05,39,1.0,1.0,1.3242590312218243,contractive,1,1.0,1.0
M9,cifar100,50,7f2c4cd40d05e333,U2,3,3.7306316348159387,1e-05,40,1.0,1.0,1.3242590312218243,contractive,1,1.0,1.0
M9,cifar100,50,7f2c4cd40d05e333,U2,3,3.7306316348159387,1e-05,41,1.0,1.0,1.3242590312218243,contractive,1,1.0,1.0
M9,cifar100,50,7f2c4cd40d05e333,U2,3,3.7306316348159387,1e-05,42,1.0,1.0,1.3242590312218243,contractive,1,1.0,1.0
M9,cifar100,50,7f2c4cd40d05e333,U2,3,3.7306316348159387,1e-05,43,1.0,1.0,1.3242590312218243,contractive,1,1.0,1.0
M9,cifar100,50,7f2c4cd40d05e333,U2,3,3.7306316348159387,1e-05,44,1.0,1.0,1.3242590312218243,contractive,1,1.0,1.0
M9,cifar100,50,7f2c4cd40d05e333,U2,3,3.7306316348159387,1e-05,45,1.0,1.0,1.3242590312218243,contractive,1,1.0,1.0
M9,cifar100,50,7f2c4cd40d05e333,U2,3,3.7306316348159387,1e-05,46,1.0,1.0,1.3242590312218243,contractive,1,1.0,1.0
M9,cifar100,50,7f2c4cd40d05e333,U2,3,3.7306316348159387,1e-05,47,1.0,1.0,1.3242590312218243,contractive,1,1.0,1.0
M9,cifar100,50,7f2c4cd40d05e333,U2,3,3.7306316348159387,1e-05,48,1.0,1.0,1.3242590312218243,contractive,1,1.0,1.0
M9,cifar100,50,7f2c4cd40d05e333,U2,3,3.7306316348159387,1e-05,49,1.0,1.0,1.3242590312218243,contractive,1,1.0,1.0
M9,cifar100,50,7f2c4cd40d05e333,U2,3,3.7306316348159387,1e-05,50,1.0,1.0,1.3242590312218243,contractive,1,1.0,1.0
M9,cifar100,50,7f2c4cd40d05e333,U2,3,3.7306316348159387,1e-05,51,1.0,nan,1.3242590312218243,contractive,0,1.0,1.0
M9,cifar100,50,7f2c4cd40d05e333,U2,3,3.7306316348159387,1e-05,58,1.0,nan,1.3242590312218243,contractive,0,1.0,1.0
M9,cifar100,50,7f2c4cd40d05e333,U2,3,3.7306316348159387,1e-05,65,1.0,nan,1.3242590312218243,contractive,0,1.0,1.0
M9,cifar100,50,7f2c4cd40d05e333,U2,3,3.7306316348159387,1e-05,74,1.0,nan,1.3242590312218243,contractive,0,1.0,1.0
M9,cifar100,50,7f2c4cd40d05e333,U2,3,3.7306316348159387,1e-05,84,1.0,nan,1.3242590312218243,contractive,0,1.0,1.0
M9,cifar100,50,7f2c4cd40d05e333,U2,3,3.7306316348159387,1e-05,95,1.0,nan,1.3242590312218243,contractive,0,1.0,1.0
M9,cifar100,50,7f2c4cd40d05e333,U2,3,3.7306316348159387,1e-05,107,1.0,nan,1.3242590312218243,contractive,0,1.0,1.0
M9,cifar100,50,7f2c4cd40d05e333,U2,3,3.7306316348159387,1e-05,121,1.0,nan,1.3242590312218243,contractive,0,1.0,1.0
M9,cifar100,50,7f2c4cd40d05e333,U2,3,3.7306316348159387,1e-05,138,1.0,nan,1.3242590312218243,contractive,0,1.0,1.0
M9,cifar100,50,7f2c4cd40d05e333,U2,3,3.7306316348159387,1e-05,156,1.0,nan,1.3242590312218243,contractive,0,1.0,1.0
M9,cifar100,50,7f2c4cd40d05e333,U2,3,3.7306316348159387,1e-05,176,1.0,nan,1.3242590312218243,contractive,0,1.0,1.0
M9,cifar100,50,7f2c4cd40d05e333,U2,3,3.7306316348159387,1e-05,199,1.0,nan,1.3242590312218243,contractive,0,1.0,1.0
M9,cifar100,50,7f2c4cd40d05e333,U2,3,3.7306316348159387,1e-05,226,1.0,nan,1.3242590312218243,contractive,0,1.0,1.0
M9,cifar100,50,7f2c4cd40d05e333,U2,3,3.7306316348159387,1e-05,256,1.0,nan,1.3242590312218243,contractive,0,1.0,1.0
M9,cifar100,50,7f2c4cd40d05e333,U2,3,3.7306316348159387,1e-05,289,1.0,nan,1.3242590312218243,contractive,0,1.0,1.0
M9,cifar100,50,7f2c4cd40d05e333,U2,3,3.7306316348159387,1e-05,328,1.0,nan,1.3242590312218243,contractive,0,1.0,1.0
M9,cifar100,50,7f2c4cd40d05e333,U2,3,3.7306316348159387,1e-05,371,1.0,nan,1.3242590312218243,contractive,0,1.0,1.0
M9,cifar100,50,7f2c4cd40d05e333,U2,3,3.7306316348159387,1e-05,420,1.0,nan,1.3242590312218243,contractive,0,1.0,1.0
M9,cifar100,50,7f2c4cd40d05e333,U2,3,3.7306316348159387,1e-05,475,1.0,nan,1.3242590312218243,contractive,0,1.0,1.0
M9,cifar100,50,7f2c4cd40d05e333,U2,3,3.7306316348159387,1e-05,538,1.0,nan,1.3242590312218243,contractive,0,1.0,1.0
M9,cifar100,50,7f2c4cd40d05e333,U2,3,3.7306316348159387,1e-05,609,1.0,nan,1.3242590312218243,contractive,0,1.0,1.0
M9,cifar100,50,7f2c4cd40d05e333,U2,3,3.7306316348159387,1e-05,689,1.0,nan,1.3242590312218243,contractive,0,1.0,1.0
M9,cifar100,50,7f2c4cd40d05e333,U2,3,3.7306316348159387,1e-05,780,1.0,nan,1.3242590312218243,contractive,0,1.0,1.0
M9,cifar100,50,7f2c4cd40d05e333,U2,3,3.7306316348159387,1e-05,883,1.0,nan,1.3242590312218243,contractive,0,1.0,1.0
M9,cifar100,50,7f2c4cd40d05e333,U2,3,3.7306316348159387,1e-05,1000,1.0,nan,1.3242590312218243,contractive,0,1.0,1.0
M9,cifar100,50,7f2c4cd40d05e333,U3,3,3.7306316348159387,1e-05,1,1.0,1.0,1.3242590312218243,contractive,1,1.0,1.0
M9,cifar100,50,7f2c4cd40d05e333,U3,3,3.7306316348159387,1e-05,2,2.0,2.0,1.8997960952672124,contractive,1,1.0,
M9,cifar100,50,7f2c4cd40d05e333,U3,3,3.7306316348159387,1e-05,3,3.0,3.0,2.356985010374796,contractive,1,1.0,
M9,cifar100,50,7f2c4cd40d05e333,U3,3,3.7306316348159387,1e-05,4,3.0,3.0,2.356985010374796,contractive,1,1.0,
M9,cifar100,50,7f2c4cd40d05e333,U3,3,3.7306316348159387,1e-05,5,3.0,3.0,2.356985010374796,contractive,1,1.0,
M9,cifar100,50,7f2c4cd40d05e333,U3,3,3.7306316348159387,1e-05,6,3.0,3.0,2.356985010374796,contractive,1,1.0,
M9,cifar100,50,7f2c4cd40d05e333,U3,3,3.7306316348159387,1e-05,7,3.0,3.0,2.356985010374796,contractive,1,1.0,
M9,cifar100,50,7f2c4cd40d05e333,U3,3,3.7306316348159387,1e-05,8,3.0,3.0,2.356985010374796,contractive,1,1.0,
M9,cifar100,50,7f2c4cd40d05e333,U3,3,3.7306316348159387,1e-05,9,3.0,3.0,2.356985010374796,contractive,1,1.0,
M9,cifar100,50,7f2c4cd40d05e333,U3,3,3.7306316348159387,1e-05,10,3.0,3.0,2.356985010374796,contractive,1,1.0,
M9,cifar100,50,7f2c4cd40d05e333,U3,3,3.7306316348159387,1e-05,11,3.0,3.0,2.356985010374796,contractive,1,1.0,
M9,cifar100,50,7f2c4cd40d05e333,U3,3,3.7306316348159387,1e-05,12,3.0,3.0,2.356985010374796,contractive,1,1.0,
M9,cifar100,50,7f2c4cd40d05e333,U3,3,3.7306316348159387,1e-05,13,3.0,3.0,2.356985010374796,contractive,1,1.0,
M9,cifar100,50,7f2c4cd40d05e333,U3,3,3.7306316348159387,1e-05,14,3.0,3.0,2.356985010374796,contractive,1,1.0,
M9,cifar100,50,7f2c4cd40d05e333,U3,3,3.7306316348159387,1e-05,15,3.0,3.0,2.356985010374796,contractive,1,1.0,
M9,cifar100,50,7f2c4cd40d05e333,U3,3,3.7306316348159387,1e-05,16,3.0,3.0,2.356985010374796,contractive,1,1.0,
M9,cifar100,50,7f2c4cd40d05e333,U3,3,3.7306316348159387,1e-05,17,3.0,3.0,2.356985010374796,contractive,1,1.0,
M9,cifar100,50,7f2c4cd40d05e333,U3,3,3.7306316348159387,1e-05,18,3.0,3.0,2.356985010374796,contractive,1,1.0,
M9,cifar100,50,7f2c4cd40d05e333,U3,3,3.7306316348159387,1e-05,19,3.0,3.0,2.356985010374796,contractive,1,1.0,
M9,cifar100,50,7f2c4cd40d05e333,U3,3,3.7306316348159387,1e-05,20,3.0,3.0,2.356985010374796,contractive,1,1.0,
M9,cifar100,50,7f2c4cd40d05e333,U3,3,3.7306316348159387,1e-05,21,3.0,3.0,2.356985010374796,contractive,1,1.0,
M9,cifar100,50,7f2c4cd40d05e333,U3,3,3.7306316348159387,1e-05,22,3.0,3.0,2.356985010374796,contractive,1,1.0,
M9,cifar100,50,7f2c4cd40d05e333,U3,3,3.7306316348159387,1e-05,23,3.0,3.0,2.356985010374796,contractive,1,1.0,
M9,cifar100,50,7f2c4cd40d05e333,U3,3,3.7306316348159387,1e-05,24,3.0,3.0,2.356985010374796,contractive,1,1.0,
M9,cifar100,50,7f2c4cd40d05e333,U3,3,3.7306316348159387,1e-05,25,3.0,3.0,2.356985010374796,contractive,1,1.0,
M9,cifar100,50,7f2c4cd40d05e333,U3,3,3.7306316348159387,1e-05,26,3.0,3.0,2.356985010374796,contractive,1,1.0,
M9,cifar100,50,7f2c4cd40d05e333,U3,3,3.7306316348159387,1e-05,27,3.0,3.0,2.356985010374796,contractive,1,1.0,
M9,cifar100,50,7f2c4cd40d05e333,U3,3,3.7306316348159387,1e-05,28,3.0,3.0,2.356985010374796,contractive,1,1.0,
M9,cifar100,50,7f2c4cd40d05e333,U3,3,3.7306316348159387,1e-05,29,3.0,3.0,2.356985010374796,contractive,1,1.0,
M9,cifar100,50,7f2c4cd40d05e333,U3,3,3.7306316348159387,1e-05,30,3.0,3.0,2.356985010374796,contractive,1,1.0,
M9,cifar100,50,7f2c4cd40d05e333,U3,3,3.7306316348159387,1e-05,31,3.0,3.0,2.356985010374796,contractive,1,1.0,
M9,cifar100,50,7f2c4cd40d05e333,U3,3,3.7306316348159387,1e-05,32,3.0,3.0,2.356985010374796,contractive,1,1.0,
M9,cifar100,50,7f2c4cd40d05e333,U3,3,3.7306316348159387,1e-05,33,3.0,3.0,2.356985010374796,contractive,1,1.0,
M9,cifar100,50,7f2c4cd40d05e333,U3,3,3.7306316348159387,1e-05,34,3.0,3.0,2.356985010374796,contractive,1,1.0,
M9,cifar100,50,7f2c4cd40d05e333,U3,3,3.7306316348159387,1e-05,35,3.0,3.0,2.356985010374796,contractive,1,1.0,
M9,cifar100,50,7f2c4cd40d05e333,U3,3,3.7306316348159387,1e-05,36,3.0,3.0,2.356985010374796,contractive,1,1.0,
M9,cifar100,50,7f2c4cd40d05e333,U3,3,3.7306316348159387,1e-05,37,3.0,3.0,2.356985010374796,contractive,1,1.0,
M9,cifar100,50,7f2c4cd40d05e333,U3,3,3.7306316348159387,1e-05,38,3.0,3.0,2.356985010374796,contractive,1,1.0,
M9,cifar100,50,7f2c4cd40d05e333,U3,3,3.7306316348159387,1e-05,39,3.0,3.0,2.356985010374796,contractive,1,1.0,
M9,cifar100,50,7f2c4cd40d05e333,U3,3,3.7306316348159387,1e-05,40,3.0,3.0,2.356985010374796,contractive,1,1.0,
M9,cifar100,50,7f2c4cd40d05e333,U3,3,3.7306316348159387,1e-05,41,3.0,3.0,2.356985010374796,contractive,1,1.0,
M9,cifar100,50,7f2c4cd40d05e333,U3,3,3.7306316348159387,1e-05,42,3.0,3.0,2.356985010374796,contractive,1,1.0,
M9,cifar100,50,7f2c4cd40d05e333,U3,3,3.7306316348159387,1e-05,43,3.0,3.0,2.356985010374796,contractive,1,1.0,
M9,cifar100,50,7f2c4cd40d05e333,U3,3,3.7306316348159387,1e-05,44,3.0,3.0,2.356985010374796,contractive,1,1.0,
M9,cifar100,50,7f2c4cd40d05e333,U3,3,3.7306316348159387,1e-05,45,3.0,3.0,2.356985010374796,contractive,1,1.0,
M9,cifar100,50,7f2c4cd40d05e333,U3,3,3.7306316348159387,1e-05,46,3.0,3.0,2.356985010374796,contractive,1,1.0,
M9,cifar100,50,7f2c4cd40d05e333,U3,3,3.7306316348159387,1e-05,47,3.0,3.0,2.356985010374796,contractive,1,1.0,
M9,cifar100,50,7f2c4cd40d05e333,U3,3,3.7306316348159387,1e-05,48,3.0,3.0,2.356985010374796,contractive,1,1.0,
M9,cifar100,50,7f2c4cd40d05e333,U3,3,3.7306316348159387,1e-05,49,3.0,3.0,2.356985010374796,contractive,1,1.0,
M9,cifar100,50,7f2c4cd40d05e333,U3,3,3.7306316348159387,1e-05,50,3.0,3.0,2.356985010374796,contractive,1,1.0,
M9,cifar100,50,7f2c4cd40d05e333,U3,3,3.7306316348159387,1e-05,51,3.0,nan,2.356985010374796,contractive,0,1.0,
M9,cifar100,50,7f2c4cd40d05e333,U3,3,3.7306316348159387,1e-05,58,3.0,nan,2.356985010374796,contractive,0,1.0,
M9,cifar100,50,7f2c4cd40d05e333,U3,3,3.7306316348159387,1e-05,65,3.0,nan,2.356985010374796,contractive,0,1.0,
M9,cifar100,50,7f2c4cd40d05e333,U3,3,3.7306316348159387,1e-05,74,3.0,nan,2.356985010374796,contractive,0,1.0,
M9,cifar100,50,7f2c4cd40d05e333,U3,3,3.7306316348159387,1e-05,84,3.0,nan,2.356985010374796,contractive,0,1.0,
M9,cifar100,50,7f2c4cd40d05e333,U3,3,3.7306316348159387,1e-05,95,3.0,nan,2.356985010374796,contractive,0,1.0,
M9,cifar100,50,7f2c4cd40d05e333,U3,3,3.7306316348159387,1e-05,107,3.0,nan,2.356985010374796,contractive,0,1.0,
M9,cifar100,50,7f2c4cd40d05e333,U3,3,3.7306316348159387,1e-05,121,3.0,nan,2.356985010374796,contractive,0,1.0,
M9,cifar100,50,7f2c4cd40d05e333,U3,3,3.7306316348159387,1e-05,138,3.0,nan,2.356985010374796,contractive,0,1.0,
M9,cifar100,50,7f2c4cd40d05e333,U3,3,3.7306316348159387,1e-05,156,3.0,nan,2.356985010374796,contractive,0,1.0,
M9,cifar100,50,7f2c4cd40d05e333,U3,3,3.7306316348159387,1e-05,176,3.0,nan,2.356985010374796,contractive,0,1.0,
M9,cifar100,50,7f2c4cd40d05e333,U3,3,3.7306316348159387,1e-05,199,3.0,nan,2.356985010374796,contractive,0,1.0,
M9,cifar100,50,7f2c4cd40d05e333,U3,3,3.7306316348159387,1e-05,226,3.0,nan,2.356985010374796,contractive,0,1.0,
M9,cifar100,50,7f2c4cd40d05e333,U3,3,3.7306316348159387,1e-05,256,3.0,nan,2.356985010374796,contractive,0,1.0,
M9,cifar100,50,7f2c4cd40d05e333,U3,3,3.7306316348159387,1e-05,289,3.0,nan,2.356985010374796,contractive,0,1.0,
M9,cifar100,50,7f2c4cd40d05e333,U3,3,3.7306316348159387,1e-05,328,3.0,nan,2.356985010374796,contractive,0,1.0,
M9,cifar100,50,7f2c4cd40d05e333,U3,3,3.7306316348159387,1e-05,371,3.0,nan,2.356985010374796,contractive,0,1.0,
M9,cifar100,50,7f2c4cd40d05e333,U3,3,3.7306316348159387,1e-05,420,3.0,nan,2.356985010374796,contractive,0,1.0,
M9,cifar100,50,7f2c4cd40d05e333,U3,3,3.7306316348159387,1e-05,475,3.0,nan,2.356985010374796,contractive,0,1.0,
M9,cifar100,50,7f2c4cd40d05e333,U3,3,3.7306316348159387,1e-05,538,3.0,nan,2.356985010374796,contractive,0,1.0,
M9,cifar100,50,7f2c4cd40d05e333,U3,3,3.7306316348159387,1e-05,609,3.0,nan,2.356985010374796,contractive,0,1.0,
M9,cifar100,50,7f2c4cd40d05e333,U3,3,3.7306316348159387,1e-05,689,3.0,nan,2.356985010374796,contractive,0,1.0,
M9,cifar100,50,7f2c4cd40d05e333,U3,3,3.7306316348159387,1e-05,780,3.0,nan,2.356985010374796,contractive,0,1.0,
M9,cifar100,50,7f2c4cd40d05e333,U3,3,3.7306316348159387,1e-05,883,3.0,nan,2.356985010374796,contractive,0,1.0,
M9,cifar100,50,7f2c4cd40d05e333,U3,3,3.7306316348159387,1e-05,1000,3.0,nan,2.356985010374796,contractive,0,1.0,
M9,cifar100,50,7f2c4cd40d05e333,U4,3,3.7306316348159387,1e-05,1,1.0,1.0,1.3242590312218243,accumulating,1,1.0,1.0
M9,cifar100,50,7f2c4cd40d05e333,U4,3,3.7306316348159387,1e-05,2,2.0,2.0,1.8997960952672124,accumulating,1,1.0,
M9,cifar100,50,7f2c4cd40d05e333,U4,3,3.7306316348159387,1e-05,3,3.0,3.0,2.356985010374796,accumulating,1,1.0,
M9,cifar100,50,7f2c4cd40d05e333,U4,3,3.7306316348159387,1e-05,4,4.0,4.0,2.7162035945899117,accumulating,1,1.0,
M9,cifar100,50,7f2c4cd40d05e333,U4,3,3.7306316348159387,1e-05,5,5.0,5.0,3.0557715325627486,accumulating,1,1.0,
M9,cifar100,50,7f2c4cd40d05e333,U4,3,3.7306316348159387,1e-05,6,6.0,6.0,3.3662230621386775,accumulating,1,1.0,
M9,cifar100,50,7f2c4cd40d05e333,U4,3,3.7306316348159387,1e-05,7,7.0,7.0,3.654593407798907,accumulating,1,1.0,
M9,cifar100,50,7f2c4cd40d05e333,U4,3,3.7306316348159387,1e-05,8,8.0,8.0,3.925472104987116,accumulating,1,1.0,
M9,cifar100,50,7f2c4cd40d05e333,U4,3,3.7306316348159387,1e-05,9,9.0,9.0,4.1820840763211695,accumulating,1,1.0,
M9,cifar100,50,7f2c4cd40d05e333,U4,3,3.7306316348159387,1e-05,10,10.0,10.0,4.426738491823652,accumulating,1,1.0,
M9,cifar100,50,7f2c4cd40d05e333,U4,3,3.7306316348159387,1e-05,11,11.0,11.0,4.661202074682363,accumulating,1,1.0,
M9,cifar100,50,7f2c4cd40d05e333,U4,3,3.7306316348159387,1e-05,12,12.0,12.0,4.886814956935385,accumulating,1,1.0,
M9,cifar100,50,7f2c4cd40d05e333,U4,3,3.7306316348159387,1e-05,13,13.0,13.0,5.104694725234948,accumulating,1,1.0,
M9,cifar100,50,7f2c4cd40d05e333,U4,3,3.7306316348159387,1e-05,14,14.0,14.0,5.31568892675495,accumulating,1,1.0,
M9,cifar100,50,7f2c4cd40d05e333,U4,3,3.7306316348159387,1e-05,15,15.0,15.0,5.520513447289955,accumulating,1,1.0,
M9,cifar100,50,7f2c4cd40d05e333,U4,3,3.7306316348159387,1e-05,16,16.0,16.0,5.719818614960108,accumulating,1,1.0,
M9,cifar100,50,7f2c4cd40d05e333,U4,3,3.7306316348159387,1e-05,17,17.0,17.0,5.9140863150341705,accumulating,1,1.0,
M9,cifar100,50,7f2c4cd40d05e333,U4,3,3.7306316348159387,1e-05,18,18.0,18.0,6.103770343225162,accumulating,1,1.0,
M9,cifar100,50,7f2c4cd40d05e333,U4,3,3.7306316348159387,1e-05,19,19.0,19.0,6.289256231210881,accumulating,1,1.0,
M9,cifar100,50,7f2c4cd40d05e333,U4,3,3.7306316348159387,1e-05,20,20.0,20.0,6.470854835682471,accumulating,1,1.0,
M9,cifar100,50,7f2c4cd40d05e333,U4,3,3.7306316348159387,1e-05,21,21.0,21.0,6.648803702001196,accumulating,1,1.0,
M9,cifar100,50,7f2c4cd40d05e333,U4,3,3.7306316348159387,1e-05,22,22.0,22.0,6.823443093008083,accumulating,1,1.0,
M9,cifar100,50,7f2c4cd40d05e333,U4,3,3.7306316348159387,1e-05,23,23.0,23.0,6.995005242194596,accumulating,1,1.0,
M9,cifar100,50,7f2c4cd40d05e333,U4,3,3.7306316348159387,1e-05,24,24.0,24.0,7.163584153813346,accumulating,1,1.0,
M9,cifar100,50,7f2c4cd40d05e333,U4,3,3.7306316348159387,1e-05,25,25.0,25.0,7.329394361157971,accumulating,1,1.0,
M9,cifar100,50,7f2c4cd40d05e333,U4,3,3.7306316348159387,1e-05,26,26.0,26.0,7.492815833991452,accumulating,1,1.0,
M9,cifar100,50,7f2c4cd40d05e333,U4,3,3.7306316348159387,1e-05,27,27.0,27.0,7.65354726752165,accumulating,1,1.0,
M9,cifar100,50,7f2c4cd40d05e333,U4,3,3.7306316348159387,1e-05,28,28.0,28.0,7.812183958670989,accumulating,1,1.0,
M9,cifar100,50,7f2c4cd40d05e333,U4,3,3.7306316348159387,1e-05,29,29.0,29.0,7.96859963277633,accumulating,1,1.0,
M9,cifar100,50,7f2c4cd40d05e333,U4,3,3.7306316348159387,1e-05,30,30.0,30.0,8.122864604225306,accumulating,1,1.0,
M9,cifar100,50,7f2c4cd40d05e333,U4,3,3.7306316348159387,1e-05,31,31.0,31.0,8.275236929423166,accumulating,1,1.0,
M9,cifar100,50,7f2c4cd40d05e333,U4,3,3.7306316348159387,1e-05,32,32.0,32.0,8.425774424290728,accumulating,1,1.0,
M9,cifar100,50,7f2c4cd40d05e333,U4,3,3.7306316348159387,1e-05,33,33.0,33.0,8.574538245678458,accumulating,1,1.0,
M9,cifar100,50,7f2c4cd40d05e333,U4,3,3.7306316348159387,1e-05,34,34.0,34.0,8.721593136225964,accumulating,1,1.0,
M9,cifar100,50,7f2c4cd40d05e333,U4,3,3.7306316348159387,1e-05,35,35.0,35.0,8.867007691077028,accumulating,1,1.0,
M9,cifar100,50,7f2c4cd40d05e333,U4,3,3.7306316348159387,1e-05,36,36.0,36.0,9.010854648760397,accumulating,1,1.0,
M9,cifar100,50,7f2c4cd40d05e333,U4,3,3.7306316348159387,1e-05,37,37.0,37.0,9.15321120882997,accumulating,1,1.0,
M9,cifar100,50,7f2c4cd40d05e333,U4,3,3.7306316348159387,1e-05,38,38.0,38.0,9.29415937918115,accumulating,1,1.0,
M9,cifar100,50,7f2c4cd40d05e333,U4,3,3.7306316348159387,1e-05,39,39.0,39.0,9.433786356329072,accumulating,1,1.0,
M9,cifar100,50,7f2c4cd40d05e333,U4,3,3.7306316348159387,1e-05,40,40.0,40.0,9.572184942357083,accumulating,1,1.0,
M9,cifar100,50,7f2c4cd40d05e333,U4,3,3.7306316348159387,1e-05,41,41.0,41.0,9.709094363834692,accumulating,1,1.0,
M9,cifar100,50,7f2c4cd40d05e333,U4,3,3.7306316348159387,1e-05,42,42.0,42.0,9.844740449010231,accumulating,1,1.0,
M9,cifar100,50,7f2c4cd40d05e333,U4,3,3.7306316348159387,1e-05,43,43.0,43.0,9.97936244079599,accumulating,1,1.0,
M9,cifar100,50,7f2c4cd40d05e333,U4,3,3.7306316348159387,1e-05,44,44.0,44.0,10.113025911882408,accumulating,1,1.0,
M9,cifar100,50,7f2c4cd40d05e333,U4,3,3.7306316348159387,1e-05,45,45.0,45.0,10.24511338858266,accumulating,1,1.0,
M9,cifar100,50,7f2c4cd40d05e333,U4,3,3.7306316348159387,1e-05,46,46.0,46.0,10.376409611690963,accumulating,1,1.0,
M9,cifar100,50,7f2c4cd40d05e333,U4,3,3.7306316348159387,1e-05,47,47.0,47.0,10.50682713238619,accumulating,1,1.0,
M9,cifar100,50,7f2c4cd40d05e333,U4,3,3.7306316348159387,1e-05,48,48.0,48.0,10.63583782149463,accumulating,1,1.0,
M9,cifar100,50,7f2c4cd40d05e333,U4,3,3.7306316348159387,1e-05,49,49.0,49.0,10.76432380287827,accumulating,1,1.0,
M9,cifar100,50,7f2c4cd40d05e333,U4,3,3.7306316348159387,1e-05,50,50.0,50.0,10.891495373182307,accumulating,1,1.0,
M9,cifar100,50,7f2c4cd40d05e333,U4,3,3.7306316348159387,1e-05,51,51.0,nan,11.017981508070328,accumulating,0,1.0,
M9,cifar100,50,7f2c4cd40d05e333,U4,3,3.7306316348159387,1e-05,58,58.0,nan,11.879545584698253,accumulating,0,1.0,
M9,cifar100,50,7f2c4cd40d05e333,U4,3,3.7306316348159387,1e-05,65,65.0,nan,12.70526257617114,accumulating,0,1.0,
M9,cifar100,50,7f2c4cd40d05e333,U4,3,3.7306316348159387,1e-05,74,74.0,nan,13.723308899752825,accumulating,0,1.0,
M9,cifar100,50,7f2c4cd40d05e333,U4,3,3.7306316348159387,1e-05,84,84.0,nan,14.8064380205907,accumulating,0,1.0,
M9,cifar100,50,7f2c4cd40d05e333,U4,3,3.7306316348159387,1e-05,95,95.0,nan,15.950481772557353,accumulating,0,1.0,
M9,cifar100,50,7f2c4cd40d05e333,U4,3,3.7306316348159387,1e-05,107,107.0,nan,17.149160563572377,accumulating,0,1.0,
M9,cifar100,50,7f2c4cd40d05e333,U4,3,3.7306316348159387,1e-05,121,121.0,nan,18.49597420145741,accumulating,0,1.0,
M9,cifar100,50,7f2c4cd40d05e333,U4,3,3.7306316348159387,1e-05,138,138.0,nan,20.069332516268673,accumulating,0,1.0,
M9,cifar100,50,7f2c4cd40d05e333,U4,3,3.7306316348159387,1e-05,156,156.0,nan,21.67159486860359,accumulating,0,1.0,
M9,cifar100,50,7f2c4cd40d05e333,U4,3,3.7306316348159387,1e-05,176,176.0,nan,23.388132081745486,accumulating,0,1.0,
M9,cifar100,50,7f2c4cd40d05e333,U4,3,3.7306316348159387,1e-05,199,199.0,nan,25.29420402557981,accumulating,0,1.0,
M9,cifar100,50,7f2c4cd40d05e333,U4,3,3.7306316348159387,1e-05,226,226.0,nan,27.456055230432852,accumulating,0,1.0,
M9,cifar100,50,7f2c4cd40d05e333,U4,3,3.7306316348159387,1e-05,256,256.0,nan,29.780393101604048,accumulating,0,1.0,
M9,cifar100,50,7f2c4cd40d05e333,U4,3,3.7306316348159387,1e-05,289,289.0,nan,32.248939656880275,accumulating,0,1.0,
M9,cifar100,50,7f2c4cd40d05e333,U4,3,3.7306316348159387,1e-05,328,328.0,nan,35.081405348209344,accumulating,0,1.0,
M9,cifar100,50,7f2c4cd40d05e333,U4,3,3.7306316348159387,1e-05,371,371.0,nan,38.1070462336412,accumulating,0,1.0,
M9,cifar100,50,7f2c4cd40d05e333,U4,3,3.7306316348159387,1e-05,420,420.0,nan,41.44954447615783,accumulating,0,1.0,
M9,cifar100,50,7f2c4cd40d05e333,U4,3,3.7306316348159387,1e-05,475,475.0,nan,45.097949328034204,accumulating,0,1.0,
M9,cifar100,50,7f2c4cd40d05e333,U4,3,3.7306316348159387,1e-05,538,538.0,nan,49.16333514563197,accumulating,0,1.0,
M9,cifar100,50,7f2c4cd40d05e333,U4,3,3.7306316348159387,1e-05,609,609.0,nan,53.62237879792717,accumulating,0,1.0,
M9,cifar100,50,7f2c4cd40d05e333,U4,3,3.7306316348159387,1e-05,689,689.0,nan,58.516493674249645,accumulating,0,1.0,
M9,cifar100,50,7f2c4cd40d05e333,U4,3,3.7306316348159387,1e-05,780,780.0,nan,63.94515873979867,accumulating,0,1.0,
M9,cifar100,50,7f2c4cd40d05e333,U4,3,3.7306316348159387,1e-05,883,883.0,nan,69.94513558966491,accumulating,0,1.0,
M9,cifar100,50,7f2c4cd40d05e333,U4,3,3.7306316348159387,1e-05,1000,1000.0,nan,76.61323444316459,accumulating,0,1.0,
M9,cifar100,50,7f2c4cd40d05e333,U1,3,1.081161849520238,1e-05,1,1.0,1.0,4.866077894990737,contractive,1,4.0,4.0
M9,cifar100,50,7f2c4cd40d05e333,U1,3,1.081161849520238,1e-05,2,1.0,1.0,4.866077894990737,contractive,1,4.0,4.0
M9,cifar100,50,7f2c4cd40d05e333,U1,3,1.081161849520238,1e-05,3,1.0,1.0,4.866077894990737,contractive,1,4.0,4.0
M9,cifar100,50,7f2c4cd40d05e333,U1,3,1.081161849520238,1e-05,4,1.0,1.0,4.866077894990737,contractive,1,4.0,4.0
M9,cifar100,50,7f2c4cd40d05e333,U1,3,1.081161849520238,1e-05,5,1.0,1.0,4.866077894990737,contractive,1,4.0,4.0
M9,cifar100,50,7f2c4cd40d05e333,U1,3,1.081161849520238,1e-05,6,1.0,1.0,4.866077894990737,contractive,1,4.0,4.0
M9,cifar100,50,7f2c4cd40d05e333,U1,3,1.081161849520238,1e-05,7,1.0,1.0,4.866077894990737,contractive,1,4.0,4.0
M9,cifar100,50,7f2c4cd40d05e333,U1,3,1.081161849520238,1e-05,8,1.0,1.0,4.866077894990737,contractive,1,4.0,4.0
M9,cifar100,50,7f2c4cd40d05e333,U1,3,1.081161849520238,1e-05,9,1.0,1.0,4.866077894990737,contractive,1,4.0,4.0
M9,cifar100,50,7f2c4cd40d05e333,U1,3,1.081161849520238,1e-05,10,1.0,1.0,4.866077894990737,contractive,1,4.0,4.0
M9,cifar100,50,7f2c4cd40d05e333,U1,3,1.081161849520238,1e-05,11,1.0,1.0,4.866077894990737,contractive,1,4.0,4.0
M9,cifar100,50,7f2c4cd40d05e333,U1,3,1.081161849520238,1e-05,12,1.0,1.0,4.866077894990737,contractive,1,4.0,4.0
M9,cifar100,50,7f2c4cd40d05e333,U1,3,1.081161849520238,1e-05,13,1.0,1.0,4.866077894990737,contractive,1,4.0,4.0
M9,cifar100,50,7f2c4cd40d05e333,U1,3,1.081161849520238,1e-05,14,1.0,1.0,4.866077894990737,contractive,1,4.0,4.0
M9,cifar100,50,7f2c4cd40d05e333,U1,3,1.081161849520238,1e-05,15,1.0,1.0,4.866077894990737,contractive,1,4.0,4.0
M9,cifar100,50,7f2c4cd40d05e333,U1,3,1.081161849520238,1e-05,16,1.0,1.0,4.866077894990737,contractive,1,4.0,4.0
M9,cifar100,50,7f2c4cd40d05e333,U1,3,1.081161849520238,1e-05,17,1.0,1.0,4.866077894990737,contractive,1,4.0,4.0
M9,cifar100,50,7f2c4cd40d05e333,U1,3,1.081161849520238,1e-05,18,1.0,1.0,4.866077894990737,contractive,1,4.0,4.0
M9,cifar100,50,7f2c4cd40d05e333,U1,3,1.081161849520238,1e-05,19,1.0,1.0,4.866077894990737,contractive,1,4.0,4.0
M9,cifar100,50,7f2c4cd40d05e333,U1,3,1.081161849520238,1e-05,20,1.0,1.0,4.866077894990737,contractive,1,4.0,4.0
M9,cifar100,50,7f2c4cd40d05e333,U1,3,1.081161849520238,1e-05,21,1.0,1.0,4.866077894990737,contractive,1,4.0,4.0
M9,cifar100,50,7f2c4cd40d05e333,U1,3,1.081161849520238,1e-05,22,1.0,1.0,4.866077894990737,contractive,1,4.0,4.0
M9,cifar100,50,7f2c4cd40d05e333,U1,3,1.081161849520238,1e-05,23,1.0,1.0,4.866077894990737,contractive,1,4.0,4.0
M9,cifar100,50,7f2c4cd40d05e333,U1,3,1.081161849520238,1e-05,24,1.0,1.0,4.866077894990737,contractive,1,4.0,4.0
M9,cifar100,50,7f2c4cd40d05e333,U1,3,1.081161849520238,1e-05,25,1.0,1.0,4.866077894990737,contractive,1,4.0,4.0
M9,cifar100,50,7f2c4cd40d05e333,U1,3,1.081161849520238,1e-05,26,1.0,1.0,4.866077894990737,contractive,1,4.0,4.0
M9,cifar100,50,7f2c4cd40d05e333,U1,3,1.081161849520238,1e-05,27,1.0,1.0,4.866077894990737,contractive,1,4.0,4.0
M9,cifar100,50,7f2c4cd40d05e333,U1,3,1.081161849520238,1e-05,28,1.0,1.0,4.866077894990737,contractive,1,4.0,4.0
M9,cifar100,50,7f2c4cd40d05e333,U1,3,1.081161849520238,1e-05,29,1.0,1.0,4.866077894990737,contractive,1,4.0,4.0
M9,cifar100,50,7f2c4cd40d05e333,U1,3,1.081161849520238,1e-05,30,1.0,1.0,4.866077894990737,contractive,1,4.0,4.0
M9,cifar100,50,7f2c4cd40d05e333,U1,3,1.081161849520238,1e-05,31,1.0,1.0,4.866077894990737,contractive,1,4.0,4.0
M9,cifar100,50,7f2c4cd40d05e333,U1,3,1.081161849520238,1e-05,32,1.0,1.0,4.866077894990737,contractive,1,4.0,4.0
M9,cifar100,50,7f2c4cd40d05e333,U1,3,1.081161849520238,1e-05,33,1.0,1.0,4.866077894990737,contractive,1,4.0,4.0
M9,cifar100,50,7f2c4cd40d05e333,U1,3,1.081161849520238,1e-05,34,1.0,1.0,4.866077894990737,contractive,1,4.0,4.0
M9,cifar100,50,7f2c4cd40d05e333,U1,3,1.081161849520238,1e-05,35,1.0,1.0,4.866077894990737,contractive,1,4.0,4.0
M9,cifar100,50,7f2c4cd40d05e333,U1,3,1.081161849520238,1e-05,36,1.0,1.0,4.866077894990737,contractive,1,4.0,4.0
M9,cifar100,50,7f2c4cd40d05e333,U1,3,1.081161849520238,1e-05,37,1.0,1.0,4.866077894990737,contractive,1,4.0,4.0
M9,cifar100,50,7f2c4cd40d05e333,U1,3,1.081161849520238,1e-05,38,1.0,1.0,4.866077894990737,contractive,1,4.0,4.0
M9,cifar100,50,7f2c4cd40d05e333,U1,3,1.081161849520238,1e-05,39,1.0,1.0,4.866077894990737,contractive,1,4.0,4.0
M9,cifar100,50,7f2c4cd40d05e333,U1,3,1.081161849520238,1e-05,40,1.0,1.0,4.866077894990737,contractive,1,4.0,4.0
M9,cifar100,50,7f2c4cd40d05e333,U1,3,1.081161849520238,1e-05,41,1.0,1.0,4.866077894990737,contractive,1,4.0,4.0
M9,cifar100,50,7f2c4cd40d05e333,U1,3,1.081161849520238,1e-05,42,1.0,1.0,4.866077894990737,contractive,1,4.0,4.0
M9,cifar100,50,7f2c4cd40d05e333,U1,3,1.081161849520238,1e-05,43,1.0,1.0,4.866077894990737,contractive,1,4.0,4.0
M9,cifar100,50,7f2c4cd40d05e333,U1,3,1.081161849520238,1e-05,44,1.0,1.0,4.866077894990737,contractive,1,4.0,4.0
M9,cifar100,50,7f2c4cd40d05e333,U1,3,1.081161849520238,1e-05,45,1.0,1.0,4.866077894990737,contractive,1,4.0,4.0
M9,cifar100,50,7f2c4cd40d05e333,U1,3,1.081161849520238,1e-05,46,1.0,1.0,4.866077894990737,contractive,1,4.0,4.0
M9,cifar100,50,7f2c4cd40d05e333,U1,3,1.081161849520238,1e-05,47,1.0,1.0,4.866077894990737,contractive,1,4.0,4.0
M9,cifar100,50,7f2c4cd40d05e333,U1,3,1.081161849520238,1e-05,48,1.0,1.0,4.866077894990737,contractive,1,4.0,4.0
M9,cifar100,50,7f2c4cd40d05e333,U1,3,1.081161849520238,1e-05,49,1.0,1.0,4.866077894990737,contractive,1,4.0,4.0
M9,cifar100,50,7f2c4cd40d05e333,U1,3,1.081161849520238,1e-05,50,1.0,1.0,4.866077894990737,contractive,1,4.0,4.0
M9,cifar100,50,7f2c4cd40d05e333,U1,3,1.081161849520238,1e-05,51,1.0,nan,4.866077894990737,contractive,0,4.0,4.0
M9,cifar100,50,7f2c4cd40d05e333,U1,3,1.081161849520238,1e-05,58,1.0,nan,4.866077894990737,contractive,0,4.0,4.0
M9,cifar100,50,7f2c4cd40d05e333,U1,3,1.081161849520238,1e-05,65,1.0,nan,4.866077894990737,contractive,0,4.0,4.0
M9,cifar100,50,7f2c4cd40d05e333,U1,3,1.081161849520238,1e-05,74,1.0,nan,4.866077894990737,contractive,0,4.0,4.0
M9,cifar100,50,7f2c4cd40d05e333,U1,3,1.081161849520238,1e-05,84,1.0,nan,4.866077894990737,contractive,0,4.0,4.0
M9,cifar100,50,7f2c4cd40d05e333,U1,3,1.081161849520238,1e-05,95,1.0,nan,4.866077894990737,contractive,0,4.0,4.0
M9,cifar100,50,7f2c4cd40d05e333,U1,3,1.081161849520238,1e-05,107,1.0,nan,4.866077894990737,contractive,0,4.0,4.0
M9,cifar100,50,7f2c4cd40d05e333,U1,3,1.081161849520238,1e-05,121,1.0,nan,4.866077894990737,contractive,0,4.0,4.0
M9,cifar100,50,7f2c4cd40d05e333,U1,3,1.081161849520238,1e-05,138,1.0,nan,4.866077894990737,contractive,0,4.0,4.0
M9,cifar100,50,7f2c4cd40d05e333,U1,3,1.081161849520238,1e-05,156,1.0,nan,4.866077894990737,contractive,0,4.0,4.0
M9,cifar100,50,7f2c4cd40d05e333,U1,3,1.081161849520238,1e-05,176,1.0,nan,4.866077894990737,contractive,0,4.0,4.0
M9,cifar100,50,7f2c4cd40d05e333,U1,3,1.081161849520238,1e-05,199,1.0,nan,4.866077894990737,contractive,0,4.0,4.0
M9,cifar100,50,7f2c4cd40d05e333,U1,3,1.081161849520238,1e-05,226,1.0,nan,4.866077894990737,contractive,0,4.0,4.0
M9,cifar100,50,7f2c4cd40d05e333,U1,3,1.081161849520238,1e-05,256,1.0,nan,4.866077894990737,contractive,0,4.0,4.0
M9,cifar100,50,7f2c4cd40d05e333,U1,3,1.081161849520238,1e-05,289,1.0,nan,4.866077894990737,contractive,0,4.0,4.0
M9,cifar100,50,7f2c4cd40d05e333,U1,3,1.081161849520238,1e-05,328,1.0,nan,4.866077894990737,contractive,0,4.0,4.0
M9,cifar100,50,7f2c4cd40d05e333,U1,3,1.081161849520238,1e-05,371,1.0,nan,4.866077894990737,contractive,0,4.0,4.0
M9,cifar100,50,7f2c4cd40d05e333,U1,3,1.081161849520238,1e-05,420,1.0,nan,4.866077894990737,contractive,0,4.0,4.0
M9,cifar100,50,7f2c4cd40d05e333,U1,3,1.081161849520238,1e-05,475,1.0,nan,4.866077894990737,contractive,0,4.0,4.0
M9,cifar100,50,7f2c4cd40d05e333,U1,3,1.081161849520238,1e-05,538,1.0,nan,4.866077894990737,contractive,0,4.0,4.0
M9,cifar100,50,7f2c4cd40d05e333,U1,3,1.081161849520238,1e-05,609,1.0,nan,4.866077894990737,contractive,0,4.0,4.0
M9,cifar100,50,7f2c4cd40d05e333,U1,3,1.081161849520238,1e-05,689,1.0,nan,4.866077894990737,contractive,0,4.0,4.0
M9,cifar100,50,7f2c4cd40d05e333,U1,3,1.081161849520238,1e-05,780,1.0,nan,4.866077894990737,contractive,0,4.0,4.0
M9,cifar100,50,7f2c4cd40d05e333,U1,3,1.081161849520238,1e-05,883,1.0,nan,4.866077894990737,contractive,0,4.0,4.0
M9,cifar100,50,7f2c4cd40d05e333,U1,3,1.081161849520238,1e-05,1000,1.0,nan,4.866077894990737,contractive,0,4.0,4.0
M9,cifar100,50,7f2c4cd40d05e333,U2,3,1.081161849520238,1e-05,1,1.0,1.0,4.866077894990737,contractive,1,4.0,4.0
M9,cifar100,50,7f2c4cd40d05e333,U2,3,1.081161849520238,1e-05,2,1.0,1.0,4.866077894990737,contractive,1,4.0,4.0
M9,cifar100,50,7f2c4cd40d05e333,U2,3,1.081161849520238,1e-05,3,1.0,1.0,4.866077894990737,contractive,1,4.0,4.0
M9,cifar100,50,7f2c4cd40d05e333,U2,3,1.081161849520238,1e-05,4,1.0,1.0,4.866077894990737,contractive,1,4.0,4.0
M9,cifar100,50,7f2c4cd40d05e333,U2,3,1.081161849520238,1e-05,5,1.0,1.0,4.866077894990737,contractive,1,4.0,4.0
M9,cifar100,50,7f2c4cd40d05e333,U2,3,1.081161849520238,1e-05,6,1.0,1.0,4.866077894990737,contractive,1,4.0,4.0
M9,cifar100,50,7f2c4cd40d05e333,U2,3,1.081161849520238,1e-05,7,1.0,1.0,4.866077894990737,contractive,1,4.0,4.0
M9,cifar100,50,7f2c4cd40d05e333,U2,3,1.081161849520238,1e-05,8,1.0,1.0,4.866077894990737,contractive,1,4.0,4.0
M9,cifar100,50,7f2c4cd40d05e333,U2,3,1.081161849520238,1e-05,9,1.0,1.0,4.866077894990737,contractive,1,4.0,4.0
M9,cifar100,50,7f2c4cd40d05e333,U2,3,1.081161849520238,1e-05,10,1.0,1.0,4.866077894990737,contractive,1,4.0,4.0
M9,cifar100,50,7f2c4cd40d05e333,U2,3,1.081161849520238,1e-05,11,1.0,1.0,4.866077894990737,contractive,1,4.0,4.0
M9,cifar100,50,7f2c4cd40d05e333,U2,3,1.081161849520238,1e-05,12,1.0,1.0,4.866077894990737,contractive,1,4.0,4.0
M9,cifar100,50,7f2c4cd40d05e333,U2,3,1.081161849520238,1e-05,13,1.0,1.0,4.866077894990737,contractive,1,4.0,4.0
M9,cifar100,50,7f2c4cd40d05e333,U2,3,1.081161849520238,1e-05,14,1.0,1.0,4.866077894990737,contractive,1,4.0,4.0
M9,cifar100,50,7f2c4cd40d05e333,U2,3,1.081161849520238,1e-05,15,1.0,1.0,4.866077894990737,contractive,1,4.0,4.0
M9,cifar100,50,7f2c4cd40d05e333,U2,3,1.081161849520238,1e-05,16,1.0,1.0,4.866077894990737,contractive,1,4.0,4.0
M9,cifar100,50,7f2c4cd40d05e333,U2,3,1.081161849520238,1e-05,17,1.0,1.0,4.866077894990737,contractive,1,4.0,4.0
M9,cifar100,50,7f2c4cd40d05e333,U2,3,1.081161849520238,1e-05,18,1.0,1.0,4.866077894990737,contractive,1,4.0,4.0
M9,cifar100,50,7f2c4cd40d05e333,U2,3,1.081161849520238,1e-05,19,1.0,1.0,4.866077894990737,contractive,1,4.0,4.0
M9,cifar100,50,7f2c4cd40d05e333,U2,3,1.081161849520238,1e-05,20,1.0,1.0,4.866077894990737,contractive,1,4.0,4.0
M9,cifar100,50,7f2c4cd40d05e333,U2,3,1.081161849520238,1e-05,21,1.0,1.0,4.866077894990737,contractive,1,4.0,4.0
M9,cifar100,50,7f2c4cd40d05e333,U2,3,1.081161849520238,1e-05,22,1.0,1.0,4.866077894990737,contractive,1,4.0,4.0
M9,cifar100,50,7f2c4cd40d05e333,U2,3,1.081161849520238,1e-05,23,1.0,1.0,4.866077894990737,contractive,1,4.0,4.0
M9,cifar100,50,7f2c4cd40d05e333,U2,3,1.081161849520238,1e-05,24,1.0,1.0,4.866077894990737,contractive,1,4.0,4.0
M9,cifar100,50,7f2c4cd40d05e333,U2,3,1.081161849520238,1e-05,25,1.0,1.0,4.866077894990737,contractive,1,4.0,4.0
M9,cifar100,50,7f2c4cd40d05e333,U2,3,1.081161849520238,1e-05,26,1.0,1.0,4.866077894990737,contractive,1,4.0,4.0
M9,cifar100,50,7f2c4cd40d05e333,U2,3,1.081161849520238,1e-05,27,1.0,1.0,4.866077894990737,contractive,1,4.0,4.0
M9,cifar100,50,7f2c4cd40d05e333,U2,3,1.081161849520238,1e-05,28,1.0,1.0,4.866077894990737,contractive,1,4.0,4.0
M9,cifar100,50,7f2c4cd40d05e333,U2,3,1.081161849520238,1e-05,29,1.0,1.0,4.866077894990737,contractive,1,4.0,4.0
M9,cifar100,50,7f2c4cd40d05e333,U2,3,1.081161849520238,1e-05,30,1.0,1.0,4.866077894990737,contractive,1,4.0,4.0
M9,cifar100,50,7f2c4cd40d05e333,U2,3,1.081161849520238,1e-05,31,1.0,1.0,4.866077894990737,contractive,1,4.0,4.0
M9,cifar100,50,7f2c4cd40d05e333,U2,3,1.081161849520238,1e-05,32,1.0,1.0,4.866077894990737,contractive,1,4.0,4.0
M9,cifar100,50,7f2c4cd40d05e333,U2,3,1.081161849520238,1e-05,33,1.0,1.0,4.866077894990737,contractive,1,4.0,4.0
M9,cifar100,50,7f2c4cd40d05e333,U2,3,1.081161849520238,1e-05,34,1.0,1.0,4.866077894990737,contractive,1,4.0,4.0
M9,cifar100,50,7f2c4cd40d05e333,U2,3,1.081161849520238,1e-05,35,1.0,1.0,4.866077894990737,contractive,1,4.0,4.0
M9,cifar100,50,7f2c4cd40d05e333,U2,3,1.081161849520238,1e-05,36,1.0,1.0,4.866077894990737,contractive,1,4.0,4.0
M9,cifar100,50,7f2c4cd40d05e333,U2,3,1.081161849520238,1e-05,37,1.0,1.0,4.866077894990737,contractive,1,4.0,4.0
M9,cifar100,50,7f2c4cd40d05e333,U2,3,1.081161849520238,1e-05,38,1.0,1.0,4.866077894990737,contractive,1,4.0,4.0
M9,cifar100,50,7f2c4cd40d05e333,U2,3,1.081161849520238,1e-05,39,1.0,1.0,4.866077894990737,contractive,1,4.0,4.0
M9,cifar100,50,7f2c4cd40d05e333,U2,3,1.081161849520238,1e-05,40,1.0,1.0,4.866077894990737,contractive,1,4.0,4.0
M9,cifar100,50,7f2c4cd40d05e333,U2,3,1.081161849520238,1e-05,41,1.0,1.0,4.866077894990737,contractive,1,4.0,4.0
M9,cifar100,50,7f2c4cd40d05e333,U2,3,1.081161849520238,1e-05,42,1.0,1.0,4.866077894990737,contractive,1,4.0,4.0
M9,cifar100,50,7f2c4cd40d05e333,U2,3,1.081161849520238,1e-05,43,1.0,1.0,4.866077894990737,contractive,1,4.0,4.0
M9,cifar100,50,7f2c4cd40d05e333,U2,3,1.081161849520238,1e-05,44,1.0,1.0,4.866077894990737,contractive,1,4.0,4.0
M9,cifar100,50,7f2c4cd40d05e333,U2,3,1.081161849520238,1e-05,45,1.0,1.0,4.866077894990737,contractive,1,4.0,4.0
M9,cifar100,50,7f2c4cd40d05e333,U2,3,1.081161849520238,1e-05,46,1.0,1.0,4.866077894990737,contractive,1,4.0,4.0
M9,cifar100,50,7f2c4cd40d05e333,U2,3,1.081161849520238,1e-05,47,1.0,1.0,4.866077894990737,contractive,1,4.0,4.0
M9,cifar100,50,7f2c4cd40d05e333,U2,3,1.081161849520238,1e-05,48,1.0,1.0,4.866077894990737,contractive,1,4.0,4.0
M9,cifar100,50,7f2c4cd40d05e333,U2,3,1.081161849520238,1e-05,49,1.0,1.0,4.866077894990737,contractive,1,4.0,4.0
M9,cifar100,50,7f2c4cd40d05e333,U2,3,1.081161849520238,1e-05,50,1.0,1.0,4.866077894990737,contractive,1,4.0,4.0
M9,cifar100,50,7f2c4cd40d05e333,U2,3,1.081161849520238,1e-05,51,1.0,nan,4.866077894990737,contractive,0,4.0,4.0
M9,cifar100,50,7f2c4cd40d05e333,U2,3,1.081161849520238,1e-05,58,1.0,nan,4.866077894990737,contractive,0,4.0,4.0
M9,cifar100,50,7f2c4cd40d05e333,U2,3,1.081161849520238,1e-05,65,1.0,nan,4.866077894990737,contractive,0,4.0,4.0
M9,cifar100,50,7f2c4cd40d05e333,U2,3,1.081161849520238,1e-05,74,1.0,nan,4.866077894990737,contractive,0,4.0,4.0
M9,cifar100,50,7f2c4cd40d05e333,U2,3,1.081161849520238,1e-05,84,1.0,nan,4.866077894990737,contractive,0,4.0,4.0
M9,cifar100,50,7f2c4cd40d05e333,U2,3,1.081161849520238,1e-05,95,1.0,nan,4.866077894990737,contractive,0,4.0,4.0
M9,cifar100,50,7f2c4cd40d05e333,U2,3,1.081161849520238,1e-05,107,1.0,nan,4.866077894990737,contractive,0,4.0,4.0
M9,cifar100,50,7f2c4cd40d05e333,U2,3,1.081161849520238,1e-05,121,1.0,nan,4.866077894990737,contractive,0,4.0,4.0
M9,cifar100,50,7f2c4cd40d05e333,U2,3,1.081161849520238,1e-05,138,1.0,nan,4.866077894990737,contractive,0,4.0,4.0
M9,cifar100,50,7f2c4cd40d05e333,U2,3,1.081161849520238,1e-05,156,1.0,nan,4.866077894990737,contractive,0,4.0,4.0
M9,cifar100,50,7f2c4cd40d05e333,U2,3,1.081161849520238,1e-05,176,1.0,nan,4.866077894990737,contractive,0,4.0,4.0
M9,cifar100,50,7f2c4cd40d05e333,U2,3,1.081161849520238,1e-05,199,1.0,nan,4.866077894990737,contractive,0,4.0,4.0
M9,cifar100,50,7f2c4cd40d05e333,U2,3,1.081161849520238,1e-05,226,1.0,nan,4.866077894990737,contractive,0,4.0,4.0
M9,cifar100,50,7f2c4cd40d05e333,U2,3,1.081161849520238,1e-05,256,1.0,nan,4.866077894990737,contractive,0,4.0,4.0
M9,cifar100,50,7f2c4cd40d05e333,U2,3,1.081161849520238,1e-05,289,1.0,nan,4.866077894990737,contractive,0,4.0,4.0
M9,cifar100,50,7f2c4cd40d05e333,U2,3,1.081161849520238,1e-05,328,1.0,nan,4.866077894990737,contractive,0,4.0,4.0
M9,cifar100,50,7f2c4cd40d05e333,U2,3,1.081161849520238,1e-05,371,1.0,nan,4.866077894990737,contractive,0,4.0,4.0
M9,cifar100,50,7f2c4cd40d05e333,U2,3,1.081161849520238,1e-05,420,1.0,nan,4.866077894990737,contractive,0,4.0,4.0
M9,cifar100,50,7f2c4cd40d05e333,U2,3,1.081161849520238,1e-05,475,1.0,nan,4.866077894990737,contractive,0,4.0,4.0
M9,cifar100,50,7f2c4cd40d05e333,U2,3,1.081161849520238,1e-05,538,1.0,nan,4.866077894990737,contractive,0,4.0,4.0
M9,cifar100,50,7f2c4cd40d05e333,U2,3,1.081161849520238,1e-05,609,1.0,nan,4.866077894990737,contractive,0,4.0,4.0
M9,cifar100,50,7f2c4cd40d05e333,U2,3,1.081161849520238,1e-05,689,1.0,nan,4.866077894990737,contractive,0,4.0,4.0
M9,cifar100,50,7f2c4cd40d05e333,U2,3,1.081161849520238,1e-05,780,1.0,nan,4.866077894990737,contractive,0,4.0,4.0
M9,cifar100,50,7f2c4cd40d05e333,U2,3,1.081161849520238,1e-05,883,1.0,nan,4.866077894990737,contractive,0,4.0,4.0
M9,cifar100,50,7f2c4cd40d05e333,U2,3,1.081161849520238,1e-05,1000,1.0,nan,4.866077894990737,contractive,0,4.0,4.0
M9,cifar100,50,7f2c4cd40d05e333,U3,3,1.081161849520238,1e-05,1,1.0,1.0,4.866077894990737,contractive,1,4.0,4.0
M9,cifar100,50,7f2c4cd40d05e333,U3,3,1.081161849520238,1e-05,2,2.0,2.0,7.132208264742946,contractive,1,4.0,
M9,cifar100,50,7f2c4cd40d05e333,U3,3,1.081161849520238,1e-05,3,3.0,3.0,8.9706210934235,contractive,1,4.0,
M9,cifar100,50,7f2c4cd40d05e333,U3,3,1.081161849520238,1e-05,4,3.0,3.0,8.9706210934235,contractive,1,4.0,
M9,cifar100,50,7f2c4cd40d05e333,U3,3,1.081161849520238,1e-05,5,3.0,3.0,8.9706210934235,contractive,1,4.0,
M9,cifar100,50,7f2c4cd40d05e333,U3,3,1.081161849520238,1e-05,6,3.0,3.0,8.9706210934235,contractive,1,4.0,
M9,cifar100,50,7f2c4cd40d05e333,U3,3,1.081161849520238,1e-05,7,3.0,3.0,8.9706210934235,contractive,1,4.0,
M9,cifar100,50,7f2c4cd40d05e333,U3,3,1.081161849520238,1e-05,8,3.0,3.0,8.9706210934235,contractive,1,4.0,
M9,cifar100,50,7f2c4cd40d05e333,U3,3,1.081161849520238,1e-05,9,3.0,3.0,8.9706210934235,contractive,1,4.0,
M9,cifar100,50,7f2c4cd40d05e333,U3,3,1.081161849520238,1e-05,10,3.0,3.0,8.9706210934235,contractive,1,4.0,
M9,cifar100,50,7f2c4cd40d05e333,U3,3,1.081161849520238,1e-05,11,3.0,3.0,8.9706210934235,contractive,1,4.0,
M9,cifar100,50,7f2c4cd40d05e333,U3,3,1.081161849520238,1e-05,12,3.0,3.0,8.9706210934235,contractive,1,4.0,
M9,cifar100,50,7f2c4cd40d05e333,U3,3,1.081161849520238,1e-05,13,3.0,3.0,8.9706210934235,contractive,1,4.0,
M9,cifar100,50,7f2c4cd40d05e333,U3,3,1.081161849520238,1e-05,14,3.0,3.0,8.9706210934235,contractive,1,4.0,
M9,cifar100,50,7f2c4cd40d05e333,U3,3,1.081161849520238,1e-05,15,3.0,3.0,8.9706210934235,contractive,1,4.0,
M9,cifar100,50,7f2c4cd40d05e333,U3,3,1.081161849520238,1e-05,16,3.0,3.0,8.9706210934235,contractive,1,4.0,
M9,cifar100,50,7f2c4cd40d05e333,U3,3,1.081161849520238,1e-05,17,3.0,3.0,8.9706210934235,contractive,1,4.0,
M9,cifar100,50,7f2c4cd40d05e333,U3,3,1.081161849520238,1e-05,18,3.0,3.0,8.9706210934235,contractive,1,4.0,
M9,cifar100,50,7f2c4cd40d05e333,U3,3,1.081161849520238,1e-05,19,3.0,3.0,8.9706210934235,contractive,1,4.0,
M9,cifar100,50,7f2c4cd40d05e333,U3,3,1.081161849520238,1e-05,20,3.0,3.0,8.9706210934235,contractive,1,4.0,
M9,cifar100,50,7f2c4cd40d05e333,U3,3,1.081161849520238,1e-05,21,3.0,3.0,8.9706210934235,contractive,1,4.0,
M9,cifar100,50,7f2c4cd40d05e333,U3,3,1.081161849520238,1e-05,22,3.0,3.0,8.9706210934235,contractive,1,4.0,
M9,cifar100,50,7f2c4cd40d05e333,U3,3,1.081161849520238,1e-05,23,3.0,3.0,8.9706210934235,contractive,1,4.0,
M9,cifar100,50,7f2c4cd40d05e333,U3,3,1.081161849520238,1e-05,24,3.0,3.0,8.9706210934235,contractive,1,4.0,
M9,cifar100,50,7f2c4cd40d05e333,U3,3,1.081161849520238,1e-05,25,3.0,3.0,8.9706210934235,contractive,1,4.0,
M9,cifar100,50,7f2c4cd40d05e333,U3,3,1.081161849520238,1e-05,26,3.0,3.0,8.9706210934235,contractive,1,4.0,
M9,cifar100,50,7f2c4cd40d05e333,U3,3,1.081161849520238,1e-05,27,3.0,3.0,8.9706210934235,contractive,1,4.0,
M9,cifar100,50,7f2c4cd40d05e333,U3,3,1.081161849520238,1e-05,28,3.0,3.0,8.9706210934235,contractive,1,4.0,
M9,cifar100,50,7f2c4cd40d05e333,U3,3,1.081161849520238,1e-05,29,3.0,3.0,8.9706210934235,contractive,1,4.0,
M9,cifar100,50,7f2c4cd40d05e333,U3,3,1.081161849520238,1e-05,30,3.0,3.0,8.9706210934235,contractive,1,4.0,
M9,cifar100,50,7f2c4cd40d05e333,U3,3,1.081161849520238,1e-05,31,3.0,3.0,8.9706210934235,contractive,1,4.0,
M9,cifar100,50,7f2c4cd40d05e333,U3,3,1.081161849520238,1e-05,32,3.0,3.0,8.9706210934235,contractive,1,4.0,
M9,cifar100,50,7f2c4cd40d05e333,U3,3,1.081161849520238,1e-05,33,3.0,3.0,8.9706210934235,contractive,1,4.0,
M9,cifar100,50,7f2c4cd40d05e333,U3,3,1.081161849520238,1e-05,34,3.0,3.0,8.9706210934235,contractive,1,4.0,
M9,cifar100,50,7f2c4cd40d05e333,U3,3,1.081161849520238,1e-05,35,3.0,3.0,8.9706210934235,contractive,1,4.0,
M9,cifar100,50,7f2c4cd40d05e333,U3,3,1.081161849520238,1e-05,36,3.0,3.0,8.9706210934235,contractive,1,4.0,
M9,cifar100,50,7f2c4cd40d05e333,U3,3,1.081161849520238,1e-05,37,3.0,3.0,8.9706210934235,contractive,1,4.0,
M9,cifar100,50,7f2c4cd40d05e333,U3,3,1.081161849520238,1e-05,38,3.0,3.0,8.9706210934235,contractive,1,4.0,
M9,cifar100,50,7f2c4cd40d05e333,U3,3,1.081161849520238,1e-05,39,3.0,3.0,8.9706210934235,contractive,1,4.0,
M9,cifar100,50,7f2c4cd40d05e333,U3,3,1.081161849520238,1e-05,40,3.0,3.0,8.9706210934235,contractive,1,4.0,
M9,cifar100,50,7f2c4cd40d05e333,U3,3,1.081161849520238,1e-05,41,3.0,3.0,8.9706210934235,contractive,1,4.0,
M9,cifar100,50,7f2c4cd40d05e333,U3,3,1.081161849520238,1e-05,42,3.0,3.0,8.9706210934235,contractive,1,4.0,
M9,cifar100,50,7f2c4cd40d05e333,U3,3,1.081161849520238,1e-05,43,3.0,3.0,8.9706210934235,contractive,1,4.0,
M9,cifar100,50,7f2c4cd40d05e333,U3,3,1.081161849520238,1e-05,44,3.0,3.0,8.9706210934235,contractive,1,4.0,
M9,cifar100,50,7f2c4cd40d05e333,U3,3,1.081161849520238,1e-05,45,3.0,3.0,8.9706210934235,contractive,1,4.0,
M9,cifar100,50,7f2c4cd40d05e333,U3,3,1.081161849520238,1e-05,46,3.0,3.0,8.9706210934235,contractive,1,4.0,
M9,cifar100,50,7f2c4cd40d05e333,U3,3,1.081161849520238,1e-05,47,3.0,3.0,8.9706210934235,contractive,1,4.0,
M9,cifar100,50,7f2c4cd40d05e333,U3,3,1.081161849520238,1e-05,48,3.0,3.0,8.9706210934235,contractive,1,4.0,
M9,cifar100,50,7f2c4cd40d05e333,U3,3,1.081161849520238,1e-05,49,3.0,3.0,8.9706210934235,contractive,1,4.0,
M9,cifar100,50,7f2c4cd40d05e333,U3,3,1.081161849520238,1e-05,50,3.0,3.0,8.9706210934235,contractive,1,4.0,
M9,cifar100,50,7f2c4cd40d05e333,U3,3,1.081161849520238,1e-05,51,3.0,nan,8.9706210934235,contractive,0,4.0,
M9,cifar100,50,7f2c4cd40d05e333,U3,3,1.081161849520238,1e-05,58,3.0,nan,8.9706210934235,contractive,0,4.0,
M9,cifar100,50,7f2c4cd40d05e333,U3,3,1.081161849520238,1e-05,65,3.0,nan,8.9706210934235,contractive,0,4.0,
M9,cifar100,50,7f2c4cd40d05e333,U3,3,1.081161849520238,1e-05,74,3.0,nan,8.9706210934235,contractive,0,4.0,
M9,cifar100,50,7f2c4cd40d05e333,U3,3,1.081161849520238,1e-05,84,3.0,nan,8.9706210934235,contractive,0,4.0,
M9,cifar100,50,7f2c4cd40d05e333,U3,3,1.081161849520238,1e-05,95,3.0,nan,8.9706210934235,contractive,0,4.0,
M9,cifar100,50,7f2c4cd40d05e333,U3,3,1.081161849520238,1e-05,107,3.0,nan,8.9706210934235,contractive,0,4.0,
M9,cifar100,50,7f2c4cd40d05e333,U3,3,1.081161849520238,1e-05,121,3.0,nan,8.9706210934235,contractive,0,4.0,
M9,cifar100,50,7f2c4cd40d05e333,U3,3,1.081161849520238,1e-05,138,3.0,nan,8.9706210934235,contractive,0,4.0,
M9,cifar100,50,7f2c4cd40d05e333,U3,3,1.081161849520238,1e-05,156,3.0,nan,8.9706210934235,contractive,0,4.0,
M9,cifar100,50,7f2c4cd40d05e333,U3,3,1.081161849520238,1e-05,176,3.0,nan,8.9706210934235,contractive,0,4.0,
M9,cifar100,50,7f2c4cd40d05e333,U3,3,1.081161849520238,1e-05,199,3.0,nan,8.9706210934235,contractive,0,4.0,
M9,cifar100,50,7f2c4cd40d05e333,U3,3,1.081161849520238,1e-05,226,3.0,nan,8.9706210934235,contractive,0,4.0,
M9,cifar100,50,7f2c4cd40d05e333,U3,3,1.081161849520238,1e-05,256,3.0,nan,8.9706210934235,contractive,0,4.0,
M9,cifar100,50,7f2c4cd40d05e333,U3,3,1.081161849520238,1e-05,289,3.0,nan,8.9706210934235,contractive,0,4.0,
M9,cifar100,50,7f2c4cd40d05e333,U3,3,1.081161849520238,1e-05,328,3.0,nan,8.9706210934235,contractive,0,4.0,
M9,cifar100,50,7f2c4cd40d05e333,U3,3,1.081161849520238,1e-05,371,3.0,nan,8.9706210934235,contractive,0,4.0,
M9,cifar100,50,7f2c4cd40d05e333,U3,3,1.081161849520238,1e-05,420,3.0,nan,8.9706210934235,contractive,0,4.0,
M9,cifar100,50,7f2c4cd40d05e333,U3,3,1.081161849520238,1e-05,475,3.0,nan,8.9706210934235,contractive,0,4.0,
M9,cifar100,50,7f2c4cd40d05e333,U3,3,1.081161849520238,1e-05,538,3.0,nan,8.9706210934235,contractive,0,4.0,
M9,cifar100,50,7f2c4cd40d05e333,U3,3,1.081161849520238,1e-05,609,3.0,nan,8.9706210934235,contractive,0,4.0,
M9,cifar100,50,7f2c4cd40d05e333,U3,3,1.081161849520238,1e-05,689,3.0,nan,8.9706210934235,contractive,0,4.0,
M9,cifar100,50,7f2c4cd40d05e333,U3,3,1.081161849520238,1e-05,780,3.0,nan,8.9706210934235,contractive,0,4.0,
M9,cifar100,50,7f2c4cd40d05e333,U3,3,1.081161849520238,1e-05,883,3.0,nan,8.9706210934235,contractive,0,4.0,
M9,cifar100,50,7f2c4cd40d05e333,U3,3,1.081161849520238,1e-05,1000,3.0,nan,8.9706210934235,contractive,0,4.0,
M9,cifar100,50,7f2c4cd40d05e333,U4,3,1.081161849520238,1e-05,1,1.0,1.0,4.866077894990737,accumulating,1,4.0,4.0
M9,cifar100,50,7f2c4cd40d05e333,U4,3,1.081161849520238,1e-05,2,2.0,2.0,7.132208264742946,accumulating,1,4.0,
M9,cifar100,50,7f2c4cd40d05e333,U4,3,1.081161849520238,1e-05,3,3.0,3.0,8.9706210934235,accumulating,1,4.0,
M9,cifar100,50,7f2c4cd40d05e333,U4,3,1.081161849520238,1e-05,4,4.0,4.0,10.587657303660396,accumulating,1,4.0,
M9,cifar100,50,7f2c4cd40d05e333,U4,3,1.081161849520238,1e-05,5,5.0,5.0,12.063129477974364,accumulating,1,4.0,
M9,cifar100,50,7f2c4cd40d05e333,U4,3,1.081161849520238,1e-05,6,6.0,6.0,13.438354706951618,accumulating,1,4.0,
M9,cifar100,50,7f2c4cd40d05e333,U4,3,1.081161849520238,1e-05,7,7.0,7.0,14.736996942610421,accumulating,1,4.0,
M9,cifar100,50,7f2c4cd40d05e333,U4,3,1.081161849520238,1e-05,8,8.0,8.0,15.975967322831043,accumulating,1,4.0,
M9,cifar100,50,7f2c4cd40d05e333,U4,3,1.081161849520238,1e-05,9,9.0,9.0,17.164667472649754,accumulating,1,4.0,
M9,cifar100,50,7f2c4cd40d05e333,U4,3,1.081161849520238,1e-05,10,10.0,10.0,18.31268547240033,accumulating,1,4.0,
M9,cifar100,50,7f2c4cd40d05e333,U4,3,1.081161849520238,1e-05,11,11.0,11.0,19.42644073848519,accumulating,1,4.0,
M9,cifar100,50,7f2c4cd40d05e333,U4,3,1.081161849520238,1e-05,12,12.0,12.0,20.507756295822677,accumulating,1,4.0,
M9,cifar100,50,7f2c4cd40d05e333,U4,3,1.081161849520238,1e-05,13,13.0,13.0,21.564337973138546,accumulating,1,4.0,
M9,cifar100,50,7f2c4cd40d05e333,U4,3,1.081161849520238,1e-05,14,14.0,14.0,22.59708088503436,accumulating,1,4.0,
M9,cifar100,50,7f2c4cd40d05e333,U4,3,1.081161849520238,1e-05,15,15.0,15.0,23.60754473633196,accumulating,1,4.0,
M9,cifar100,50,7f2c4cd40d05e333,U4,3,1.081161849520238,1e-05,16,16.0,16.0,24.599811858599757,accumulating,1,4.0,
M9,cifar100,50,7f2c4cd40d05e333,U4,3,1.081161849520238,1e-05,17,17.0,17.0,25.572907641953847,accumulating,1,4.0,
M9,cifar100,50,7f2c4cd40d05e333,U4,3,1.081161849520238,1e-05,18,18.0,18.0,26.529907983984163,accumulating,1,4.0,
M9,cifar100,50,7f2c4cd40d05e333,U4,3,1.081161849520238,1e-05,19,19.0,19.0,27.473563152931874,accumulating,1,4.0,
M9,cifar100,50,7f2c4cd40d05e333,U4,3,1.081161849520238,1e-05,20,20.0,20.0,28.406882819960778,accumulating,1,4.0,
M9,cifar100,50,7f2c4cd40d05e333,U4,3,1.081161849520238,1e-05,21,21.0,21.0,29.32200684815802,accumulating,1,4.0,
M9,cifar100,50,7f2c4cd40d05e333,U4,3,1.081161849520238,1e-05,22,22.0,22.0,30.229173793715894,accumulating,1,4.0,
M9,cifar100,50,7f2c4cd40d05e333,U4,3,1.081161849520238,1e-05,23,23.0,23.0,31.12497390352751,accumulating,1,4.0,
M9,cifar100,50,7f2c4cd40d05e333,U4,3,1.081161849520238,1e-05,24,24.0,24.0,32.01009887363135,accumulating,1,4.0,
M9,cifar100,50,7f2c4cd40d05e333,U4,3,1.081161849520238,1e-05,25,25.0,25.0,32.88657506505735,accumulating,1,4.0,
M9,cifar100,50,7f2c4cd40d05e333,U4,3,1.081161849520238,1e-05,26,26.0,26.0,33.75450876881554,accumulating,1,4.0,
M9,cifar100,50,7f2c4cd40d05e333,U4,3,1.081161849520238,1e-05,27,27.0,27.0,34.611661041855925,accumulating,1,4.0,
M9,cifar100,50,7f2c4cd40d05e333,U4,3,1.081161849520238,1e-05,28,28.0,28.0,35.4681684954297,accumulating,1,4.0,
M9,cifar100,50,7f2c4cd40d05e333,U4,3,1.081161849520238,1e-05,29,29.0,29.0,36.30599685008447,accumulating,1,4.0,
M9,cifar100,50,7f2c4cd40d05e333,U4,3,1.081161849520238,1e-05,30,30.0,30.0,37.14382520473923,accumulating,1,4.0,
M9,cifar100,50,7f2c4cd40d05e333,U4,3,1.081161849520238,1e-05,31,31.0,31.0,37.97648788755972,accumulating,1,4.0,
M9,cifar100,50,7f2c4cd40d05e333,U4,3,1.081161849520238,1e-05,32,32.0,32.0,38.794992323828865,accumulating,1,4.0,
M9,cifar100,50,7f2c4cd40d05e333,U4,3,1.081161849520238,1e-05,33,33.0,33.0,39.61349676009801,accumulating,1,4.0,
M9,cifar100,50,7f2c4cd40d05e333,U4,3,1.081161849520238,1e-05,34,34.0,34.0,40.430657096055405,accumulating,1,4.0,
M9,cifar100,50,7f2c4cd40d05e333,U4,3,1.081161849520238,1e-05,35,35.0,35.0,41.22983761393893,accumulating,1,4.0,
M9,cifar100,50,7f2c4cd40d05e333,U4,3,1.081161849520238,1e-05,36,36.0,36.0,42.02901813182246,accumulating,1,4.0,
M9,cifar100,50,7f2c4cd40d05e333,U4,3,1.081161849520238,1e-05,37,37.0,37.0,42.82819864970599,accumulating,1,4.0,
M9,cifar100,50,7f2c4cd40d05e333,U4,3,1.081161849520238,1e-05,38,38.0,38.0,43.62070649503491,accumulating,1,4.0,
M9,cifar100,50,7f2c4cd40d05e333,U4,3,1.081161849520238,1e-05,39,39.0,39.0,44.400563094532814,accumulating,1,4.0,
M9,cifar100,50,7f2c4cd40d05e333,U4,3,1.081161849520238,1e-05,40,40.0,40.0,45.180419694030725,accumulating,1,4.0,
M9,cifar100,50,7f2c4cd40d05e333,U4,3,1.081161849520238,1e-05,41,41.0,41.0,45.96027629352863,accumulating,1,4.0,
M9,cifar100,50,7f2c4cd40d05e333,U4,3,1.081161849520238,1e-05,42,42.0,42.0,46.74013289302654,accumulating,1,4.0,
M9,cifar100,50,7f2c4cd40d05e333,U4,3,1.081161849520238,1e-05,43,43.0,43.0,47.50120116387212,accumulating,1,4.0,
M9,cifar100,50,7f2c4cd40d05e333,U4,3,1.081161849520238,1e-05,44,44.0,44.0,48.26173384498441,accumulating,1,4.0,
M9,cifar100,50,7f2c4cd40d05e333,U4,3,1.081161849520238,1e-05,45,45.0,45.0,49.0222665260967,accumulating,1,4.0,
M9,cifar100,50,7f2c4cd40d05e333,U4,3,1.081161849520238,1e-05,46,46.0,46.0,49.782799207208996,accumulating,1,4.0,
M9,cifar100,50,7f2c4cd40d05e333,U4,3,1.081161849520238,1e-05,47,47.0,47.0,50.54333188832128,accumulating,1,4.0,
M9,cifar100,50,7f2c4cd40d05e333,U4,3,1.081161849520238,1e-05,48,48.0,48.0,51.28858885835386,accumulating,1,4.0,
M9,cifar100,50,7f2c4cd40d05e333,U4,3,1.081161849520238,1e-05,49,49.0,49.0,52.02979762108053,accumulating,1,4.0,
M9,cifar100,50,7f2c4cd40d05e333,U4,3,1.081161849520238,1e-05,50,50.0,50.0,52.771006383807205,accumulating,1,4.0,
M9,cifar100,50,7f2c4cd40d05e333,U4,3,1.081161849520238,1e-05,51,51.0,nan,53.512215146533876,accumulating,0,4.0,
M9,cifar100,50,7f2c4cd40d05e333,U4,3,1.081161849520238,1e-05,58,58.0,nan,58.6120290069249,accumulating,0,4.0,
M9,cifar100,50,7f2c4cd40d05e333,U4,3,1.081161849520238,1e-05,65,65.0,nan,63.58646149745977,accumulating,0,4.0,
M9,cifar100,50,7f2c4cd40d05e333,U4,3,1.081161849520238,1e-05,74,74.0,nan,69.83492277292999,accumulating,0,4.0,
M9,cifar100,50,7f2c4cd40d05e333,U4,3,1.081161849520238,1e-05,84,84.0,nan,76.62127223679967,accumulating,0,4.0,
M9,cifar100,50,7f2c4cd40d05e333,U4,3,1.081161849520238,1e-05,95,95.0,nan,83.92431621782585,accumulating,0,4.0,
M9,cifar100,50,7f2c4cd40d05e333,U4,3,1.081161849520238,1e-05,107,107.0,nan,91.6819073294635,accumulating,0,4.0,
M9,cifar100,50,7f2c4cd40d05e333,U4,3,1.081161849520238,1e-05,121,121.0,nan,100.58986480444607,accumulating,0,4.0,
M9,cifar100,50,7f2c4cd40d05e333,U4,3,1.081161849520238,1e-05,138,138.0,nan,111.21937409546642,accumulating,0,4.0,
M9,cifar100,50,7f2c4cd40d05e333,U4,3,1.081161849520238,1e-05,156,156.0,nan,122.16342431488891,accumulating,0,4.0,
M9,cifar100,50,7f2c4cd40d05e333,U4,3,1.081161849520238,1e-05,176,176.0,nan,134.2428002839012,accumulating,0,4.0,
M9,cifar100,50,7f2c4cd40d05e333,U4,3,1.081161849520238,1e-05,199,199.0,nan,147.73500084366088,accumulating,0,4.0,
M9,cifar100,50,7f2c4cd40d05e333,U4,3,1.081161849520238,1e-05,226,226.0,nan,163.49902920195458,accumulating,0,4.0,
M9,cifar100,50,7f2c4cd40d05e333,U4,3,1.081161849520238,1e-05,256,256.0,nan,180.5178341196378,accumulating,0,4.0,
M9,cifar100,50,7f2c4cd40d05e333,U4,3,1.081161849520238,1e-05,289,289.0,nan,199.23851952908933,accumulating,0,4.0,
M9,cifar100,50,7f2c4cd40d05e333,U4,3,1.081161849520238,1e-05,328,328.0,nan,220.69722886986122,accumulating,0,4.0,
M9,cifar100,50,7f2c4cd40d05e333,U4,3,1.081161849520238,1e-05,371,371.0,nan,244.25992076129222,accumulating,0,4.0,
M9,cifar100,50,7f2c4cd40d05e333,U4,3,1.081161849520238,1e-05,420,420.0,nan,270.83970248948,accumulating,0,4.0,
M9,cifar100,50,7f2c4cd40d05e333,U4,3,1.081161849520238,1e-05,475,475.0,nan,299.9152138161478,accumulating,0,4.0,
M9,cifar100,50,7f2c4cd40d05e333,U4,3,1.081161849520238,1e-05,538,538.0,nan,333.2198904266946,accumulating,0,4.0,
M9,cifar100,50,7f2c4cd40d05e333,U4,3,1.081161849520238,1e-05,609,609.0,nan,370.5477490419772,accumulating,0,4.0,
M9,cifar100,50,7f2c4cd40d05e333,U4,3,1.081161849520238,1e-05,689,689.0,nan,411.29348840991736,accumulating,0,4.0,
M9,cifar100,50,7f2c4cd40d05e333,U4,3,1.081161849520238,1e-05,780,780.0,nan,457.64176694094925,accumulating,0,4.0,
M9,cifar100,50,7f2c4cd40d05e333,U4,3,1.081161849520238,1e-05,883,883.0,nan,510.10190637717216,accumulating,0,4.0,
M9,cifar100,50,7f2c4cd40d05e333,U4,3,1.081161849520238,1e-05,1000,1000.0,nan,569.1094317084218,accumulating,0,4.0,
