dataset,method,family,view,ablation,elapsed,auc,auc_ci_lo,auc_ci_hi,tpr1,tpr1_ci_lo,tpr1_ci_hi,tpr01,tpr01_ci_lo,tpr01_ci_hi,n_seeds,n_shadows
cifar100,m0_fedavg,F1,full,trajectory,0,0.5589926998619308,0.5541085495576412,0.5637617253175121,0.027859653239091012,0.024389371131439457,0.03138343278210707,0.0066429105626677224,0.004646122976128355,0.00919302782422575,5,"n/a (per-seed, see a1_lira_pertask_*)"
cifar100,m0_fedavg,F1,full,trajectory,1,0.5673658469909785,0.5626069638831168,0.5721050776913242,0.02869796020119367,0.025059893066144565,0.03244444312244488,0.00676266870011096,0.004718605248713493,0.009396350579139883,5,"n/a (per-seed, see a1_lira_pertask_*)"
cifar100,m0_fedavg,F1,full,trajectory,2,0.5686732326196423,0.5639598567710065,0.5735995471228315,0.02803562437982393,0.024377754876823168,0.031997874975149665,0.006195650579971551,0.0039971094340471094,0.00885925973149869,5,"n/a (per-seed, see a1_lira_pertask_*)"
cifar100,m0_fedavg,F1,full,trajectory,3,0.567930525832158,0.5631536362844107,0.5730313689839499,0.02736351238396903,0.02397032200826129,0.030981750158209462,0.005904809389037976,0.003728774686400816,0.008507107492123129,5,"n/a (per-seed, see a1_lira_pertask_*)"
cifar100,m0_fedavg,F1,full,trajectory,4,0.5662962922070873,0.5613709138086876,0.571494011689712,0.026378562804588935,0.02288520857175336,0.030232014853315555,0.005552867107572136,0.0034428029948370942,0.008005245085162262,5,"n/a (per-seed, see a1_lira_pertask_*)"
cifar100,m0_fedavg,F1,full,trajectory,5,0.5646561672634154,0.5595295056141102,0.5700390110268314,0.02599484795604632,0.022454929341881393,0.03012529696173515,0.005301130614579209,0.003151322778747799,0.007748689853741548,5,"n/a (per-seed, see a1_lira_pertask_*)"
cifar100,m0_fedavg,F1,full,trajectory,6,0.5631560433536443,0.5579274316355016,0.5687910326594868,0.025530479668001115,0.021900755103694027,0.029757798615553624,0.005051838165207573,0.0029931393765051653,0.007599204592550182,5,"n/a (per-seed, see a1_lira_pertask_*)"
cifar100,m0_fedavg,F1,full,last_round,0,0.5589926998619308,0.5541085495576412,0.5637617253175121,0.027859653239091012,0.024389371131439457,0.03138343278210707,0.0066429105626677224,0.004646122976128355,0.00919302782422575,5,"n/a (per-seed, see a1_lira_pertask_*)"
cifar100,m0_fedavg,F1,full,last_round,1,0.5330727331989735,0.5296358765643316,0.5370133116035471,0.019862742510228324,0.017820998114794467,0.022330298365736762,0.00375893908954487,0.0023609623778862556,0.005346288833613225,5,"n/a (per-seed, see a1_lira_pertask_*)"
cifar100,m0_fedavg,F1,full,last_round,2,0.53054495657118,0.5267568594632916,0.5348345587724761,0.018833800145665,0.01656352024379511,0.021593207198164505,0.003568303687084207,0.0023461044702000294,0.005009363981682379,5,"n/a (per-seed, see a1_lira_pertask_*)"
cifar100,m0_fedavg,F1,full,last_round,3,0.5303053524497414,0.5265010719825411,0.5343711811836437,0.0184451972098798,0.01636493931000939,0.020655277899305945,0.003301902932363537,0.0022713204699604814,0.004539054028642486,5,"n/a (per-seed, see a1_lira_pertask_*)"
cifar100,m0_fedavg,F1,full,last_round,4,0.5304397962395567,0.5269038636627934,0.5343706782627005,0.018398760381075283,0.01622405202786903,0.02093713132932829,0.0035218668582796867,0.002232164009235188,0.005069371692536039,5,"n/a (per-seed, see a1_lira_pertask_*)"
cifar100,m0_fedavg,F1,full,last_round,5,0.5304682119543858,0.5263782698340466,0.535578161704974,0.019212626906965034,0.016370594230486098,0.022130015424444784,0.0034900942912029095,0.0021426444327146995,0.004990613072097986,5,"n/a (per-seed, see a1_lira_pertask_*)"
cifar100,m0_fedavg,F1,full,last_round,6,0.5304357864329698,0.5271604400311924,0.5341202693176598,0.019153969860054063,0.016636509667279906,0.02194447020986022,0.003600076254160984,0.0022467288755989396,0.005280310510758535,5,"n/a (per-seed, see a1_lira_pertask_*)"
cifar100,m1_glfc,F1,full,trajectory,0,0.560898565648009,0.55256488482556,0.5700404598204596,0.030235363150345546,0.024975430487241598,0.036079868717535324,0.008394184378667362,0.005388451434151706,0.012379898568876693,3,"n/a (per-seed, see a1_lira_pertask_*)"
cifar100,m1_glfc,F1,full,trajectory,1,0.5723990053084308,0.5642578972051019,0.5815093897064223,0.034000521580388576,0.02878172314204003,0.04189705149366498,0.00899726170295997,0.005872630878799662,0.013521806990847911,3,"n/a (per-seed, see a1_lira_pertask_*)"
cifar100,m1_glfc,F1,full,trajectory,2,0.5800123422804799,0.5720349382106066,0.5888014583506861,0.037455991654713784,0.031874466667304355,0.04510544457823324,0.01157256487156083,0.007485049265840409,0.01678277376089554,3,"n/a (per-seed, see a1_lira_pertask_*)"
cifar100,m1_glfc,F1,full,trajectory,3,0.5874931618613835,0.5787075821082606,0.5966227642900257,0.04226431086191159,0.03591743409919024,0.049006693300755334,0.013789281523014734,0.00927389339271001,0.019588744462243648,3,"n/a (per-seed, see a1_lira_pertask_*)"
cifar100,m1_glfc,F1,full,trajectory,4,0.5938646057268355,0.5846887754215979,0.603313006117159,0.046567349067675054,0.04019106415087381,0.05311487888790347,0.015843004303038206,0.011046723334461073,0.021837366959084566,3,"n/a (per-seed, see a1_lira_pertask_*)"
cifar100,m1_glfc,F1,full,trajectory,5,0.5986507557263939,0.5893454452065827,0.6081855616934743,0.05008801669057243,0.04318202204417946,0.05806403082671473,0.017733733211631242,0.012695518187159404,0.02354315380042544,3,"n/a (per-seed, see a1_lira_pertask_*)"
cifar100,m1_glfc,F1,full,trajectory,6,0.602965945499655,0.5938356599779734,0.6126177496680286,0.05285891250488982,0.04526300316866993,0.06165783283835772,0.0193310731516495,0.014023349589387635,0.025622300864235403,3,"n/a (per-seed, see a1_lira_pertask_*)"
cifar100,m1_glfc,F1,full,last_round,0,0.560898565648009,0.55256488482556,0.5700404598204596,0.030235363150345546,0.024975430487241598,0.036079868717535324,0.008394184378667362,0.005388451434151706,0.012379898568876693,3,"n/a (per-seed, see a1_lira_pertask_*)"
cifar100,m1_glfc,F1,full,last_round,1,0.5723026594533552,0.5644371590882303,0.581149948057396,0.0350599817446864,0.0295155892662018,0.04171504814023617,0.009681835962967792,0.006485794027935597,0.014426434521293724,3,"n/a (per-seed, see a1_lira_pertask_*)"
cifar100,m1_glfc,F1,full,last_round,2,0.5820116635292426,0.5738648101856499,0.5904384118623097,0.03962381014473856,0.0339865850930683,0.04599106197849201,0.01295801277871952,0.008560178655904074,0.018513751018023855,3,"n/a (per-seed, see a1_lira_pertask_*)"
cifar100,m1_glfc,F1,full,last_round,3,0.5906641451272219,0.5810314771339827,0.6004172673535542,0.04591537358195332,0.039536675489284946,0.052762651968427575,0.015663711044464727,0.011143210302553531,0.0209369018195603,3,"n/a (per-seed, see a1_lira_pertask_*)"
cifar100,m1_glfc,F1,full,last_round,4,0.5973801068183912,0.5878524651851162,0.6073317568414119,0.05145716521058808,0.044037031423631696,0.059230496201423066,0.01866279827878472,0.01322981769344594,0.02429087234381646,3,"n/a (per-seed, see a1_lira_pertask_*)"
cifar100,m1_glfc,F1,full,last_round,5,0.6012252818397973,0.5911790361055076,0.6115681539289207,0.05445625244490807,0.04638641677251266,0.0632366782836403,0.020651323510236016,0.015169722195233161,0.02730298241037168,3,"n/a (per-seed, see a1_lira_pertask_*)"
cifar100,m1_glfc,F1,full,last_round,6,0.606307530057542,0.5969193051159642,0.6165484989283371,0.057634632937801536,0.04944057231526651,0.066513945167544,0.022998435258834268,0.0168146606229252,0.029962108140691678,3,"n/a (per-seed, see a1_lira_pertask_*)"
cifar100,m2_target,F1,full,trajectory,0,0.5680496303472174,0.561515659868924,0.5755842890361784,0.030799720593252002,0.025495795791784622,0.037366350839896416,0.007748663883428906,0.004303740000831339,0.013149564251537934,3,"n/a (per-seed, see a1_lira_pertask_*)"
cifar100,m2_target,F1,full,trajectory,1,0.5876858234475117,0.5808498645363811,0.5953418395349899,0.03507204470507968,0.02945404205538916,0.04110004795337244,0.008593381958771261,0.005078608403158775,0.01410299258832595,3,"n/a (per-seed, see a1_lira_pertask_*)"
cifar100,m2_target,F1,full,trajectory,2,0.5996106577420053,0.5919884571952646,0.608361984404289,0.03689143748274014,0.03121953095403804,0.043921174519687835,0.01007163859062038,0.006156817759279199,0.015718456526492855,3,"n/a (per-seed, see a1_lira_pertask_*)"
cifar100,m2_target,F1,full,trajectory,3,0.607528346832223,0.6003458217843616,0.6155147217413376,0.04002664110853003,0.03401902556490758,0.046219152927775335,0.010997579557822577,0.0065735876936111005,0.016913620986130844,3,"n/a (per-seed, see a1_lira_pertask_*)"
cifar100,m2_target,F1,full,trajectory,4,0.6135775887007962,0.6066227960456159,0.6213641657242275,0.04178105557270261,0.03606789896560794,0.04759139196015589,0.011647362692701311,0.006895838576995751,0.017227851402062,3,"n/a (per-seed, see a1_lira_pertask_*)"
cifar100,m2_target,F1,full,trajectory,5,0.6179170694611194,0.6109764505903975,0.6255134909410199,0.043324290518039606,0.037429709018092124,0.0495755024159022,0.011842297633164932,0.007385744138751921,0.017726181512259558,3,"n/a (per-seed, see a1_lira_pertask_*)"
cifar100,m2_target,F1,full,trajectory,6,0.6224472326627846,0.6153450139816291,0.629964521187311,0.045176172452444,0.03907430048739271,0.05220200050967175,0.012102210887116424,0.007716020157836201,0.018134654633318627,3,"n/a (per-seed, see a1_lira_pertask_*)"
cifar100,m2_target,F1,full,last_round,0,0.5680496303472174,0.561515659868924,0.5755842890361784,0.030799720593252002,0.025495795791784622,0.037366350839896416,0.007748663883428906,0.004303740000831339,0.013149564251537934,3,"n/a (per-seed, see a1_lira_pertask_*)"
cifar100,m2_target,F1,full,last_round,1,0.5817966895985925,0.5752718570861662,0.5890001988372372,0.031871862765801916,0.026822733501309245,0.03866714071908516,0.007488750629477412,0.0038943213671124256,0.012480261083138716,3,"n/a (per-seed, see a1_lira_pertask_*)"
cifar100,m2_target,F1,full,last_round,2,0.5918144731591463,0.5840629294973243,0.6009839326116756,0.03359378807323056,0.027582501212844644,0.041836327305243434,0.008333468704819767,0.004110539020092187,0.013625726752725324,3,"n/a (per-seed, see a1_lira_pertask_*)"
cifar100,m2_target,F1,full,last_round,3,0.6007272467794424,0.5941481051280317,0.6078359792590461,0.03697266037459998,0.031223223202441107,0.04351403883648975,0.008869539791094722,0.00549585643160973,0.013664402812749402,3,"n/a (per-seed, see a1_lira_pertask_*)"
cifar100,m2_target,F1,full,last_round,4,0.6064759574705024,0.5999038067888195,0.613492436157311,0.039181923033187675,0.033127767790831236,0.04576594024015095,0.010331551844571874,0.00702871965243681,0.013856867493662009,3,"n/a (per-seed, see a1_lira_pertask_*)"
cifar100,m2_target,F1,full,last_round,5,0.6110002823430453,0.6043827705030094,0.6180552793272438,0.04152114231875112,0.035522359462048105,0.0492897895373632,0.010217839795968096,0.006352391692731142,0.015488542874090757,3,"n/a (per-seed, see a1_lira_pertask_*)"
cifar100,m2_target,F1,full,last_round,6,0.6180177009239518,0.6108862319783771,0.6250308500805336,0.04093633749736025,0.03513804851925209,0.04763566687151949,0.01077015546061502,0.006443503492490094,0.01618608763790281,3,"n/a (per-seed, see a1_lira_pertask_*)"
cifar100,m3_fot,F1,full,trajectory,0,0.5702032172578567,0.5619960505649524,0.5793909348537902,0.028893392784758817,0.02408747047989648,0.033841629643030426,0.005301986218078638,0.0038909634506877205,0.0067697636909376385,3,"n/a (per-seed, see a1_lira_pertask_*)"
cifar100,m3_fot,F1,full,trajectory,1,0.5850405639149369,0.5773102091807268,0.5941056837753357,0.03161734900689096,0.026714933222179906,0.03736370774316157,0.006031617349006891,0.0037789849214348776,0.008008179594282124,3,"n/a (per-seed, see a1_lira_pertask_*)"
cifar100,m3_fot,F1,full,trajectory,2,0.5925930346121184,0.584013340692389,0.6024981026449154,0.03411430887717876,0.02782934834269258,0.04105304520153122,0.006988244831779489,0.004678968513929484,0.009600586875226096,3,"n/a (per-seed, see a1_lira_pertask_*)"
cifar100,m3_fot,F1,full,trajectory,3,0.5965763971583483,0.5879015308782293,0.6065534802521413,0.03578435346574787,0.03010964239132035,0.0434172792250481,0.008074584515606,0.0052645299396132765,0.010159819866473024,3,"n/a (per-seed, see a1_lira_pertask_*)"
cifar100,m3_fot,F1,full,trajectory,4,0.5995048095273426,0.5905306275632385,0.6096053293808908,0.036513984596676125,0.030370562530817612,0.04225405716041798,0.007831374138629915,0.0054401303030354,0.010433706205537545,3,"n/a (per-seed, see a1_lira_pertask_*)"
cifar100,m3_fot,F1,full,trajectory,5,0.6012589161357146,0.5922612980821259,0.6115209777948962,0.036919335224969596,0.031839035758316724,0.04210745033408213,0.0075233076611268745,0.005250736997305384,0.010124425422437484,3,"n/a (per-seed, see a1_lira_pertask_*)"
cifar100,m3_fot,F1,full,trajectory,6,0.6032249020457731,0.5944584960723001,0.6131041880755705,0.03769760843129307,0.03306427895553826,0.042674776237639815,0.007571949736522091,0.005533605097840638,0.010181932182814232,3,"n/a (per-seed, see a1_lira_pertask_*)"
cifar100,m3_fot,F1,full,last_round,0,0.5702032172578567,0.5619960505649524,0.5793909348537902,0.028893392784758817,0.02408747047989648,0.033841629643030426,0.005301986218078638,0.0038909634506877205,0.0067697636909376385,3,"n/a (per-seed, see a1_lira_pertask_*)"
cifar100,m3_fot,F1,full,last_round,1,0.5678662251049359,0.561361377236557,0.5749805803372531,0.028406972030806648,0.024496977916618277,0.031999845609035925,0.005383056343737333,0.0034146287563219546,0.006959854119135501,3,"n/a (per-seed, see a1_lira_pertask_*)"
cifar100,m3_fot,F1,full,last_round,2,0.5732921401472119,0.5634076557249363,0.5833889589592023,0.02916903121199838,0.024501999196457153,0.03510296755386359,0.006404539927036887,0.004211673928496546,0.009447387288678714,3,"n/a (per-seed, see a1_lira_pertask_*)"
cifar100,m3_fot,F1,full,last_round,3,0.5783869712739759,0.5699263603246918,0.5873368426791423,0.031665991082286175,0.027382807683990706,0.03622074169321371,0.007036886907174706,0.005135679038648959,0.009106609873301181,3,"n/a (per-seed, see a1_lira_pertask_*)"
cifar100,m3_fot,F1,full,last_round,4,0.5826972635610276,0.5738173493319664,0.592313680615988,0.03160113498175922,0.02767971038044364,0.03599173140947106,0.0068098905553303606,0.004667476231914833,0.009309884429273486,3,"n/a (per-seed, see a1_lira_pertask_*)"
cifar100,m3_fot,F1,full,last_round,5,0.5851014781499817,0.5777493607150248,0.5933789310891825,0.032833400891771385,0.0285751875594392,0.03749977657856912,0.005755978921767328,0.003970915190373053,0.008182222664450857,3,"n/a (per-seed, see a1_lira_pertask_*)"
cifar100,m3_fot,F1,full,last_round,6,0.5892201699696491,0.5812251967413161,0.5981251507834203,0.03306039724361573,0.028904402726137972,0.03697100041135043,0.00619375760032428,0.00453550558509341,0.00833125043076804,3,"n/a (per-seed, see a1_lira_pertask_*)"
cifar100,m4_proto,F2,aggregate,trajectory,0,0.681064432610418,0.6761605511872371,0.6860730233302733,0.057633891587206186,0.051352535845206985,0.06616781886437365,0.01028248404022027,0.008293991573084745,0.013578975229473031,3,"n/a (per-seed, see a1_lira_pertask_*)"
cifar100,m4_proto,F2,aggregate,trajectory,1,0.681064432610418,0.6761605511872371,0.6860730233302733,0.057633891587206186,0.051352535845206985,0.06616781886437365,0.01028248404022027,0.008293991573084745,0.013578975229473031,3,"n/a (per-seed, see a1_lira_pertask_*)"
cifar100,m4_proto,F2,aggregate,trajectory,2,0.681064432610418,0.6761605511872371,0.6860730233302733,0.057633891587206186,0.051352535845206985,0.06616781886437365,0.01028248404022027,0.008293991573084745,0.013578975229473031,3,"n/a (per-seed, see a1_lira_pertask_*)"
cifar100,m4_proto,F2,aggregate,trajectory,3,0.681064432610418,0.6761605511872371,0.6860730233302733,0.057633891587206186,0.051352535845206985,0.06616781886437365,0.01028248404022027,0.008293991573084745,0.013578975229473031,3,"n/a (per-seed, see a1_lira_pertask_*)"
cifar100,m4_proto,F2,aggregate,trajectory,4,0.681064432610418,0.6761605511872371,0.6860730233302733,0.057633891587206186,0.051352535845206985,0.06616781886437365,0.01028248404022027,0.008293991573084745,0.013578975229473031,3,"n/a (per-seed, see a1_lira_pertask_*)"
cifar100,m4_proto,F2,aggregate,trajectory,5,0.681064432610418,0.6761605511872371,0.6860730233302733,0.057633891587206186,0.051352535845206985,0.06616781886437365,0.01028248404022027,0.008293991573084745,0.013578975229473031,3,"n/a (per-seed, see a1_lira_pertask_*)"
cifar100,m4_proto,F2,aggregate,trajectory,6,0.681064432610418,0.6761605511872371,0.6860730233302733,0.057633891587206186,0.051352535845206985,0.06616781886437365,0.01028248404022027,0.008293991573084745,0.013578975229473031,3,"n/a (per-seed, see a1_lira_pertask_*)"
cifar100,m4_proto,F2,aggregate,last_round,0,0.681064432610418,0.6761605511872371,0.6860730233302733,0.057633891587206186,0.051352535845206985,0.06616781886437365,0.01028248404022027,0.008293991573084745,0.013578975229473031,3,"n/a (per-seed, see a1_lira_pertask_*)"
cifar100,m4_proto,F2,aggregate,last_round,1,0.681064432610418,0.6761605511872371,0.6860730233302733,0.057633891587206186,0.051352535845206985,0.06616781886437365,0.01028248404022027,0.008293991573084745,0.013578975229473031,3,"n/a (per-seed, see a1_lira_pertask_*)"
cifar100,m4_proto,F2,aggregate,last_round,2,0.681064432610418,0.6761605511872371,0.6860730233302733,0.057633891587206186,0.051352535845206985,0.06616781886437365,0.01028248404022027,0.008293991573084745,0.013578975229473031,3,"n/a (per-seed, see a1_lira_pertask_*)"
cifar100,m4_proto,F2,aggregate,last_round,3,0.681064432610418,0.6761605511872371,0.6860730233302733,0.057633891587206186,0.051352535845206985,0.06616781886437365,0.01028248404022027,0.008293991573084745,0.013578975229473031,3,"n/a (per-seed, see a1_lira_pertask_*)"
cifar100,m4_proto,F2,aggregate,last_round,4,0.681064432610418,0.6761605511872371,0.6860730233302733,0.057633891587206186,0.051352535845206985,0.06616781886437365,0.01028248404022027,0.008293991573084745,0.013578975229473031,3,"n/a (per-seed, see a1_lira_pertask_*)"
cifar100,m4_proto,F2,aggregate,last_round,5,0.681064432610418,0.6761605511872371,0.6860730233302733,0.057633891587206186,0.051352535845206985,0.06616781886437365,0.01028248404022027,0.008293991573084745,0.013578975229473031,3,"n/a (per-seed, see a1_lira_pertask_*)"
cifar100,m4_proto,F2,aggregate,last_round,6,0.681064432610418,0.6761605511872371,0.6860730233302733,0.057633891587206186,0.051352535845206985,0.06616781886437365,0.01028248404022027,0.008293991573084745,0.013578975229473031,3,"n/a (per-seed, see a1_lira_pertask_*)"
cifar100,m4_proto,F2,full,trajectory,0,0.8826480909783073,0.8731303790231386,0.8923753312920671,0.3434382945433209,0.31391409951634075,0.37400427277649656,0.18338874763674295,0.1546401373493607,0.2193372770147515,3,"n/a (per-seed, see a1_lira_pertask_*)"
cifar100,m4_proto,F2,full,trajectory,1,0.8826480909783073,0.8731303790231386,0.8923753312920671,0.3434382945433209,0.31391409951634075,0.37400427277649656,0.18338874763674295,0.1546401373493607,0.2193372770147515,3,"n/a (per-seed, see a1_lira_pertask_*)"
cifar100,m4_proto,F2,full,trajectory,2,0.8826480909783073,0.8731303790231386,0.8923753312920671,0.3434382945433209,0.31391409951634075,0.37400427277649656,0.18338874763674295,0.1546401373493607,0.2193372770147515,3,"n/a (per-seed, see a1_lira_pertask_*)"
cifar100,m4_proto,F2,full,trajectory,3,0.8826480909783073,0.8731303790231386,0.8923753312920671,0.3434382945433209,0.31391409951634075,0.37400427277649656,0.18338874763674295,0.1546401373493607,0.2193372770147515,3,"n/a (per-seed, see a1_lira_pertask_*)"
cifar100,m4_proto,F2,full,trajectory,4,0.8826480909783073,0.8731303790231386,0.8923753312920671,0.3434382945433209,0.31391409951634075,0.37400427277649656,0.18338874763674295,0.1546401373493607,0.2193372770147515,3,"n/a (per-seed, see a1_lira_pertask_*)"
cifar100,m4_proto,F2,full,trajectory,5,0.8826480909783073,0.8731303790231386,0.8923753312920671,0.3434382945433209,0.31391409951634075,0.37400427277649656,0.18338874763674295,0.1546401373493607,0.2193372770147515,3,"n/a (per-seed, see a1_lira_pertask_*)"
cifar100,m4_proto,F2,full,trajectory,6,0.8826480909783073,0.8731303790231386,0.8923753312920671,0.3434382945433209,0.31391409951634075,0.37400427277649656,0.18338874763674295,0.1546401373493607,0.2193372770147515,3,"n/a (per-seed, see a1_lira_pertask_*)"
cifar100,m4_proto,F2,full,last_round,0,0.8826480909783073,0.8731303790231386,0.8923753312920671,0.3434382945433209,0.31391409951634075,0.37400427277649656,0.18338874763674295,0.1546401373493607,0.2193372770147515,3,"n/a (per-seed, see a1_lira_pertask_*)"
cifar100,m4_proto,F2,full,last_round,1,0.8826480909783073,0.8731303790231386,0.8923753312920671,0.3434382945433209,0.31391409951634075,0.37400427277649656,0.18338874763674295,0.1546401373493607,0.2193372770147515,3,"n/a (per-seed, see a1_lira_pertask_*)"
cifar100,m4_proto,F2,full,last_round,2,0.8826480909783073,0.8731303790231386,0.8923753312920671,0.3434382945433209,0.31391409951634075,0.37400427277649656,0.18338874763674295,0.1546401373493607,0.2193372770147515,3,"n/a (per-seed, see a1_lira_pertask_*)"
cifar100,m4_proto,F2,full,last_round,3,0.8826480909783073,0.8731303790231386,0.8923753312920671,0.3434382945433209,0.31391409951634075,0.37400427277649656,0.18338874763674295,0.1546401373493607,0.2193372770147515,3,"n/a (per-seed, see a1_lira_pertask_*)"
cifar100,m4_proto,F2,full,last_round,4,0.8826480909783073,0.8731303790231386,0.8923753312920671,0.3434382945433209,0.31391409951634075,0.37400427277649656,0.18338874763674295,0.1546401373493607,0.2193372770147515,3,"n/a (per-seed, see a1_lira_pertask_*)"
cifar100,m4_proto,F2,full,last_round,5,0.8826480909783073,0.8731303790231386,0.8923753312920671,0.3434382945433209,0.31391409951634075,0.37400427277649656,0.18338874763674295,0.1546401373493607,0.2193372770147515,3,"n/a (per-seed, see a1_lira_pertask_*)"
cifar100,m4_proto,F2,full,last_round,6,0.8826480909783073,0.8731303790231386,0.8923753312920671,0.3434382945433209,0.31391409951634075,0.37400427277649656,0.18338874763674295,0.1546401373493607,0.2193372770147515,3,"n/a (per-seed, see a1_lira_pertask_*)"
cifar100,m4_proto,F2,global,trajectory,0,0.5522260036904977,0.5379513557818137,0.5670665275875932,0.059920840903192316,0.04621989529501042,0.07443880552491208,0.030528159875421748,0.019384026300812755,0.04245517343348649,3,"n/a (per-seed, see a1_lira_pertask_*)"
cifar100,m4_proto,F2,global,trajectory,1,0.5522260036904977,0.5379513557818137,0.5670665275875932,0.059920840903192316,0.04621989529501042,0.07443880552491208,0.030528159875421748,0.019384026300812755,0.04245517343348649,3,"n/a (per-seed, see a1_lira_pertask_*)"
cifar100,m4_proto,F2,global,trajectory,2,0.5522260036904977,0.5379513557818137,0.5670665275875932,0.059920840903192316,0.04621989529501042,0.07443880552491208,0.030528159875421748,0.019384026300812755,0.04245517343348649,3,"n/a (per-seed, see a1_lira_pertask_*)"
cifar100,m4_proto,F2,global,trajectory,3,0.5522260036904977,0.5379513557818137,0.5670665275875932,0.059920840903192316,0.04621989529501042,0.07443880552491208,0.030528159875421748,0.019384026300812755,0.04245517343348649,3,"n/a (per-seed, see a1_lira_pertask_*)"
cifar100,m4_proto,F2,global,trajectory,4,0.5522260036904977,0.5379513557818137,0.5670665275875932,0.059920840903192316,0.04621989529501042,0.07443880552491208,0.030528159875421748,0.019384026300812755,0.04245517343348649,3,"n/a (per-seed, see a1_lira_pertask_*)"
cifar100,m4_proto,F2,global,trajectory,5,0.5522260036904977,0.5379513557818137,0.5670665275875932,0.059920840903192316,0.04621989529501042,0.07443880552491208,0.030528159875421748,0.019384026300812755,0.04245517343348649,3,"n/a (per-seed, see a1_lira_pertask_*)"
cifar100,m4_proto,F2,global,trajectory,6,0.5522260036904977,0.5379513557818137,0.5670665275875932,0.059920840903192316,0.04621989529501042,0.07443880552491208,0.030528159875421748,0.019384026300812755,0.04245517343348649,3,"n/a (per-seed, see a1_lira_pertask_*)"
cifar100,m4_proto,F2,global,last_round,0,0.5522260036904977,0.5379513557818137,0.5670665275875932,0.059920840903192316,0.04621989529501042,0.07443880552491208,0.030528159875421748,0.019384026300812755,0.04245517343348649,3,"n/a (per-seed, see a1_lira_pertask_*)"
cifar100,m4_proto,F2,global,last_round,1,0.5522260036904977,0.5379513557818137,0.5670665275875932,0.059920840903192316,0.04621989529501042,0.07443880552491208,0.030528159875421748,0.019384026300812755,0.04245517343348649,3,"n/a (per-seed, see a1_lira_pertask_*)"
cifar100,m4_proto,F2,global,last_round,2,0.5522260036904977,0.5379513557818137,0.5670665275875932,0.059920840903192316,0.04621989529501042,0.07443880552491208,0.030528159875421748,0.019384026300812755,0.04245517343348649,3,"n/a (per-seed, see a1_lira_pertask_*)"
cifar100,m4_proto,F2,global,last_round,3,0.5522260036904977,0.5379513557818137,0.5670665275875932,0.059920840903192316,0.04621989529501042,0.07443880552491208,0.030528159875421748,0.019384026300812755,0.04245517343348649,3,"n/a (per-seed, see a1_lira_pertask_*)"
cifar100,m4_proto,F2,global,last_round,4,0.5522260036904977,0.5379513557818137,0.5670665275875932,0.059920840903192316,0.04621989529501042,0.07443880552491208,0.030528159875421748,0.019384026300812755,0.04245517343348649,3,"n/a (per-seed, see a1_lira_pertask_*)"
cifar100,m4_proto,F2,global,last_round,5,0.5522260036904977,0.5379513557818137,0.5670665275875932,0.059920840903192316,0.04621989529501042,0.07443880552491208,0.030528159875421748,0.019384026300812755,0.04245517343348649,3,"n/a (per-seed, see a1_lira_pertask_*)"
cifar100,m4_proto,F2,global,last_round,6,0.5522260036904977,0.5379513557818137,0.5670665275875932,0.059920840903192316,0.04621989529501042,0.07443880552491208,0.030528159875421748,0.019384026300812755,0.04245517343348649,3,"n/a (per-seed, see a1_lira_pertask_*)"
cifar100,m5_hybrid_replay,F1,full,trajectory,0,0.5643009690257502,0.5556010062139344,0.5735179683448031,0.03009465253620257,0.02513216097666646,0.03577523929996184,0.007863441469136801,0.004580169437710367,0.012978134631819738,3,"n/a (per-seed, see a1_lira_pertask_*)"
cifar100,m5_hybrid_replay,F1,full,trajectory,1,0.5897800143527887,0.5802430416149207,0.5998953106064225,0.03938192702855756,0.033772755310284786,0.04603041658395044,0.010258069735458297,0.007112112260710381,0.01470989764079551,3,"n/a (per-seed, see a1_lira_pertask_*)"
cifar100,m5_hybrid_replay,F1,full,trajectory,2,0.6028241641133892,0.5945165074969853,0.6117968025892329,0.046080414205970394,0.03968131885033623,0.05458498720018815,0.012960116495429172,0.008352099406218068,0.019299012679452315,3,"n/a (per-seed, see a1_lira_pertask_*)"
cifar100,m5_hybrid_replay,F1,full,trajectory,3,0.6130048243172138,0.6042873511492768,0.6223006948373551,0.05161394709165925,0.044362123359508565,0.06034085451189001,0.016357899846290755,0.011601835479671634,0.0218977409510649,3,"n/a (per-seed, see a1_lira_pertask_*)"
cifar100,m5_hybrid_replay,F1,full,trajectory,4,0.6194796774663219,0.6102547297227328,0.6292280288915468,0.05729309926381361,0.04964828103921269,0.06625097907324101,0.02056467923307176,0.01547238373910758,0.026716050535398383,3,"n/a (per-seed, see a1_lira_pertask_*)"
cifar100,m5_hybrid_replay,F1,full,trajectory,5,0.6235087410669939,0.6140346742643443,0.6333340576944082,0.061030660949761346,0.05253650096134954,0.07049211657461327,0.022813688212927757,0.01745338964938597,0.028142292745479983,3,"n/a (per-seed, see a1_lira_pertask_*)"
cifar100,m5_hybrid_replay,F1,full,trajectory,6,0.6270782988852545,0.6175680038497081,0.6371613749656954,0.06352236874039317,0.05457209999952318,0.0738289243108454,0.023930102742496562,0.01870455598603064,0.030913858833746706,3,"n/a (per-seed, see a1_lira_pertask_*)"
cifar100,m5_hybrid_replay,F1,full,last_round,0,0.5643009690257502,0.5556010062139344,0.5735179683448031,0.03009465253620257,0.02513216097666646,0.03577523929996184,0.007863441469136801,0.004580169437710367,0.012978134631819738,3,"n/a (per-seed, see a1_lira_pertask_*)"
cifar100,m5_hybrid_replay,F1,full,last_round,1,0.5848153148111997,0.576370714050722,0.5937129047885542,0.03854057115120136,0.03268789941414568,0.04591339318084303,0.010258069735458297,0.0069030119830531264,0.014829656991645929,3,"n/a (per-seed, see a1_lira_pertask_*)"
cifar100,m5_hybrid_replay,F1,full,last_round,2,0.5940739545851346,0.5856543645681608,0.602555942622857,0.045287598090769356,0.03890023714750739,0.05235452379194572,0.014254510152900251,0.01001534167151176,0.019625704515190776,3,"n/a (per-seed, see a1_lira_pertask_*)"
cifar100,m5_hybrid_replay,F1,full,last_round,3,0.6049957482264469,0.5965850761314457,0.6136884235818272,0.05150068764663053,0.044868600263689135,0.059273681397057784,0.018072971442439932,0.013534977472096402,0.022988120809603198,3,"n/a (per-seed, see a1_lira_pertask_*)"
cifar100,m5_hybrid_replay,F1,full,last_round,4,0.6123227317924846,0.6036389576626724,0.6213942103326769,0.05671062211795162,0.04898702833367662,0.06546291258294576,0.02077501820241081,0.015924809336509773,0.025933567504216964,3,"n/a (per-seed, see a1_lira_pertask_*)"
cifar100,m5_hybrid_replay,F1,full,last_round,5,0.6135032055352488,0.6044327631163418,0.6231577034206067,0.05709894021519295,0.049372962213465925,0.06559276850604967,0.0228945878165197,0.017733451713353988,0.029490371859952732,3,"n/a (per-seed, see a1_lira_pertask_*)"
cifar100,m5_hybrid_replay,F1,full,last_round,6,0.6161927795183594,0.6073048974287499,0.6254450448266115,0.06154841841274978,0.052588497997170115,0.0718564678382367,0.024755278699134374,0.018427189662768968,0.03172524257295597,3,"n/a (per-seed, see a1_lira_pertask_*)"
cifar100,m8_analytic,F5,aggregate,trajectory,0,0.9999611712101895,0.9999125504659061,0.9999865171654778,0.9991860654403386,0.9975713114110633,0.9999186274397059,0.9928536545661729,0.9875859142393298,0.9970852482519605,3,"n/a (per-seed, see a1_lira_pertask_*)"
cifar100,m8_analytic,F5,aggregate,trajectory,1,0.9999611712101895,0.9999125504659061,0.9999865171654778,0.9991860654403386,0.9975713114110633,0.9999186274397059,0.9928536545661729,0.9875859142393298,0.9970852482519605,3,"n/a (per-seed, see a1_lira_pertask_*)"
cifar100,m8_analytic,F5,aggregate,trajectory,2,0.9999611712101895,0.9999125504659061,0.9999865171654778,0.9991860654403386,0.9975713114110633,0.9999186274397059,0.9928536545661729,0.9875859142393298,0.9970852482519605,3,"n/a (per-seed, see a1_lira_pertask_*)"
cifar100,m8_analytic,F5,aggregate,trajectory,3,0.9999611712101895,0.9999125504659061,0.9999865171654778,0.9991860654403386,0.9975713114110633,0.9999186274397059,0.9928536545661729,0.9875859142393298,0.9970852482519605,3,"n/a (per-seed, see a1_lira_pertask_*)"
cifar100,m8_analytic,F5,aggregate,trajectory,4,0.9999611712101895,0.9999125504659061,0.9999865171654778,0.9991860654403386,0.9975713114110633,0.9999186274397059,0.9928536545661729,0.9875859142393298,0.9970852482519605,3,"n/a (per-seed, see a1_lira_pertask_*)"
cifar100,m8_analytic,F5,aggregate,trajectory,5,0.9999611712101895,0.9999125504659061,0.9999865171654778,0.9991860654403386,0.9975713114110633,0.9999186274397059,0.9928536545661729,0.9875859142393298,0.9970852482519605,3,"n/a (per-seed, see a1_lira_pertask_*)"
cifar100,m8_analytic,F5,aggregate,trajectory,6,0.9999611712101895,0.9999125504659061,0.9999865171654778,0.9991860654403386,0.9975713114110633,0.9999186274397059,0.9928536545661729,0.9875859142393298,0.9970852482519605,3,"n/a (per-seed, see a1_lira_pertask_*)"
cifar100,m8_analytic,F5,aggregate,last_round,0,0.9999611712101895,0.9999125504659061,0.9999865171654778,0.9991860654403386,0.9975713114110633,0.9999186274397059,0.9928536545661729,0.9875859142393298,0.9970852482519605,3,"n/a (per-seed, see a1_lira_pertask_*)"
cifar100,m8_analytic,F5,aggregate,last_round,1,0.9999611712101895,0.9999125504659061,0.9999865171654778,0.9991860654403386,0.9975713114110633,0.9999186274397059,0.9928536545661729,0.9875859142393298,0.9970852482519605,3,"n/a (per-seed, see a1_lira_pertask_*)"
cifar100,m8_analytic,F5,aggregate,last_round,2,0.9999611712101895,0.9999125504659061,0.9999865171654778,0.9991860654403386,0.9975713114110633,0.9999186274397059,0.9928536545661729,0.9875859142393298,0.9970852482519605,3,"n/a (per-seed, see a1_lira_pertask_*)"
cifar100,m8_analytic,F5,aggregate,last_round,3,0.9999611712101895,0.9999125504659061,0.9999865171654778,0.9991860654403386,0.9975713114110633,0.9999186274397059,0.9928536545661729,0.9875859142393298,0.9970852482519605,3,"n/a (per-seed, see a1_lira_pertask_*)"
cifar100,m8_analytic,F5,aggregate,last_round,4,0.9999611712101895,0.9999125504659061,0.9999865171654778,0.9991860654403386,0.9975713114110633,0.9999186274397059,0.9928536545661729,0.9875859142393298,0.9970852482519605,3,"n/a (per-seed, see a1_lira_pertask_*)"
cifar100,m8_analytic,F5,aggregate,last_round,5,0.9999611712101895,0.9999125504659061,0.9999865171654778,0.9991860654403386,0.9975713114110633,0.9999186274397059,0.9928536545661729,0.9875859142393298,0.9970852482519605,3,"n/a (per-seed, see a1_lira_pertask_*)"
cifar100,m8_analytic,F5,aggregate,last_round,6,0.9999611712101895,0.9999125504659061,0.9999865171654778,0.9991860654403386,0.9975713114110633,0.9999186274397059,0.9928536545661729,0.9875859142393298,0.9970852482519605,3,"n/a (per-seed, see a1_lira_pertask_*)"
cifar100,m8_analytic,F5,full,trajectory,0,1.0,1.0,1.0,1.0,1.0,1.0,1.0,1.0,1.0,3,"n/a (per-seed, see a1_lira_pertask_*)"
cifar100,m8_analytic,F5,full,trajectory,1,1.0,1.0,1.0,1.0,1.0,1.0,1.0,1.0,1.0,3,"n/a (per-seed, see a1_lira_pertask_*)"
cifar100,m8_analytic,F5,full,trajectory,2,1.0,1.0,1.0,1.0,1.0,1.0,1.0,1.0,1.0,3,"n/a (per-seed, see a1_lira_pertask_*)"
cifar100,m8_analytic,F5,full,trajectory,3,1.0,1.0,1.0,1.0,1.0,1.0,1.0,1.0,1.0,3,"n/a (per-seed, see a1_lira_pertask_*)"
cifar100,m8_analytic,F5,full,trajectory,4,1.0,1.0,1.0,1.0,1.0,1.0,1.0,1.0,1.0,3,"n/a (per-seed, see a1_lira_pertask_*)"
cifar100,m8_analytic,F5,full,trajectory,5,1.0,1.0,1.0,1.0,1.0,1.0,1.0,1.0,1.0,3,"n/a (per-seed, see a1_lira_pertask_*)"
cifar100,m8_analytic,F5,full,trajectory,6,1.0,1.0,1.0,1.0,1.0,1.0,1.0,1.0,1.0,3,"n/a (per-seed, see a1_lira_pertask_*)"
cifar100,m8_analytic,F5,full,last_round,0,1.0,1.0,1.0,1.0,1.0,1.0,1.0,1.0,1.0,3,"n/a (per-seed, see a1_lira_pertask_*)"
cifar100,m8_analytic,F5,full,last_round,1,1.0,1.0,1.0,1.0,1.0,1.0,1.0,1.0,1.0,3,"n/a (per-seed, see a1_lira_pertask_*)"
cifar100,m8_analytic,F5,full,last_round,2,1.0,1.0,1.0,1.0,1.0,1.0,1.0,1.0,1.0,3,"n/a (per-seed, see a1_lira_pertask_*)"
cifar100,m8_analytic,F5,full,last_round,3,1.0,1.0,1.0,1.0,1.0,1.0,1.0,1.0,1.0,3,"n/a (per-seed, see a1_lira_pertask_*)"
cifar100,m8_analytic,F5,full,last_round,4,1.0,1.0,1.0,1.0,1.0,1.0,1.0,1.0,1.0,3,"n/a (per-seed, see a1_lira_pertask_*)"
cifar100,m8_analytic,F5,full,last_round,5,1.0,1.0,1.0,1.0,1.0,1.0,1.0,1.0,1.0,3,"n/a (per-seed, see a1_lira_pertask_*)"
cifar100,m8_analytic,F5,full,last_round,6,1.0,1.0,1.0,1.0,1.0,1.0,1.0,1.0,1.0,3,"n/a (per-seed, see a1_lira_pertask_*)"
cifar100,m8_analytic,F5,global,trajectory,0,0.9986535903794697,0.9981139273505126,0.9990712965457078,0.9660258184245226,0.954716685994908,0.9753844469305817,0.9106936463233978,0.8822880140511837,0.9317763155624864,3,"n/a (per-seed, see a1_lira_pertask_*)"
cifar100,m8_analytic,F5,global,trajectory,1,0.9982506994994451,0.9976076684240238,0.9987618970068566,0.9583095931888848,0.9464317487374232,0.9691566825668327,0.8937798108385291,0.8677496607506444,0.9144875911452531,3,"n/a (per-seed, see a1_lira_pertask_*)"
cifar100,m8_analytic,F5,global,trajectory,2,0.9977982412323179,0.997054354218855,0.998408432331312,0.9503491836103469,0.9369572213153222,0.962895742352949,0.8760194696316073,0.8532572654472603,0.89795721996404,3,"n/a (per-seed, see a1_lira_pertask_*)"
cifar100,m8_analytic,F5,global,trajectory,3,0.9973143693467476,0.9964695719166701,0.9980122181049912,0.9414771524849826,0.9282921419640118,0.9545089655315483,0.860717250809878,0.8358626123091949,0.8850894533801421,3,"n/a (per-seed, see a1_lira_pertask_*)"
cifar100,m8_analytic,F5,global,trajectory,4,0.9968046437681828,0.9958682495764107,0.9975953423766922,0.9323121001481385,0.9181995426861456,0.9464982759887683,0.8470266486512885,0.8213240922275558,0.8723872691262209,3,"n/a (per-seed, see a1_lira_pertask_*)"
cifar100,m8_analytic,F5,global,trajectory,5,0.9962746175478477,0.9952394742586637,0.997156971787023,0.9249214540363672,0.9082083719573643,0.9383783216627879,0.8308616451513129,0.8072931115498847,0.8574947404233095,3,"n/a (per-seed, see a1_lira_pertask_*)"
cifar100,m8_analytic,F5,global,trajectory,6,0.9957471326753377,0.9946211673065913,0.9967075087383518,0.9165052336844162,0.8988982065070937,0.9312724230166742,0.8159012844096436,0.7912485629473546,0.8446608162191453,3,"n/a (per-seed, see a1_lira_pertask_*)"
cifar100,m8_analytic,F5,global,last_round,0,0.9986535903794697,0.9981139273505126,0.9990712965457078,0.9660258184245226,0.954716685994908,0.9753844469305817,0.9106936463233978,0.8822880140511837,0.9317763155624864,3,"n/a (per-seed, see a1_lira_pertask_*)"
cifar100,m8_analytic,F5,global,last_round,1,0.9967395089070962,0.9957980020781239,0.997542591881212,0.9322632632795586,0.9186106719950916,0.9468409151928104,0.8438034153250094,0.8155319442998794,0.8717125940951863,3,"n/a (per-seed, see a1_lira_pertask_*)"
cifar100,m8_analytic,F5,global,last_round,2,0.9937539635174116,0.9923170896095059,0.9949977113858959,0.8889124029367237,0.8711229206720492,0.906187622266925,0.7672923212163636,0.7387851797130006,0.8000579151167502,3,"n/a (per-seed, see a1_lira_pertask_*)"
cifar100,m8_analytic,F5,global,last_round,3,0.9895905517948236,0.9875289450286654,0.9914708527523205,0.8374057855410311,0.8152773313048548,0.8582383734664559,0.6986276839929024,0.6681938727261233,0.7323825549097416,3,"n/a (per-seed, see a1_lira_pertask_*)"
cifar100,m8_analytic,F5,global,last_round,4,0.9846050888741498,0.9818243295110364,0.9871589977573543,0.7880479903628579,0.7650118808663047,0.8123614278294067,0.6257630760715623,0.5940758500180685,0.6577456744742902,3,"n/a (per-seed, see a1_lira_pertask_*)"
cifar100,m8_analytic,F5,global,last_round,5,0.9791979882707539,0.9756620123588677,0.9823715321949017,0.7429878396197236,0.715797091789341,0.7680450988975311,0.5668332546517117,0.531740275685735,0.597427039898005,3,"n/a (per-seed, see a1_lira_pertask_*)"
cifar100,m8_analytic,F5,global,last_round,6,0.9736469284563861,0.9695011460765284,0.9773231393806907,0.7005486008237152,0.6682273764615099,0.7282885133392036,0.5148871054387992,0.47565629433452666,0.5477169511130401,3,"n/a (per-seed, see a1_lira_pertask_*)"
cub200,m0_fedavg,F1,full,trajectory,0,0.6570406826594243,0.6505647918173428,0.6635234333983449,0.05790390074035057,0.05350481802675816,0.06251657486585895,0.01590436894624411,0.013713665004588862,0.018198535964855437,5,"n/a (per-seed, see a1_lira_pertask_*)"
cub200,m0_fedavg,F1,full,trajectory,1,0.6568786215511131,0.6508297803493512,0.6629181653372153,0.03432534457027478,0.030712143673427315,0.03820325440874111,0.003857821476994508,0.0031020503454518315,0.00470004428860966,5,"n/a (per-seed, see a1_lira_pertask_*)"
cub200,m0_fedavg,F1,full,trajectory,2,0.6498965642968659,0.6440092126988893,0.6558208601035846,0.029748144246432368,0.026249676492467115,0.033697671326540946,0.003748085720695676,0.0029251614810503466,0.004507686735602883,5,"n/a (per-seed, see a1_lira_pertask_*)"
cub200,m0_fedavg,F1,full,trajectory,3,0.6415432261425181,0.6353679213888227,0.648179653354776,0.027989933573288855,0.024743181475442688,0.03157459496120562,0.00367980569455418,0.002866554411551285,0.004463522487832402,5,"n/a (per-seed, see a1_lira_pertask_*)"
cub200,m0_fedavg,F1,full,trajectory,4,0.6338049672373726,0.6275483707975894,0.6407121763462262,0.02667554307006506,0.02378154145513269,0.030310257510961128,0.00366029711565661,0.0028560911046175324,0.004435036686683225,5,"n/a (per-seed, see a1_lira_pertask_*)"
cub200,m0_fedavg,F1,full,trajectory,5,0.6274686796283544,0.620779011074515,0.634730116412009,0.025939094216681786,0.023044433753950124,0.02922208015301977,0.0036310342473102547,0.0028142172599939096,0.004434116216473312,5,"n/a (per-seed, see a1_lira_pertask_*)"
cub200,m0_fedavg,F1,full,trajectory,6,0.6220423167579014,0.6151304349660127,0.62936294516101,0.025351398277392485,0.02261122583340173,0.028597688294547598,0.0036359113920346473,0.0028238882752538203,0.004437270829337259,5,"n/a (per-seed, see a1_lira_pertask_*)"
cub200,m0_fedavg,F1,full,last_round,0,0.6570406826594243,0.6505647918173428,0.6635234333983449,0.05790390074035057,0.05350481802675816,0.06251657486585895,0.01590436894624411,0.013713665004588862,0.018198535964855437,5,"n/a (per-seed, see a1_lira_pertask_*)"
cub200,m0_fedavg,F1,full,last_round,1,0.5737470676888318,0.5670706424338126,0.5808781026132589,0.02566109696739141,0.022959345079771935,0.02886464852936167,0.003623718530223666,0.002857294707546298,0.004306866951006615,5,"n/a (per-seed, see a1_lira_pertask_*)"
cub200,m0_fedavg,F1,full,last_round,2,0.5689746367014723,0.5629865939938068,0.5751395861070275,0.025146558198967998,0.022521770191151428,0.028323053899665145,0.003613964240774881,0.0028086230552302033,0.004379815987231534,5,"n/a (per-seed, see a1_lira_pertask_*)"
cub200,m0_fedavg,F1,full,last_round,3,0.5660084448560235,0.5602259910789102,0.5719312753460011,0.02504657673211795,0.022574046548097103,0.02798510974816227,0.003545684214633385,0.002811184858575568,0.0043378659239607705,5,"n/a (per-seed, see a1_lira_pertask_*)"
cub200,m0_fedavg,F1,full,last_round,4,0.5637314021032807,0.5585181583060215,0.5691120792384943,0.023995552044011353,0.02182969544184004,0.026643033404150005,0.0036017713789638995,0.002822127969364976,0.0043756964696105355,5,"n/a (per-seed, see a1_lira_pertask_*)"
cub200,m0_fedavg,F1,full,last_round,5,0.5624268083130459,0.5567461741471471,0.5686595616141967,0.02376144909724051,0.02143637644096421,0.026543308705895316,0.003599332806601703,0.0027462635172632757,0.004377947495682869,5,"n/a (per-seed, see a1_lira_pertask_*)"
cub200,m0_fedavg,F1,full,last_round,6,0.5615982144985127,0.5566462752746622,0.5668262567602897,0.023763887669602708,0.021466034560722894,0.02659008807676108,0.003626157102585862,0.0028111927124895102,0.004416387398031917,5,"n/a (per-seed, see a1_lira_pertask_*)"
cub200,m1_glfc,F1,full,trajectory,0,0.5910629491578449,0.5815008452824908,0.6004492830025314,0.03370420977291951,0.026466750387620638,0.04009167037768889,0.0008295920359164552,0.000552314543221122,0.0012467028254449538,3,"n/a (per-seed, see a1_lira_pertask_*)"
cub200,m1_glfc,F1,full,trajectory,1,0.5974243188886,0.5878186590510579,0.6070225361720334,0.028596525473355457,0.02082674779713684,0.03522775702532841,0.0008295920359164552,0.000507309049879723,0.0011967115365129884,3,"n/a (per-seed, see a1_lira_pertask_*)"
cub200,m1_glfc,F1,full,trajectory,2,0.5991068898368878,0.5887210983388806,0.6097508314056121,0.026904808380506212,0.017924582943756998,0.034289030910938045,0.0008295920359164552,0.0004987696880568909,0.0012158276772113446,3,"n/a (per-seed, see a1_lira_pertask_*)"
cub200,m1_glfc,F1,full,trajectory,3,0.6007011376836157,0.5889027973520685,0.6128031569303378,0.02433469972021602,0.014899588805136359,0.03219724617060358,0.0008295920359164552,0.0005176965258874186,0.0012670102017678724,3,"n/a (per-seed, see a1_lira_pertask_*)"
cub200,m1_glfc,F1,full,trajectory,4,0.601895361409671,0.5885901432880436,0.6158020819795592,0.022350185438219792,0.014295881849607147,0.03171464214399969,0.0008946580779491184,0.000584739301068058,0.001336470806180822,3,"n/a (per-seed, see a1_lira_pertask_*)"
cub200,m1_glfc,F1,full,trajectory,5,0.6031932060121057,0.5882963987637938,0.6190021765171234,0.02129286225518902,0.01347157328278453,0.030617101107982256,0.0010247901620144446,0.0006223825162059639,0.0014014012880121335,3,"n/a (per-seed, see a1_lira_pertask_*)"
cub200,m1_glfc,F1,full,trajectory,6,0.6044214949161957,0.5879941044222413,0.6221659894756175,0.019828876309454097,0.01285783283166548,0.029424366841003496,0.0011386557355716053,0.0006331662006064159,0.0014931532339688483,3,"n/a (per-seed, see a1_lira_pertask_*)"
cub200,m1_glfc,F1,full,last_round,0,0.5910629491578449,0.5815008452824908,0.6004492830025314,0.03370420977291951,0.026466750387620638,0.04009167037768889,0.0008295920359164552,0.000552314543221122,0.0012467028254449538,3,"n/a (per-seed, see a1_lira_pertask_*)"
cub200,m1_glfc,F1,full,last_round,1,0.5884188496078412,0.5806264067939153,0.5965864458884397,0.0234400416422669,0.01667739933688975,0.029704967316099593,0.0008621250569327868,0.0005320096708133835,0.0012554257428377532,3,"n/a (per-seed, see a1_lira_pertask_*)"
cub200,m1_glfc,F1,full,last_round,2,0.5906930044918158,0.577812508997396,0.6040843219299726,0.019454746567766284,0.012205579722539533,0.02867053570834481,0.0009759906304899473,0.000603331039838527,0.0013258067884290613,3,"n/a (per-seed, see a1_lira_pertask_*)"
cub200,m1_glfc,F1,full,last_round,3,0.5936739345511762,0.5762997305229618,0.6118996658802,0.016656906760361766,0.01014029306065124,0.02615132676104937,0.0011711887565879367,0.0006497187610785207,0.0015387001356318567,3,"n/a (per-seed, see a1_lira_pertask_*)"
cub200,m1_glfc,F1,full,last_round,4,0.596025946542652,0.5752680058934495,0.6186883399235471,0.016136378424100463,0.010011681654839046,0.02469686319209099,0.0012037217776042683,0.0006679747922397164,0.0016412641364924802,3,"n/a (per-seed, see a1_lira_pertask_*)"
cub200,m1_glfc,F1,full,last_round,5,0.5984966609119113,0.5756738301412726,0.6244395583673977,0.015957446808510637,0.010145468239106878,0.02358071011922858,0.0012850543301450973,0.0006879181551641136,0.0017090309752828949,3,"n/a (per-seed, see a1_lira_pertask_*)"
cub200,m1_glfc,F1,full,last_round,6,0.6001473791221866,0.5758234260270173,0.6274813510732754,0.015306786388184007,0.010348419129036888,0.022981111339791832,0.0013501203721777604,0.0007223896217737389,0.001741611584277124,3,"n/a (per-seed, see a1_lira_pertask_*)"
cub200,m2_target,F1,full,trajectory,0,0.6376725008288842,0.6270622419003357,0.64803964628468,0.05031917665450756,0.04110862915932795,0.05929482737941523,0.012213392391870767,0.008326709446883624,0.016325394312297313,3,"n/a (per-seed, see a1_lira_pertask_*)"
cub200,m2_target,F1,full,trajectory,1,0.778412539489387,0.7669132307937515,0.7907340469145083,0.12286672746221991,0.10026489906042668,0.14193559185854898,0.02457334549244398,0.015345654914636768,0.03961496462457985,3,"n/a (per-seed, see a1_lira_pertask_*)"
cub200,m2_target,F1,full,trajectory,2,0.816164331288228,0.8052285050501047,0.8263694849676891,0.1613470557582074,0.14116893855328191,0.18360605116561599,0.038464043772798336,0.029073424214977356,0.061629022837148065,3,"n/a (per-seed, see a1_lira_pertask_*)"
cub200,m2_target,F1,full,trajectory,3,0.8335652948104052,0.8219552140804222,0.844750522145303,0.18803738926524233,0.16669916786874933,0.20948090790361104,0.05220818134445023,0.03569591466749381,0.06813380521295331,3,"n/a (per-seed, see a1_lira_pertask_*)"
cub200,m2_target,F1,full,trajectory,4,0.8445440077256875,0.8327496293707465,0.8565990490859241,0.20409392912975508,0.18199049728772929,0.22803481346313012,0.054015763418447105,0.041741040073978435,0.07424795822477602,3,"n/a (per-seed, see a1_lira_pertask_*)"
cub200,m2_target,F1,full,trajectory,5,0.8526154430661934,0.8405425330076285,0.8651717834245389,0.21865229286086504,0.19182403069133658,0.24724860416972422,0.06165320479416363,0.0475606591690353,0.0798984058588554,3,"n/a (per-seed, see a1_lira_pertask_*)"
cub200,m2_target,F1,full,trajectory,6,0.8601967370494236,0.8480417533988509,0.8722763083808796,0.2314844971339239,0.2022084023971944,0.2642489525088299,0.06627800937988536,0.051565782637113665,0.08561417689880581,3,"n/a (per-seed, see a1_lira_pertask_*)"
cub200,m2_target,F1,full,last_round,0,0.6376725008288842,0.6270622419003357,0.64803964628468,0.05031917665450756,0.04110862915932795,0.05929482737941523,0.012213392391870767,0.008326709446883624,0.016325394312297313,3,"n/a (per-seed, see a1_lira_pertask_*)"
cub200,m2_target,F1,full,last_round,1,0.7653389172658063,0.7538037440431777,0.7762972815177356,0.11477331943720688,0.09411354171126567,0.13689717278991806,0.023352006253256903,0.014569058849472684,0.04284518164058128,3,"n/a (per-seed, see a1_lira_pertask_*)"
cub200,m2_target,F1,full,last_round,2,0.788013865754342,0.7765777892820664,0.7993073298303663,0.14818916102136528,0.12943376245997015,0.1663713812899956,0.03351354872329338,0.026990063290555595,0.044701462284331646,3,"n/a (per-seed, see a1_lira_pertask_*)"
cub200,m2_target,F1,full,last_round,3,0.80821862245024,0.7964590746332587,0.8198463106323038,0.1757588587806149,0.15112326015903207,0.19790781533722207,0.048071912454403336,0.038033741044763175,0.06195946773339858,3,"n/a (per-seed, see a1_lira_pertask_*)"
cub200,m2_target,F1,full,last_round,4,0.8234516736585276,0.8100385714789962,0.8374136826642892,0.19103374153204794,0.16300177131702703,0.21847166800518186,0.058298593017196455,0.04325505353666096,0.07247744226943487,3,"n/a (per-seed, see a1_lira_pertask_*)"
cub200,m2_target,F1,full,last_round,5,0.8391203749923601,0.825418391178607,0.853655743216309,0.2038333767587285,0.17353281790372385,0.23867726147916776,0.058656852527358,0.04457897390253139,0.07820574167602072,3,"n/a (per-seed, see a1_lira_pertask_*)"
cub200,m2_target,F1,full,last_round,6,0.8508053516336826,0.83636606012612,0.8647513014582225,0.22620831162063576,0.19932307047232803,0.25561982939337663,0.06613144867118291,0.04776874971429753,0.08436945581970158,3,"n/a (per-seed, see a1_lira_pertask_*)"
cub200,m3_fot,F1,full,trajectory,0,0.680472826328614,0.6649295228680601,0.6979075200618753,0.06224797975675455,0.05238707617749178,0.0737024149717336,0.015443637254101706,0.01067077555560649,0.02100482056395572,3,"n/a (per-seed, see a1_lira_pertask_*)"
cub200,m3_fot,F1,full,trajectory,1,0.691715003818654,0.6758729666073674,0.7084693537536708,0.06693331156640274,0.05444380707568589,0.08203553338961163,0.010023671537017387,0.004852638653572893,0.015261634687406898,3,"n/a (per-seed, see a1_lira_pertask_*)"
cub200,m3_fot,F1,full,trajectory,2,0.7001726445536359,0.6825954222838224,0.7190583426869669,0.07134111501101952,0.05910326876367817,0.08439025429307166,0.009762468369928985,0.004795667818186772,0.013925549399431345,3,"n/a (per-seed, see a1_lira_pertask_*)"
cub200,m3_fot,F1,full,trajectory,3,0.7093013917155232,0.691761103286177,0.7300032249314232,0.0758305444453514,0.06321651981094512,0.09046270603839461,0.00958289119255571,0.00421688249846994,0.01576638131946704,3,"n/a (per-seed, see a1_lira_pertask_*)"
cub200,m3_fot,F1,full,trajectory,4,0.7183060644646757,0.7010864927249966,0.7397458461046044,0.0812341849644927,0.06752245494462228,0.09681073438802652,0.009893069953473187,0.00432555730242543,0.017133993410989277,3,"n/a (per-seed, see a1_lira_pertask_*)"
cub200,m3_fot,F1,full,trajectory,5,0.725879470663025,0.7081908126699513,0.7476987844483166,0.0852828340543629,0.071310156289284,0.10309972357204826,0.011231736184801241,0.004343147196088169,0.019968137951712726,3,"n/a (per-seed, see a1_lira_pertask_*)"
cub200,m3_fot,F1,full,trajectory,6,0.7315587916759787,0.7138059420002725,0.7532251021674374,0.09044159660435883,0.07513524937286904,0.10996532044266179,0.010741980246510489,0.004211834359172233,0.020289242340553237,3,"n/a (per-seed, see a1_lira_pertask_*)"
cub200,m3_fot,F1,full,last_round,0,0.680472826328614,0.6649295228680601,0.6979075200618753,0.06224797975675455,0.05238707617749178,0.0737024149717336,0.015443637254101706,0.01067077555560649,0.02100482056395572,3,"n/a (per-seed, see a1_lira_pertask_*)"
cub200,m3_fot,F1,full,last_round,1,0.6742498306156607,0.6586593337995765,0.6911762139727446,0.06394580034282915,0.05385570885350414,0.07900992615631976,0.007150436699044976,0.001440366096218477,0.01219745017653242,3,"n/a (per-seed, see a1_lira_pertask_*)"
cub200,m3_fot,F1,full,last_round,2,0.6755921320424948,0.6612620903554305,0.6909487171913705,0.06536609256387234,0.0571668134078906,0.0761816782506833,0.007183087094931026,0.0025949104477514377,0.01484231198698139,3,"n/a (per-seed, see a1_lira_pertask_*)"
cub200,m3_fot,F1,full,last_round,3,0.6735480102371114,0.6606376513019332,0.6876407520062533,0.07027997714472288,0.05797806827265601,0.08463856442236276,0.011558240143661741,0.004512602360807233,0.018395314387567432,3,"n/a (per-seed, see a1_lira_pertask_*)"
cub200,m3_fot,F1,full,last_round,4,0.6820254294603486,0.6681255748843217,0.6980168154301896,0.0772018610725655,0.06460911523865936,0.0929372864136954,0.01209697167578157,0.005013083051187009,0.018784785591731225,3,"n/a (per-seed, see a1_lira_pertask_*)"
cub200,m3_fot,F1,full,last_round,5,0.6891080966920494,0.6713047706827409,0.7076402582235289,0.08030364868174027,0.06477760528973081,0.09857161073677799,0.012864255979103746,0.005174623561995036,0.020066476755514855,3,"n/a (per-seed, see a1_lira_pertask_*)"
cub200,m3_fot,F1,full,last_round,6,0.6972465392883921,0.6789591938539683,0.7182461144378769,0.08649089870214677,0.07298139676302681,0.10293923537668728,0.012537752020243246,0.005019059945512441,0.020094271053892117,3,"n/a (per-seed, see a1_lira_pertask_*)"
cub200,m4_proto,F2,aggregate,trajectory,0,0.9889042541852615,0.9864477076490578,0.9909540314566119,0.832434802377318,0.8077790707525885,0.8576444939227216,0.64785164496119,0.6041608275246018,0.690191728615954,3,"n/a (per-seed, see a1_lira_pertask_*)"
cub200,m4_proto,F2,aggregate,trajectory,1,0.9889042541852615,0.9864477076490578,0.9909540314566119,0.832434802377318,0.8077790707525885,0.8576444939227216,0.64785164496119,0.6041608275246018,0.690191728615954,3,"n/a (per-seed, see a1_lira_pertask_*)"
cub200,m4_proto,F2,aggregate,trajectory,2,0.9889042541852615,0.9864477076490578,0.9909540314566119,0.832434802377318,0.8077790707525885,0.8576444939227216,0.64785164496119,0.6041608275246018,0.690191728615954,3,"n/a (per-seed, see a1_lira_pertask_*)"
cub200,m4_proto,F2,aggregate,trajectory,3,0.9889042541852615,0.9864477076490578,0.9909540314566119,0.832434802377318,0.8077790707525885,0.8576444939227216,0.64785164496119,0.6041608275246018,0.690191728615954,3,"n/a (per-seed, see a1_lira_pertask_*)"
cub200,m4_proto,F2,aggregate,trajectory,4,0.9889042541852615,0.9864477076490578,0.9909540314566119,0.832434802377318,0.8077790707525885,0.8576444939227216,0.64785164496119,0.6041608275246018,0.690191728615954,3,"n/a (per-seed, see a1_lira_pertask_*)"
cub200,m4_proto,F2,aggregate,trajectory,5,0.9889042541852615,0.9864477076490578,0.9909540314566119,0.832434802377318,0.8077790707525885,0.8576444939227216,0.64785164496119,0.6041608275246018,0.690191728615954,3,"n/a (per-seed, see a1_lira_pertask_*)"
cub200,m4_proto,F2,aggregate,trajectory,6,0.9889042541852615,0.9864477076490578,0.9909540314566119,0.832434802377318,0.8077790707525885,0.8576444939227216,0.64785164496119,0.6041608275246018,0.690191728615954,3,"n/a (per-seed, see a1_lira_pertask_*)"
cub200,m4_proto,F2,aggregate,last_round,0,0.9889042541852615,0.9864477076490578,0.9909540314566119,0.832434802377318,0.8077790707525885,0.8576444939227216,0.64785164496119,0.6041608275246018,0.690191728615954,3,"n/a (per-seed, see a1_lira_pertask_*)"
cub200,m4_proto,F2,aggregate,last_round,1,0.9889042541852615,0.9864477076490578,0.9909540314566119,0.832434802377318,0.8077790707525885,0.8576444939227216,0.64785164496119,0.6041608275246018,0.690191728615954,3,"n/a (per-seed, see a1_lira_pertask_*)"
cub200,m4_proto,F2,aggregate,last_round,2,0.9889042541852615,0.9864477076490578,0.9909540314566119,0.832434802377318,0.8077790707525885,0.8576444939227216,0.64785164496119,0.6041608275246018,0.690191728615954,3,"n/a (per-seed, see a1_lira_pertask_*)"
cub200,m4_proto,F2,aggregate,last_round,3,0.9889042541852615,0.9864477076490578,0.9909540314566119,0.832434802377318,0.8077790707525885,0.8576444939227216,0.64785164496119,0.6041608275246018,0.690191728615954,3,"n/a (per-seed, see a1_lira_pertask_*)"
cub200,m4_proto,F2,aggregate,last_round,4,0.9889042541852615,0.9864477076490578,0.9909540314566119,0.832434802377318,0.8077790707525885,0.8576444939227216,0.64785164496119,0.6041608275246018,0.690191728615954,3,"n/a (per-seed, see a1_lira_pertask_*)"
cub200,m4_proto,F2,aggregate,last_round,5,0.9889042541852615,0.9864477076490578,0.9909540314566119,0.832434802377318,0.8077790707525885,0.8576444939227216,0.64785164496119,0.6041608275246018,0.690191728615954,3,"n/a (per-seed, see a1_lira_pertask_*)"
cub200,m4_proto,F2,aggregate,last_round,6,0.9889042541852615,0.9864477076490578,0.9909540314566119,0.832434802377318,0.8077790707525885,0.8576444939227216,0.64785164496119,0.6041608275246018,0.690191728615954,3,"n/a (per-seed, see a1_lira_pertask_*)"
cub200,m4_proto,F2,full,trajectory,0,0.9995468107509874,0.9993251650138342,0.9997274664913732,0.9958678431584835,0.9931401330822065,0.9977057891944772,0.9694328659845901,0.9511312912626977,0.9856303370749017,3,"n/a (per-seed, see a1_lira_pertask_*)"
cub200,m4_proto,F2,full,trajectory,1,0.9995468107509874,0.9993251650138342,0.9997274664913732,0.9958678431584835,0.9931401330822065,0.9977057891944772,0.9694328659845901,0.9511312912626977,0.9856303370749017,3,"n/a (per-seed, see a1_lira_pertask_*)"
cub200,m4_proto,F2,full,trajectory,2,0.9995468107509874,0.9993251650138342,0.9997274664913732,0.9958678431584835,0.9931401330822065,0.9977057891944772,0.9694328659845901,0.9511312912626977,0.9856303370749017,3,"n/a (per-seed, see a1_lira_pertask_*)"
cub200,m4_proto,F2,full,trajectory,3,0.9995468107509874,0.9993251650138342,0.9997274664913732,0.9958678431584835,0.9931401330822065,0.9977057891944772,0.9694328659845901,0.9511312912626977,0.9856303370749017,3,"n/a (per-seed, see a1_lira_pertask_*)"
cub200,m4_proto,F2,full,trajectory,4,0.9995468107509874,0.9993251650138342,0.9997274664913732,0.9958678431584835,0.9931401330822065,0.9977057891944772,0.9694328659845901,0.9511312912626977,0.9856303370749017,3,"n/a (per-seed, see a1_lira_pertask_*)"
cub200,m4_proto,F2,full,trajectory,5,0.9995468107509874,0.9993251650138342,0.9997274664913732,0.9958678431584835,0.9931401330822065,0.9977057891944772,0.9694328659845901,0.9511312912626977,0.9856303370749017,3,"n/a (per-seed, see a1_lira_pertask_*)"
cub200,m4_proto,F2,full,trajectory,6,0.9995468107509874,0.9993251650138342,0.9997274664913732,0.9958678431584835,0.9931401330822065,0.9977057891944772,0.9694328659845901,0.9511312912626977,0.9856303370749017,3,"n/a (per-seed, see a1_lira_pertask_*)"
cub200,m4_proto,F2,full,last_round,0,0.9995468107509874,0.9993251650138342,0.9997274664913732,0.9958678431584835,0.9931401330822065,0.9977057891944772,0.9694328659845901,0.9511312912626977,0.9856303370749017,3,"n/a (per-seed, see a1_lira_pertask_*)"
cub200,m4_proto,F2,full,last_round,1,0.9995468107509874,0.9993251650138342,0.9997274664913732,0.9958678431584835,0.9931401330822065,0.9977057891944772,0.9694328659845901,0.9511312912626977,0.9856303370749017,3,"n/a (per-seed, see a1_lira_pertask_*)"
cub200,m4_proto,F2,full,last_round,2,0.9995468107509874,0.9993251650138342,0.9997274664913732,0.9958678431584835,0.9931401330822065,0.9977057891944772,0.9694328659845901,0.9511312912626977,0.9856303370749017,3,"n/a (per-seed, see a1_lira_pertask_*)"
cub200,m4_proto,F2,full,last_round,3,0.9995468107509874,0.9993251650138342,0.9997274664913732,0.9958678431584835,0.9931401330822065,0.9977057891944772,0.9694328659845901,0.9511312912626977,0.9856303370749017,3,"n/a (per-seed, see a1_lira_pertask_*)"
cub200,m4_proto,F2,full,last_round,4,0.9995468107509874,0.9993251650138342,0.9997274664913732,0.9958678431584835,0.9931401330822065,0.9977057891944772,0.9694328659845901,0.9511312912626977,0.9856303370749017,3,"n/a (per-seed, see a1_lira_pertask_*)"
cub200,m4_proto,F2,full,last_round,5,0.9995468107509874,0.9993251650138342,0.9997274664913732,0.9958678431584835,0.9931401330822065,0.9977057891944772,0.9694328659845901,0.9511312912626977,0.9856303370749017,3,"n/a (per-seed, see a1_lira_pertask_*)"
cub200,m4_proto,F2,full,last_round,6,0.9995468107509874,0.9993251650138342,0.9997274664913732,0.9958678431584835,0.9931401330822065,0.9977057891944772,0.9694328659845901,0.9511312912626977,0.9856303370749017,3,"n/a (per-seed, see a1_lira_pertask_*)"
cub200,m4_proto,F2,global,trajectory,0,0.6224774746942525,0.6019408038909592,0.6433303756644627,0.15733719530055001,0.13308439644109382,0.18267874879856655,0.12436944706609822,0.09573411153207159,0.15156673079808256,3,"n/a (per-seed, see a1_lira_pertask_*)"
cub200,m4_proto,F2,global,trajectory,1,0.6224774746942525,0.6019408038909592,0.6433303756644627,0.15733719530055001,0.13308439644109382,0.18267874879856655,0.12436944706609822,0.09573411153207159,0.15156673079808256,3,"n/a (per-seed, see a1_lira_pertask_*)"
cub200,m4_proto,F2,global,trajectory,2,0.6224774746942525,0.6019408038909592,0.6433303756644627,0.15733719530055001,0.13308439644109382,0.18267874879856655,0.12436944706609822,0.09573411153207159,0.15156673079808256,3,"n/a (per-seed, see a1_lira_pertask_*)"
cub200,m4_proto,F2,global,trajectory,3,0.6224774746942525,0.6019408038909592,0.6433303756644627,0.15733719530055001,0.13308439644109382,0.18267874879856655,0.12436944706609822,0.09573411153207159,0.15156673079808256,3,"n/a (per-seed, see a1_lira_pertask_*)"
cub200,m4_proto,F2,global,trajectory,4,0.6224774746942525,0.6019408038909592,0.6433303756644627,0.15733719530055001,0.13308439644109382,0.18267874879856655,0.12436944706609822,0.09573411153207159,0.15156673079808256,3,"n/a (per-seed, see a1_lira_pertask_*)"
cub200,m4_proto,F2,global,trajectory,5,0.6224774746942525,0.6019408038909592,0.6433303756644627,0.15733719530055001,0.13308439644109382,0.18267874879856655,0.12436944706609822,0.09573411153207159,0.15156673079808256,3,"n/a (per-seed, see a1_lira_pertask_*)"
cub200,m4_proto,F2,global,trajectory,6,0.6224774746942525,0.6019408038909592,0.6433303756644627,0.15733719530055001,0.13308439644109382,0.18267874879856655,0.12436944706609822,0.09573411153207159,0.15156673079808256,3,"n/a (per-seed, see a1_lira_pertask_*)"
cub200,m4_proto,F2,global,last_round,0,0.6224774746942525,0.6019408038909592,0.6433303756644627,0.15733719530055001,0.13308439644109382,0.18267874879856655,0.12436944706609822,0.09573411153207159,0.15156673079808256,3,"n/a (per-seed, see a1_lira_pertask_*)"
cub200,m4_proto,F2,global,last_round,1,0.6224774746942525,0.6019408038909592,0.6433303756644627,0.15733719530055001,0.13308439644109382,0.18267874879856655,0.12436944706609822,0.09573411153207159,0.15156673079808256,3,"n/a (per-seed, see a1_lira_pertask_*)"
cub200,m4_proto,F2,global,last_round,2,0.6224774746942525,0.6019408038909592,0.6433303756644627,0.15733719530055001,0.13308439644109382,0.18267874879856655,0.12436944706609822,0.09573411153207159,0.15156673079808256,3,"n/a (per-seed, see a1_lira_pertask_*)"
cub200,m4_proto,F2,global,last_round,3,0.6224774746942525,0.6019408038909592,0.6433303756644627,0.15733719530055001,0.13308439644109382,0.18267874879856655,0.12436944706609822,0.09573411153207159,0.15156673079808256,3,"n/a (per-seed, see a1_lira_pertask_*)"
cub200,m4_proto,F2,global,last_round,4,0.6224774746942525,0.6019408038909592,0.6433303756644627,0.15733719530055001,0.13308439644109382,0.18267874879856655,0.12436944706609822,0.09573411153207159,0.15156673079808256,3,"n/a (per-seed, see a1_lira_pertask_*)"
cub200,m4_proto,F2,global,last_round,5,0.6224774746942525,0.6019408038909592,0.6433303756644627,0.15733719530055001,0.13308439644109382,0.18267874879856655,0.12436944706609822,0.09573411153207159,0.15156673079808256,3,"n/a (per-seed, see a1_lira_pertask_*)"
cub200,m4_proto,F2,global,last_round,6,0.6224774746942525,0.6019408038909592,0.6433303756644627,0.15733719530055001,0.13308439644109382,0.18267874879856655,0.12436944706609822,0.09573411153207159,0.15156673079808256,3,"n/a (per-seed, see a1_lira_pertask_*)"
cub200,m5_hybrid_replay,F1,full,trajectory,0,0.6599645976317421,0.6503219721298708,0.6694922457190343,0.05521132272371511,0.04897038713839307,0.06098420165083674,0.014186016175319593,0.010476823611721676,0.01847230853588945,3,"n/a (per-seed, see a1_lira_pertask_*)"
cub200,m5_hybrid_replay,F1,full,trajectory,1,0.717979556535713,0.70923403651876,0.726422252635885,0.08738259848682495,0.07561732479022089,0.09877527750976149,0.02250195669188625,0.014074582124300423,0.029828321631720254,3,"n/a (per-seed, see a1_lira_pertask_*)"
cub200,m5_hybrid_replay,F1,full,trajectory,2,0.7660658262387212,0.7564851298312398,0.7756965453933249,0.1276904513435951,0.1165486060555764,0.14017916114346596,0.042003652491521,0.03052795561503395,0.052377213620809215,3,"n/a (per-seed, see a1_lira_pertask_*)"
cub200,m5_hybrid_replay,F1,full,trajectory,3,0.8000617769918992,0.7897230008482735,0.8102964503627744,0.16320440907905034,0.14541586854249475,0.18293318686973653,0.06797873728150274,0.0529646754752959,0.08311525347209645,3,"n/a (per-seed, see a1_lira_pertask_*)"
cub200,m5_hybrid_replay,F1,full,trajectory,4,0.8267380525397703,0.815695197597016,0.8376087207786699,0.2076376206626663,0.18390821036617375,0.2335111796030068,0.08612705452648056,0.06965160958560934,0.10469768219450126,3,"n/a (per-seed, see a1_lira_pertask_*)"
cub200,m5_hybrid_replay,F1,full,trajectory,5,0.8471129925284608,0.8361827876825473,0.8575722971453813,0.2452061048786851,0.2240304364599122,0.2683277711265273,0.10838442473258544,0.08926261179050117,0.12866883944541405,3,"n/a (per-seed, see a1_lira_pertask_*)"
cub200,m5_hybrid_replay,F1,full,trajectory,6,0.8622610348682545,0.8512130768788837,0.8724403625414834,0.27639903469866944,0.25373993581598675,0.3000708512240113,0.13044612575006523,0.10812739867225274,0.15034746947677127,3,"n/a (per-seed, see a1_lira_pertask_*)"
cub200,m5_hybrid_replay,F1,full,last_round,0,0.6599645976317421,0.6503219721298708,0.6694922457190343,0.05521132272371511,0.04897038713839307,0.06098420165083674,0.014186016175319593,0.010476823611721676,0.01847230853588945,3,"n/a (per-seed, see a1_lira_pertask_*)"
cub200,m5_hybrid_replay,F1,full,last_round,1,0.7167142989690847,0.7085702872751247,0.7244635545806634,0.09093725541351422,0.08093956725298307,0.10061767536506411,0.021670362640229587,0.015045171370303907,0.02899923357000589,3,"n/a (per-seed, see a1_lira_pertask_*)"
cub200,m5_hybrid_replay,F1,full,last_round,2,0.7530663014643301,0.740035855879426,0.7644695927167873,0.1266794938690321,0.11661920357176739,0.13941261244577308,0.04303091573180277,0.03182668878554843,0.055585426649380244,3,"n/a (per-seed, see a1_lira_pertask_*)"
cub200,m5_hybrid_replay,F1,full,last_round,3,0.7909028573124809,0.7785747100121281,0.8021645196464315,0.16822658492042786,0.15310575273367205,0.1848630087616806,0.06985390033915993,0.05512646656016887,0.08772672699077627,3,"n/a (per-seed, see a1_lira_pertask_*)"
cub200,m5_hybrid_replay,F1,full,last_round,4,0.8279940279926827,0.8148135495565956,0.8399305210604777,0.22769371249673884,0.20861571958198627,0.24738589101744932,0.09366031828854683,0.07284734275987151,0.11509131050865153,3,"n/a (per-seed, see a1_lira_pertask_*)"
cub200,m5_hybrid_replay,F1,full,last_round,5,0.8534410121485633,0.842242845781359,0.8636027318477094,0.2665666579702583,0.2437867431427643,0.2890906503116847,0.12964714322984608,0.11268750467486185,0.14632138912346596,3,"n/a (per-seed, see a1_lira_pertask_*)"
cub200,m5_hybrid_replay,F1,full,last_round,6,0.8705750326106854,0.8592805484615539,0.8805360544020804,0.2980530915731803,0.2755278039676212,0.3206070096260076,0.1493445082181059,0.1242455509816072,0.1740700853498854,3,"n/a (per-seed, see a1_lira_pertask_*)"
cub200,m8_analytic,F5,aggregate,trajectory,0,0.9999995708903426,0.9999931340330571,1.0,1.0,1.0,1.0,1.0,0.9976633191817056,1.0,3,"n/a (per-seed, see a1_lira_pertask_*)"
cub200,m8_analytic,F5,aggregate,trajectory,1,0.9999995708903426,0.9999931340330571,1.0,1.0,1.0,1.0,1.0,0.9976633191817056,1.0,3,"n/a (per-seed, see a1_lira_pertask_*)"
cub200,m8_analytic,F5,aggregate,trajectory,2,0.9999995708903426,0.9999931340330571,1.0,1.0,1.0,1.0,1.0,0.9976633191817056,1.0,3,"n/a (per-seed, see a1_lira_pertask_*)"
cub200,m8_analytic,F5,aggregate,trajectory,3,0.9999995708903426,0.9999931340330571,1.0,1.0,1.0,1.0,1.0,0.9976633191817056,1.0,3,"n/a (per-seed, see a1_lira_pertask_*)"
cub200,m8_analytic,F5,aggregate,trajectory,4,0.9999995708903426,0.9999931340330571,1.0,1.0,1.0,1.0,1.0,0.9976633191817056,1.0,3,"n/a (per-seed, see a1_lira_pertask_*)"
cub200,m8_analytic,F5,aggregate,trajectory,5,0.9999995708903426,0.9999931340330571,1.0,1.0,1.0,1.0,1.0,0.9976633191817056,1.0,3,"n/a (per-seed, see a1_lira_pertask_*)"
cub200,m8_analytic,F5,aggregate,trajectory,6,0.9999995708903426,0.9999931340330571,1.0,1.0,1.0,1.0,1.0,0.9976633191817056,1.0,3,"n/a (per-seed, see a1_lira_pertask_*)"
cub200,m8_analytic,F5,aggregate,last_round,0,0.9999995708903426,0.9999931340330571,1.0,1.0,1.0,1.0,1.0,0.9976633191817056,1.0,3,"n/a (per-seed, see a1_lira_pertask_*)"
cub200,m8_analytic,F5,aggregate,last_round,1,0.9999995708903426,0.9999931340330571,1.0,1.0,1.0,1.0,1.0,0.9976633191817056,1.0,3,"n/a (per-seed, see a1_lira_pertask_*)"
cub200,m8_analytic,F5,aggregate,last_round,2,0.9999995708903426,0.9999931340330571,1.0,1.0,1.0,1.0,1.0,0.9976633191817056,1.0,3,"n/a (per-seed, see a1_lira_pertask_*)"
cub200,m8_analytic,F5,aggregate,last_round,3,0.9999995708903426,0.9999931340330571,1.0,1.0,1.0,1.0,1.0,0.9976633191817056,1.0,3,"n/a (per-seed, see a1_lira_pertask_*)"
cub200,m8_analytic,F5,aggregate,last_round,4,0.9999995708903426,0.9999931340330571,1.0,1.0,1.0,1.0,1.0,0.9976633191817056,1.0,3,"n/a (per-seed, see a1_lira_pertask_*)"
cub200,m8_analytic,F5,aggregate,last_round,5,0.9999995708903426,0.9999931340330571,1.0,1.0,1.0,1.0,1.0,0.9976633191817056,1.0,3,"n/a (per-seed, see a1_lira_pertask_*)"
cub200,m8_analytic,F5,aggregate,last_round,6,0.9999995708903426,0.9999931340330571,1.0,1.0,1.0,1.0,1.0,0.9976633191817056,1.0,3,"n/a (per-seed, see a1_lira_pertask_*)"
cub200,m8_analytic,F5,full,trajectory,0,1.0,1.0,1.0,1.0,1.0,1.0,1.0,1.0,1.0,3,"n/a (per-seed, see a1_lira_pertask_*)"
cub200,m8_analytic,F5,full,trajectory,1,1.0,1.0,1.0,1.0,1.0,1.0,1.0,1.0,1.0,3,"n/a (per-seed, see a1_lira_pertask_*)"
cub200,m8_analytic,F5,full,trajectory,2,1.0,1.0,1.0,1.0,1.0,1.0,1.0,1.0,1.0,3,"n/a (per-seed, see a1_lira_pertask_*)"
cub200,m8_analytic,F5,full,trajectory,3,1.0,1.0,1.0,1.0,1.0,1.0,1.0,1.0,1.0,3,"n/a (per-seed, see a1_lira_pertask_*)"
cub200,m8_analytic,F5,full,trajectory,4,1.0,1.0,1.0,1.0,1.0,1.0,1.0,1.0,1.0,3,"n/a (per-seed, see a1_lira_pertask_*)"
cub200,m8_analytic,F5,full,trajectory,5,1.0,1.0,1.0,1.0,1.0,1.0,1.0,1.0,1.0,3,"n/a (per-seed, see a1_lira_pertask_*)"
cub200,m8_analytic,F5,full,trajectory,6,1.0,1.0,1.0,1.0,1.0,1.0,1.0,1.0,1.0,3,"n/a (per-seed, see a1_lira_pertask_*)"
cub200,m8_analytic,F5,full,last_round,0,1.0,1.0,1.0,1.0,1.0,1.0,1.0,1.0,1.0,3,"n/a (per-seed, see a1_lira_pertask_*)"
cub200,m8_analytic,F5,full,last_round,1,1.0,1.0,1.0,1.0,1.0,1.0,1.0,1.0,1.0,3,"n/a (per-seed, see a1_lira_pertask_*)"
cub200,m8_analytic,F5,full,last_round,2,1.0,1.0,1.0,1.0,1.0,1.0,1.0,1.0,1.0,3,"n/a (per-seed, see a1_lira_pertask_*)"
cub200,m8_analytic,F5,full,last_round,3,1.0,1.0,1.0,1.0,1.0,1.0,1.0,1.0,1.0,3,"n/a (per-seed, see a1_lira_pertask_*)"
cub200,m8_analytic,F5,full,last_round,4,1.0,1.0,1.0,1.0,1.0,1.0,1.0,1.0,1.0,3,"n/a (per-seed, see a1_lira_pertask_*)"
cub200,m8_analytic,F5,full,last_round,5,1.0,1.0,1.0,1.0,1.0,1.0,1.0,1.0,1.0,3,"n/a (per-seed, see a1_lira_pertask_*)"
cub200,m8_analytic,F5,full,last_round,6,1.0,1.0,1.0,1.0,1.0,1.0,1.0,1.0,1.0,3,"n/a (per-seed, see a1_lira_pertask_*)"
cub200,m8_analytic,F5,global,trajectory,0,0.9999995135089182,0.9999922157124185,1.0,1.0,1.0,1.0,1.0,0.9972766134036462,1.0,3,"n/a (per-seed, see a1_lira_pertask_*)"
cub200,m8_analytic,F5,global,trajectory,1,0.9999995523753252,0.9999929870802645,1.0,1.0,1.0,1.0,0.999983806192512,0.9975184665336561,1.0,3,"n/a (per-seed, see a1_lira_pertask_*)"
cub200,m8_analytic,F5,global,trajectory,2,0.9999995330743204,0.9999930132332223,1.0,1.0,1.0,1.0,0.999951418577536,0.9973678683929675,1.0,3,"n/a (per-seed, see a1_lira_pertask_*)"
cub200,m8_analytic,F5,global,trajectory,3,0.9999994500535597,0.9999925197925145,1.0,1.0,1.0,1.0,0.99991903096256,0.9972973709915577,1.0,3,"n/a (per-seed, see a1_lira_pertask_*)"
cub200,m8_analytic,F5,global,trajectory,4,0.9999994270509922,0.99999247287966,1.0,1.0,1.0,1.0,0.9998866433475839,0.9972852904926649,1.0,3,"n/a (per-seed, see a1_lira_pertask_*)"
cub200,m8_analytic,F5,global,trajectory,5,0.9999993503757674,0.9999921697140405,1.0,1.0,1.0,1.0,0.9998218681176319,0.9972093066955872,1.0,3,"n/a (per-seed, see a1_lira_pertask_*)"
cub200,m8_analytic,F5,global,trajectory,6,0.9999993133601416,0.9999921192117889,1.0,1.0,1.0,1.0,0.9997894805026558,0.9972068926261246,1.0,3,"n/a (per-seed, see a1_lira_pertask_*)"
cub200,m8_analytic,F5,global,last_round,0,0.9999995135089182,0.9999922157124185,1.0,1.0,1.0,1.0,1.0,0.9972766134036462,1.0,3,"n/a (per-seed, see a1_lira_pertask_*)"
cub200,m8_analytic,F5,global,last_round,1,0.9999995066345877,0.9999931720431395,1.0,1.0,1.0,1.0,0.9999028371550719,0.9974752455920198,1.0,3,"n/a (per-seed, see a1_lira_pertask_*)"
cub200,m8_analytic,F5,global,last_round,2,0.9999992824256544,0.9999921933039755,1.0,1.0,1.0,1.0,0.9997732866951677,0.9969811553177476,1.0,3,"n/a (per-seed, see a1_lira_pertask_*)"
cub200,m8_analytic,F5,global,last_round,3,0.9999985986941665,0.9999895880968787,0.9999999814989887,1.0,1.0,1.0,0.9993522477004794,0.9965667920512784,1.0,3,"n/a (per-seed, see a1_lira_pertask_*)"
cub200,m8_analytic,F5,global,last_round,4,0.999997033990785,0.9999860713211931,0.9999997470275607,0.999983806192512,0.9999028009131848,1.0,0.9988988210908148,0.9959007809016196,0.9999512707162364,3,"n/a (per-seed, see a1_lira_pertask_*)"
cub200,m8_analytic,F5,global,last_round,5,0.9999930590413699,0.9999786822601533,0.9999984724322586,0.999967612385024,0.9996433140521336,1.0,0.998024355486462,0.994732977674659,0.9996270009101244,3,"n/a (per-seed, see a1_lira_pertask_*)"
cub200,m8_analytic,F5,global,last_round,6,0.9999860855618686,0.9999665140831375,0.999995956254042,0.9997732866951677,0.9992713913414869,0.9999838478793044,0.9967612385023967,0.9930315316199096,0.999126843025513,3,"n/a (per-seed, see a1_lira_pertask_*)"
imagenet_r,m0_fedavg,F1,full,trajectory,0,0.6780628969550911,0.6722111772787789,0.6844105863051242,0.07401433560366674,0.0689063937991534,0.07979759470969085,0.02227321715286993,0.019064357364801922,0.025989091782888316,5,"n/a (per-seed, see a1_lira_pertask_*)"
imagenet_r,m0_fedavg,F1,full,trajectory,1,0.6986701861362127,0.6922526736197829,0.7055880185215011,0.08030479653755826,0.07358276207505222,0.08798428287049716,0.017981822669609057,0.014432760610515672,0.0217178147405159,5,"n/a (per-seed, see a1_lira_pertask_*)"
imagenet_r,m0_fedavg,F1,full,trajectory,2,0.7052283357434718,0.6979784786559363,0.712857413324333,0.07685408525602958,0.06947182689241709,0.08521537074687233,0.016295568573111336,0.011574822326372096,0.021622294488607446,5,"n/a (per-seed, see a1_lira_pertask_*)"
imagenet_r,m0_fedavg,F1,full,trajectory,3,0.7048573319407831,0.6973953659169521,0.7127475610491132,0.07262867462871862,0.0642892972290263,0.08133537951918511,0.014929458370296512,0.010099404159204161,0.021400263084602415,5,"n/a (per-seed, see a1_lira_pertask_*)"
imagenet_r,m0_fedavg,F1,full,trajectory,4,0.7016707737941064,0.6937782807206758,0.7097586092400887,0.07148984215195349,0.06245695522209451,0.08016454974416987,0.014408919062247215,0.009721554294075042,0.021291937463168778,5,"n/a (per-seed, see a1_lira_pertask_*)"
imagenet_r,m0_fedavg,F1,full,trajectory,5,0.6975356990964358,0.6894108454955451,0.7057455756426065,0.07176599680833645,0.06227472613360013,0.08114338037881057,0.014037454391714383,0.009175351267348517,0.02141510357773161,5,"n/a (per-seed, see a1_lira_pertask_*)"
imagenet_r,m0_fedavg,F1,full,trajectory,6,0.6933083698293518,0.6847215583723543,0.7016238722287992,0.07197127991573617,0.06214255529054503,0.0811368820568488,0.014308721355064016,0.008934450513762132,0.02185244560934263,5,"n/a (per-seed, see a1_lira_pertask_*)"
imagenet_r,m0_fedavg,F1,full,last_round,0,0.6780628969550911,0.6722111772787789,0.6844105863051242,0.07401433560366674,0.0689063937991534,0.07979759470969085,0.02227321715286993,0.019064357364801922,0.025989091782888316,5,"n/a (per-seed, see a1_lira_pertask_*)"
imagenet_r,m0_fedavg,F1,full,last_round,1,0.5976607185107248,0.5881343569243163,0.6062113842663307,0.04564860908475504,0.04018374700734951,0.05050475919784243,0.009753391448003499,0.007412535435066039,0.012390141522206946,5,"n/a (per-seed, see a1_lira_pertask_*)"
imagenet_r,m0_fedavg,F1,full,last_round,2,0.5989430391908911,0.5901396236906442,0.6073236913704778,0.045985859904054585,0.04031001074513056,0.05144008624375343,0.01073337390118551,0.00805101684635035,0.013804932768459302,5,"n/a (per-seed, see a1_lira_pertask_*)"
imagenet_r,m0_fedavg,F1,full,last_round,3,0.5990148583447021,0.5901175038631205,0.6074513002674194,0.04552152906588854,0.04033479411855132,0.05171674938479731,0.009074002116371084,0.00650697267694359,0.012610695219388962,5,"n/a (per-seed, see a1_lira_pertask_*)"
imagenet_r,m0_fedavg,F1,full,last_round,4,0.6013916753268514,0.5926797244571249,0.6098113104593658,0.047415510116302656,0.04145036765039645,0.054007810837724046,0.010119968425503004,0.007008414326975843,0.014959343551067006,5,"n/a (per-seed, see a1_lira_pertask_*)"
imagenet_r,m0_fedavg,F1,full,last_round,5,0.6008679660414024,0.5923489654475464,0.6098747837704165,0.04603718068090452,0.04043357592547177,0.05205480427271066,0.009259734451637499,0.0064888513536114755,0.013067893996721749,5,"n/a (per-seed, see a1_lira_pertask_*)"
imagenet_r,m0_fedavg,F1,full,last_round,6,0.6020403944678889,0.5928234667038302,0.6110541278896298,0.047039157752736496,0.04117715430685401,0.05333969746109018,0.010215278439652876,0.007186079185885642,0.014159734549417647,5,"n/a (per-seed, see a1_lira_pertask_*)"
imagenet_r,m1_glfc,F1,full,trajectory,0,0.6289089588440381,0.6194919180552796,0.6385476601227101,0.056682199743460684,0.04912790915655889,0.06466769545952727,0.015408595690788939,0.01137969582285321,0.020574312359383683,3,"n/a (per-seed, see a1_lira_pertask_*)"
imagenet_r,m1_glfc,F1,full,trajectory,1,0.6443712925018198,0.6346357004865847,0.6541980224053835,0.06346912598028868,0.05491900246506365,0.07509725765255112,0.017941515530370683,0.013259453714229107,0.02299706027286093,3,"n/a (per-seed, see a1_lira_pertask_*)"
imagenet_r,m1_glfc,F1,full,trajectory,2,0.6575135763540322,0.6473616151380648,0.6679627055502427,0.07158745879946095,0.06189889555958505,0.08392418854081694,0.020393252041760703,0.015231667289532097,0.026861960689824424,3,"n/a (per-seed, see a1_lira_pertask_*)"
imagenet_r,m1_glfc,F1,full,trajectory,3,0.6689530093930299,0.6579889192505326,0.6797052752560031,0.0798519216093783,0.06804262848300598,0.0927274037068263,0.022114338599425222,0.017183252365133378,0.029332946723895317,3,"n/a (per-seed, see a1_lira_pertask_*)"
imagenet_r,m1_glfc,F1,full,trajectory,4,0.6796558600182608,0.6683961707855091,0.690956767080017,0.08753186445631525,0.07465758238757522,0.10166176444395948,0.0249882284174122,0.019167156475301362,0.03293851030781382,3,"n/a (per-seed, see a1_lira_pertask_*)"
imagenet_r,m1_glfc,F1,full,trajectory,5,0.689925969437135,0.6779980275729355,0.7018131115787879,0.0953579372939973,0.08124074022329016,0.11068755825970715,0.028495348195294614,0.021565320512116987,0.03715778081036862,3,"n/a (per-seed, see a1_lira_pertask_*)"
imagenet_r,m1_glfc,F1,full,trajectory,6,0.6993550430540805,0.6870563119251542,0.7116416452760901,0.10423939339817175,0.08784426405269181,0.12144471494968424,0.03330140122424459,0.02550884497989432,0.04163271629051762,3,"n/a (per-seed, see a1_lira_pertask_*)"
imagenet_r,m1_glfc,F1,full,last_round,0,0.6289089588440381,0.6194919180552796,0.6385476601227101,0.056682199743460684,0.04912790915655889,0.06466769545952727,0.015408595690788939,0.01137969582285321,0.020574312359383683,3,"n/a (per-seed, see a1_lira_pertask_*)"
imagenet_r,m1_glfc,F1,full,last_round,1,0.6343803804420631,0.6246172983615158,0.6447899704555058,0.0588416762733605,0.0507791920501496,0.06822597926030677,0.015441069022065629,0.01163704875482843,0.01915167431625156,3,"n/a (per-seed, see a1_lira_pertask_*)"
imagenet_r,m1_glfc,F1,full,last_round,2,0.6571289452358715,0.6454658947661738,0.6684417707564064,0.07470489860202309,0.06336972984513485,0.0872624073204787,0.02099400867037945,0.015555698271455046,0.02827357758492637,3,"n/a (per-seed, see a1_lira_pertask_*)"
imagenet_r,m1_glfc,F1,full,last_round,3,0.6747503199675549,0.6616304207353672,0.6871047274125546,0.08788907110035883,0.07485971457833172,0.10114719488348344,0.026141031677734662,0.018304487354489866,0.03275430911166852,3,"n/a (per-seed, see a1_lira_pertask_*)"
imagenet_r,m1_glfc,F1,full,last_round,4,0.6898995057687846,0.6747152145688329,0.7037380799213008,0.09931968370975336,0.08322432261866479,0.11552513111337605,0.02916105148646674,0.022004393783695255,0.03774944981811069,3,"n/a (per-seed, see a1_lira_pertask_*)"
imagenet_r,m1_glfc,F1,full,last_round,5,0.7037964010235422,0.6886591074845017,0.7179735795872102,0.11159460293234182,0.09567915083868452,0.12901703253607347,0.03596421438893309,0.02722214152915862,0.046957408554532946,3,"n/a (per-seed, see a1_lira_pertask_*)"
imagenet_r,m1_glfc,F1,full,last_round,6,0.7157129888723868,0.7007964018201116,0.7298980037422851,0.12138531231226356,0.10393757811560424,0.13843019642982549,0.045608793778109724,0.03287425494995852,0.05961134824963252,3,"n/a (per-seed, see a1_lira_pertask_*)"
imagenet_r,m2_target,F1,full,trajectory,0,0.66121530705688,0.6515134760090444,0.6705779688863444,0.06624912787395953,0.06022747512951991,0.07471798429038029,0.021466469796044198,0.015524477014073201,0.028067186073218474,3,"n/a (per-seed, see a1_lira_pertask_*)"
imagenet_r,m2_target,F1,full,trajectory,1,0.7405221387006206,0.7285380981274981,0.7521817777433929,0.12037773198552676,0.10471713521688823,0.13926415051800176,0.04002855705732505,0.02928011188226096,0.05228519877292146,3,"n/a (per-seed, see a1_lira_pertask_*)"
imagenet_r,m2_target,F1,full,trajectory,2,0.7707214267566672,0.7558225447522037,0.784771919685841,0.15367266473041163,0.1324414986020084,0.177429544739112,0.05807142509451412,0.03914356294850879,0.07669463796029843,3,"n/a (per-seed, see a1_lira_pertask_*)"
imagenet_r,m2_target,F1,full,trajectory,3,0.7871433795141876,0.7715936840875619,0.8018691137475022,0.17087180152845158,0.14418773543468222,0.1971226194211395,0.06368548295500641,0.04088044947638166,0.0854903289793061,3,"n/a (per-seed, see a1_lira_pertask_*)"
imagenet_r,m2_target,F1,full,trajectory,4,0.7976224265975181,0.7824517788204808,0.812260334641734,0.18403076373902744,0.15213214574717449,0.2176393838646373,0.06783923674774059,0.04267081697864488,0.09190188187635658,3,"n/a (per-seed, see a1_lira_pertask_*)"
imagenet_r,m2_target,F1,full,trajectory,5,0.8057105957563708,0.7906333110364413,0.8204776002272471,0.1914296376823352,0.15866915164570009,0.22587765610866667,0.06954292482679171,0.04746732135552126,0.09595342194599625,3,"n/a (per-seed, see a1_lira_pertask_*)"
imagenet_r,m2_target,F1,full,trajectory,6,0.8120425496628184,0.7970530154535991,0.8269057127426968,0.19918547484220603,0.1650117611831332,0.23403459277899816,0.07325858739919845,0.0504118727850641,0.10056152146270372,3,"n/a (per-seed, see a1_lira_pertask_*)"
imagenet_r,m2_target,F1,full,last_round,0,0.66121530705688,0.6515134760090444,0.6705779688863444,0.06624912787395953,0.06022747512951991,0.07471798429038029,0.021466469796044198,0.015524477014073201,0.028067186073218474,3,"n/a (per-seed, see a1_lira_pertask_*)"
imagenet_r,m2_target,F1,full,last_round,1,0.738570297469727,0.7236606423500003,0.7527463515131245,0.11831708068991255,0.10083228488187393,0.1386555723253322,0.037075497720303094,0.026444249949950465,0.04956524382725735,3,"n/a (per-seed, see a1_lira_pertask_*)"
imagenet_r,m2_target,F1,full,last_round,2,0.7682072674214863,0.7502697973474065,0.7848859240528635,0.14432671869675975,0.11210811985814731,0.17287343753158957,0.0515162823903555,0.030691440499987795,0.07372237539957364,3,"n/a (per-seed, see a1_lira_pertask_*)"
imagenet_r,m2_target,F1,full,last_round,3,0.7874287849997698,0.771678949897566,0.8023011864665035,0.16632863331764858,0.1366533032710698,0.19549570619996356,0.061397673248852036,0.04085818305272335,0.08363364018819558,3,"n/a (per-seed, see a1_lira_pertask_*)"
imagenet_r,m2_target,F1,full,last_round,4,0.7992402992300285,0.7831486251777661,0.8141232043730697,0.18213236845094188,0.14641216490616102,0.21771054640531165,0.07043533286819945,0.047020784521839804,0.09822578910226815,3,"n/a (per-seed, see a1_lira_pertask_*)"
imagenet_r,m2_target,F1,full,last_round,5,0.8090136676537909,0.7931159300506953,0.8247620663755939,0.19360386818321948,0.1621104598354509,0.22787801004253636,0.07291784978338824,0.04719765172955447,0.10106324310632281,3,"n/a (per-seed, see a1_lira_pertask_*)"
imagenet_r,m2_target,F1,full,last_round,6,0.8156488908323394,0.7999439243208306,0.8312315395795147,0.2032905518326816,0.1738713267031722,0.2327754779030497,0.07926205967775957,0.05335795395473269,0.105240126759025,3,"n/a (per-seed, see a1_lira_pertask_*)"
imagenet_r,m3_fot,F1,full,trajectory,0,0.6908409057210475,0.6808008767515067,0.7016953237751061,0.07861465929297379,0.06672683193368698,0.09029649026999649,0.02491068369793961,0.01696978527187902,0.03438915250246352,3,"n/a (per-seed, see a1_lira_pertask_*)"
imagenet_r,m3_fot,F1,full,trajectory,1,0.7180019728991228,0.7060754211048825,0.7305309243847758,0.08590678477626063,0.07531702991133674,0.09904097989149338,0.014894207083312941,0.009961131759584607,0.02119923831045524,3,"n/a (per-seed, see a1_lira_pertask_*)"
imagenet_r,m3_fot,F1,full,trajectory,2,0.7290313513373323,0.7172187418145776,0.7426722523283776,0.08823961239171928,0.07709635089970891,0.1030438331084111,0.011957780714204147,0.005740747423551563,0.019741588326274227,3,"n/a (per-seed, see a1_lira_pertask_*)"
imagenet_r,m3_fot,F1,full,trajectory,3,0.7312038396103706,0.7197586028435574,0.7443744182886304,0.08735868448098665,0.07436291445039905,0.1037594016751514,0.009641266578573875,0.003965253607059968,0.019408258128824043,3,"n/a (per-seed, see a1_lira_pertask_*)"
imagenet_r,m3_fot,F1,full,trajectory,4,0.7305608979815822,0.7189259455609569,0.7440867770125714,0.08541738038140916,0.0716061306145569,0.10382768268859979,0.008841906066983148,0.003483859827510708,0.019512767569708114,3,"n/a (per-seed, see a1_lira_pertask_*)"
imagenet_r,m3_fot,F1,full,trajectory,5,0.7297003835349846,0.7182141356232504,0.7434584871041456,0.08682033964665002,0.07150774975018412,0.10647286737053016,0.00825462079316139,0.0031320122717000244,0.018387043660814804,3,"n/a (per-seed, see a1_lira_pertask_*)"
imagenet_r,m3_fot,F1,full,trajectory,6,0.7286137544383087,0.7171811983069266,0.7425928458300449,0.0898709603745575,0.07316192604614216,0.11091686956136347,0.007863097277280217,0.0029404672309086013,0.0186477672691549,3,"n/a (per-seed, see a1_lira_pertask_*)"
imagenet_r,m3_fot,F1,full,last_round,0,0.6908409057210475,0.6808008767515067,0.7016953237751061,0.07861465929297379,0.06672683193368698,0.09029649026999649,0.02491068369793961,0.01696978527187902,0.03438915250246352,3,"n/a (per-seed, see a1_lira_pertask_*)"
imagenet_r,m3_fot,F1,full,last_round,1,0.6412848988171583,0.6309914560231221,0.6512067932560633,0.06148550547317248,0.052917562148477794,0.07183383793726164,0.010620075368276806,0.0057179966193323375,0.016421316716930954,3,"n/a (per-seed, see a1_lira_pertask_*)"
imagenet_r,m3_fot,F1,full,last_round,2,0.6485025064841733,0.6368200097786316,0.6601541546866408,0.061436565033687336,0.051587962450900686,0.07279063980107225,0.008809279107326384,0.0038397975946662852,0.016398127793661413,3,"n/a (per-seed, see a1_lira_pertask_*)"
imagenet_r,m3_fot,F1,full,last_round,3,0.6543031553973908,0.6441614181718055,0.6662229961495854,0.06313316693583908,0.05125184757614653,0.07676573502143141,0.00938025090131976,0.0029655102351331584,0.018412207789307796,3,"n/a (per-seed, see a1_lira_pertask_*)"
imagenet_r,m3_fot,F1,full,last_round,4,0.6631669809264846,0.652410813937295,0.6759365864601922,0.06515603843455847,0.053212216094710114,0.07916319495749598,0.010440627090164602,0.0039515794316170175,0.01961122892095973,3,"n/a (per-seed, see a1_lira_pertask_*)"
imagenet_r,m3_fot,F1,full,last_round,5,0.6702764145250639,0.6594532426551776,0.6833169977326867,0.07235028303887502,0.059296890630596774,0.08740497289907692,0.009983849654969902,0.0032884764688719394,0.020820454551867606,3,"n/a (per-seed, see a1_lira_pertask_*)"
imagenet_r,m3_fot,F1,full,last_round,6,0.672661003946651,0.6617094433156738,0.6862541572774363,0.07314964355046576,0.05971015520996633,0.08987267921783838,0.011027912363986363,0.0038097095477000287,0.02055806744821694,3,"n/a (per-seed, see a1_lira_pertask_*)"
imagenet_r,m4_proto,F2,aggregate,trajectory,0,0.8422918226678182,0.8275347450716772,0.856939329587196,0.23953708540088797,0.21552160386798608,0.26815000181104787,0.1024582136328023,0.08413475244451302,0.12682624182803823,3,"n/a (per-seed, see a1_lira_pertask_*)"
imagenet_r,m4_proto,F2,aggregate,trajectory,1,0.8422918226678182,0.8275347450716772,0.856939329587196,0.23953708540088797,0.21552160386798608,0.26815000181104787,0.1024582136328023,0.08413475244451302,0.12682624182803823,3,"n/a (per-seed, see a1_lira_pertask_*)"
imagenet_r,m4_proto,F2,aggregate,trajectory,2,0.8422918226678182,0.8275347450716772,0.856939329587196,0.23953708540088797,0.21552160386798608,0.26815000181104787,0.1024582136328023,0.08413475244451302,0.12682624182803823,3,"n/a (per-seed, see a1_lira_pertask_*)"
imagenet_r,m4_proto,F2,aggregate,trajectory,3,0.8422918226678182,0.8275347450716772,0.856939329587196,0.23953708540088797,0.21552160386798608,0.26815000181104787,0.1024582136328023,0.08413475244451302,0.12682624182803823,3,"n/a (per-seed, see a1_lira_pertask_*)"
imagenet_r,m4_proto,F2,aggregate,trajectory,4,0.8422918226678182,0.8275347450716772,0.856939329587196,0.23953708540088797,0.21552160386798608,0.26815000181104787,0.1024582136328023,0.08413475244451302,0.12682624182803823,3,"n/a (per-seed, see a1_lira_pertask_*)"
imagenet_r,m4_proto,F2,aggregate,trajectory,5,0.8422918226678182,0.8275347450716772,0.856939329587196,0.23953708540088797,0.21552160386798608,0.26815000181104787,0.1024582136328023,0.08413475244451302,0.12682624182803823,3,"n/a (per-seed, see a1_lira_pertask_*)"
imagenet_r,m4_proto,F2,aggregate,trajectory,6,0.8422918226678182,0.8275347450716772,0.856939329587196,0.23953708540088797,0.21552160386798608,0.26815000181104787,0.1024582136328023,0.08413475244451302,0.12682624182803823,3,"n/a (per-seed, see a1_lira_pertask_*)"
imagenet_r,m4_proto,F2,aggregate,last_round,0,0.8422918226678182,0.8275347450716772,0.856939329587196,0.23953708540088797,0.21552160386798608,0.26815000181104787,0.1024582136328023,0.08413475244451302,0.12682624182803823,3,"n/a (per-seed, see a1_lira_pertask_*)"
imagenet_r,m4_proto,F2,aggregate,last_round,1,0.8422918226678182,0.8275347450716772,0.856939329587196,0.23953708540088797,0.21552160386798608,0.26815000181104787,0.1024582136328023,0.08413475244451302,0.12682624182803823,3,"n/a (per-seed, see a1_lira_pertask_*)"
imagenet_r,m4_proto,F2,aggregate,last_round,2,0.8422918226678182,0.8275347450716772,0.856939329587196,0.23953708540088797,0.21552160386798608,0.26815000181104787,0.1024582136328023,0.08413475244451302,0.12682624182803823,3,"n/a (per-seed, see a1_lira_pertask_*)"
imagenet_r,m4_proto,F2,aggregate,last_round,3,0.8422918226678182,0.8275347450716772,0.856939329587196,0.23953708540088797,0.21552160386798608,0.26815000181104787,0.1024582136328023,0.08413475244451302,0.12682624182803823,3,"n/a (per-seed, see a1_lira_pertask_*)"
imagenet_r,m4_proto,F2,aggregate,last_round,4,0.8422918226678182,0.8275347450716772,0.856939329587196,0.23953708540088797,0.21552160386798608,0.26815000181104787,0.1024582136328023,0.08413475244451302,0.12682624182803823,3,"n/a (per-seed, see a1_lira_pertask_*)"
imagenet_r,m4_proto,F2,aggregate,last_round,5,0.8422918226678182,0.8275347450716772,0.856939329587196,0.23953708540088797,0.21552160386798608,0.26815000181104787,0.1024582136328023,0.08413475244451302,0.12682624182803823,3,"n/a (per-seed, see a1_lira_pertask_*)"
imagenet_r,m4_proto,F2,aggregate,last_round,6,0.8422918226678182,0.8275347450716772,0.856939329587196,0.23953708540088797,0.21552160386798608,0.26815000181104787,0.1024582136328023,0.08413475244451302,0.12682624182803823,3,"n/a (per-seed, see a1_lira_pertask_*)"
imagenet_r,m4_proto,F2,full,trajectory,0,0.9770387922936347,0.9725322322598301,0.9808809520353714,0.7324282862939808,0.7017801955866926,0.7625112788442225,0.5617339953483002,0.5228361423662516,0.5974815668632409,3,"n/a (per-seed, see a1_lira_pertask_*)"
imagenet_r,m4_proto,F2,full,trajectory,1,0.9770387922936347,0.9725322322598301,0.9808809520353714,0.7324282862939808,0.7017801955866926,0.7625112788442225,0.5617339953483002,0.5228361423662516,0.5974815668632409,3,"n/a (per-seed, see a1_lira_pertask_*)"
imagenet_r,m4_proto,F2,full,trajectory,2,0.9770387922936347,0.9725322322598301,0.9808809520353714,0.7324282862939808,0.7017801955866926,0.7625112788442225,0.5617339953483002,0.5228361423662516,0.5974815668632409,3,"n/a (per-seed, see a1_lira_pertask_*)"
imagenet_r,m4_proto,F2,full,trajectory,3,0.9770387922936347,0.9725322322598301,0.9808809520353714,0.7324282862939808,0.7017801955866926,0.7625112788442225,0.5617339953483002,0.5228361423662516,0.5974815668632409,3,"n/a (per-seed, see a1_lira_pertask_*)"
imagenet_r,m4_proto,F2,full,trajectory,4,0.9770387922936347,0.9725322322598301,0.9808809520353714,0.7324282862939808,0.7017801955866926,0.7625112788442225,0.5617339953483002,0.5228361423662516,0.5974815668632409,3,"n/a (per-seed, see a1_lira_pertask_*)"
imagenet_r,m4_proto,F2,full,trajectory,5,0.9770387922936347,0.9725322322598301,0.9808809520353714,0.7324282862939808,0.7017801955866926,0.7625112788442225,0.5617339953483002,0.5228361423662516,0.5974815668632409,3,"n/a (per-seed, see a1_lira_pertask_*)"
imagenet_r,m4_proto,F2,full,trajectory,6,0.9770387922936347,0.9725322322598301,0.9808809520353714,0.7324282862939808,0.7017801955866926,0.7625112788442225,0.5617339953483002,0.5228361423662516,0.5974815668632409,3,"n/a (per-seed, see a1_lira_pertask_*)"
imagenet_r,m4_proto,F2,full,last_round,0,0.9770387922936347,0.9725322322598301,0.9808809520353714,0.7324282862939808,0.7017801955866926,0.7625112788442225,0.5617339953483002,0.5228361423662516,0.5974815668632409,3,"n/a (per-seed, see a1_lira_pertask_*)"
imagenet_r,m4_proto,F2,full,last_round,1,0.9770387922936347,0.9725322322598301,0.9808809520353714,0.7324282862939808,0.7017801955866926,0.7625112788442225,0.5617339953483002,0.5228361423662516,0.5974815668632409,3,"n/a (per-seed, see a1_lira_pertask_*)"
imagenet_r,m4_proto,F2,full,last_round,2,0.9770387922936347,0.9725322322598301,0.9808809520353714,0.7324282862939808,0.7017801955866926,0.7625112788442225,0.5617339953483002,0.5228361423662516,0.5974815668632409,3,"n/a (per-seed, see a1_lira_pertask_*)"
imagenet_r,m4_proto,F2,full,last_round,3,0.9770387922936347,0.9725322322598301,0.9808809520353714,0.7324282862939808,0.7017801955866926,0.7625112788442225,0.5617339953483002,0.5228361423662516,0.5974815668632409,3,"n/a (per-seed, see a1_lira_pertask_*)"
imagenet_r,m4_proto,F2,full,last_round,4,0.9770387922936347,0.9725322322598301,0.9808809520353714,0.7324282862939808,0.7017801955866926,0.7625112788442225,0.5617339953483002,0.5228361423662516,0.5974815668632409,3,"n/a (per-seed, see a1_lira_pertask_*)"
imagenet_r,m4_proto,F2,full,last_round,5,0.9770387922936347,0.9725322322598301,0.9808809520353714,0.7324282862939808,0.7017801955866926,0.7625112788442225,0.5617339953483002,0.5228361423662516,0.5974815668632409,3,"n/a (per-seed, see a1_lira_pertask_*)"
imagenet_r,m4_proto,F2,full,last_round,6,0.9770387922936347,0.9725322322598301,0.9808809520353714,0.7324282862939808,0.7017801955866926,0.7625112788442225,0.5617339953483002,0.5228361423662516,0.5974815668632409,3,"n/a (per-seed, see a1_lira_pertask_*)"
imagenet_r,m4_proto,F2,global,trajectory,0,0.5895923952700763,0.5691081121429225,0.6109615759252852,0.10591505339640123,0.08404756500950238,0.13013922141280604,0.08468652980283155,0.0649297664858268,0.10699812377057039,3,"n/a (per-seed, see a1_lira_pertask_*)"
imagenet_r,m4_proto,F2,global,trajectory,1,0.5895923952700763,0.5691081121429225,0.6109615759252852,0.10591505339640123,0.08404756500950238,0.13013922141280604,0.08468652980283155,0.0649297664858268,0.10699812377057039,3,"n/a (per-seed, see a1_lira_pertask_*)"
imagenet_r,m4_proto,F2,global,trajectory,2,0.5895923952700763,0.5691081121429225,0.6109615759252852,0.10591505339640123,0.08404756500950238,0.13013922141280604,0.08468652980283155,0.0649297664858268,0.10699812377057039,3,"n/a (per-seed, see a1_lira_pertask_*)"
imagenet_r,m4_proto,F2,global,trajectory,3,0.5895923952700763,0.5691081121429225,0.6109615759252852,0.10591505339640123,0.08404756500950238,0.13013922141280604,0.08468652980283155,0.0649297664858268,0.10699812377057039,3,"n/a (per-seed, see a1_lira_pertask_*)"
imagenet_r,m4_proto,F2,global,trajectory,4,0.5895923952700763,0.5691081121429225,0.6109615759252852,0.10591505339640123,0.08404756500950238,0.13013922141280604,0.08468652980283155,0.0649297664858268,0.10699812377057039,3,"n/a (per-seed, see a1_lira_pertask_*)"
imagenet_r,m4_proto,F2,global,trajectory,5,0.5895923952700763,0.5691081121429225,0.6109615759252852,0.10591505339640123,0.08404756500950238,0.13013922141280604,0.08468652980283155,0.0649297664858268,0.10699812377057039,3,"n/a (per-seed, see a1_lira_pertask_*)"
imagenet_r,m4_proto,F2,global,trajectory,6,0.5895923952700763,0.5691081121429225,0.6109615759252852,0.10591505339640123,0.08404756500950238,0.13013922141280604,0.08468652980283155,0.0649297664858268,0.10699812377057039,3,"n/a (per-seed, see a1_lira_pertask_*)"
imagenet_r,m4_proto,F2,global,last_round,0,0.5895923952700763,0.5691081121429225,0.6109615759252852,0.10591505339640123,0.08404756500950238,0.13013922141280604,0.08468652980283155,0.0649297664858268,0.10699812377057039,3,"n/a (per-seed, see a1_lira_pertask_*)"
imagenet_r,m4_proto,F2,global,last_round,1,0.5895923952700763,0.5691081121429225,0.6109615759252852,0.10591505339640123,0.08404756500950238,0.13013922141280604,0.08468652980283155,0.0649297664858268,0.10699812377057039,3,"n/a (per-seed, see a1_lira_pertask_*)"
imagenet_r,m4_proto,F2,global,last_round,2,0.5895923952700763,0.5691081121429225,0.6109615759252852,0.10591505339640123,0.08404756500950238,0.13013922141280604,0.08468652980283155,0.0649297664858268,0.10699812377057039,3,"n/a (per-seed, see a1_lira_pertask_*)"
imagenet_r,m4_proto,F2,global,last_round,3,0.5895923952700763,0.5691081121429225,0.6109615759252852,0.10591505339640123,0.08404756500950238,0.13013922141280604,0.08468652980283155,0.0649297664858268,0.10699812377057039,3,"n/a (per-seed, see a1_lira_pertask_*)"
imagenet_r,m4_proto,F2,global,last_round,4,0.5895923952700763,0.5691081121429225,0.6109615759252852,0.10591505339640123,0.08404756500950238,0.13013922141280604,0.08468652980283155,0.0649297664858268,0.10699812377057039,3,"n/a (per-seed, see a1_lira_pertask_*)"
imagenet_r,m4_proto,F2,global,last_round,5,0.5895923952700763,0.5691081121429225,0.6109615759252852,0.10591505339640123,0.08404756500950238,0.13013922141280604,0.08468652980283155,0.0649297664858268,0.10699812377057039,3,"n/a (per-seed, see a1_lira_pertask_*)"
imagenet_r,m4_proto,F2,global,last_round,6,0.5895923952700763,0.5691081121429225,0.6109615759252852,0.10591505339640123,0.08404756500950238,0.13013922141280604,0.08468652980283155,0.0649297664858268,0.10699812377057039,3,"n/a (per-seed, see a1_lira_pertask_*)"
imagenet_r,m5_hybrid_replay,F1,full,trajectory,0,0.685155438009021,0.6747122322723653,0.6960172503586712,0.08302667144299346,0.07176110296321292,0.09588756341428614,0.028527697267723973,0.020012335162693157,0.03646265380423107,3,"n/a (per-seed, see a1_lira_pertask_*)"
imagenet_r,m5_hybrid_replay,F1,full,trajectory,1,0.7528624776709326,0.7413631760233209,0.7645164827388382,0.1365161038199759,0.12176832383328462,0.15279028409552192,0.0534243006480607,0.04249223422723696,0.06384959981366167,3,"n/a (per-seed, see a1_lira_pertask_*)"
imagenet_r,m5_hybrid_replay,F1,full,trajectory,2,0.7909274195780805,0.7794928214628163,0.8024856072210826,0.1779724492786661,0.15887003601806404,0.1996247119855696,0.0769042889243495,0.06212713742510659,0.09195072921296409,3,"n/a (per-seed, see a1_lira_pertask_*)"
imagenet_r,m5_hybrid_replay,F1,full,trajectory,3,0.8149224789917786,0.8041974409151064,0.8261946835029081,0.21929853127951282,0.19826704577669826,0.24261811547501083,0.10202885335591233,0.08589062669862492,0.1230294785550096,3,"n/a (per-seed, see a1_lira_pertask_*)"
imagenet_r,m5_hybrid_replay,F1,full,trajectory,4,0.8302879468067036,0.8196309705881585,0.8413356406428479,0.2525482788940632,0.2301496153034628,0.27699972744722795,0.1288794086039014,0.11027576068654704,0.1481683103201439,3,"n/a (per-seed, see a1_lira_pertask_*)"
imagenet_r,m5_hybrid_replay,F1,full,trajectory,5,0.840308195100644,0.8289662182163748,0.8515475511654855,0.27527925228775196,0.25325434907788075,0.3004204249324824,0.14739310254990717,0.12777667590345934,0.16690791243110367,3,"n/a (per-seed, see a1_lira_pertask_*)"
imagenet_r,m5_hybrid_replay,F1,full,trajectory,6,0.8473482760229624,0.836014631639365,0.8585642767516427,0.29332074119907514,0.2708306435710429,0.31926021081926753,0.15888885270459505,0.14027026585048716,0.18323158611295853,3,"n/a (per-seed, see a1_lira_pertask_*)"
imagenet_r,m5_hybrid_replay,F1,full,last_round,0,0.685155438009021,0.6747122322723653,0.6960172503586712,0.08302667144299346,0.07176110296321292,0.09588756341428614,0.028527697267723973,0.020012335162693157,0.03646265380423107,3,"n/a (per-seed, see a1_lira_pertask_*)"
imagenet_r,m5_hybrid_replay,F1,full,last_round,1,0.74817211672443,0.7366294582007351,0.7593557622107504,0.1410264760478067,0.12676685759708564,0.15592006585193793,0.05464552056534341,0.044501177046754214,0.0673743497414307,3,"n/a (per-seed, see a1_lira_pertask_*)"
imagenet_r,m5_hybrid_replay,F1,full,last_round,2,0.7796111838202963,0.768663191889429,0.7907598120355281,0.1803171915198489,0.1639092873827034,0.19890208654509262,0.0820985443058586,0.06497824034795799,0.09784572070225689,3,"n/a (per-seed, see a1_lira_pertask_*)"
imagenet_r,m5_hybrid_replay,F1,full,last_round,3,0.8146640370824821,0.8037468573829767,0.8253650621171859,0.23507669261080535,0.21449623840080903,0.2564604735166054,0.11515289673364379,0.09908711853912869,0.13437044409475357,3,"n/a (per-seed, see a1_lira_pertask_*)"
imagenet_r,m5_hybrid_replay,F1,full,last_round,4,0.8325066328822941,0.8207824105932936,0.8438113665043074,0.27052463607646465,0.24963035027882072,0.293762218280051,0.1444133259517374,0.12607704856705895,0.1644109642395082,3,"n/a (per-seed, see a1_lira_pertask_*)"
imagenet_r,m5_hybrid_replay,F1,full,last_round,5,0.8422378523871125,0.8300023757648449,0.8541493078781955,0.30004559221024524,0.2773065190796396,0.3248866483030234,0.16364346891588238,0.14404628471997646,0.1856407262441285,3,"n/a (per-seed, see a1_lira_pertask_*)"
imagenet_r,m5_hybrid_replay,F1,full,last_round,6,0.8491085795510752,0.8377701030623519,0.8599410353937995,0.3152050021167812,0.29068103685240393,0.33842516444624837,0.18093594294460547,0.1600714797268938,0.20574621309576346,3,"n/a (per-seed, see a1_lira_pertask_*)"
imagenet_r,m8_analytic,F5,aggregate,trajectory,0,0.9999914067017781,0.9999647305819943,0.9999997310458935,1.0,0.9997873074745087,1.0,0.9971389557188374,0.9912886701967566,1.0,3,"n/a (per-seed, see a1_lira_pertask_*)"
imagenet_r,m8_analytic,F5,aggregate,trajectory,1,0.9999914067017781,0.9999647305819943,0.9999997310458935,1.0,0.9997873074745087,1.0,0.9971389557188374,0.9912886701967566,1.0,3,"n/a (per-seed, see a1_lira_pertask_*)"
imagenet_r,m8_analytic,F5,aggregate,trajectory,2,0.9999914067017781,0.9999647305819943,0.9999997310458935,1.0,0.9997873074745087,1.0,0.9971389557188374,0.9912886701967566,1.0,3,"n/a (per-seed, see a1_lira_pertask_*)"
imagenet_r,m8_analytic,F5,aggregate,trajectory,3,0.9999914067017781,0.9999647305819943,0.9999997310458935,1.0,0.9997873074745087,1.0,0.9971389557188374,0.9912886701967566,1.0,3,"n/a (per-seed, see a1_lira_pertask_*)"
imagenet_r,m8_analytic,F5,aggregate,trajectory,4,0.9999914067017781,0.9999647305819943,0.9999997310458935,1.0,0.9997873074745087,1.0,0.9971389557188374,0.9912886701967566,1.0,3,"n/a (per-seed, see a1_lira_pertask_*)"
imagenet_r,m8_analytic,F5,aggregate,trajectory,5,0.9999914067017781,0.9999647305819943,0.9999997310458935,1.0,0.9997873074745087,1.0,0.9971389557188374,0.9912886701967566,1.0,3,"n/a (per-seed, see a1_lira_pertask_*)"
imagenet_r,m8_analytic,F5,aggregate,trajectory,6,0.9999914067017781,0.9999647305819943,0.9999997310458935,1.0,0.9997873074745087,1.0,0.9971389557188374,0.9912886701967566,1.0,3,"n/a (per-seed, see a1_lira_pertask_*)"
imagenet_r,m8_analytic,F5,aggregate,last_round,0,0.9999914067017781,0.9999647305819943,0.9999997310458935,1.0,0.9997873074745087,1.0,0.9971389557188374,0.9912886701967566,1.0,3,"n/a (per-seed, see a1_lira_pertask_*)"
imagenet_r,m8_analytic,F5,aggregate,last_round,1,0.9999914067017781,0.9999647305819943,0.9999997310458935,1.0,0.9997873074745087,1.0,0.9971389557188374,0.9912886701967566,1.0,3,"n/a (per-seed, see a1_lira_pertask_*)"
imagenet_r,m8_analytic,F5,aggregate,last_round,2,0.9999914067017781,0.9999647305819943,0.9999997310458935,1.0,0.9997873074745087,1.0,0.9971389557188374,0.9912886701967566,1.0,3,"n/a (per-seed, see a1_lira_pertask_*)"
imagenet_r,m8_analytic,F5,aggregate,last_round,3,0.9999914067017781,0.9999647305819943,0.9999997310458935,1.0,0.9997873074745087,1.0,0.9971389557188374,0.9912886701967566,1.0,3,"n/a (per-seed, see a1_lira_pertask_*)"
imagenet_r,m8_analytic,F5,aggregate,last_round,4,0.9999914067017781,0.9999647305819943,0.9999997310458935,1.0,0.9997873074745087,1.0,0.9971389557188374,0.9912886701967566,1.0,3,"n/a (per-seed, see a1_lira_pertask_*)"
imagenet_r,m8_analytic,F5,aggregate,last_round,5,0.9999914067017781,0.9999647305819943,0.9999997310458935,1.0,0.9997873074745087,1.0,0.9971389557188374,0.9912886701967566,1.0,3,"n/a (per-seed, see a1_lira_pertask_*)"
imagenet_r,m8_analytic,F5,aggregate,last_round,6,0.9999914067017781,0.9999647305819943,0.9999997310458935,1.0,0.9997873074745087,1.0,0.9971389557188374,0.9912886701967566,1.0,3,"n/a (per-seed, see a1_lira_pertask_*)"
imagenet_r,m8_analytic,F5,full,trajectory,0,1.0,1.0,1.0,1.0,1.0,1.0,1.0,1.0,1.0,3,"n/a (per-seed, see a1_lira_pertask_*)"
imagenet_r,m8_analytic,F5,full,trajectory,1,1.0,1.0,1.0,1.0,1.0,1.0,1.0,1.0,1.0,3,"n/a (per-seed, see a1_lira_pertask_*)"
imagenet_r,m8_analytic,F5,full,trajectory,2,1.0,1.0,1.0,1.0,1.0,1.0,1.0,1.0,1.0,3,"n/a (per-seed, see a1_lira_pertask_*)"
imagenet_r,m8_analytic,F5,full,trajectory,3,1.0,1.0,1.0,1.0,1.0,1.0,1.0,1.0,1.0,3,"n/a (per-seed, see a1_lira_pertask_*)"
imagenet_r,m8_analytic,F5,full,trajectory,4,1.0,1.0,1.0,1.0,1.0,1.0,1.0,1.0,1.0,3,"n/a (per-seed, see a1_lira_pertask_*)"
imagenet_r,m8_analytic,F5,full,trajectory,5,1.0,1.0,1.0,1.0,1.0,1.0,1.0,1.0,1.0,3,"n/a (per-seed, see a1_lira_pertask_*)"
imagenet_r,m8_analytic,F5,full,trajectory,6,1.0,1.0,1.0,1.0,1.0,1.0,1.0,1.0,1.0,3,"n/a (per-seed, see a1_lira_pertask_*)"
imagenet_r,m8_analytic,F5,full,last_round,0,1.0,1.0,1.0,1.0,1.0,1.0,1.0,1.0,1.0,3,"n/a (per-seed, see a1_lira_pertask_*)"
imagenet_r,m8_analytic,F5,full,last_round,1,1.0,1.0,1.0,1.0,1.0,1.0,1.0,1.0,1.0,3,"n/a (per-seed, see a1_lira_pertask_*)"
imagenet_r,m8_analytic,F5,full,last_round,2,1.0,1.0,1.0,1.0,1.0,1.0,1.0,1.0,1.0,3,"n/a (per-seed, see a1_lira_pertask_*)"
imagenet_r,m8_analytic,F5,full,last_round,3,1.0,1.0,1.0,1.0,1.0,1.0,1.0,1.0,1.0,3,"n/a (per-seed, see a1_lira_pertask_*)"
imagenet_r,m8_analytic,F5,full,last_round,4,1.0,1.0,1.0,1.0,1.0,1.0,1.0,1.0,1.0,3,"n/a (per-seed, see a1_lira_pertask_*)"
imagenet_r,m8_analytic,F5,full,last_round,5,1.0,1.0,1.0,1.0,1.0,1.0,1.0,1.0,1.0,3,"n/a (per-seed, see a1_lira_pertask_*)"
imagenet_r,m8_analytic,F5,full,last_round,6,1.0,1.0,1.0,1.0,1.0,1.0,1.0,1.0,1.0,3,"n/a (per-seed, see a1_lira_pertask_*)"
imagenet_r,m8_analytic,F5,global,trajectory,0,0.9998456617013021,0.9997452907420028,0.9999134824165999,0.9956270117371655,0.9910177548835916,0.9980504155307417,0.9812237864551159,0.9715496951858772,0.9872264622825155,3,"n/a (per-seed, see a1_lira_pertask_*)"
imagenet_r,m8_analytic,F5,global,trajectory,1,0.9997955573957114,0.9996738279158792,0.9998814864656246,0.9940501349286341,0.9890904126675952,0.9972207905522001,0.9748349969112722,0.9649851469212749,0.9833614222875096,3,"n/a (per-seed, see a1_lira_pertask_*)"
imagenet_r,m8_analytic,F5,global,trajectory,2,0.999741252680094,0.9995942736488542,0.9998462107225857,0.9922131547290047,0.9872302361713754,0.9961829165257046,0.9709497025067464,0.9587998051075038,0.9797585671501122,3,"n/a (per-seed, see a1_lira_pertask_*)"
imagenet_r,m8_analytic,F5,global,trajectory,3,0.99968330886058,0.9995167426852648,0.9998090142427737,0.9904574568390936,0.9848449565721404,0.9949150254133479,0.9668693305588971,0.9527695002615995,0.9765750583291786,3,"n/a (per-seed, see a1_lira_pertask_*)"
imagenet_r,m8_analytic,F5,global,trajectory,4,0.9996186547492251,0.9994253004325907,0.9997674568327364,0.98819780862893,0.9821219090267893,0.9933921723302994,0.9616510062749943,0.9493091591277979,0.9727349858374559,3,"n/a (per-seed, see a1_lira_pertask_*)"
imagenet_r,m8_analytic,F5,global,trajectory,5,0.9995528550234277,0.9993319515069083,0.999725363971648,0.9861007250382027,0.9801653217843398,0.9917976546346956,0.9582859186526644,0.944784823760363,0.9698341315536907,3,"n/a (per-seed, see a1_lira_pertask_*)"
imagenet_r,m8_analytic,F5,global,trajectory,6,0.9994825204305834,0.9992318938577747,0.9996763225183974,0.9841336931430243,0.9780644210822813,0.9901029246931663,0.9557173976655721,0.9405998624664004,0.9668603427432274,3,"n/a (per-seed, see a1_lira_pertask_*)"
imagenet_r,m8_analytic,F5,global,last_round,0,0.9998456617013021,0.9997452907420028,0.9999134824165999,0.9956270117371655,0.9910177548835916,0.9980504155307417,0.9812237864551159,0.9715496951858772,0.9872264622825155,3,"n/a (per-seed, see a1_lira_pertask_*)"
imagenet_r,m8_analytic,F5,global,last_round,1,0.9995948752516612,0.9993972107647596,0.9997458294070452,0.9881327827811555,0.9826957867317049,0.9933371678699102,0.9587898689729167,0.943357758735834,0.9712227372858242,3,"n/a (per-seed, see a1_lira_pertask_*)"
imagenet_r,m8_analytic,F5,global,last_round,2,0.9991416000612741,0.998793297723422,0.9994275092173399,0.9767695158825633,0.9688098839214011,0.9841596817122288,0.9324706570861918,0.9148114689362407,0.9503195108767835,3,"n/a (per-seed, see a1_lira_pertask_*)"
imagenet_r,m8_analytic,F5,global,last_round,3,0.9984830044821651,0.9979177753492627,0.9989462059258275,0.9627239327632734,0.951882227813858,0.9726639851280581,0.9011119419969438,0.8795515233869234,0.9225174588457125,3,"n/a (per-seed, see a1_lira_pertask_*)"
imagenet_r,m8_analytic,F5,global,last_round,4,0.9976146385174087,0.996816066478276,0.9982936605777869,0.9465812660532562,0.9346631208852568,0.9586357252783133,0.8687290698052476,0.8390038754688254,0.8967892926413774,3,"n/a (per-seed, see a1_lira_pertask_*)"
imagenet_r,m8_analytic,F5,global,last_round,5,0.9965020647271874,0.9954115252323934,0.9974521303805104,0.9267158695581493,0.9113138499686141,0.9431559191780164,0.8349969112722307,0.8054272799172939,0.8666724171906568,3,"n/a (per-seed, see a1_lira_pertask_*)"
imagenet_r,m8_analytic,F5,global,last_round,6,0.9951544816049385,0.9938263386336643,0.9963389116052622,0.9063952921286211,0.8888487903461051,0.9236671837142976,0.8042884546607276,0.7720759018672336,0.8335433677784084,3,"n/a (per-seed, see a1_lira_pertask_*)"
