dataset,method,seed,task_k,task_T,elapsed,acc,acc_train
imagenet_r,m0_fedavg,0,0,0,0,0.7344827586206897,0.7876949740034662
imagenet_r,m0_fedavg,0,0,1,1,0.1793103448275862,0.20580589254766032
imagenet_r,m0_fedavg,0,0,2,2,0.1793103448275862,0.19584055459272098
imagenet_r,m0_fedavg,0,0,3,3,0.13793103448275862,0.16594454072790293
imagenet_r,m0_fedavg,0,0,4,4,0.13448275862068965,0.14168110918544194
imagenet_r,m0_fedavg,0,0,5,5,0.1103448275862069,0.13518197573656845
imagenet_r,m0_fedavg,0,0,6,6,0.15172413793103448,0.16984402079722705
imagenet_r,m0_fedavg,0,0,7,7,0.13793103448275862,0.1477469670710572
imagenet_r,m0_fedavg,0,0,8,8,0.10689655172413794,0.12261698440207973
imagenet_r,m0_fedavg,0,0,9,9,0.15172413793103448,0.17807625649913345
imagenet_r,m0_fedavg,0,1,1,0,0.6610169491525424,0.7450232952138924
imagenet_r,m0_fedavg,0,1,2,1,0.21694915254237288,0.23761118170266837
imagenet_r,m0_fedavg,0,1,3,2,0.1152542372881356,0.1397712833545108
imagenet_r,m0_fedavg,0,1,4,3,0.15593220338983052,0.17662007623888182
imagenet_r,m0_fedavg,0,1,5,4,0.1288135593220339,0.1592545531554426
imagenet_r,m0_fedavg,0,1,6,5,0.14915254237288136,0.18170266836086404
imagenet_r,m0_fedavg,0,1,7,6,0.14915254237288136,0.18297331639135958
imagenet_r,m0_fedavg,0,1,8,7,0.13559322033898305,0.16560779330792036
imagenet_r,m0_fedavg,0,1,9,8,0.12542372881355932,0.14866581956797967
imagenet_r,m0_fedavg,0,2,2,0,0.6866197183098591,0.7601572739187418
imagenet_r,m0_fedavg,0,2,3,1,0.2535211267605634,0.2595019659239843
imagenet_r,m0_fedavg,0,2,4,2,0.22535211267605634,0.21319353429445173
imagenet_r,m0_fedavg,0,2,5,3,0.2112676056338028,0.2166885102664919
imagenet_r,m0_fedavg,0,2,6,4,0.2112676056338028,0.17562254259501967
imagenet_r,m0_fedavg,0,2,7,5,0.15845070422535212,0.16601135867190914
imagenet_r,m0_fedavg,0,2,8,6,0.19718309859154928,0.17737003058103976
imagenet_r,m0_fedavg,0,2,9,7,0.1443661971830986,0.1511577107907383
imagenet_r,m0_fedavg,0,3,3,0,0.7593220338983051,0.8071729957805908
imagenet_r,m0_fedavg,0,3,4,1,0.30847457627118646,0.33544303797468356
imagenet_r,m0_fedavg,0,3,5,2,0.22372881355932203,0.25738396624472576
imagenet_r,m0_fedavg,0,3,6,3,0.2677966101694915,0.27974683544303797
imagenet_r,m0_fedavg,0,3,7,4,0.30847457627118646,0.30759493670886073
imagenet_r,m0_fedavg,0,3,8,5,0.26440677966101694,0.2687763713080169
imagenet_r,m0_fedavg,0,3,9,6,0.22033898305084745,0.24050632911392406
imagenet_r,m0_fedavg,0,4,4,0,0.7156862745098039,0.7918885702580909
imagenet_r,m0_fedavg,0,4,5,1,0.23202614379084968,0.2548136009832036
imagenet_r,m0_fedavg,0,4,6,2,0.23202614379084968,0.25686194182712
imagenet_r,m0_fedavg,0,4,7,3,0.1895424836601307,0.22122081114297418
imagenet_r,m0_fedavg,0,4,8,4,0.13725490196078433,0.15444489963129865
imagenet_r,m0_fedavg,0,4,9,5,0.13071895424836602,0.16509627201966406
imagenet_r,m0_fedavg,0,5,5,0,0.7767295597484277,0.7947306331104994
imagenet_r,m0_fedavg,0,5,6,1,0.34276729559748426,0.3539127015336217
imagenet_r,m0_fedavg,0,5,7,2,0.3584905660377358,0.35823830121903266
imagenet_r,m0_fedavg,0,5,8,3,0.3490566037735849,0.3460479748328746
imagenet_r,m0_fedavg,0,5,9,4,0.3050314465408805,0.321274085725521
imagenet_r,m0_fedavg,0,6,6,0,0.7721088435374149,0.7937660119555935
imagenet_r,m0_fedavg,0,6,7,1,0.3843537414965986,0.37147736976942786
imagenet_r,m0_fedavg,0,6,8,2,0.3401360544217687,0.3471391972672929
imagenet_r,m0_fedavg,0,6,9,3,0.30952380952380953,0.3116994022203245
imagenet_r,m0_fedavg,0,7,7,0,0.7455197132616488,0.782942238267148
imagenet_r,m0_fedavg,0,7,8,1,0.26523297491039427,0.28203971119133575
imagenet_r,m0_fedavg,0,7,9,2,0.2114695340501792,0.2134476534296029
imagenet_r,m0_fedavg,0,8,8,0,0.6695906432748538,0.7345814977973568
imagenet_r,m0_fedavg,0,8,9,1,0.2631578947368421,0.2852422907488987
imagenet_r,m0_fedavg,0,9,9,0,0.6701030927835051,0.7413941480206541
imagenet_r,m0_fedavg,1,0,0,0,0.7370242214532872,0.7608131487889274
imagenet_r,m0_fedavg,1,0,1,1,0.314878892733564,0.3044982698961938
imagenet_r,m0_fedavg,1,0,2,2,0.21107266435986158,0.2054498269896194
imagenet_r,m0_fedavg,1,0,3,3,0.21453287197231835,0.2166955017301038
imagenet_r,m0_fedavg,1,0,4,4,0.17301038062283736,0.17387543252595156
imagenet_r,m0_fedavg,1,0,5,5,0.2422145328719723,0.24091695501730104
imagenet_r,m0_fedavg,1,0,6,6,0.1903114186851211,0.185121107266436
imagenet_r,m0_fedavg,1,0,7,7,0.21107266435986158,0.1976643598615917
imagenet_r,m0_fedavg,1,0,8,8,0.17647058823529413,0.16868512110726644
imagenet_r,m0_fedavg,1,0,9,9,0.11072664359861592,0.111159169550173
imagenet_r,m0_fedavg,1,1,1,0,0.699724517906336,0.7473174108688128
imagenet_r,m0_fedavg,1,1,2,1,0.20385674931129477,0.23329871928002768
imagenet_r,m0_fedavg,1,1,3,2,0.10192837465564739,0.12668743509865005
imagenet_r,m0_fedavg,1,1,4,3,0.15702479338842976,0.17133956386292834
imagenet_r,m0_fedavg,1,1,5,4,0.14325068870523416,0.16580131533402562
imagenet_r,m0_fedavg,1,1,6,5,0.1763085399449036,0.19730010384215993
imagenet_r,m0_fedavg,1,1,7,6,0.18457300275482094,0.20768431983385255
imagenet_r,m0_fedavg,1,1,8,7,0.09090909090909091,0.11076497057805469
imagenet_r,m0_fedavg,1,1,9,8,0.11294765840220386,0.11318795430944964
imagenet_r,m0_fedavg,1,2,2,0,0.7094339622641509,0.7792578496669839
imagenet_r,m0_fedavg,1,2,3,1,0.2528301886792453,0.2721217887725975
imagenet_r,m0_fedavg,1,2,4,2,0.2,0.23120837297811608
imagenet_r,m0_fedavg,1,2,5,3,0.2037735849056604,0.22216936251189343
imagenet_r,m0_fedavg,1,2,6,4,0.18490566037735848,0.2017126546146527
imagenet_r,m0_fedavg,1,2,7,5,0.22641509433962265,0.25451950523311134
imagenet_r,m0_fedavg,1,2,8,6,0.09056603773584905,0.12131303520456709
imagenet_r,m0_fedavg,1,2,9,7,0.09433962264150944,0.1241674595623216
imagenet_r,m0_fedavg,1,3,3,0,0.6816816816816816,0.7442034405385191
imagenet_r,m0_fedavg,1,3,4,1,0.3033033033033033,0.3548990276738968
imagenet_r,m0_fedavg,1,3,5,2,0.3183183183183183,0.35041136873597606
imagenet_r,m0_fedavg,1,3,6,3,0.24624624624624625,0.28608825729244575
imagenet_r,m0_fedavg,1,3,7,4,0.3213213213213213,0.35976065818997754
imagenet_r,m0_fedavg,1,3,8,5,0.19519519519519518,0.23635003739715782
imagenet_r,m0_fedavg,1,3,9,6,0.1921921921921922,0.20905011219147346
imagenet_r,m0_fedavg,1,4,4,0,0.7076271186440678,0.7818277865821447
imagenet_r,m0_fedavg,1,4,5,1,0.23728813559322035,0.27258320126782887
imagenet_r,m0_fedavg,1,4,6,2,0.211864406779661,0.22768092974115162
imagenet_r,m0_fedavg,1,4,7,3,0.21610169491525424,0.27363972530375064
imagenet_r,m0_fedavg,1,4,8,4,0.1864406779661017,0.184891706286318
imagenet_r,m0_fedavg,1,4,9,5,0.1483050847457627,0.1473851030110935
imagenet_r,m0_fedavg,1,5,5,0,0.7275541795665634,0.7835330498647082
imagenet_r,m0_fedavg,1,5,6,1,0.25696594427244585,0.30575956706609975
imagenet_r,m0_fedavg,1,5,7,2,0.2848297213622291,0.3281793583301121
imagenet_r,m0_fedavg,1,5,8,3,0.15789473684210525,0.17356010823347506
imagenet_r,m0_fedavg,1,5,9,4,0.10526315789473684,0.12253575570158484
imagenet_r,m0_fedavg,1,6,6,0,0.7391304347826086,0.8110925771476231
imagenet_r,m0_fedavg,1,6,7,1,0.3745819397993311,0.38990825688073394
imagenet_r,m0_fedavg,1,6,8,2,0.2809364548494983,0.2939949958298582
imagenet_r,m0_fedavg,1,6,9,3,0.20735785953177258,0.2481234361968307
imagenet_r,m0_fedavg,1,7,7,0,0.7613636363636364,0.8000951927653498
imagenet_r,m0_fedavg,1,7,8,1,0.3977272727272727,0.410280818657782
imagenet_r,m0_fedavg,1,7,9,2,0.30303030303030304,0.3193717277486911
imagenet_r,m0_fedavg,1,8,8,0,0.7350157728706624,0.7631267272009475
imagenet_r,m0_fedavg,1,8,9,1,0.24605678233438485,0.23963679431504145
imagenet_r,m0_fedavg,1,9,9,0,0.7180327868852459,0.7319884726224783
imagenet_r,m0_fedavg,2,0,0,0,0.7335640138408305,0.7842287694974004
imagenet_r,m0_fedavg,2,0,1,1,0.23183391003460208,0.27339688041594457
imagenet_r,m0_fedavg,2,0,2,2,0.22837370242214533,0.2807625649913345
imagenet_r,m0_fedavg,2,0,3,3,0.1695501730103806,0.21923743500866552
imagenet_r,m0_fedavg,2,0,4,4,0.16262975778546712,0.225736568457539
imagenet_r,m0_fedavg,2,0,5,5,0.15916955017301038,0.19020797227036396
imagenet_r,m0_fedavg,2,0,6,6,0.17647058823529413,0.19844020797227035
imagenet_r,m0_fedavg,2,0,7,7,0.15570934256055363,0.20320623916811092
imagenet_r,m0_fedavg,2,0,8,8,0.1903114186851211,0.21317157712305027
imagenet_r,m0_fedavg,2,0,9,9,0.20069204152249134,0.2339688041594454
imagenet_r,m0_fedavg,2,1,1,0,0.7093425605536332,0.7600867678958785
imagenet_r,m0_fedavg,2,1,2,1,0.2422145328719723,0.24425162689804772
imagenet_r,m0_fedavg,2,1,3,2,0.2422145328719723,0.23557483731019524
imagenet_r,m0_fedavg,2,1,4,3,0.2698961937716263,0.24945770065075923
imagenet_r,m0_fedavg,2,1,5,4,0.19377162629757785,0.1809110629067245
imagenet_r,m0_fedavg,2,1,6,5,0.23183391003460208,0.2160520607375271
imagenet_r,m0_fedavg,2,1,7,6,0.1972318339100346,0.20563991323210412
imagenet_r,m0_fedavg,2,1,8,7,0.15570934256055363,0.1505422993492408
imagenet_r,m0_fedavg,2,1,9,8,0.18339100346020762,0.172234273318872
imagenet_r,m0_fedavg,2,2,2,0,0.7641196013289037,0.8099208003334722
imagenet_r,m0_fedavg,2,2,3,1,0.19269102990033224,0.20300125052105045
imagenet_r,m0_fedavg,2,2,4,2,0.22259136212624583,0.24426844518549395
imagenet_r,m0_fedavg,2,2,5,3,0.10631229235880399,0.14172571904960402
imagenet_r,m0_fedavg,2,2,6,4,0.1893687707641196,0.19674864526886202
imagenet_r,m0_fedavg,2,2,7,5,0.12292358803986711,0.1567319716548562
imagenet_r,m0_fedavg,2,2,8,6,0.16611295681063123,0.18215923301375572
imagenet_r,m0_fedavg,2,2,9,7,0.1760797342192691,0.18674447686536055
imagenet_r,m0_fedavg,2,3,3,0,0.6862068965517242,0.77351164797239
imagenet_r,m0_fedavg,2,3,4,1,0.23448275862068965,0.23684210526315788
imagenet_r,m0_fedavg,2,3,5,2,0.16206896551724137,0.17558239861949956
imagenet_r,m0_fedavg,2,3,6,3,0.11724137931034483,0.1622088006902502
imagenet_r,m0_fedavg,2,3,7,4,0.15517241379310345,0.18636755823986195
imagenet_r,m0_fedavg,2,3,8,5,0.1793103448275862,0.1902502157031924
imagenet_r,m0_fedavg,2,3,9,6,0.21379310344827587,0.21225194132873165
imagenet_r,m0_fedavg,2,4,4,0,0.7361111111111112,0.7699346405228759
imagenet_r,m0_fedavg,2,4,5,1,0.22916666666666666,0.24444444444444444
imagenet_r,m0_fedavg,2,4,6,2,0.2013888888888889,0.20958605664488017
imagenet_r,m0_fedavg,2,4,7,3,0.2326388888888889,0.23790849673202613
imagenet_r,m0_fedavg,2,4,8,4,0.2326388888888889,0.21263616557734205
imagenet_r,m0_fedavg,2,4,9,5,0.22569444444444445,0.22091503267973855
imagenet_r,m0_fedavg,2,5,5,0,0.7275862068965517,0.7585166019836136
imagenet_r,m0_fedavg,2,5,6,1,0.25862068965517243,0.28029322984044847
imagenet_r,m0_fedavg,2,5,7,2,0.2482758620689655,0.24967658473479948
imagenet_r,m0_fedavg,2,5,8,3,0.20344827586206896,0.25528244933160843
imagenet_r,m0_fedavg,2,5,9,4,0.2206896551724138,0.25528244933160843
imagenet_r,m0_fedavg,2,6,6,0,0.7883435582822086,0.8332052267486548
imagenet_r,m0_fedavg,2,6,7,1,0.3282208588957055,0.3501152959262106
imagenet_r,m0_fedavg,2,6,8,2,0.2791411042944785,0.2744043043812452
imagenet_r,m0_fedavg,2,6,9,3,0.2331288343558282,0.24327440430438124
imagenet_r,m0_fedavg,2,7,7,0,0.7283950617283951,0.7717474980754426
imagenet_r,m0_fedavg,2,7,8,1,0.3117283950617284,0.36797536566589684
imagenet_r,m0_fedavg,2,7,9,2,0.31790123456790126,0.35604311008468054
imagenet_r,m0_fedavg,2,8,8,0,0.7003154574132492,0.7472397476340694
imagenet_r,m0_fedavg,2,8,9,1,0.22712933753943218,0.2890378548895899
imagenet_r,m0_fedavg,2,9,9,0,0.6714285714285714,0.7412868632707775
imagenet_r,m0_fedavg,3,0,0,0,0.7463556851311953,0.7905109489051095
imagenet_r,m0_fedavg,3,0,1,1,0.2565597667638484,0.26423357664233577
imagenet_r,m0_fedavg,3,0,2,2,0.22157434402332363,0.24963503649635035
imagenet_r,m0_fedavg,3,0,3,3,0.15451895043731778,0.17226277372262774
imagenet_r,m0_fedavg,3,0,4,4,0.1661807580174927,0.1897810218978102
imagenet_r,m0_fedavg,3,0,5,5,0.12244897959183673,0.11934306569343066
imagenet_r,m0_fedavg,3,0,6,6,0.12536443148688048,0.1470802919708029
imagenet_r,m0_fedavg,3,0,7,7,0.16909620991253643,0.19160583941605838
imagenet_r,m0_fedavg,3,0,8,8,0.12536443148688048,0.13722627737226278
imagenet_r,m0_fedavg,3,0,9,9,0.11661807580174927,0.12116788321167883
imagenet_r,m0_fedavg,3,1,1,0,0.7490494296577946,0.8386331276696726
imagenet_r,m0_fedavg,3,1,2,1,0.3193916349809886,0.3312766967252017
imagenet_r,m0_fedavg,3,1,3,2,0.27756653992395436,0.27432368296155674
imagenet_r,m0_fedavg,3,1,4,3,0.2661596958174905,0.2880873279544376
imagenet_r,m0_fedavg,3,1,5,4,0.23954372623574144,0.26483151400094923
imagenet_r,m0_fedavg,3,1,6,5,0.18250950570342206,0.1969625059326056
imagenet_r,m0_fedavg,3,1,7,6,0.19771863117870722,0.20360702420503085
imagenet_r,m0_fedavg,3,1,8,7,0.22433460076045628,0.22401518747033697
imagenet_r,m0_fedavg,3,1,9,8,0.1520912547528517,0.16896060749881348
imagenet_r,m0_fedavg,3,2,2,0,0.7377049180327869,0.7876910367616687
imagenet_r,m0_fedavg,3,2,3,1,0.22295081967213115,0.25650557620817843
imagenet_r,m0_fedavg,3,2,4,2,0.1540983606557377,0.1788517141676993
imagenet_r,m0_fedavg,3,2,5,3,0.15737704918032788,0.16769929781082196
imagenet_r,m0_fedavg,3,2,6,4,0.1540983606557377,0.16150351094589013
imagenet_r,m0_fedavg,3,2,7,5,0.14426229508196722,0.16398182569186287
imagenet_r,m0_fedavg,3,2,8,6,0.1540983606557377,0.1623296158612144
imagenet_r,m0_fedavg,3,2,9,7,0.14426229508196722,0.1681123502684841
imagenet_r,m0_fedavg,3,3,3,0,0.7120253164556962,0.7698098256735341
imagenet_r,m0_fedavg,3,3,4,1,0.25949367088607594,0.2868462757527734
imagenet_r,m0_fedavg,3,3,5,2,0.18037974683544303,0.2095879556259905
imagenet_r,m0_fedavg,3,3,6,3,0.1550632911392405,0.16798732171156894
imagenet_r,m0_fedavg,3,3,7,4,0.14240506329113925,0.16917591125198098
imagenet_r,m0_fedavg,3,3,8,5,0.2088607594936709,0.2004754358161648
imagenet_r,m0_fedavg,3,3,9,6,0.12658227848101267,0.1410459587955626
imagenet_r,m0_fedavg,3,4,4,0,0.760655737704918,0.8086672117743254
imagenet_r,m0_fedavg,3,4,5,1,0.19672131147540983,0.21995094031071136
imagenet_r,m0_fedavg,3,4,6,2,0.16721311475409836,0.18274734260016354
imagenet_r,m0_fedavg,3,4,7,3,0.2,0.21545380212591986
imagenet_r,m0_fedavg,3,4,8,4,0.16721311475409836,0.21954210956663942
imagenet_r,m0_fedavg,3,4,9,5,0.2,0.2035977105478332
imagenet_r,m0_fedavg,3,5,5,0,0.7266881028938906,0.7776432606941082
imagenet_r,m0_fedavg,3,5,6,1,0.2733118971061093,0.2937853107344633
imagenet_r,m0_fedavg,3,5,7,2,0.2315112540192926,0.2687651331719128
imagenet_r,m0_fedavg,3,5,8,3,0.2315112540192926,0.25262308313155774
imagenet_r,m0_fedavg,3,5,9,4,0.2315112540192926,0.2397094430992736
imagenet_r,m0_fedavg,3,6,6,0,0.7060931899641577,0.7468694096601073
imagenet_r,m0_fedavg,3,6,7,1,0.14336917562724014,0.2016994633273703
imagenet_r,m0_fedavg,3,6,8,2,0.15770609318996415,0.1873881932021467
imagenet_r,m0_fedavg,3,6,9,3,0.0967741935483871,0.1261180679785331
imagenet_r,m0_fedavg,3,7,7,0,0.7569230769230769,0.7680432265534543
imagenet_r,m0_fedavg,3,7,8,1,0.24307692307692308,0.2504824392126592
imagenet_r,m0_fedavg,3,7,9,2,0.19076923076923077,0.2076418371285218
imagenet_r,m0_fedavg,3,8,8,0,0.7467105263157895,0.7605284888521883
imagenet_r,m0_fedavg,3,8,9,1,0.2993421052631579,0.30057803468208094
imagenet_r,m0_fedavg,3,9,9,0,0.757201646090535,0.7977470558115719
imagenet_r,m0_fedavg,4,0,0,0,0.6971830985915493,0.7401852668725187
imagenet_r,m0_fedavg,4,0,1,1,0.23943661971830985,0.24614027348919276
imagenet_r,m0_fedavg,4,0,2,2,0.09507042253521127,0.1164534627260697
imagenet_r,m0_fedavg,4,0,3,3,0.09154929577464789,0.11160123511248346
imagenet_r,m0_fedavg,4,0,4,4,0.10211267605633803,0.13674459638288486
imagenet_r,m0_fedavg,4,0,5,5,0.10915492957746478,0.13277459197176886
imagenet_r,m0_fedavg,4,0,6,6,0.15140845070422534,0.1627701808557565
imagenet_r,m0_fedavg,4,0,7,7,0.11619718309859155,0.12659902955447727
imagenet_r,m0_fedavg,4,0,8,8,0.11619718309859155,0.14909572121746803
imagenet_r,m0_fedavg,4,0,9,9,0.16549295774647887,0.17512130569033965
imagenet_r,m0_fedavg,4,1,1,0,0.7685185185185185,0.7748062015503876
imagenet_r,m0_fedavg,4,1,2,1,0.37037037037037035,0.3426356589147287
imagenet_r,m0_fedavg,4,1,3,2,0.2962962962962963,0.3062015503875969
imagenet_r,m0_fedavg,4,1,4,3,0.2654320987654321,0.2569767441860465
imagenet_r,m0_fedavg,4,1,5,4,0.24382716049382716,0.2527131782945736
imagenet_r,m0_fedavg,4,1,6,5,0.19444444444444445,0.2065891472868217
imagenet_r,m0_fedavg,4,1,7,6,0.21296296296296297,0.22054263565891472
imagenet_r,m0_fedavg,4,1,8,7,0.19753086419753085,0.22093023255813954
imagenet_r,m0_fedavg,4,1,9,8,0.17592592592592593,0.1934108527131783
imagenet_r,m0_fedavg,4,2,2,0,0.7034482758620689,0.7652399481193255
imagenet_r,m0_fedavg,4,2,3,1,0.21379310344827587,0.19671422395157803
imagenet_r,m0_fedavg,4,2,4,2,0.20689655172413793,0.17812364894076957
imagenet_r,m0_fedavg,4,2,5,3,0.16896551724137931,0.16558581928231733
imagenet_r,m0_fedavg,4,2,6,4,0.21379310344827587,0.20665801988759186
imagenet_r,m0_fedavg,4,2,7,5,0.1310344827586207,0.14483354950281022
imagenet_r,m0_fedavg,4,2,8,6,0.14482758620689656,0.1504539559014267
imagenet_r,m0_fedavg,4,2,9,7,0.18620689655172415,0.1828793774319066
imagenet_r,m0_fedavg,4,3,3,0,0.7003154574132492,0.772655634357762
imagenet_r,m0_fedavg,4,3,4,1,0.2302839116719243,0.264381402679275
imagenet_r,m0_fedavg,4,3,5,2,0.2555205047318612,0.29393223010244285
imagenet_r,m0_fedavg,4,3,6,3,0.2082018927444795,0.25059101654846333
imagenet_r,m0_fedavg,4,3,7,4,0.14195583596214512,0.1946414499605989
imagenet_r,m0_fedavg,4,3,8,5,0.15772870662460567,0.2037037037037037
imagenet_r,m0_fedavg,4,3,9,6,0.22712933753943218,0.27580772261623326
imagenet_r,m0_fedavg,4,4,4,0,0.6970684039087948,0.7313064913722268
imagenet_r,m0_fedavg,4,4,5,1,0.3517915309446254,0.37017255546425637
imagenet_r,m0_fedavg,4,4,6,2,0.2931596091205212,0.30279375513557927
imagenet_r,m0_fedavg,4,4,7,3,0.20195439739413681,0.21364009860312244
imagenet_r,m0_fedavg,4,4,8,4,0.20846905537459284,0.22103533278553822
imagenet_r,m0_fedavg,4,4,9,5,0.21498371335504887,0.24239934264585045
imagenet_r,m0_fedavg,4,5,5,0,0.7491039426523297,0.7791218637992832
imagenet_r,m0_fedavg,4,5,6,1,0.27956989247311825,0.32302867383512546
imagenet_r,m0_fedavg,4,5,7,2,0.24731182795698925,0.2728494623655914
imagenet_r,m0_fedavg,4,5,8,3,0.25806451612903225,0.27912186379928317
imagenet_r,m0_fedavg,4,5,9,4,0.20430107526881722,0.24014336917562723
imagenet_r,m0_fedavg,4,6,6,0,0.6845637583892618,0.7515683814303639
imagenet_r,m0_fedavg,4,6,7,1,0.22483221476510068,0.3216227519866165
imagenet_r,m0_fedavg,4,6,8,2,0.2516778523489933,0.3057298201589293
imagenet_r,m0_fedavg,4,6,9,3,0.21476510067114093,0.27185278126306983
imagenet_r,m0_fedavg,4,7,7,0,0.7692307692307693,0.7975376196990424
imagenet_r,m0_fedavg,4,7,8,1,0.3956043956043956,0.40355677154582764
imagenet_r,m0_fedavg,4,7,9,2,0.3443223443223443,0.37300501595987234
imagenet_r,m0_fedavg,4,8,8,0,0.6887417218543046,0.8006630750103605
imagenet_r,m0_fedavg,4,8,9,1,0.25496688741721857,0.3282221301284708
imagenet_r,m0_fedavg,4,9,9,0,0.721875,0.7407117716073524
imagenet_r,m1_glfc,0,0,0,0,0.7344827586206897,0.7876949740034662
imagenet_r,m1_glfc,0,0,1,1,0.5724137931034483,0.6386481802426344
imagenet_r,m1_glfc,0,0,2,2,0.593103448275862,0.6607452339688041
imagenet_r,m1_glfc,0,0,3,3,0.6793103448275862,0.7274696707105719
imagenet_r,m1_glfc,0,0,4,4,0.696551724137931,0.7439341421143848
imagenet_r,m1_glfc,0,0,5,5,0.6827586206896552,0.7560658578856152
imagenet_r,m1_glfc,0,0,6,6,0.6827586206896552,0.770363951473137
imagenet_r,m1_glfc,0,0,7,7,0.6793103448275862,0.7755632582322357
imagenet_r,m1_glfc,0,0,8,8,0.6758620689655173,0.7772963604852686
imagenet_r,m1_glfc,0,0,9,9,0.6724137931034483,0.7803292894280762
imagenet_r,m1_glfc,0,1,1,0,0.6033898305084746,0.6675137653536637
imagenet_r,m1_glfc,0,1,2,1,0.5627118644067797,0.6209233375688268
imagenet_r,m1_glfc,0,1,3,2,0.5830508474576271,0.6526895383312156
imagenet_r,m1_glfc,0,1,4,3,0.5898305084745763,0.6802202456586193
imagenet_r,m1_glfc,0,1,5,4,0.5932203389830508,0.7052096569250318
imagenet_r,m1_glfc,0,1,6,5,0.6135593220338983,0.7187632359169843
imagenet_r,m1_glfc,0,1,7,6,0.6101694915254238,0.7331639135959339
imagenet_r,m1_glfc,0,1,8,7,0.6169491525423729,0.7441761965268954
imagenet_r,m1_glfc,0,1,9,8,0.6271186440677966,0.7501058873358746
imagenet_r,m1_glfc,0,2,2,0,0.5316901408450704,0.5609436435124509
imagenet_r,m1_glfc,0,2,3,1,0.5809859154929577,0.599825251201398
imagenet_r,m1_glfc,0,2,4,2,0.6126760563380281,0.654871122761031
imagenet_r,m1_glfc,0,2,5,3,0.6338028169014085,0.6885102664919178
imagenet_r,m1_glfc,0,2,6,4,0.6443661971830986,0.6972477064220184
imagenet_r,m1_glfc,0,2,7,5,0.6690140845070423,0.7116644823066841
imagenet_r,m1_glfc,0,2,8,6,0.6690140845070423,0.7326343381389253
imagenet_r,m1_glfc,0,2,9,7,0.6901408450704225,0.7474879860200961
imagenet_r,m1_glfc,0,3,3,0,0.4576271186440678,0.5261603375527426
imagenet_r,m1_glfc,0,3,4,1,0.5220338983050847,0.5746835443037974
imagenet_r,m1_glfc,0,3,5,2,0.5559322033898305,0.6050632911392405
imagenet_r,m1_glfc,0,3,6,3,0.6033898305084746,0.6455696202531646
imagenet_r,m1_glfc,0,3,7,4,0.6237288135593221,0.6734177215189874
imagenet_r,m1_glfc,0,3,8,5,0.6271186440677966,0.6789029535864979
imagenet_r,m1_glfc,0,3,9,6,0.6372881355932203,0.6932489451476793
imagenet_r,m1_glfc,0,4,4,0,0.30392156862745096,0.3437115936091766
imagenet_r,m1_glfc,0,4,5,1,0.34967320261437906,0.4014748054076198
imagenet_r,m1_glfc,0,4,6,2,0.3790849673202614,0.46333469889389595
imagenet_r,m1_glfc,0,4,7,3,0.4150326797385621,0.5116755428103237
imagenet_r,m1_glfc,0,4,8,4,0.41830065359477125,0.5501843506759525
imagenet_r,m1_glfc,0,4,9,5,0.4215686274509804,0.5649324047521508
imagenet_r,m1_glfc,0,5,5,0,0.5157232704402516,0.506095163193079
imagenet_r,m1_glfc,0,5,6,1,0.5723270440251572,0.5701926858041683
imagenet_r,m1_glfc,0,5,7,2,0.60062893081761,0.6071569012976799
imagenet_r,m1_glfc,0,5,8,3,0.6289308176100629,0.6421549351160047
imagenet_r,m1_glfc,0,5,9,4,0.6446540880503144,0.6755800235941801
imagenet_r,m1_glfc,0,6,6,0,0.3877551020408163,0.4201537147736977
imagenet_r,m1_glfc,0,6,7,1,0.42857142857142855,0.4666951323654996
imagenet_r,m1_glfc,0,6,8,2,0.46598639455782315,0.511528608027327
imagenet_r,m1_glfc,0,6,9,3,0.47619047619047616,0.5456874466268147
imagenet_r,m1_glfc,0,7,7,0,0.35125448028673834,0.3176895306859206
imagenet_r,m1_glfc,0,7,8,1,0.35125448028673834,0.35514440433212996
imagenet_r,m1_glfc,0,7,9,2,0.3906810035842294,0.40703971119133575
imagenet_r,m1_glfc,0,8,8,0,0.2953216374269006,0.3377386196769457
imagenet_r,m1_glfc,0,8,9,1,0.3391812865497076,0.36600587371512483
imagenet_r,m1_glfc,0,9,9,0,0.2852233676975945,0.2728055077452668
imagenet_r,m1_glfc,1,0,0,0,0.7370242214532872,0.7608131487889274
imagenet_r,m1_glfc,1,0,1,1,0.6228373702422145,0.615916955017301
imagenet_r,m1_glfc,1,0,2,2,0.6643598615916955,0.6708477508650519
imagenet_r,m1_glfc,1,0,3,3,0.6851211072664359,0.731401384083045
imagenet_r,m1_glfc,1,0,4,4,0.7024221453287197,0.7616782006920415
imagenet_r,m1_glfc,1,0,5,5,0.7093425605536332,0.777681660899654
imagenet_r,m1_glfc,1,0,6,6,0.7231833910034602,0.8027681660899654
imagenet_r,m1_glfc,1,0,7,7,0.726643598615917,0.8140138408304498
imagenet_r,m1_glfc,1,0,8,8,0.7370242214532872,0.8187716262975778
imagenet_r,m1_glfc,1,0,9,9,0.7335640138408305,0.8235294117647058
imagenet_r,m1_glfc,1,1,1,0,0.5785123966942148,0.592938733125649
imagenet_r,m1_glfc,1,1,2,1,0.5206611570247934,0.527172031844929
imagenet_r,m1_glfc,1,1,3,2,0.5399449035812672,0.5790931118033922
imagenet_r,m1_glfc,1,1,4,3,0.5454545454545454,0.6109380408445829
imagenet_r,m1_glfc,1,1,5,4,0.5730027548209367,0.6341294565593631
imagenet_r,m1_glfc,1,1,6,5,0.6115702479338843,0.6697819314641744
imagenet_r,m1_glfc,1,1,7,6,0.6225895316804407,0.685012114918657
imagenet_r,m1_glfc,1,1,8,7,0.6198347107438017,0.6936656282450675
imagenet_r,m1_glfc,1,1,9,8,0.6225895316804407,0.7019730010384216
imagenet_r,m1_glfc,1,2,2,0,0.5245283018867924,0.5623215984776403
imagenet_r,m1_glfc,1,2,3,1,0.5207547169811321,0.5551855375832541
imagenet_r,m1_glfc,1,2,4,2,0.5433962264150943,0.5870599429115129
imagenet_r,m1_glfc,1,2,5,3,0.5735849056603773,0.6365366317792579
imagenet_r,m1_glfc,1,2,6,4,0.6226415094339622,0.6769743101807802
imagenet_r,m1_glfc,1,2,7,5,0.6452830188679245,0.7021883920076119
imagenet_r,m1_glfc,1,2,8,6,0.6490566037735849,0.7331113225499524
imagenet_r,m1_glfc,1,2,9,7,0.6490566037735849,0.7464319695528069
imagenet_r,m1_glfc,1,3,3,0,0.47147147147147145,0.4951383694839192
imagenet_r,m1_glfc,1,3,4,1,0.5075075075075075,0.5426327599102468
imagenet_r,m1_glfc,1,3,5,2,0.5285285285285285,0.587509349289454
imagenet_r,m1_glfc,1,3,6,3,0.5675675675675675,0.6387434554973822
imagenet_r,m1_glfc,1,3,7,4,0.5825825825825826,0.6619296933433059
imagenet_r,m1_glfc,1,3,8,5,0.5975975975975976,0.6836200448765893
imagenet_r,m1_glfc,1,3,9,6,0.6036036036036037,0.6892296185489902
imagenet_r,m1_glfc,1,4,4,0,0.3644067796610169,0.41257263602746963
imagenet_r,m1_glfc,1,4,5,1,0.3940677966101695,0.4643423137876387
imagenet_r,m1_glfc,1,4,6,2,0.461864406779661,0.5192815636555732
imagenet_r,m1_glfc,1,4,7,3,0.5084745762711864,0.5509772847332277
imagenet_r,m1_glfc,1,4,8,4,0.538135593220339,0.6027469624933968
imagenet_r,m1_glfc,1,4,9,5,0.5423728813559322,0.6450079239302694
imagenet_r,m1_glfc,1,5,5,0,0.38390092879256965,0.43409354464630845
imagenet_r,m1_glfc,1,5,6,1,0.4520123839009288,0.499033629686896
imagenet_r,m1_glfc,1,5,7,2,0.47058823529411764,0.5396211828372632
imagenet_r,m1_glfc,1,5,8,3,0.5046439628482973,0.5709315809818323
imagenet_r,m1_glfc,1,5,9,4,0.5108359133126935,0.5906455353691534
imagenet_r,m1_glfc,1,6,6,0,0.36789297658862874,0.41993327773144284
imagenet_r,m1_glfc,1,6,7,1,0.38461538461538464,0.4616346955796497
imagenet_r,m1_glfc,1,6,8,2,0.4214046822742475,0.5041701417848207
imagenet_r,m1_glfc,1,6,9,3,0.4080267558528428,0.5287739783152627
imagenet_r,m1_glfc,1,7,7,0,0.38257575757575757,0.3541170871013803
imagenet_r,m1_glfc,1,7,8,1,0.4659090909090909,0.4278914802475012
imagenet_r,m1_glfc,1,7,9,2,0.4962121212121212,0.47025226082817706
imagenet_r,m1_glfc,1,8,8,0,0.3627760252365931,0.3620213185945519
imagenet_r,m1_glfc,1,8,9,1,0.39747634069400634,0.40228977497039087
imagenet_r,m1_glfc,1,9,9,0,0.21967213114754097,0.246191848497324
imagenet_r,m1_glfc,2,0,0,0,0.7335640138408305,0.7842287694974004
imagenet_r,m1_glfc,2,0,1,1,0.5882352941176471,0.6451473136915078
imagenet_r,m1_glfc,2,0,2,2,0.6228373702422145,0.6893414211438474
imagenet_r,m1_glfc,2,0,3,3,0.657439446366782,0.7305025996533796
imagenet_r,m1_glfc,2,0,4,4,0.6608996539792388,0.7599653379549394
imagenet_r,m1_glfc,2,0,5,5,0.6747404844290658,0.7772963604852686
imagenet_r,m1_glfc,2,0,6,6,0.6920415224913494,0.7933275563258232
imagenet_r,m1_glfc,2,0,7,7,0.6955017301038062,0.8006932409012132
imagenet_r,m1_glfc,2,0,8,8,0.6955017301038062,0.8110918544194108
imagenet_r,m1_glfc,2,0,9,9,0.698961937716263,0.8201906412478336
imagenet_r,m1_glfc,2,1,1,0,0.629757785467128,0.688937093275488
imagenet_r,m1_glfc,2,1,2,1,0.6262975778546713,0.6997830802603037
imagenet_r,m1_glfc,2,1,3,2,0.6470588235294118,0.7249457700650759
imagenet_r,m1_glfc,2,1,4,3,0.6678200692041523,0.7409978308026031
imagenet_r,m1_glfc,2,1,5,4,0.6747404844290658,0.7540130151843818
imagenet_r,m1_glfc,2,1,6,5,0.6920415224913494,0.7774403470715835
imagenet_r,m1_glfc,2,1,7,6,0.6920415224913494,0.7952277657266811
imagenet_r,m1_glfc,2,1,8,7,0.6955017301038062,0.8008676789587853
imagenet_r,m1_glfc,2,1,9,8,0.6885813148788927,0.796529284164859
imagenet_r,m1_glfc,2,2,2,0,0.5681063122923588,0.5610671112963735
imagenet_r,m1_glfc,2,2,3,1,0.5714285714285714,0.5781575656523551
imagenet_r,m1_glfc,2,2,4,2,0.6013289036544851,0.6294289287203001
imagenet_r,m1_glfc,2,2,5,3,0.5913621262458472,0.6461025427261359
imagenet_r,m1_glfc,2,2,6,4,0.6013289036544851,0.692788661942476
imagenet_r,m1_glfc,2,2,7,5,0.6478405315614618,0.7173822426010837
imagenet_r,m1_glfc,2,2,8,6,0.6511627906976745,0.728220091704877
imagenet_r,m1_glfc,2,2,9,7,0.6644518272425249,0.7553147144643602
imagenet_r,m1_glfc,2,3,3,0,0.4586206896551724,0.503451251078516
imagenet_r,m1_glfc,2,3,4,1,0.5172413793103449,0.5603968938740294
imagenet_r,m1_glfc,2,3,5,2,0.5206896551724138,0.5798101811906816
imagenet_r,m1_glfc,2,3,6,3,0.5551724137931034,0.6272648835202761
imagenet_r,m1_glfc,2,3,7,4,0.5862068965517241,0.6738567730802416
imagenet_r,m1_glfc,2,3,8,5,0.6103448275862069,0.683779119930975
imagenet_r,m1_glfc,2,3,9,6,0.6103448275862069,0.7053494391716998
imagenet_r,m1_glfc,2,4,4,0,0.2916666666666667,0.3272331154684096
imagenet_r,m1_glfc,2,4,5,1,0.3229166666666667,0.39172113289760346
imagenet_r,m1_glfc,2,4,6,2,0.3680555555555556,0.4605664488017429
imagenet_r,m1_glfc,2,4,7,3,0.4027777777777778,0.5128540305010894
imagenet_r,m1_glfc,2,4,8,4,0.4340277777777778,0.5516339869281046
imagenet_r,m1_glfc,2,4,9,5,0.4479166666666667,0.5747276688453159
imagenet_r,m1_glfc,2,5,5,0,0.3931034482758621,0.4161276412246658
imagenet_r,m1_glfc,2,5,6,1,0.46206896551724136,0.5036653730056059
imagenet_r,m1_glfc,2,5,7,2,0.496551724137931,0.5485122897800776
imagenet_r,m1_glfc,2,5,8,3,0.5413793103448276,0.5838723587753342
imagenet_r,m1_glfc,2,5,9,4,0.5724137931034483,0.6054333764553687
imagenet_r,m1_glfc,2,6,6,0,0.4386503067484663,0.4803996925441968
imagenet_r,m1_glfc,2,6,7,1,0.5061349693251533,0.5392006149116064
imagenet_r,m1_glfc,2,6,8,2,0.5368098159509203,0.578401229823213
imagenet_r,m1_glfc,2,6,9,3,0.588957055214724,0.6229823212913144
imagenet_r,m1_glfc,2,7,7,0,0.38580246913580246,0.4153194765204003
imagenet_r,m1_glfc,2,7,8,1,0.44135802469135804,0.47844495765973827
imagenet_r,m1_glfc,2,7,9,2,0.48148148148148145,0.535796766743649
imagenet_r,m1_glfc,2,8,8,0,0.2555205047318612,0.29298107255520506
imagenet_r,m1_glfc,2,8,9,1,0.305993690851735,0.35410094637223977
imagenet_r,m1_glfc,2,9,9,0,0.3,0.3087578194816801
imagenet_r,m1_glfc,3,0,0,0,0.7463556851311953,0.7905109489051095
imagenet_r,m1_glfc,3,0,1,1,0.6793002915451894,0.7197080291970803
imagenet_r,m1_glfc,3,0,2,2,0.6880466472303207,0.7427007299270073
imagenet_r,m1_glfc,3,0,3,3,0.7201166180758017,0.768978102189781
imagenet_r,m1_glfc,3,0,4,4,0.7434402332361516,0.7813868613138686
imagenet_r,m1_glfc,3,0,5,5,0.7434402332361516,0.7846715328467153
imagenet_r,m1_glfc,3,0,6,6,0.7346938775510204,0.7937956204379562
imagenet_r,m1_glfc,3,0,7,7,0.7463556851311953,0.7996350364963504
imagenet_r,m1_glfc,3,0,8,8,0.7521865889212828,0.8025547445255474
imagenet_r,m1_glfc,3,0,9,9,0.7376093294460642,0.8021897810218979
imagenet_r,m1_glfc,3,1,1,0,0.5931558935361216,0.6578073089700996
imagenet_r,m1_glfc,3,1,2,1,0.596958174904943,0.6654010441385857
imagenet_r,m1_glfc,3,1,3,2,0.6311787072243346,0.7157095396298054
imagenet_r,m1_glfc,3,1,4,3,0.6501901140684411,0.7574750830564784
imagenet_r,m1_glfc,3,1,5,4,0.6920152091254753,0.7930707166587565
imagenet_r,m1_glfc,3,1,6,5,0.688212927756654,0.8035121025154248
imagenet_r,m1_glfc,3,1,7,6,0.6958174904942965,0.8220218319886095
imagenet_r,m1_glfc,3,1,8,7,0.7110266159695817,0.8277171333649739
imagenet_r,m1_glfc,3,1,9,8,0.7072243346007605,0.8372093023255814
imagenet_r,m1_glfc,3,2,2,0,0.4885245901639344,0.5485336637752994
imagenet_r,m1_glfc,3,2,3,1,0.5180327868852459,0.6009913258983891
imagenet_r,m1_glfc,3,2,4,2,0.521311475409836,0.6080132176786451
imagenet_r,m1_glfc,3,2,5,3,0.5573770491803278,0.6633622470053697
imagenet_r,m1_glfc,3,2,6,4,0.580327868852459,0.6906237092110699
imagenet_r,m1_glfc,3,2,7,5,0.5770491803278689,0.7009500206526229
imagenet_r,m1_glfc,3,2,8,6,0.6065573770491803,0.7273853779429987
imagenet_r,m1_glfc,3,2,9,7,0.6229508196721312,0.7509293680297398
imagenet_r,m1_glfc,3,3,3,0,0.46835443037974683,0.44136291600633915
imagenet_r,m1_glfc,3,3,4,1,0.5316455696202531,0.5106973058637084
imagenet_r,m1_glfc,3,3,5,2,0.5537974683544303,0.572107765451664
imagenet_r,m1_glfc,3,3,6,3,0.5759493670886076,0.6061806656101426
imagenet_r,m1_glfc,3,3,7,4,0.5917721518987342,0.6259904912836767
imagenet_r,m1_glfc,3,3,8,5,0.6139240506329114,0.6545166402535658
imagenet_r,m1_glfc,3,3,9,6,0.620253164556962,0.6834389857369255
imagenet_r,m1_glfc,3,4,4,0,0.419672131147541,0.4811937857726901
imagenet_r,m1_glfc,3,4,5,1,0.4819672131147541,0.5490596892886345
imagenet_r,m1_glfc,3,4,6,2,0.5278688524590164,0.5858544562551103
imagenet_r,m1_glfc,3,4,7,3,0.5278688524590164,0.6144726083401472
imagenet_r,m1_glfc,3,4,8,4,0.5508196721311476,0.6475878986099755
imagenet_r,m1_glfc,3,4,9,5,0.5770491803278689,0.6794766966475879
imagenet_r,m1_glfc,3,5,5,0,0.3440514469453376,0.38619854721549635
imagenet_r,m1_glfc,3,5,6,1,0.3890675241157556,0.4430992736077482
imagenet_r,m1_glfc,3,5,7,2,0.44694533762057875,0.48748991121872476
imagenet_r,m1_glfc,3,5,8,3,0.49517684887459806,0.5456012913640033
imagenet_r,m1_glfc,3,5,9,4,0.5209003215434084,0.5903954802259888
imagenet_r,m1_glfc,3,6,6,0,0.3333333333333333,0.4329159212880143
imagenet_r,m1_glfc,3,6,7,1,0.3942652329749104,0.5031305903398927
imagenet_r,m1_glfc,3,6,8,2,0.4265232974910394,0.5442754919499105
imagenet_r,m1_glfc,3,6,9,3,0.48028673835125446,0.5885509838998211
imagenet_r,m1_glfc,3,7,7,0,0.3446153846153846,0.3535314550366654
imagenet_r,m1_glfc,3,7,8,1,0.40307692307692305,0.4260903126206098
imagenet_r,m1_glfc,3,7,9,2,0.4492307692307692,0.48012350443844076
imagenet_r,m1_glfc,3,8,8,0,0.3684210526315789,0.38356729975227083
imagenet_r,m1_glfc,3,8,9,1,0.40789473684210525,0.42939719240297275
imagenet_r,m1_glfc,3,9,9,0,0.27983539094650206,0.3118279569892473
imagenet_r,m1_glfc,4,0,0,0,0.6971830985915493,0.7401852668725187
imagenet_r,m1_glfc,4,0,1,1,0.4823943661971831,0.5315394794883106
imagenet_r,m1_glfc,4,0,2,2,0.5246478873239436,0.5862373180414645
imagenet_r,m1_glfc,4,0,3,3,0.6302816901408451,0.674459638288487
imagenet_r,m1_glfc,4,0,4,4,0.6267605633802817,0.7013674459638288
imagenet_r,m1_glfc,4,0,5,5,0.6514084507042254,0.7388619320688135
imagenet_r,m1_glfc,4,0,6,6,0.6584507042253521,0.7648875165416851
imagenet_r,m1_glfc,4,0,7,7,0.6549295774647887,0.7745919717688575
imagenet_r,m1_glfc,4,0,8,8,0.647887323943662,0.7798853109836789
imagenet_r,m1_glfc,4,0,9,9,0.6514084507042254,0.7856197617997354
imagenet_r,m1_glfc,4,1,1,0,0.6141975308641975,0.648062015503876
imagenet_r,m1_glfc,4,1,2,1,0.6358024691358025,0.6697674418604651
imagenet_r,m1_glfc,4,1,3,2,0.691358024691358,0.7158914728682171
imagenet_r,m1_glfc,4,1,4,3,0.7037037037037037,0.7542635658914729
imagenet_r,m1_glfc,4,1,5,4,0.7222222222222222,0.7751937984496124
imagenet_r,m1_glfc,4,1,6,5,0.7283950617283951,0.7903100775193799
imagenet_r,m1_glfc,4,1,7,6,0.7376543209876543,0.7984496124031008
imagenet_r,m1_glfc,4,1,8,7,0.7469135802469136,0.8058139534883721
imagenet_r,m1_glfc,4,1,9,8,0.7376543209876543,0.8124031007751938
imagenet_r,m1_glfc,4,2,2,0,0.5310344827586206,0.5408560311284046
imagenet_r,m1_glfc,4,2,3,1,0.5551724137931034,0.5654993514915694
imagenet_r,m1_glfc,4,2,4,2,0.5758620689655173,0.6165153480328578
imagenet_r,m1_glfc,4,2,5,3,0.603448275862069,0.6606139213143104
imagenet_r,m1_glfc,4,2,6,4,0.6275862068965518,0.7060095114569823
imagenet_r,m1_glfc,4,2,7,5,0.6379310344827587,0.7246000864677907
imagenet_r,m1_glfc,4,2,8,6,0.6482758620689655,0.7297881539126675
imagenet_r,m1_glfc,4,2,9,7,0.6586206896551724,0.753134457414613
imagenet_r,m1_glfc,4,3,3,0,0.45425867507886436,0.49724192277383766
imagenet_r,m1_glfc,4,3,4,1,0.4889589905362776,0.5614657210401891
imagenet_r,m1_glfc,4,3,5,2,0.5362776025236593,0.6327817178881009
imagenet_r,m1_glfc,4,3,6,3,0.580441640378549,0.6737588652482269
imagenet_r,m1_glfc,4,3,7,4,0.6277602523659306,0.7013396375098503
imagenet_r,m1_glfc,4,3,8,5,0.6340694006309149,0.7198581560283688
imagenet_r,m1_glfc,4,3,9,6,0.6561514195583596,0.747832939322301
imagenet_r,m1_glfc,4,4,4,0,0.46579804560260585,0.47288414133114215
imagenet_r,m1_glfc,4,4,5,1,0.495114006514658,0.514379622021364
imagenet_r,m1_glfc,4,4,6,2,0.5342019543973942,0.5653245686113394
imagenet_r,m1_glfc,4,4,7,3,0.5570032573289903,0.5866885784716516
imagenet_r,m1_glfc,4,4,8,4,0.5570032573289903,0.6031224322103533
imagenet_r,m1_glfc,4,4,9,5,0.5537459283387622,0.6125718981101068
imagenet_r,m1_glfc,4,5,5,0,0.3655913978494624,0.3817204301075269
imagenet_r,m1_glfc,4,5,6,1,0.4121863799283154,0.43862007168458783
imagenet_r,m1_glfc,4,5,7,2,0.45878136200716846,0.5026881720430108
imagenet_r,m1_glfc,4,5,8,3,0.4838709677419355,0.5232974910394266
imagenet_r,m1_glfc,4,5,9,4,0.5089605734767025,0.5645161290322581
imagenet_r,m1_glfc,4,6,6,0,0.31208053691275167,0.36595566708490174
imagenet_r,m1_glfc,4,6,7,1,0.3724832214765101,0.41823504809703055
imagenet_r,m1_glfc,4,6,8,2,0.3926174496644295,0.4341279799247177
imagenet_r,m1_glfc,4,6,9,3,0.4429530201342282,0.4851526557925554
imagenet_r,m1_glfc,4,7,7,0,0.27106227106227104,0.31965344277245783
imagenet_r,m1_glfc,4,7,8,1,0.2893772893772894,0.3369813041495668
imagenet_r,m1_glfc,4,7,9,2,0.31868131868131866,0.38805289557683537
imagenet_r,m1_glfc,4,8,8,0,0.2847682119205298,0.3642768338168255
imagenet_r,m1_glfc,4,8,9,1,0.3079470198675497,0.41317861583091586
imagenet_r,m1_glfc,4,9,9,0,0.34375,0.3285099726241689
imagenet_r,m2_target,0,0,0,0,0.7344827586206897,0.7876949740034662
imagenet_r,m2_target,0,0,1,1,0.7862068965517242,0.8448873483535528
imagenet_r,m2_target,0,0,2,2,0.7413793103448276,0.8232235701906413
imagenet_r,m2_target,0,0,3,3,0.7137931034482758,0.7959272097053726
imagenet_r,m2_target,0,0,4,4,0.7068965517241379,0.7790294627383015
imagenet_r,m2_target,0,0,5,5,0.6620689655172414,0.7512998266897747
imagenet_r,m2_target,0,0,6,6,0.6482758620689655,0.7465337954939342
imagenet_r,m2_target,0,0,7,7,0.6379310344827587,0.7283362218370883
imagenet_r,m2_target,0,0,8,8,0.6172413793103448,0.720103986135182
imagenet_r,m2_target,0,0,9,9,0.6206896551724138,0.7144714038128249
imagenet_r,m2_target,0,1,1,0,0.4440677966101695,0.49597628123676407
imagenet_r,m2_target,0,1,2,1,0.6711864406779661,0.7683185091063108
imagenet_r,m2_target,0,1,3,2,0.6576271186440678,0.7615417196103346
imagenet_r,m2_target,0,1,4,3,0.6135593220338983,0.7496823379923762
imagenet_r,m2_target,0,1,5,4,0.6033898305084746,0.7335874629394324
imagenet_r,m2_target,0,1,6,5,0.6,0.7361287590004235
imagenet_r,m2_target,0,1,7,6,0.6101694915254238,0.7285048708174502
imagenet_r,m2_target,0,1,8,7,0.5966101694915255,0.7297755188479458
imagenet_r,m2_target,0,1,9,8,0.5966101694915255,0.7119864464210081
imagenet_r,m2_target,0,2,2,0,0.3345070422535211,0.36435124508519
imagenet_r,m2_target,0,2,3,1,0.6619718309859155,0.7335080821319353
imagenet_r,m2_target,0,2,4,2,0.7007042253521126,0.7575360419397117
imagenet_r,m2_target,0,2,5,3,0.6901408450704225,0.7549148099606815
imagenet_r,m2_target,0,2,6,4,0.676056338028169,0.744866754041066
imagenet_r,m2_target,0,2,7,5,0.6584507042253521,0.7295762341633901
imagenet_r,m2_target,0,2,8,6,0.6408450704225352,0.7252075141983398
imagenet_r,m2_target,0,2,9,7,0.6338028169014085,0.7151594582787243
imagenet_r,m2_target,0,3,3,0,0.26101694915254237,0.3459915611814346
imagenet_r,m2_target,0,3,4,1,0.6372881355932203,0.729957805907173
imagenet_r,m2_target,0,3,5,2,0.6610169491525424,0.7658227848101266
imagenet_r,m2_target,0,3,6,3,0.6813559322033899,0.7628691983122363
imagenet_r,m2_target,0,3,7,4,0.6576271186440678,0.7544303797468355
imagenet_r,m2_target,0,3,8,5,0.6338983050847458,0.739662447257384
imagenet_r,m2_target,0,3,9,6,0.6338983050847458,0.7282700421940929
imagenet_r,m2_target,0,4,4,0,0.26143790849673204,0.33674723473986073
imagenet_r,m2_target,0,4,5,1,0.5392156862745098,0.6648914379352724
imagenet_r,m2_target,0,4,6,2,0.5718954248366013,0.688652191724703
imagenet_r,m2_target,0,4,7,3,0.5751633986928104,0.7066775911511676
imagenet_r,m2_target,0,4,8,4,0.5392156862745098,0.6825071691929537
imagenet_r,m2_target,0,4,9,5,0.5620915032679739,0.6882425235559197
imagenet_r,m2_target,0,5,5,0,0.44339622641509435,0.4211561148250098
imagenet_r,m2_target,0,5,6,1,0.720125786163522,0.7345654738497838
imagenet_r,m2_target,0,5,7,2,0.720125786163522,0.7416437278804562
imagenet_r,m2_target,0,5,8,3,0.720125786163522,0.7412504915454188
imagenet_r,m2_target,0,5,9,4,0.720125786163522,0.739284309870232
imagenet_r,m2_target,0,6,6,0,0.3333333333333333,0.35354397950469685
imagenet_r,m2_target,0,6,7,1,0.6564625850340136,0.6917164816396243
imagenet_r,m2_target,0,6,8,2,0.673469387755102,0.6874466268146883
imagenet_r,m2_target,0,6,9,3,0.6666666666666666,0.7028181041844578
imagenet_r,m2_target,0,7,7,0,0.23297491039426524,0.24729241877256317
imagenet_r,m2_target,0,7,8,1,0.5663082437275986,0.6398916967509025
imagenet_r,m2_target,0,7,9,2,0.6057347670250897,0.6723826714801444
imagenet_r,m2_target,0,8,8,0,0.2573099415204678,0.2966226138032305
imagenet_r,m2_target,0,8,9,1,0.5321637426900585,0.6057268722466961
imagenet_r,m2_target,0,9,9,0,0.21305841924398625,0.19965576592082615
imagenet_r,m2_target,1,0,0,0,0.7370242214532872,0.7608131487889274
imagenet_r,m2_target,1,0,1,1,0.7993079584775087,0.8520761245674741
imagenet_r,m2_target,1,0,2,2,0.7820069204152249,0.8447231833910035
imagenet_r,m2_target,1,0,3,3,0.7681660899653979,0.8282871972318339
imagenet_r,m2_target,1,0,4,4,0.7508650519031141,0.8157439446366782
imagenet_r,m2_target,1,0,5,5,0.7231833910034602,0.7915224913494809
imagenet_r,m2_target,1,0,6,6,0.71280276816609,0.7837370242214533
imagenet_r,m2_target,1,0,7,7,0.6920415224913494,0.7673010380622838
imagenet_r,m2_target,1,0,8,8,0.6920415224913494,0.7616782006920415
imagenet_r,m2_target,1,0,9,9,0.6643598615916955,0.736159169550173
imagenet_r,m2_target,1,1,1,0,0.5179063360881543,0.553478712357217
imagenet_r,m2_target,1,1,2,1,0.6942148760330579,0.765662859120803
imagenet_r,m2_target,1,1,3,2,0.696969696969697,0.7691242644513673
imagenet_r,m2_target,1,1,4,3,0.6887052341597796,0.7639321564555209
imagenet_r,m2_target,1,1,5,4,0.6749311294765841,0.7611630321910696
imagenet_r,m2_target,1,1,6,5,0.6776859504132231,0.7383177570093458
imagenet_r,m2_target,1,1,7,6,0.6528925619834711,0.717895465559017
imagenet_r,m2_target,1,1,8,7,0.6528925619834711,0.7130494980962271
imagenet_r,m2_target,1,1,9,8,0.6391184573002755,0.6974731741086881
imagenet_r,m2_target,1,2,2,0,0.35094339622641507,0.36774500475737393
imagenet_r,m2_target,1,2,3,1,0.6415094339622641,0.7345385347288297
imagenet_r,m2_target,1,2,4,2,0.6754716981132075,0.741674595623216
imagenet_r,m2_target,1,2,5,3,0.6415094339622641,0.735965746907707
imagenet_r,m2_target,1,2,6,4,0.6226415094339622,0.736441484300666
imagenet_r,m2_target,1,2,7,5,0.6226415094339622,0.7193149381541389
imagenet_r,m2_target,1,2,8,6,0.6452830188679245,0.7245480494766888
imagenet_r,m2_target,1,2,9,7,0.6226415094339622,0.7117031398667936
imagenet_r,m2_target,1,3,3,0,0.35735735735735735,0.3698578908002992
imagenet_r,m2_target,1,3,4,1,0.5945945945945946,0.6967090501121914
imagenet_r,m2_target,1,3,5,2,0.6186186186186187,0.7266267763649963
imagenet_r,m2_target,1,3,6,3,0.6366366366366366,0.7326103216155572
imagenet_r,m2_target,1,3,7,4,0.6426426426426426,0.7079281974569933
imagenet_r,m2_target,1,3,8,5,0.6396396396396397,0.7198952879581152
imagenet_r,m2_target,1,3,9,6,0.6156156156156156,0.6959611069558713
imagenet_r,m2_target,1,4,4,0,0.23728813559322035,0.3069202324352879
imagenet_r,m2_target,1,4,5,1,0.6101694915254238,0.699418911780243
imagenet_r,m2_target,1,4,6,2,0.614406779661017,0.7157950343370312
imagenet_r,m2_target,1,4,7,3,0.6059322033898306,0.7115689381933439
imagenet_r,m2_target,1,4,8,4,0.614406779661017,0.7189646064447967
imagenet_r,m2_target,1,4,9,5,0.614406779661017,0.7242472266244057
imagenet_r,m2_target,1,5,5,0,0.34365325077399383,0.37301894085813686
imagenet_r,m2_target,1,5,6,1,0.6346749226006192,0.680324700425203
imagenet_r,m2_target,1,5,7,2,0.6439628482972136,0.6961731735601082
imagenet_r,m2_target,1,5,8,3,0.6563467492260062,0.7023579435639737
imagenet_r,m2_target,1,5,9,4,0.628482972136223,0.688828759180518
imagenet_r,m2_target,1,6,6,0,0.27424749163879597,0.32068390325271057
imagenet_r,m2_target,1,6,7,1,0.5317725752508361,0.6630525437864887
imagenet_r,m2_target,1,6,8,2,0.5451505016722408,0.6784820683903253
imagenet_r,m2_target,1,6,9,3,0.5785953177257525,0.6814011676396997
imagenet_r,m2_target,1,7,7,0,0.20454545454545456,0.2298905283198477
imagenet_r,m2_target,1,7,8,1,0.6477272727272727,0.6849119466920514
imagenet_r,m2_target,1,7,9,2,0.6628787878787878,0.7172774869109948
imagenet_r,m2_target,1,8,8,0,0.3186119873817035,0.32293722858270824
imagenet_r,m2_target,1,8,9,1,0.5993690851735016,0.6352151598894591
imagenet_r,m2_target,1,9,9,0,0.18688524590163935,0.2050226430629889
imagenet_r,m2_target,2,0,0,0,0.7335640138408305,0.7842287694974004
imagenet_r,m2_target,2,0,1,1,0.7854671280276817,0.8483535528596187
imagenet_r,m2_target,2,0,2,2,0.7612456747404844,0.8392547660311959
imagenet_r,m2_target,2,0,3,3,0.726643598615917,0.8154246100519931
imagenet_r,m2_target,2,0,4,4,0.7058823529411765,0.8050259965337955
imagenet_r,m2_target,2,0,5,5,0.6920415224913494,0.7859618717504333
imagenet_r,m2_target,2,0,6,6,0.6816608996539792,0.7755632582322357
imagenet_r,m2_target,2,0,7,7,0.6643598615916955,0.770363951473137
imagenet_r,m2_target,2,0,8,8,0.6470588235294118,0.7660311958405546
imagenet_r,m2_target,2,0,9,9,0.6401384083044983,0.7582322357019065
imagenet_r,m2_target,2,1,1,0,0.39792387543252594,0.47592190889370933
imagenet_r,m2_target,2,1,2,1,0.6747404844290658,0.7995661605206074
imagenet_r,m2_target,2,1,3,2,0.671280276816609,0.7917570498915402
imagenet_r,m2_target,2,1,4,3,0.6885813148788927,0.7887201735357917
imagenet_r,m2_target,2,1,5,4,0.6608996539792388,0.7678958785249458
imagenet_r,m2_target,2,1,6,5,0.6505190311418685,0.7574837310195228
imagenet_r,m2_target,2,1,7,6,0.6470588235294118,0.751409978308026
imagenet_r,m2_target,2,1,8,7,0.6124567474048442,0.7327548806941432
imagenet_r,m2_target,2,1,9,8,0.615916955017301,0.7314533622559652
imagenet_r,m2_target,2,2,2,0,0.39867109634551495,0.44268445185493954
imagenet_r,m2_target,2,2,3,1,0.654485049833887,0.7336390162567736
imagenet_r,m2_target,2,2,4,2,0.6710963455149501,0.7669862442684452
imagenet_r,m2_target,2,2,5,3,0.6644518272425249,0.7428095039599834
imagenet_r,m2_target,2,2,6,4,0.6810631229235881,0.7511463109629012
imagenet_r,m2_target,2,2,7,5,0.6744186046511628,0.7328053355564819
imagenet_r,m2_target,2,2,8,6,0.6644518272425249,0.7278032513547311
imagenet_r,m2_target,2,2,9,7,0.6611295681063123,0.732388495206336
imagenet_r,m2_target,2,3,3,0,0.3689655172413793,0.43313201035375326
imagenet_r,m2_target,2,3,4,1,0.6137931034482759,0.7299396031061259
imagenet_r,m2_target,2,3,5,2,0.6344827586206897,0.7269197584124245
imagenet_r,m2_target,2,3,6,3,0.6448275862068965,0.7312338222605694
imagenet_r,m2_target,2,3,7,4,0.6482758620689655,0.7260569456427955
imagenet_r,m2_target,2,3,8,5,0.6413793103448275,0.7269197584124245
imagenet_r,m2_target,2,3,9,6,0.6206896551724138,0.7208800690250216
imagenet_r,m2_target,2,4,4,0,0.2013888888888889,0.24313725490196078
imagenet_r,m2_target,2,4,5,1,0.5868055555555556,0.6710239651416122
imagenet_r,m2_target,2,4,6,2,0.6076388888888888,0.7006535947712418
imagenet_r,m2_target,2,4,7,3,0.6215277777777778,0.6980392156862745
imagenet_r,m2_target,2,4,8,4,0.6111111111111112,0.6901960784313725
imagenet_r,m2_target,2,4,9,5,0.5972222222222222,0.6827886710239651
imagenet_r,m2_target,2,5,5,0,0.30689655172413793,0.351875808538163
imagenet_r,m2_target,2,5,6,1,0.6482758620689655,0.691246226821906
imagenet_r,m2_target,2,5,7,2,0.6551724137931034,0.7141009055627425
imagenet_r,m2_target,2,5,8,3,0.6689655172413793,0.7076326002587322
imagenet_r,m2_target,2,5,9,4,0.6310344827586207,0.6990081931867184
imagenet_r,m2_target,2,6,6,0,0.3619631901840491,0.38777863182167566
imagenet_r,m2_target,2,6,7,1,0.6441717791411042,0.7006149116064566
imagenet_r,m2_target,2,6,8,2,0.6717791411042945,0.7198308993082244
imagenet_r,m2_target,2,6,9,3,0.6533742331288344,0.7071483474250576
imagenet_r,m2_target,2,7,7,0,0.2808641975308642,0.31947652040030794
imagenet_r,m2_target,2,7,8,1,0.595679012345679,0.6716705157813703
imagenet_r,m2_target,2,7,9,2,0.6049382716049383,0.7036181678214011
imagenet_r,m2_target,2,8,8,0,0.23659305993690852,0.24053627760252366
imagenet_r,m2_target,2,8,9,1,0.501577287066246,0.6013406940063092
imagenet_r,m2_target,2,9,9,0,0.20714285714285716,0.22341376228775692
imagenet_r,m2_target,3,0,0,0,0.7463556851311953,0.7905109489051095
imagenet_r,m2_target,3,0,1,1,0.8309037900874635,0.8463503649635037
imagenet_r,m2_target,3,0,2,2,0.7725947521865889,0.8335766423357664
imagenet_r,m2_target,3,0,3,3,0.7521865889212828,0.8124087591240876
imagenet_r,m2_target,3,0,4,4,0.7288629737609329,0.7905109489051095
imagenet_r,m2_target,3,0,5,5,0.6938775510204082,0.7664233576642335
imagenet_r,m2_target,3,0,6,6,0.6822157434402333,0.7412408759124087
imagenet_r,m2_target,3,0,7,7,0.6530612244897959,0.7204379562043796
imagenet_r,m2_target,3,0,8,8,0.6443148688046647,0.718978102189781
imagenet_r,m2_target,3,0,9,9,0.641399416909621,0.7138686131386861
imagenet_r,m2_target,3,1,1,0,0.3269961977186312,0.3925011865211201
imagenet_r,m2_target,3,1,2,1,0.714828897338403,0.8234456573327005
imagenet_r,m2_target,3,1,3,2,0.7262357414448669,0.8258186995728524
imagenet_r,m2_target,3,1,4,3,0.7072243346007605,0.8130042714760323
imagenet_r,m2_target,3,1,5,4,0.7072243346007605,0.8172757475083057
imagenet_r,m2_target,3,1,6,5,0.6920152091254753,0.8044613194114856
imagenet_r,m2_target,3,1,7,6,0.6730038022813688,0.7821547223540579
imagenet_r,m2_target,3,1,8,7,0.6653992395437263,0.7793070716658757
imagenet_r,m2_target,3,1,9,8,0.6692015209125475,0.7712387280493592
imagenet_r,m2_target,3,2,2,0,0.3540983606557377,0.4242048740190004
imagenet_r,m2_target,3,2,3,1,0.6688524590163935,0.7534076827757125
imagenet_r,m2_target,3,2,4,2,0.6655737704918033,0.7579512598099959
imagenet_r,m2_target,3,2,5,3,0.6360655737704918,0.7443205287071458
imagenet_r,m2_target,3,2,6,4,0.6459016393442623,0.7406030565881867
imagenet_r,m2_target,3,2,7,5,0.6262295081967213,0.7323420074349443
imagenet_r,m2_target,3,2,8,6,0.6032786885245902,0.7174721189591078
imagenet_r,m2_target,3,2,9,7,0.6065573770491803,0.7236679058240396
imagenet_r,m2_target,3,3,3,0,0.2911392405063291,0.2999207606973059
imagenet_r,m2_target,3,3,4,1,0.6360759493670886,0.6767036450079239
imagenet_r,m2_target,3,3,5,2,0.6550632911392406,0.7024564183835182
imagenet_r,m2_target,3,3,6,3,0.6487341772151899,0.6834389857369255
imagenet_r,m2_target,3,3,7,4,0.6265822784810127,0.677892234548336
imagenet_r,m2_target,3,3,8,5,0.620253164556962,0.6644215530903328
imagenet_r,m2_target,3,3,9,6,0.6234177215189873,0.6600633914421553
imagenet_r,m2_target,3,4,4,0,0.3016393442622951,0.32788225674570726
imagenet_r,m2_target,3,4,5,1,0.5967213114754099,0.6643499591169256
imagenet_r,m2_target,3,4,6,2,0.6131147540983607,0.6913327882256746
imagenet_r,m2_target,3,4,7,3,0.6196721311475409,0.695829926410466
imagenet_r,m2_target,3,4,8,4,0.6032786885245902,0.6860179885527392
imagenet_r,m2_target,3,4,9,5,0.5901639344262295,0.678250204415372
imagenet_r,m2_target,3,5,5,0,0.3054662379421222,0.3357546408393866
imagenet_r,m2_target,3,5,6,1,0.6012861736334405,0.6715092816787732
imagenet_r,m2_target,3,5,7,2,0.6045016077170418,0.6993543179983858
imagenet_r,m2_target,3,5,8,3,0.6045016077170418,0.7021791767554479
imagenet_r,m2_target,3,5,9,4,0.617363344051447,0.7114608555286521
imagenet_r,m2_target,3,6,6,0,0.2903225806451613,0.35688729874776387
imagenet_r,m2_target,3,6,7,1,0.5878136200716846,0.6838103756708408
imagenet_r,m2_target,3,6,8,2,0.5913978494623656,0.7048300536672629
imagenet_r,m2_target,3,6,9,3,0.5878136200716846,0.7075134168157424
imagenet_r,m2_target,3,7,7,0,0.2923076923076923,0.3350057892705519
imagenet_r,m2_target,3,7,8,1,0.6092307692307692,0.6634504052489386
imagenet_r,m2_target,3,7,9,2,0.6338461538461538,0.6889231956773446
imagenet_r,m2_target,3,8,8,0,0.3059210526315789,0.31213872832369943
imagenet_r,m2_target,3,8,9,1,0.6118421052631579,0.6540049545829892
imagenet_r,m2_target,3,9,9,0,0.17695473251028807,0.21402969790066564
imagenet_r,m2_target,4,0,0,0,0.6971830985915493,0.7401852668725187
imagenet_r,m2_target,4,0,1,1,0.7359154929577465,0.8270842523158359
imagenet_r,m2_target,4,0,2,2,0.704225352112676,0.8076753418614909
imagenet_r,m2_target,4,0,3,3,0.6901408450704225,0.7745919717688575
imagenet_r,m2_target,4,0,4,4,0.6584507042253521,0.7750330833700926
imagenet_r,m2_target,4,0,5,5,0.6549295774647887,0.7754741949713277
imagenet_r,m2_target,4,0,6,6,0.6549295774647887,0.760917512130569
imagenet_r,m2_target,4,0,7,7,0.6373239436619719,0.733127481252757
imagenet_r,m2_target,4,0,8,8,0.6338028169014085,0.7344508160564622
imagenet_r,m2_target,4,0,9,9,0.6267605633802817,0.7379797088663432
imagenet_r,m2_target,4,1,1,0,0.5246913580246914,0.5414728682170543
imagenet_r,m2_target,4,1,2,1,0.7623456790123457,0.8108527131782945
imagenet_r,m2_target,4,1,3,2,0.7777777777777778,0.8069767441860465
imagenet_r,m2_target,4,1,4,3,0.7592592592592593,0.791860465116279
imagenet_r,m2_target,4,1,5,4,0.7283950617283951,0.7624031007751938
imagenet_r,m2_target,4,1,6,5,0.7191358024691358,0.7612403100775194
imagenet_r,m2_target,4,1,7,6,0.7160493827160493,0.7403100775193798
imagenet_r,m2_target,4,1,8,7,0.6975308641975309,0.725968992248062
imagenet_r,m2_target,4,1,9,8,0.7037037037037037,0.7251937984496124
imagenet_r,m2_target,4,2,2,0,0.2689655172413793,0.3216601815823606
imagenet_r,m2_target,4,2,3,1,0.6103448275862069,0.728923476005188
imagenet_r,m2_target,4,2,4,2,0.6655172413793103,0.7527021184608733
imagenet_r,m2_target,4,2,5,3,0.6379310344827587,0.7116299178555988
imagenet_r,m2_target,4,2,6,4,0.6517241379310345,0.7254647643752702
imagenet_r,m2_target,4,2,7,5,0.6310344827586207,0.7099005620406399
imagenet_r,m2_target,4,2,8,6,0.6413793103448275,0.7073065283182015
imagenet_r,m2_target,4,2,9,7,0.6241379310344828,0.7111975789018591
imagenet_r,m2_target,4,3,3,0,0.3312302839116719,0.3806146572104019
imagenet_r,m2_target,4,3,4,1,0.694006309148265,0.7509850275807722
imagenet_r,m2_target,4,3,5,2,0.694006309148265,0.7608353033884949
imagenet_r,m2_target,4,3,6,3,0.6876971608832808,0.7557131599684791
imagenet_r,m2_target,4,3,7,4,0.6624605678233438,0.7442868400315209
imagenet_r,m2_target,4,3,8,5,0.6719242902208202,0.7403467297084318
imagenet_r,m2_target,4,3,9,6,0.6593059936908517,0.7387706855791962
imagenet_r,m2_target,4,4,4,0,0.3778501628664495,0.36935086277732126
imagenet_r,m2_target,4,4,5,1,0.6254071661237784,0.6688578471651603
imagenet_r,m2_target,4,4,6,2,0.6221498371335505,0.6930977814297453
imagenet_r,m2_target,4,4,7,3,0.6188925081433225,0.6914543960558751
imagenet_r,m2_target,4,4,8,4,0.5993485342019544,0.6857025472473295
imagenet_r,m2_target,4,4,9,5,0.6123778501628665,0.6881676253081348
imagenet_r,m2_target,4,5,5,0,0.26881720430107525,0.2728494623655914
imagenet_r,m2_target,4,5,6,1,0.6093189964157706,0.6747311827956989
imagenet_r,m2_target,4,5,7,2,0.6594982078853047,0.7123655913978495
imagenet_r,m2_target,4,5,8,3,0.6594982078853047,0.7096774193548387
imagenet_r,m2_target,4,5,9,4,0.6451612903225806,0.7092293906810035
imagenet_r,m2_target,4,6,6,0,0.18120805369127516,0.20493517356754495
imagenet_r,m2_target,4,6,7,1,0.49328859060402686,0.6248431618569636
imagenet_r,m2_target,4,6,8,2,0.5201342281879194,0.6566290255123379
imagenet_r,m2_target,4,6,9,3,0.5234899328859061,0.6520284399832706
imagenet_r,m2_target,4,7,7,0,0.28205128205128205,0.3388052895576835
imagenet_r,m2_target,4,7,8,1,0.5641025641025641,0.6721386228910169
imagenet_r,m2_target,4,7,9,2,0.5860805860805861,0.7090743274053808
imagenet_r,m2_target,4,8,8,0,0.2052980132450331,0.2801491918773311
imagenet_r,m2_target,4,8,9,1,0.5496688741721855,0.6514711976792374
imagenet_r,m2_target,4,9,9,0,0.315625,0.3199061400078217
imagenet_r,m3_fot,0,0,0,0,0.7344827586206897,0.7876949740034662
imagenet_r,m3_fot,0,0,1,1,0.5103448275862069,0.5810225303292894
imagenet_r,m3_fot,0,0,2,2,0.5172413793103449,0.5654246100519931
imagenet_r,m3_fot,0,0,3,3,0.4793103448275862,0.5342287694974004
imagenet_r,m3_fot,0,0,4,4,0.4413793103448276,0.48570190641247835
imagenet_r,m3_fot,0,0,5,5,0.4379310344827586,0.5082322357019065
imagenet_r,m3_fot,0,0,6,6,0.46551724137931033,0.5272963604852686
imagenet_r,m3_fot,0,0,7,7,0.4413793103448276,0.5069324090121318
imagenet_r,m3_fot,0,0,8,8,0.45517241379310347,0.5051993067590987
imagenet_r,m3_fot,0,0,9,9,0.43103448275862066,0.5025996533795494
imagenet_r,m3_fot,0,1,1,0,0.6237288135593221,0.6814908936891148
imagenet_r,m3_fot,0,1,2,1,0.3728813559322034,0.4362558238034731
imagenet_r,m3_fot,0,1,3,2,0.3288135593220339,0.37950021177467175
imagenet_r,m3_fot,0,1,4,3,0.3152542372881356,0.38246505717916135
imagenet_r,m3_fot,0,1,5,4,0.3220338983050847,0.40533672172808133
imagenet_r,m3_fot,0,1,6,5,0.3593220338983051,0.45743329097839897
imagenet_r,m3_fot,0,1,7,6,0.36610169491525424,0.4531977975434138
imagenet_r,m3_fot,0,1,8,7,0.38305084745762713,0.4692926725963575
imagenet_r,m3_fot,0,1,9,8,0.3593220338983051,0.4557390936044049
imagenet_r,m3_fot,0,2,2,0,0.6408450704225352,0.7138488422892093
imagenet_r,m3_fot,0,2,3,1,0.4119718309859155,0.45172564438619484
imagenet_r,m3_fot,0,2,4,2,0.40492957746478875,0.43556138051550897
imagenet_r,m3_fot,0,2,5,3,0.4084507042253521,0.45565749235474007
imagenet_r,m3_fot,0,2,6,4,0.44366197183098594,0.472258628221931
imagenet_r,m3_fot,0,2,7,5,0.4014084507042254,0.4346876365224989
imagenet_r,m3_fot,0,2,8,6,0.4471830985915493,0.4783748361730013
imagenet_r,m3_fot,0,2,9,7,0.4154929577464789,0.4521625163826999
imagenet_r,m3_fot,0,3,3,0,0.7830508474576271,0.8046413502109705
imagenet_r,m3_fot,0,3,4,1,0.43050847457627117,0.4620253164556962
imagenet_r,m3_fot,0,3,5,2,0.4406779661016949,0.47890295358649787
imagenet_r,m3_fot,0,3,6,3,0.46440677966101696,0.5358649789029536
imagenet_r,m3_fot,0,3,7,4,0.488135593220339,0.5421940928270043
imagenet_r,m3_fot,0,3,8,5,0.48135593220338985,0.5582278481012658
imagenet_r,m3_fot,0,3,9,6,0.4711864406779661,0.5358649789029536
imagenet_r,m3_fot,0,4,4,0,0.6503267973856209,0.7443670626792298
imagenet_r,m3_fot,0,4,5,1,0.4117647058823529,0.46292503072511265
imagenet_r,m3_fot,0,4,6,2,0.3954248366013072,0.5018435067595248
imagenet_r,m3_fot,0,4,7,3,0.3954248366013072,0.46661204424416225
imagenet_r,m3_fot,0,4,8,4,0.40522875816993464,0.4842277755018435
imagenet_r,m3_fot,0,4,9,5,0.369281045751634,0.4379352724293322
imagenet_r,m3_fot,0,5,5,0,0.7169811320754716,0.7695635076681085
imagenet_r,m3_fot,0,5,6,1,0.4937106918238994,0.5363743609909556
imagenet_r,m3_fot,0,5,7,2,0.5031446540880503,0.522611089264648
imagenet_r,m3_fot,0,5,8,3,0.5031446540880503,0.5363743609909556
imagenet_r,m3_fot,0,5,9,4,0.4811320754716981,0.5088478175383405
imagenet_r,m3_fot,0,6,6,0,0.7482993197278912,0.8005977796754911
imagenet_r,m3_fot,0,6,7,1,0.5510204081632653,0.5866780529461998
imagenet_r,m3_fot,0,6,8,2,0.564625850340136,0.5956447480785654
imagenet_r,m3_fot,0,6,9,3,0.5238095238095238,0.5520922288642186
imagenet_r,m3_fot,0,7,7,0,0.6989247311827957,0.7847472924187726
imagenet_r,m3_fot,0,7,8,1,0.43010752688172044,0.4887184115523466
imagenet_r,m3_fot,0,7,9,2,0.40860215053763443,0.47157039711191334
imagenet_r,m3_fot,0,8,8,0,0.6461988304093568,0.7125550660792952
imagenet_r,m3_fot,0,8,9,1,0.3538011695906433,0.4093245227606461
imagenet_r,m3_fot,0,9,9,0,0.6907216494845361,0.7633390705679862
imagenet_r,m3_fot,1,0,0,0,0.7370242214532872,0.7608131487889274
imagenet_r,m3_fot,1,0,1,1,0.4844290657439446,0.5376297577854672
imagenet_r,m3_fot,1,0,2,2,0.5155709342560554,0.5449826989619377
imagenet_r,m3_fot,1,0,3,3,0.4982698961937716,0.5220588235294118
imagenet_r,m3_fot,1,0,4,4,0.4290657439446367,0.48226643598615915
imagenet_r,m3_fot,1,0,5,5,0.43252595155709345,0.47231833910034604
imagenet_r,m3_fot,1,0,6,6,0.4532871972318339,0.4757785467128028
imagenet_r,m3_fot,1,0,7,7,0.4463667820069204,0.4801038062283737
imagenet_r,m3_fot,1,0,8,8,0.4429065743944637,0.46756055363321797
imagenet_r,m3_fot,1,0,9,9,0.3944636678200692,0.4312283737024221
imagenet_r,m3_fot,1,1,1,0,0.6418732782369146,0.6735894773277951
imagenet_r,m3_fot,1,1,2,1,0.5371900826446281,0.5908618899273105
imagenet_r,m3_fot,1,1,3,2,0.48484848484848486,0.5195569401176878
imagenet_r,m3_fot,1,1,4,3,0.44352617079889806,0.47594323295257873
imagenet_r,m3_fot,1,1,5,4,0.4573002754820937,0.4800969193492558
imagenet_r,m3_fot,1,1,6,5,0.4214876033057851,0.46002076843198336
imagenet_r,m3_fot,1,1,7,6,0.42699724517906334,0.4714434060228453
imagenet_r,m3_fot,1,1,8,7,0.4380165289256198,0.44929041190723434
imagenet_r,m3_fot,1,1,9,8,0.39944903581267216,0.4035998615437868
imagenet_r,m3_fot,1,2,2,0,0.6867924528301886,0.741674595623216
imagenet_r,m3_fot,1,2,3,1,0.5169811320754717,0.5642245480494766
imagenet_r,m3_fot,1,2,4,2,0.43018867924528303,0.483349191246432
imagenet_r,m3_fot,1,2,5,3,0.4490566037735849,0.49571836346336823
imagenet_r,m3_fot,1,2,6,4,0.45660377358490567,0.4961941008563273
imagenet_r,m3_fot,1,2,7,5,0.4830188679245283,0.5499524262607041
imagenet_r,m3_fot,1,2,8,6,0.45660377358490567,0.5161750713606089
imagenet_r,m3_fot,1,2,9,7,0.42641509433962266,0.5009514747859182
imagenet_r,m3_fot,1,3,3,0,0.6756756756756757,0.7606581899775617
imagenet_r,m3_fot,1,3,4,1,0.45045045045045046,0.518324607329843
imagenet_r,m3_fot,1,3,5,2,0.4954954954954955,0.5478683620044876
imagenet_r,m3_fot,1,3,6,3,0.47147147147147145,0.5291697830964847
imagenet_r,m3_fot,1,3,7,4,0.5105105105105106,0.5856394913986537
imagenet_r,m3_fot,1,3,8,5,0.4804804804804805,0.5433807030665669
imagenet_r,m3_fot,1,3,9,6,0.43243243243243246,0.5093492894540015
imagenet_r,m3_fot,1,4,4,0,0.6991525423728814,0.7654516640253566
imagenet_r,m3_fot,1,4,5,1,0.3855932203389831,0.44849445324881143
imagenet_r,m3_fot,1,4,6,2,0.4067796610169492,0.46275752773375595
imagenet_r,m3_fot,1,4,7,3,0.4576271186440678,0.5071315372424723
imagenet_r,m3_fot,1,4,8,4,0.4194915254237288,0.49498151082937136
imagenet_r,m3_fot,1,4,9,5,0.3813559322033898,0.4606444796619123
imagenet_r,m3_fot,1,5,5,0,0.7058823529411765,0.7614998067259374
imagenet_r,m3_fot,1,5,6,1,0.48606811145510836,0.516041747197526
imagenet_r,m3_fot,1,5,7,2,0.4953560371517028,0.5535369153459606
imagenet_r,m3_fot,1,5,8,3,0.4953560371517028,0.5469655972168534
imagenet_r,m3_fot,1,5,9,4,0.43962848297213625,0.480092771550058
imagenet_r,m3_fot,1,6,6,0,0.7324414715719063,0.7873227689741451
imagenet_r,m3_fot,1,6,7,1,0.45819397993311034,0.5300250208507089
imagenet_r,m3_fot,1,6,8,2,0.43478260869565216,0.5191826522101751
imagenet_r,m3_fot,1,6,9,3,0.38461538461538464,0.4683069224353628
imagenet_r,m3_fot,1,7,7,0,0.7196969696969697,0.7953355544978582
imagenet_r,m3_fot,1,7,8,1,0.5227272727272727,0.5763921941932413
imagenet_r,m3_fot,1,7,9,2,0.5151515151515151,0.5459305092812946
imagenet_r,m3_fot,1,8,8,0,0.7350157728706624,0.7808922226608764
imagenet_r,m3_fot,1,8,9,1,0.42586750788643535,0.439005132254244
imagenet_r,m3_fot,1,9,9,0,0.6557377049180327,0.7027583367641005
imagenet_r,m3_fot,2,0,0,0,0.7335640138408305,0.7842287694974004
imagenet_r,m3_fot,2,0,1,1,0.5536332179930796,0.5862218370883883
imagenet_r,m3_fot,2,0,2,2,0.5363321799307958,0.5758232235701907
imagenet_r,m3_fot,2,0,3,3,0.4740484429065744,0.5268630849220104
imagenet_r,m3_fot,2,0,4,4,0.4429065743944637,0.5069324090121318
imagenet_r,m3_fot,2,0,5,5,0.4429065743944637,0.5121317157712305
imagenet_r,m3_fot,2,0,6,6,0.44982698961937717,0.5064991334488734
imagenet_r,m3_fot,2,0,7,7,0.4463667820069204,0.5125649913344887
imagenet_r,m3_fot,2,0,8,8,0.44982698961937717,0.5281629116117851
imagenet_r,m3_fot,2,0,9,9,0.4429065743944637,0.5086655112651647
imagenet_r,m3_fot,2,1,1,0,0.6366782006920415,0.7197396963123645
imagenet_r,m3_fot,2,1,2,1,0.4913494809688581,0.5579175704989154
imagenet_r,m3_fot,2,1,3,2,0.4913494809688581,0.5683297180043384
imagenet_r,m3_fot,2,1,4,3,0.5121107266435986,0.5535791757049892
imagenet_r,m3_fot,2,1,5,4,0.47750865051903113,0.5752711496746203
imagenet_r,m3_fot,2,1,6,5,0.47750865051903113,0.5652928416485901
imagenet_r,m3_fot,2,1,7,6,0.46366782006920415,0.5691973969631237
imagenet_r,m3_fot,2,1,8,7,0.4671280276816609,0.559652928416486
imagenet_r,m3_fot,2,1,9,8,0.4463667820069204,0.5357917570498916
imagenet_r,m3_fot,2,2,2,0,0.717607973421927,0.7749062109212171
imagenet_r,m3_fot,2,2,3,1,0.4950166112956811,0.5031263026260943
imagenet_r,m3_fot,2,2,4,2,0.5116279069767442,0.5460608586911213
imagenet_r,m3_fot,2,2,5,3,0.5049833887043189,0.5464776990412672
imagenet_r,m3_fot,2,2,6,4,0.5116279069767442,0.5523134639433097
imagenet_r,m3_fot,2,2,7,5,0.521594684385382,0.5756565235514798
imagenet_r,m3_fot,2,2,8,6,0.5548172757475083,0.602334305960817
imagenet_r,m3_fot,2,2,9,7,0.521594684385382,0.5894122551062942
imagenet_r,m3_fot,2,3,3,0,0.696551724137931,0.7463330457290768
imagenet_r,m3_fot,2,3,4,1,0.36551724137931035,0.4003451251078516
imagenet_r,m3_fot,2,3,5,2,0.3413793103448276,0.4158757549611734
imagenet_r,m3_fot,2,3,6,3,0.35172413793103446,0.40509059534081104
imagenet_r,m3_fot,2,3,7,4,0.3793103448275862,0.4430543572044866
imagenet_r,m3_fot,2,3,8,5,0.4,0.4685073339085418
imagenet_r,m3_fot,2,3,9,6,0.38620689655172413,0.4430543572044866
imagenet_r,m3_fot,2,4,4,0,0.7222222222222222,0.7472766884531591
imagenet_r,m3_fot,2,4,5,1,0.4409722222222222,0.4610021786492375
imagenet_r,m3_fot,2,4,6,2,0.4236111111111111,0.44052287581699345
imagenet_r,m3_fot,2,4,7,3,0.4583333333333333,0.4736383442265795
imagenet_r,m3_fot,2,4,8,4,0.4826388888888889,0.48845315904139436
imagenet_r,m3_fot,2,4,9,5,0.4618055555555556,0.47799564270152506
imagenet_r,m3_fot,2,5,5,0,0.7206896551724138,0.741267787839586
imagenet_r,m3_fot,2,5,6,1,0.4379310344827586,0.47477360931435963
imagenet_r,m3_fot,2,5,7,2,0.45517241379310347,0.4833980163863734
imagenet_r,m3_fot,2,5,8,3,0.47586206896551725,0.5200517464424321
imagenet_r,m3_fot,2,5,9,4,0.4517241379310345,0.4898663216903838
imagenet_r,m3_fot,2,6,6,0,0.754601226993865,0.7920830130668717
imagenet_r,m3_fot,2,6,7,1,0.46932515337423314,0.48001537279016143
imagenet_r,m3_fot,2,6,8,2,0.46932515337423314,0.4796310530361261
imagenet_r,m3_fot,2,6,9,3,0.4325153374233129,0.4423520368946964
imagenet_r,m3_fot,2,7,7,0,0.6790123456790124,0.7528868360277137
imagenet_r,m3_fot,2,7,8,1,0.5308641975308642,0.5943033102386451
imagenet_r,m3_fot,2,7,9,2,0.5277777777777778,0.5642802155504234
imagenet_r,m3_fot,2,8,8,0,0.6340694006309149,0.735410094637224
imagenet_r,m3_fot,2,8,9,1,0.31230283911671924,0.39353312302839116
imagenet_r,m3_fot,2,9,9,0,0.625,0.693029490616622
imagenet_r,m3_fot,3,0,0,0,0.7463556851311953,0.7905109489051095
imagenet_r,m3_fot,3,0,1,1,0.6326530612244898,0.6558394160583941
imagenet_r,m3_fot,3,0,2,2,0.49854227405247814,0.5587591240875912
imagenet_r,m3_fot,3,0,3,3,0.4577259475218659,0.5072992700729927
imagenet_r,m3_fot,3,0,4,4,0.46647230320699706,0.5284671532846715
imagenet_r,m3_fot,3,0,5,5,0.4139941690962099,0.4744525547445255
imagenet_r,m3_fot,3,0,6,6,0.4314868804664723,0.472992700729927
imagenet_r,m3_fot,3,0,7,7,0.43440233236151604,0.4576642335766423
imagenet_r,m3_fot,3,0,8,8,0.4227405247813411,0.4572992700729927
imagenet_r,m3_fot,3,0,9,9,0.42565597667638483,0.4551094890510949
imagenet_r,m3_fot,3,1,1,0,0.6615969581749049,0.736592311343142
imagenet_r,m3_fot,3,1,2,1,0.5095057034220533,0.5790223065970574
imagenet_r,m3_fot,3,1,3,2,0.5627376425855514,0.6174655908875178
imagenet_r,m3_fot,3,1,4,3,0.5855513307984791,0.6312292358803987
imagenet_r,m3_fot,3,1,5,4,0.5551330798479087,0.6079734219269103
imagenet_r,m3_fot,3,1,6,5,0.5095057034220533,0.580920740389179
imagenet_r,m3_fot,3,1,7,6,0.4866920152091255,0.5291884195538681
imagenet_r,m3_fot,3,1,8,7,0.5209125475285171,0.5481727574750831
imagenet_r,m3_fot,3,1,9,8,0.5133079847908745,0.561936402467964
imagenet_r,m3_fot,3,2,2,0,0.6721311475409836,0.7306897976042958
imagenet_r,m3_fot,3,2,3,1,0.43934426229508194,0.48451053283767037
imagenet_r,m3_fot,3,2,4,2,0.42950819672131146,0.4849235852953325
imagenet_r,m3_fot,3,2,5,3,0.3901639344262295,0.436183395291202
imagenet_r,m3_fot,3,2,6,4,0.4065573770491803,0.4774886410574143
imagenet_r,m3_fot,3,2,7,5,0.3836065573770492,0.45353159851301117
imagenet_r,m3_fot,3,2,8,6,0.4098360655737705,0.46551011978521273
imagenet_r,m3_fot,3,2,9,7,0.4163934426229508,0.4836844279223461
imagenet_r,m3_fot,3,3,3,0,0.6234177215189873,0.7020602218700476
imagenet_r,m3_fot,3,3,4,1,0.379746835443038,0.4346275752773376
imagenet_r,m3_fot,3,3,5,2,0.35443037974683544,0.3847068145800317
imagenet_r,m3_fot,3,3,6,3,0.3639240506329114,0.39619651347068147
imagenet_r,m3_fot,3,3,7,4,0.34810126582278483,0.3787638668779715
imagenet_r,m3_fot,3,3,8,5,0.379746835443038,0.40332805071315375
imagenet_r,m3_fot,3,3,9,6,0.38924050632911394,0.4223454833597464
imagenet_r,m3_fot,3,4,4,0,0.6885245901639344,0.7833197056418643
imagenet_r,m3_fot,3,4,5,1,0.4163934426229508,0.47015535568274736
imagenet_r,m3_fot,3,4,6,2,0.42295081967213116,0.4677023712183156
imagenet_r,m3_fot,3,4,7,3,0.4426229508196721,0.49141455437448894
imagenet_r,m3_fot,3,4,8,4,0.43934426229508194,0.48528209321340965
imagenet_r,m3_fot,3,4,9,5,0.4262295081967213,0.4991823385118561
imagenet_r,m3_fot,3,5,5,0,0.7106109324758842,0.7602905569007264
imagenet_r,m3_fot,3,5,6,1,0.42765273311897106,0.4495560936238902
imagenet_r,m3_fot,3,5,7,2,0.43729903536977494,0.44552058111380144
imagenet_r,m3_fot,3,5,8,3,0.43086816720257237,0.45076674737691685
imagenet_r,m3_fot,3,5,9,4,0.45016077170418006,0.4774011299435028
imagenet_r,m3_fot,3,6,6,0,0.6953405017921147,0.7915921288014311
imagenet_r,m3_fot,3,6,7,1,0.3870967741935484,0.4597495527728086
imagenet_r,m3_fot,3,6,8,2,0.3870967741935484,0.4807692307692308
imagenet_r,m3_fot,3,6,9,3,0.4014336917562724,0.4977638640429338
imagenet_r,m3_fot,3,7,7,0,0.7384615384615385,0.7568506368197607
imagenet_r,m3_fot,3,7,8,1,0.38461538461538464,0.41875723658818986
imagenet_r,m3_fot,3,7,9,2,0.37846153846153846,0.45658047086067155
imagenet_r,m3_fot,3,8,8,0,0.7039473684210527,0.7766308835672997
imagenet_r,m3_fot,3,8,9,1,0.4506578947368421,0.5041288191577209
imagenet_r,m3_fot,3,9,9,0,0.6831275720164609,0.7578084997439836
imagenet_r,m3_fot,4,0,0,0,0.6971830985915493,0.7401852668725187
imagenet_r,m3_fot,4,0,1,1,0.4753521126760563,0.5253639170710189
imagenet_r,m3_fot,4,0,2,2,0.39436619718309857,0.46360829289810324
imagenet_r,m3_fot,4,0,3,3,0.397887323943662,0.4516982796647552
imagenet_r,m3_fot,4,0,4,4,0.3908450704225352,0.44287604764005295
imagenet_r,m3_fot,4,0,5,5,0.36971830985915494,0.4406704896338774
imagenet_r,m3_fot,4,0,6,6,0.3732394366197183,0.43890604322893695
imagenet_r,m3_fot,4,0,7,7,0.3591549295774648,0.4199382443758271
imagenet_r,m3_fot,4,0,8,8,0.38028169014084506,0.42964269960299956
imagenet_r,m3_fot,4,0,9,9,0.3873239436619718,0.43890604322893695
imagenet_r,m3_fot,4,1,1,0,0.6697530864197531,0.6794573643410853
imagenet_r,m3_fot,4,1,2,1,0.6234567901234568,0.6437984496124031
imagenet_r,m3_fot,4,1,3,2,0.5740740740740741,0.577906976744186
imagenet_r,m3_fot,4,1,4,3,0.5308641975308642,0.5131782945736434
imagenet_r,m3_fot,4,1,5,4,0.5432098765432098,0.5558139534883721
imagenet_r,m3_fot,4,1,6,5,0.5123456790123457,0.5426356589147286
imagenet_r,m3_fot,4,1,7,6,0.5216049382716049,0.546124031007752
imagenet_r,m3_fot,4,1,8,7,0.5123456790123457,0.5263565891472868
imagenet_r,m3_fot,4,1,9,8,0.5432098765432098,0.5542635658914729
imagenet_r,m3_fot,4,2,2,0,0.6,0.669260700389105
imagenet_r,m3_fot,4,2,3,1,0.3931034482758621,0.43795936013834846
imagenet_r,m3_fot,4,2,4,2,0.38620689655172413,0.4522265456117596
imagenet_r,m3_fot,4,2,5,3,0.3931034482758621,0.44963251188932124
imagenet_r,m3_fot,4,2,6,4,0.4206896551724138,0.5019455252918288
imagenet_r,m3_fot,4,2,7,5,0.4068965517241379,0.46735840899265024
imagenet_r,m3_fot,4,2,8,6,0.41379310344827586,0.47038478166882836
imagenet_r,m3_fot,4,2,9,7,0.4413793103448276,0.503242542153048
imagenet_r,m3_fot,4,3,3,0,0.7318611987381703,0.7966903073286052
imagenet_r,m3_fot,4,3,4,1,0.4605678233438486,0.4996059889676911
imagenet_r,m3_fot,4,3,5,2,0.4637223974763407,0.5220646178092987
imagenet_r,m3_fot,4,3,6,3,0.47634069400630913,0.5468873128447597
imagenet_r,m3_fot,4,3,7,4,0.45425867507886436,0.524822695035461
imagenet_r,m3_fot,4,3,8,5,0.4353312302839117,0.5031520882584712
imagenet_r,m3_fot,4,3,9,6,0.4668769716088328,0.5445232466509062
imagenet_r,m3_fot,4,4,4,0,0.6514657980456026,0.7181594083812654
imagenet_r,m3_fot,4,4,5,1,0.46905537459283386,0.4991783073130649
imagenet_r,m3_fot,4,4,6,2,0.46905537459283386,0.5184880854560394
imagenet_r,m3_fot,4,4,7,3,0.4364820846905538,0.47370583401807725
imagenet_r,m3_fot,4,4,8,4,0.43973941368078173,0.47493837304847986
imagenet_r,m3_fot,4,4,9,5,0.4560260586319218,0.4942481511914544
imagenet_r,m3_fot,4,5,5,0,0.6917562724014337,0.7647849462365591
imagenet_r,m3_fot,4,5,6,1,0.41935483870967744,0.4771505376344086
imagenet_r,m3_fot,4,5,7,2,0.4229390681003584,0.47580645161290325
imagenet_r,m3_fot,4,5,8,3,0.3942652329749104,0.45474910394265233
imagenet_r,m3_fot,4,5,9,4,0.3942652329749104,0.47939068100358423
imagenet_r,m3_fot,4,6,6,0,0.6442953020134228,0.7432036804684232
imagenet_r,m3_fot,4,6,7,1,0.37919463087248323,0.4696779590129653
imagenet_r,m3_fot,4,6,8,2,0.3825503355704698,0.4466750313676286
imagenet_r,m3_fot,4,6,9,3,0.39932885906040266,0.46758678377248014
imagenet_r,m3_fot,4,7,7,0,0.73992673992674,0.8121295029639762
imagenet_r,m3_fot,4,7,8,1,0.5824175824175825,0.6210670314637483
imagenet_r,m3_fot,4,7,9,2,0.5860805860805861,0.6324669402644779
imagenet_r,m3_fot,4,8,8,0,0.6589403973509934,0.7716535433070866
imagenet_r,m3_fot,4,8,9,1,0.41721854304635764,0.48611686697057604
imagenet_r,m3_fot,4,9,9,0,0.6625,0.7109894407508799
imagenet_r,m4_proto,0,0,0,0,0.5137931034482759,0.554159445407279
imagenet_r,m4_proto,0,0,1,1,0.43103448275862066,0.4527729636048527
imagenet_r,m4_proto,0,0,2,2,0.3620689655172414,0.4207105719237435
imagenet_r,m4_proto,0,0,3,3,0.33448275862068966,0.3830155979202773
imagenet_r,m4_proto,0,0,4,4,0.3310344827586207,0.3721837088388215
imagenet_r,m4_proto,0,0,5,5,0.30344827586206896,0.35181975736568455
imagenet_r,m4_proto,0,0,6,6,0.3,0.3440207972270364
imagenet_r,m4_proto,0,0,7,7,0.28620689655172415,0.3362218370883882
imagenet_r,m4_proto,0,0,8,8,0.27586206896551724,0.3245233968804159
imagenet_r,m4_proto,0,0,9,9,0.27241379310344827,0.32062391681109187
imagenet_r,m4_proto,0,1,1,0,0.4271186440677966,0.5146124523506989
imagenet_r,m4_proto,0,1,2,1,0.39661016949152544,0.481999152901313
imagenet_r,m4_proto,0,1,3,2,0.36610169491525424,0.4379500211774672
imagenet_r,m4_proto,0,1,4,3,0.3593220338983051,0.4171961033460398
imagenet_r,m4_proto,0,1,5,4,0.34576271186440677,0.3955950868276154
imagenet_r,m4_proto,0,1,6,5,0.3389830508474576,0.3905124947056332
imagenet_r,m4_proto,0,1,7,6,0.3220338983050847,0.3841592545531554
imagenet_r,m4_proto,0,1,8,7,0.31186440677966104,0.3790766624311732
imagenet_r,m4_proto,0,1,9,8,0.2983050847457627,0.3756882676831851
imagenet_r,m4_proto,0,2,2,0,0.2992957746478873,0.3320227173438183
imagenet_r,m4_proto,0,2,3,1,0.2746478873239437,0.3180428134556575
imagenet_r,m4_proto,0,2,4,2,0.2711267605633803,0.3106159895150721
imagenet_r,m4_proto,0,2,5,3,0.25704225352112675,0.3010048055919616
imagenet_r,m4_proto,0,2,6,4,0.25,0.2966360856269113
imagenet_r,m4_proto,0,2,7,5,0.23591549295774647,0.2887723896898209
imagenet_r,m4_proto,0,2,8,6,0.23591549295774647,0.28265618173875057
imagenet_r,m4_proto,0,2,9,7,0.22535211267605634,0.27697684578418524
imagenet_r,m4_proto,0,3,3,0,0.30847457627118646,0.35822784810126584
imagenet_r,m4_proto,0,3,4,1,0.3050847457627119,0.34514767932489454
imagenet_r,m4_proto,0,3,5,2,0.288135593220339,0.32869198312236286
imagenet_r,m4_proto,0,3,6,3,0.288135593220339,0.3261603375527426
imagenet_r,m4_proto,0,3,7,4,0.27796610169491526,0.31940928270042196
imagenet_r,m4_proto,0,3,8,5,0.2711864406779661,0.31772151898734174
imagenet_r,m4_proto,0,3,9,6,0.2677966101694915,0.31645569620253167
imagenet_r,m4_proto,0,4,4,0,0.2549019607843137,0.3002867677181483
imagenet_r,m4_proto,0,4,5,1,0.23202614379084968,0.2896353953297829
imagenet_r,m4_proto,0,4,6,2,0.22549019607843138,0.28390004096681687
imagenet_r,m4_proto,0,4,7,3,0.22549019607843138,0.27980335927898403
imagenet_r,m4_proto,0,4,8,4,0.21895424836601307,0.2744776730848013
imagenet_r,m4_proto,0,4,9,5,0.21568627450980393,0.26833265055305205
imagenet_r,m4_proto,0,5,5,0,0.5786163522012578,0.5359811246559182
imagenet_r,m4_proto,0,5,6,1,0.5723270440251572,0.5285096342902084
imagenet_r,m4_proto,0,5,7,2,0.559748427672956,0.522611089264648
imagenet_r,m4_proto,0,5,8,3,0.559748427672956,0.5206449075894612
imagenet_r,m4_proto,0,5,9,4,0.5566037735849056,0.5151395988989382
imagenet_r,m4_proto,0,6,6,0,0.336734693877551,0.32792485055508114
imagenet_r,m4_proto,0,6,7,1,0.3299319727891156,0.322801024765158
imagenet_r,m4_proto,0,6,8,2,0.3299319727891156,0.3189581554227156
imagenet_r,m4_proto,0,6,9,3,0.32653061224489793,0.3138343296327925
imagenet_r,m4_proto,0,7,7,0,0.34408602150537637,0.38853790613718414
imagenet_r,m4_proto,0,7,8,1,0.3225806451612903,0.35379061371841153
imagenet_r,m4_proto,0,7,9,2,0.3225806451612903,0.3506317689530686
imagenet_r,m4_proto,0,8,8,0,0.22514619883040934,0.24632892804698972
imagenet_r,m4_proto,0,8,9,1,0.21637426900584794,0.24302496328928047
imagenet_r,m4_proto,0,9,9,0,0.2852233676975945,0.34036144578313254
imagenet_r,m4_proto,1,0,0,0,0.43252595155709345,0.453719723183391
imagenet_r,m4_proto,1,0,1,1,0.39100346020761245,0.3953287197231834
imagenet_r,m4_proto,1,0,2,2,0.36678200692041524,0.370242214532872
imagenet_r,m4_proto,1,0,3,3,0.3633217993079585,0.361159169550173
imagenet_r,m4_proto,1,0,4,4,0.3460207612456747,0.3499134948096886
imagenet_r,m4_proto,1,0,5,5,0.3356401384083045,0.3429930795847751
imagenet_r,m4_proto,1,0,6,6,0.328719723183391,0.3356401384083045
imagenet_r,m4_proto,1,0,7,7,0.32525951557093424,0.33174740484429066
imagenet_r,m4_proto,1,0,8,8,0.314878892733564,0.3226643598615917
imagenet_r,m4_proto,1,0,9,9,0.3079584775086505,0.3153114186851211
imagenet_r,m4_proto,1,1,1,0,0.36363636363636365,0.361024575977847
imagenet_r,m4_proto,1,1,2,1,0.30578512396694213,0.32052613361024573
imagenet_r,m4_proto,1,1,3,2,0.2865013774104683,0.3066805122879889
imagenet_r,m4_proto,1,1,4,3,0.2865013774104683,0.2980269989615784
imagenet_r,m4_proto,1,1,5,4,0.2727272727272727,0.2900657667012807
imagenet_r,m4_proto,1,1,6,5,0.24793388429752067,0.26929733471789546
imagenet_r,m4_proto,1,1,7,6,0.24793388429752067,0.2686050536517826
imagenet_r,m4_proto,1,1,8,7,0.24517906336088155,0.2609899619245414
imagenet_r,m4_proto,1,1,9,8,0.22865013774104684,0.2547594323295258
imagenet_r,m4_proto,1,2,2,0,0.44150943396226416,0.49096098953377737
imagenet_r,m4_proto,1,2,3,1,0.4,0.4543292102759277
imagenet_r,m4_proto,1,2,4,2,0.3584905660377358,0.42721217887725976
imagenet_r,m4_proto,1,2,5,3,0.3584905660377358,0.4196003805899144
imagenet_r,m4_proto,1,2,6,4,0.33584905660377357,0.4048525214081827
imagenet_r,m4_proto,1,2,7,5,0.3283018867924528,0.40199809705042816
imagenet_r,m4_proto,1,2,8,6,0.30566037735849055,0.3815413891531874
imagenet_r,m4_proto,1,2,9,7,0.2830188679245283,0.37012369172216936
imagenet_r,m4_proto,1,3,3,0,0.24024024024024024,0.30254300673148843
imagenet_r,m4_proto,1,3,4,1,0.23423423423423423,0.2916978309648467
imagenet_r,m4_proto,1,3,5,2,0.23123123123123124,0.28459237097980555
imagenet_r,m4_proto,1,3,6,3,0.21921921921921922,0.2666417352281227
imagenet_r,m4_proto,1,3,7,4,0.21921921921921922,0.2636499626028422
imagenet_r,m4_proto,1,3,8,5,0.2072072072072072,0.2617801047120419
imagenet_r,m4_proto,1,3,9,6,0.2042042042042042,0.24906507105459985
imagenet_r,m4_proto,1,4,4,0,0.3050847457627119,0.3676703645007924
imagenet_r,m4_proto,1,4,5,1,0.3050847457627119,0.36344426835710514
imagenet_r,m4_proto,1,4,6,2,0.2923728813559322,0.3502377179080824
imagenet_r,m4_proto,1,4,7,3,0.2923728813559322,0.3481246698362388
imagenet_r,m4_proto,1,4,8,4,0.288135593220339,0.33914421553090335
imagenet_r,m4_proto,1,4,9,5,0.2796610169491525,0.32435287902799786
imagenet_r,m4_proto,1,5,5,0,0.2631578947368421,0.31039814456899883
imagenet_r,m4_proto,1,5,6,1,0.23529411764705882,0.29300347893312717
imagenet_r,m4_proto,1,5,7,2,0.22910216718266255,0.28063393892539623
imagenet_r,m4_proto,1,5,8,3,0.2260061919504644,0.2740626207962891
imagenet_r,m4_proto,1,5,9,4,0.21981424148606812,0.2674913026671821
imagenet_r,m4_proto,1,6,6,0,0.3010033444816054,0.3286071726438699
imagenet_r,m4_proto,1,6,7,1,0.2976588628762542,0.3202668890742285
imagenet_r,m4_proto,1,6,8,2,0.2842809364548495,0.3127606338615513
imagenet_r,m4_proto,1,6,9,3,0.2709030100334448,0.3031693077564637
imagenet_r,m4_proto,1,7,7,0,0.2727272727272727,0.27415516420752023
imagenet_r,m4_proto,1,7,8,1,0.2689393939393939,0.27082341742027605
imagenet_r,m4_proto,1,7,9,2,0.26136363636363635,0.26844359828653025
imagenet_r,m4_proto,1,8,8,0,0.28391167192429023,0.3300434267666798
imagenet_r,m4_proto,1,8,9,1,0.2744479495268139,0.3201737070667193
imagenet_r,m4_proto,1,9,9,0,0.3114754098360656,0.3379991766158913
imagenet_r,m4_proto,2,0,0,0,0.35294117647058826,0.3847487001733102
imagenet_r,m4_proto,2,0,1,1,0.3217993079584775,0.36395147313691506
imagenet_r,m4_proto,2,0,2,2,0.2629757785467128,0.3214904679376083
imagenet_r,m4_proto,2,0,3,3,0.23529411764705882,0.29766031195840553
imagenet_r,m4_proto,2,0,4,4,0.22145328719723184,0.2738301559792028
imagenet_r,m4_proto,2,0,5,5,0.2179930795847751,0.2690641247833622
imagenet_r,m4_proto,2,0,6,6,0.21453287197231835,0.26603119584055457
imagenet_r,m4_proto,2,0,7,7,0.21453287197231835,0.2616984402079723
imagenet_r,m4_proto,2,0,8,8,0.20761245674740483,0.25606585788561526
imagenet_r,m4_proto,2,0,9,9,0.2041522491349481,0.24826689774696706
imagenet_r,m4_proto,2,1,1,0,0.3391003460207612,0.4177874186550976
imagenet_r,m4_proto,2,1,2,1,0.3079584775086505,0.3657266811279826
imagenet_r,m4_proto,2,1,3,2,0.29411764705882354,0.35704989154013017
imagenet_r,m4_proto,2,1,4,3,0.28027681660899656,0.351409978308026
imagenet_r,m4_proto,2,1,5,4,0.27335640138408307,0.3418655097613883
imagenet_r,m4_proto,2,1,6,5,0.27335640138408307,0.33796095444685464
imagenet_r,m4_proto,2,1,7,6,0.2698961937716263,0.3344902386117137
imagenet_r,m4_proto,2,1,8,7,0.2560553633217993,0.32277657266811277
imagenet_r,m4_proto,2,1,9,8,0.25259515570934254,0.3210412147505423
imagenet_r,m4_proto,2,2,2,0,0.42524916943521596,0.4389328887036265
imagenet_r,m4_proto,2,2,3,1,0.3853820598006645,0.4126719466444352
imagenet_r,m4_proto,2,2,4,2,0.3554817275747508,0.38432680283451437
imagenet_r,m4_proto,2,2,5,3,0.34219269102990035,0.3730721133805752
imagenet_r,m4_proto,2,2,6,4,0.33554817275747506,0.37015423092955396
imagenet_r,m4_proto,2,2,7,5,0.3222591362126246,0.3614005835764902
imagenet_r,m4_proto,2,2,8,6,0.30564784053156147,0.3484785327219675
imagenet_r,m4_proto,2,2,9,7,0.29900332225913623,0.342642767819925
imagenet_r,m4_proto,2,3,3,0,0.3482758620689655,0.3999137187230371
imagenet_r,m4_proto,2,3,4,1,0.32068965517241377,0.3826574633304573
imagenet_r,m4_proto,2,3,5,2,0.30689655172413793,0.3714408973252804
imagenet_r,m4_proto,2,3,6,3,0.30689655172413793,0.3654012079378775
imagenet_r,m4_proto,2,3,7,4,0.3,0.361518550474547
imagenet_r,m4_proto,2,3,8,5,0.3,0.3533218291630716
imagenet_r,m4_proto,2,3,9,6,0.296551724137931,0.3472821397756687
imagenet_r,m4_proto,2,4,4,0,0.2743055555555556,0.3054466230936819
imagenet_r,m4_proto,2,4,5,1,0.2743055555555556,0.29978213507625273
imagenet_r,m4_proto,2,4,6,2,0.2743055555555556,0.2954248366013072
imagenet_r,m4_proto,2,4,7,3,0.2673611111111111,0.28932461873638343
imagenet_r,m4_proto,2,4,8,4,0.2604166666666667,0.28104575163398693
imagenet_r,m4_proto,2,4,9,5,0.2604166666666667,0.2788671023965142
imagenet_r,m4_proto,2,5,5,0,0.3310344827586207,0.34799482535575677
imagenet_r,m4_proto,2,5,6,1,0.3275862068965517,0.3423889607589478
imagenet_r,m4_proto,2,5,7,2,0.31724137931034485,0.3303147908581285
imagenet_r,m4_proto,2,5,8,3,0.30344827586206896,0.32255282449331607
imagenet_r,m4_proto,2,5,9,4,0.3,0.31953428201811124
imagenet_r,m4_proto,2,6,6,0,0.24539877300613497,0.2578785549577248
imagenet_r,m4_proto,2,6,7,1,0.2392638036809816,0.25403535741737127
imagenet_r,m4_proto,2,6,8,2,0.22085889570552147,0.23597232897770945
imagenet_r,m4_proto,2,6,9,3,0.2147239263803681,0.23328209069946196
imagenet_r,m4_proto,2,7,7,0,0.345679012345679,0.3933795227097768
imagenet_r,m4_proto,2,7,8,1,0.3395061728395062,0.38645111624326406
imagenet_r,m4_proto,2,7,9,2,0.33024691358024694,0.3806774441878368
imagenet_r,m4_proto,2,8,8,0,0.3186119873817035,0.375
imagenet_r,m4_proto,2,8,9,1,0.2996845425867508,0.3418769716088328
imagenet_r,m4_proto,2,9,9,0,0.3464285714285714,0.33109919571045576
imagenet_r,m4_proto,3,0,0,0,0.5131195335276968,0.5427007299270074
imagenet_r,m4_proto,3,0,1,1,0.4518950437317784,0.4923357664233577
imagenet_r,m4_proto,3,0,2,2,0.4227405247813411,0.4448905109489051
imagenet_r,m4_proto,3,0,3,3,0.40524781341107874,0.41058394160583944
imagenet_r,m4_proto,3,0,4,4,0.3819241982507289,0.39927007299270073
imagenet_r,m4_proto,3,0,5,5,0.3556851311953353,0.38248175182481753
imagenet_r,m4_proto,3,0,6,6,0.34110787172011664,0.377007299270073
imagenet_r,m4_proto,3,0,7,7,0.3323615160349854,0.36678832116788324
imagenet_r,m4_proto,3,0,8,8,0.32653061224489793,0.354014598540146
imagenet_r,m4_proto,3,0,9,9,0.3206997084548105,0.34927007299270074
imagenet_r,m4_proto,3,1,1,0,0.3916349809885932,0.48172757475083056
imagenet_r,m4_proto,3,1,2,1,0.35361216730038025,0.44565733270052205
imagenet_r,m4_proto,3,1,3,2,0.33079847908745247,0.40863787375415284
imagenet_r,m4_proto,3,1,4,3,0.3269961977186312,0.3977218794494542
imagenet_r,m4_proto,3,1,5,4,0.3231939163498099,0.3849074513526341
imagenet_r,m4_proto,3,1,6,5,0.311787072243346,0.38158519221642145
imagenet_r,m4_proto,3,1,7,6,0.30038022813688214,0.3706691979117228
imagenet_r,m4_proto,3,1,8,7,0.2813688212927757,0.3540579022306597
imagenet_r,m4_proto,3,1,9,8,0.2737642585551331,0.3483626008542952
imagenet_r,m4_proto,3,2,2,0,0.4131147540983607,0.43866171003717475
imagenet_r,m4_proto,3,2,3,1,0.3836065573770492,0.40644361833952913
imagenet_r,m4_proto,3,2,4,2,0.3770491803278688,0.39735646427096244
imagenet_r,m4_proto,3,2,5,3,0.36065573770491804,0.3833126807104502
imagenet_r,m4_proto,3,2,6,4,0.3540983606557377,0.38042131350681535
imagenet_r,m4_proto,3,2,7,5,0.34098360655737703,0.37092110698058656
imagenet_r,m4_proto,3,2,8,6,0.32131147540983607,0.35150764147046676
imagenet_r,m4_proto,3,2,9,7,0.31475409836065577,0.34779016935150764
imagenet_r,m4_proto,3,3,3,0,0.43037974683544306,0.43898573692551507
imagenet_r,m4_proto,3,3,4,1,0.41455696202531644,0.4235340729001585
imagenet_r,m4_proto,3,3,5,2,0.3829113924050633,0.40729001584786056
imagenet_r,m4_proto,3,3,6,3,0.37658227848101267,0.393026941362916
imagenet_r,m4_proto,3,3,7,4,0.3639240506329114,0.3724247226624406
imagenet_r,m4_proto,3,3,8,5,0.35443037974683544,0.3526148969889065
imagenet_r,m4_proto,3,3,9,6,0.34810126582278483,0.3486529318541997
imagenet_r,m4_proto,3,4,4,0,0.31475409836065577,0.3593622240392477
imagenet_r,m4_proto,3,4,5,1,0.3081967213114754,0.34955028618152084
imagenet_r,m4_proto,3,4,6,2,0.3016393442622951,0.3409648405560098
imagenet_r,m4_proto,3,4,7,3,0.29180327868852457,0.32829108748977925
imagenet_r,m4_proto,3,4,8,4,0.24918032786885247,0.3017170891251022
imagenet_r,m4_proto,3,4,9,5,0.2459016393442623,0.29476696647587897
imagenet_r,m4_proto,3,5,5,0,0.3311897106109325,0.34261501210653755
imagenet_r,m4_proto,3,5,6,1,0.3279742765273312,0.33817594834543985
imagenet_r,m4_proto,3,5,7,2,0.3183279742765273,0.3301049233252623
imagenet_r,m4_proto,3,5,8,3,0.3183279742765273,0.3192090395480226
imagenet_r,m4_proto,3,5,9,4,0.3183279742765273,0.31759483454398707
imagenet_r,m4_proto,3,6,6,0,0.21863799283154123,0.31976744186046513
imagenet_r,m4_proto,3,6,7,1,0.2114695340501792,0.3041144901610018
imagenet_r,m4_proto,3,6,8,2,0.2078853046594982,0.29874776386404295
imagenet_r,m4_proto,3,6,9,3,0.2078853046594982,0.2947227191413238
imagenet_r,m4_proto,3,7,7,0,0.3261538461538461,0.36781165573137786
imagenet_r,m4_proto,3,7,8,1,0.31384615384615383,0.36125048243921265
imagenet_r,m4_proto,3,7,9,2,0.3046153846153846,0.35275955229641065
imagenet_r,m4_proto,3,8,8,0,0.45394736842105265,0.439719240297275
imagenet_r,m4_proto,3,8,9,1,0.4473684210526316,0.43724194880264244
imagenet_r,m4_proto,3,9,9,0,0.3497942386831276,0.38044034818228367
imagenet_r,m4_proto,4,0,0,0,0.4964788732394366,0.5368328187031319
imagenet_r,m4_proto,4,0,1,1,0.45774647887323944,0.49801499779444197
imagenet_r,m4_proto,4,0,2,2,0.397887323943662,0.466696074106749
imagenet_r,m4_proto,4,0,3,3,0.38028169014084506,0.44596382884869873
imagenet_r,m4_proto,4,0,4,4,0.38028169014084506,0.4349360388178209
imagenet_r,m4_proto,4,0,5,5,0.36971830985915494,0.4190560211733569
imagenet_r,m4_proto,4,0,6,6,0.3626760563380282,0.41243934715483016
imagenet_r,m4_proto,4,0,7,7,0.3485915492957746,0.3886193206881341
imagenet_r,m4_proto,4,0,8,8,0.3485915492957746,0.3846493162770181
imagenet_r,m4_proto,4,0,9,9,0.34507042253521125,0.37891486546096165
imagenet_r,m4_proto,4,1,1,0,0.3888888888888889,0.3883720930232558
imagenet_r,m4_proto,4,1,2,1,0.37037037037037035,0.3798449612403101
imagenet_r,m4_proto,4,1,3,2,0.3611111111111111,0.3670542635658915
imagenet_r,m4_proto,4,1,4,3,0.35802469135802467,0.363953488372093
imagenet_r,m4_proto,4,1,5,4,0.35185185185185186,0.3484496124031008
imagenet_r,m4_proto,4,1,6,5,0.3117283950617284,0.3178294573643411
imagenet_r,m4_proto,4,1,7,6,0.2993827160493827,0.3081395348837209
imagenet_r,m4_proto,4,1,8,7,0.28703703703703703,0.30116279069767443
imagenet_r,m4_proto,4,1,9,8,0.2808641975308642,0.2988372093023256
imagenet_r,m4_proto,4,2,2,0,0.3793103448275862,0.3908344141807177
imagenet_r,m4_proto,4,2,3,1,0.3482758620689655,0.3674881106787722
imagenet_r,m4_proto,4,2,4,2,0.31724137931034485,0.353220925205361
imagenet_r,m4_proto,4,2,5,3,0.29310344827586204,0.33117163856463466
imagenet_r,m4_proto,4,2,6,4,0.28620689655172415,0.32511889321227844
imagenet_r,m4_proto,4,2,7,5,0.2827586206896552,0.3143104193687851
imagenet_r,m4_proto,4,2,8,6,0.2793103448275862,0.3125810635538262
imagenet_r,m4_proto,4,2,9,7,0.2689655172413793,0.3030696065715521
imagenet_r,m4_proto,4,3,3,0,0.2555205047318612,0.2994483845547675
imagenet_r,m4_proto,4,3,4,1,0.24921135646687698,0.2899921197793538
imagenet_r,m4_proto,4,3,5,2,0.24290220820189273,0.27344365642237983
imagenet_r,m4_proto,4,3,6,3,0.22082018927444794,0.264381402679275
imagenet_r,m4_proto,4,3,7,4,0.2113564668769716,0.24783293932230102
imagenet_r,m4_proto,4,3,8,5,0.2113564668769716,0.2454688731284476
imagenet_r,m4_proto,4,3,9,6,0.2082018927444795,0.23837667454688732
imagenet_r,m4_proto,4,4,4,0,0.23127035830618892,0.30156121610517667
imagenet_r,m4_proto,4,4,5,1,0.2247557003257329,0.2953985209531635
imagenet_r,m4_proto,4,4,6,2,0.22149837133550487,0.29046836483155297
imagenet_r,m4_proto,4,4,7,3,0.2182410423452769,0.2789646672144618
imagenet_r,m4_proto,4,4,8,4,0.1986970684039088,0.2682826622843057
imagenet_r,m4_proto,4,4,9,5,0.19543973941368079,0.26622843056696793
imagenet_r,m4_proto,4,5,5,0,0.36200716845878134,0.3727598566308244
imagenet_r,m4_proto,4,5,6,1,0.3548387096774194,0.3624551971326165
imagenet_r,m4_proto,4,5,7,2,0.34767025089605735,0.35528673835125446
imagenet_r,m4_proto,4,5,8,3,0.34767025089605735,0.3517025089605735
imagenet_r,m4_proto,4,5,9,4,0.34408602150537637,0.3431899641577061
imagenet_r,m4_proto,4,6,6,0,0.22818791946308725,0.27352572145545795
imagenet_r,m4_proto,4,6,7,1,0.2181208053691275,0.26265161020493516
imagenet_r,m4_proto,4,6,8,2,0.19798657718120805,0.25177749895441237
imagenet_r,m4_proto,4,6,9,3,0.1912751677852349,0.24884985361773318
imagenet_r,m4_proto,4,7,7,0,0.36996336996337,0.43091655266757867
imagenet_r,m4_proto,4,7,8,1,0.3626373626373626,0.426812585499316
imagenet_r,m4_proto,4,7,9,2,0.3553113553113553,0.416780665754674
imagenet_r,m4_proto,4,8,8,0,0.23841059602649006,0.30294239535847495
imagenet_r,m4_proto,4,8,9,1,0.23509933774834438,0.30128470783257355
imagenet_r,m4_proto,4,9,9,0,0.390625,0.36292530308955806
imagenet_r,m5_hybrid_replay,0,0,0,0,0.7344827586206897,0.7876949740034662
imagenet_r,m5_hybrid_replay,0,0,1,1,0.7344827586206897,0.798526863084922
imagenet_r,m5_hybrid_replay,0,0,2,2,0.7344827586206897,0.8110918544194108
imagenet_r,m5_hybrid_replay,0,0,3,3,0.7241379310344828,0.817157712305026
imagenet_r,m5_hybrid_replay,0,0,4,4,0.7206896551724138,0.8201906412478336
imagenet_r,m5_hybrid_replay,0,0,5,5,0.6862068965517242,0.8128249566724437
imagenet_r,m5_hybrid_replay,0,0,6,6,0.6827586206896552,0.8045927209705372
imagenet_r,m5_hybrid_replay,0,0,7,7,0.6724137931034483,0.7894280762564991
imagenet_r,m5_hybrid_replay,0,0,8,8,0.6724137931034483,0.7933275563258232
imagenet_r,m5_hybrid_replay,0,0,9,9,0.6793103448275862,0.804159445407279
imagenet_r,m5_hybrid_replay,0,1,1,0,0.5898305084745763,0.6709021601016518
imagenet_r,m5_hybrid_replay,0,1,2,1,0.6305084745762712,0.7721304531977975
imagenet_r,m5_hybrid_replay,0,1,3,2,0.6271186440677966,0.7780601440067768
imagenet_r,m5_hybrid_replay,0,1,4,3,0.6237288135593221,0.7869546802202456
imagenet_r,m5_hybrid_replay,0,1,5,4,0.6305084745762712,0.7983905124947056
imagenet_r,m5_hybrid_replay,0,1,6,5,0.6338983050847458,0.8064379500211775
imagenet_r,m5_hybrid_replay,0,1,7,6,0.6237288135593221,0.8005082592121983
imagenet_r,m5_hybrid_replay,0,1,8,7,0.6237288135593221,0.8000847098686997
imagenet_r,m5_hybrid_replay,0,1,9,8,0.6033898305084746,0.795425667090216
imagenet_r,m5_hybrid_replay,0,2,2,0,0.5563380281690141,0.5954565312363478
imagenet_r,m5_hybrid_replay,0,2,3,1,0.6830985915492958,0.7435561380515509
imagenet_r,m5_hybrid_replay,0,2,4,2,0.7359154929577465,0.7675840978593272
imagenet_r,m5_hybrid_replay,0,2,5,3,0.721830985915493,0.7728265618173875
imagenet_r,m5_hybrid_replay,0,2,6,4,0.7147887323943662,0.7693315858453473
imagenet_r,m5_hybrid_replay,0,2,7,5,0.7077464788732394,0.781564001747488
imagenet_r,m5_hybrid_replay,0,2,8,6,0.6971830985915493,0.7833114897335081
imagenet_r,m5_hybrid_replay,0,2,9,7,0.6936619718309859,0.7907383136740935
imagenet_r,m5_hybrid_replay,0,3,3,0,0.5084745762711864,0.5759493670886076
imagenet_r,m5_hybrid_replay,0,3,4,1,0.6779661016949152,0.7578059071729958
imagenet_r,m5_hybrid_replay,0,3,5,2,0.6847457627118644,0.7873417721518987
imagenet_r,m5_hybrid_replay,0,3,6,3,0.7016949152542373,0.8164556962025317
imagenet_r,m5_hybrid_replay,0,3,7,4,0.6915254237288135,0.8278481012658228
imagenet_r,m5_hybrid_replay,0,3,8,5,0.6644067796610169,0.8164556962025317
imagenet_r,m5_hybrid_replay,0,3,9,6,0.6779661016949152,0.8185654008438819
imagenet_r,m5_hybrid_replay,0,4,4,0,0.3954248366013072,0.48586644817697666
imagenet_r,m5_hybrid_replay,0,4,5,1,0.5424836601307189,0.6636624334289226
imagenet_r,m5_hybrid_replay,0,4,6,2,0.5947712418300654,0.7128226136829169
imagenet_r,m5_hybrid_replay,0,4,7,3,0.5915032679738562,0.7304383449405981
imagenet_r,m5_hybrid_replay,0,4,8,4,0.5915032679738562,0.7394510446538304
imagenet_r,m5_hybrid_replay,0,4,9,5,0.5947712418300654,0.740270380991397
imagenet_r,m5_hybrid_replay,0,5,5,0,0.60062893081761,0.5988989382618954
imagenet_r,m5_hybrid_replay,0,5,6,1,0.6886792452830188,0.7440031458906803
imagenet_r,m5_hybrid_replay,0,5,7,2,0.7295597484276729,0.7911915060951632
imagenet_r,m5_hybrid_replay,0,5,8,3,0.7389937106918238,0.7990562327959103
imagenet_r,m5_hybrid_replay,0,5,9,4,0.7452830188679245,0.8187180495477782
imagenet_r,m5_hybrid_replay,0,6,6,0,0.5068027210884354,0.5431255337318531
imagenet_r,m5_hybrid_replay,0,6,7,1,0.6632653061224489,0.7122117847993168
imagenet_r,m5_hybrid_replay,0,6,8,2,0.6870748299319728,0.746797608881298
imagenet_r,m5_hybrid_replay,0,6,9,3,0.6700680272108843,0.762596071733561
imagenet_r,m5_hybrid_replay,0,7,7,0,0.3870967741935484,0.40974729241877256
imagenet_r,m5_hybrid_replay,0,7,8,1,0.5268817204301075,0.6308664259927798
imagenet_r,m5_hybrid_replay,0,7,9,2,0.6200716845878136,0.7364620938628159
imagenet_r,m5_hybrid_replay,0,8,8,0,0.3888888888888889,0.45044052863436124
imagenet_r,m5_hybrid_replay,0,8,9,1,0.5087719298245614,0.5693832599118943
imagenet_r,m5_hybrid_replay,0,9,9,0,0.35738831615120276,0.39759036144578314
imagenet_r,m5_hybrid_replay,1,0,0,0,0.7370242214532872,0.7608131487889274
imagenet_r,m5_hybrid_replay,1,0,1,1,0.6851211072664359,0.7530276816608996
imagenet_r,m5_hybrid_replay,1,0,2,2,0.7647058823529411,0.8304498269896193
imagenet_r,m5_hybrid_replay,1,0,3,3,0.7820069204152249,0.8490484429065744
imagenet_r,m5_hybrid_replay,1,0,4,4,0.7750865051903114,0.8369377162629758
imagenet_r,m5_hybrid_replay,1,0,5,5,0.7508650519031141,0.842128027681661
imagenet_r,m5_hybrid_replay,1,0,6,6,0.7335640138408305,0.8356401384083045
imagenet_r,m5_hybrid_replay,1,0,7,7,0.7197231833910035,0.8282871972318339
imagenet_r,m5_hybrid_replay,1,0,8,8,0.7231833910034602,0.8343425605536332
imagenet_r,m5_hybrid_replay,1,0,9,9,0.7024221453287197,0.828719723183391
imagenet_r,m5_hybrid_replay,1,1,1,0,0.6391184573002755,0.682589131187262
imagenet_r,m5_hybrid_replay,1,1,2,1,0.696969696969697,0.7795084804430599
imagenet_r,m5_hybrid_replay,1,1,3,2,0.6446280991735537,0.7448944271374178
imagenet_r,m5_hybrid_replay,1,1,4,3,0.6776859504132231,0.7684319833852544
imagenet_r,m5_hybrid_replay,1,1,5,4,0.6721763085399449,0.7712011076497057
imagenet_r,m5_hybrid_replay,1,1,6,5,0.6749311294765841,0.7556247836621668
imagenet_r,m5_hybrid_replay,1,1,7,6,0.6584022038567493,0.7535479404638283
imagenet_r,m5_hybrid_replay,1,1,8,7,0.6556473829201102,0.7608168916580131
imagenet_r,m5_hybrid_replay,1,1,9,8,0.6253443526170799,0.745932848736587
imagenet_r,m5_hybrid_replay,1,2,2,0,0.5773584905660377,0.6103710751665081
imagenet_r,m5_hybrid_replay,1,2,3,1,0.6716981132075471,0.7578496669838249
imagenet_r,m5_hybrid_replay,1,2,4,2,0.720754716981132,0.7792578496669839
imagenet_r,m5_hybrid_replay,1,2,5,3,0.6792452830188679,0.7854424357754519
imagenet_r,m5_hybrid_replay,1,2,6,4,0.6867924528301886,0.7944814462416746
imagenet_r,m5_hybrid_replay,1,2,7,5,0.6830188679245283,0.8063748810656518
imagenet_r,m5_hybrid_replay,1,2,8,6,0.6754716981132075,0.8044719314938155
imagenet_r,m5_hybrid_replay,1,2,9,7,0.6830188679245283,0.8092293054234063
imagenet_r,m5_hybrid_replay,1,3,3,0,0.4984984984984985,0.5770381451009723
imagenet_r,m5_hybrid_replay,1,3,4,1,0.6276276276276276,0.7356020942408377
imagenet_r,m5_hybrid_replay,1,3,5,2,0.6696696696696697,0.7640239341810022
imagenet_r,m5_hybrid_replay,1,3,6,3,0.6666666666666666,0.7774869109947644
imagenet_r,m5_hybrid_replay,1,3,7,4,0.6726726726726727,0.7860882572924458
imagenet_r,m5_hybrid_replay,1,3,8,5,0.6576576576576577,0.7707554225878833
imagenet_r,m5_hybrid_replay,1,3,9,6,0.6426426426426426,0.774869109947644
imagenet_r,m5_hybrid_replay,1,4,4,0,0.4067796610169492,0.5356576862123613
imagenet_r,m5_hybrid_replay,1,4,5,1,0.6059322033898306,0.7147385103011094
imagenet_r,m5_hybrid_replay,1,4,6,2,0.6271186440677966,0.7591125198098256
imagenet_r,m5_hybrid_replay,1,4,7,3,0.6313559322033898,0.7781299524564184
imagenet_r,m5_hybrid_replay,1,4,8,4,0.635593220338983,0.7886951928156366
imagenet_r,m5_hybrid_replay,1,4,9,5,0.6440677966101694,0.8098256735340729
imagenet_r,m5_hybrid_replay,1,5,5,0,0.4953560371517028,0.5488983378430614
imagenet_r,m5_hybrid_replay,1,5,6,1,0.631578947368421,0.7236180904522613
imagenet_r,m5_hybrid_replay,1,5,7,2,0.6656346749226006,0.742945496714341
imagenet_r,m5_hybrid_replay,1,5,8,3,0.6625386996904025,0.7557015848473135
imagenet_r,m5_hybrid_replay,1,5,9,4,0.6656346749226006,0.7572477773482799
imagenet_r,m5_hybrid_replay,1,6,6,0,0.4180602006688963,0.5075062552126772
imagenet_r,m5_hybrid_replay,1,6,7,1,0.5451505016722408,0.682652210175146
imagenet_r,m5_hybrid_replay,1,6,8,2,0.5785953177257525,0.7281067556296914
imagenet_r,m5_hybrid_replay,1,6,9,3,0.6020066889632107,0.7531276063386155
imagenet_r,m5_hybrid_replay,1,7,7,0,0.42045454545454547,0.4255116611137554
imagenet_r,m5_hybrid_replay,1,7,8,1,0.6136363636363636,0.6606377915278439
imagenet_r,m5_hybrid_replay,1,7,9,2,0.6439393939393939,0.737743931461209
imagenet_r,m5_hybrid_replay,1,8,8,0,0.41324921135646686,0.4504540071061982
imagenet_r,m5_hybrid_replay,1,8,9,1,0.5772870662460567,0.6269245953414923
imagenet_r,m5_hybrid_replay,1,9,9,0,0.34098360655737703,0.3688760806916426
imagenet_r,m5_hybrid_replay,2,0,0,0,0.7335640138408305,0.7842287694974004
imagenet_r,m5_hybrid_replay,2,0,1,1,0.698961937716263,0.7716637781629117
imagenet_r,m5_hybrid_replay,2,0,2,2,0.7231833910034602,0.8236568457538995
imagenet_r,m5_hybrid_replay,2,0,3,3,0.7474048442906575,0.837521663778163
imagenet_r,m5_hybrid_replay,2,0,4,4,0.7231833910034602,0.8388214904679376
imagenet_r,m5_hybrid_replay,2,0,5,5,0.7197231833910035,0.8409878682842288
imagenet_r,m5_hybrid_replay,2,0,6,6,0.7024221453287197,0.8427209705372617
imagenet_r,m5_hybrid_replay,2,0,7,7,0.6955017301038062,0.8431542461005199
imagenet_r,m5_hybrid_replay,2,0,8,8,0.6816608996539792,0.8431542461005199
imagenet_r,m5_hybrid_replay,2,0,9,9,0.6643598615916955,0.8427209705372617
imagenet_r,m5_hybrid_replay,2,1,1,0,0.6089965397923875,0.6785249457700651
imagenet_r,m5_hybrid_replay,2,1,2,1,0.6955017301038062,0.824295010845987
imagenet_r,m5_hybrid_replay,2,1,3,2,0.6747404844290658,0.7822125813449023
imagenet_r,m5_hybrid_replay,2,1,4,3,0.7024221453287197,0.8169197396963124
imagenet_r,m5_hybrid_replay,2,1,5,4,0.6920415224913494,0.8212581344902387
imagenet_r,m5_hybrid_replay,2,1,6,5,0.6851211072664359,0.8203904555314534
imagenet_r,m5_hybrid_replay,2,1,7,6,0.671280276816609,0.8078091106290672
imagenet_r,m5_hybrid_replay,2,1,8,7,0.6608996539792388,0.8043383947939262
imagenet_r,m5_hybrid_replay,2,1,9,8,0.657439446366782,0.8082429501084599
imagenet_r,m5_hybrid_replay,2,2,2,0,0.574750830564784,0.634014172571905
imagenet_r,m5_hybrid_replay,2,2,3,1,0.6843853820598007,0.7707378074197583
imagenet_r,m5_hybrid_replay,2,2,4,2,0.6943521594684385,0.799499791579825
imagenet_r,m5_hybrid_replay,2,2,5,3,0.6910299003322259,0.7903293038766153
imagenet_r,m5_hybrid_replay,2,2,6,4,0.7009966777408638,0.8090871196331805
imagenet_r,m5_hybrid_replay,2,2,7,5,0.6810631229235881,0.8011671529804085
imagenet_r,m5_hybrid_replay,2,2,8,6,0.6810631229235881,0.7999166319299709
imagenet_r,m5_hybrid_replay,2,2,9,7,0.6877076411960132,0.807002917882451
imagenet_r,m5_hybrid_replay,2,3,3,0,0.5344827586206896,0.5763589301121657
imagenet_r,m5_hybrid_replay,2,3,4,1,0.6586206896551724,0.7420189818809318
imagenet_r,m5_hybrid_replay,2,3,5,2,0.6517241379310345,0.7450388265746333
imagenet_r,m5_hybrid_replay,2,3,6,3,0.6517241379310345,0.7540983606557377
imagenet_r,m5_hybrid_replay,2,3,7,4,0.6655172413793103,0.7761000862812769
imagenet_r,m5_hybrid_replay,2,3,8,5,0.6689655172413793,0.7756686798964625
imagenet_r,m5_hybrid_replay,2,3,9,6,0.6620689655172414,0.7773943054357204
imagenet_r,m5_hybrid_replay,2,4,4,0,0.3854166666666667,0.41873638344226577
imagenet_r,m5_hybrid_replay,2,4,5,1,0.5451388888888888,0.6405228758169934
imagenet_r,m5_hybrid_replay,2,4,6,2,0.59375,0.6949891067538126
imagenet_r,m5_hybrid_replay,2,4,7,3,0.6006944444444444,0.7071895424836602
imagenet_r,m5_hybrid_replay,2,4,8,4,0.625,0.7350762527233116
imagenet_r,m5_hybrid_replay,2,4,9,5,0.6458333333333334,0.7546840958605664
imagenet_r,m5_hybrid_replay,2,5,5,0,0.5172413793103449,0.5459249676584734
imagenet_r,m5_hybrid_replay,2,5,6,1,0.6344827586206897,0.6895213454075032
imagenet_r,m5_hybrid_replay,2,5,7,2,0.6655172413793103,0.7322121604139715
imagenet_r,m5_hybrid_replay,2,5,8,3,0.6793103448275862,0.7658473479948253
imagenet_r,m5_hybrid_replay,2,5,9,4,0.6862068965517242,0.7654161276412247
imagenet_r,m5_hybrid_replay,2,6,6,0,0.5122699386503068,0.5603382013835511
imagenet_r,m5_hybrid_replay,2,6,7,1,0.6625766871165644,0.7190622598001537
imagenet_r,m5_hybrid_replay,2,6,8,2,0.7055214723926381,0.7551883166794773
imagenet_r,m5_hybrid_replay,2,6,9,3,0.7208588957055214,0.776325903151422
imagenet_r,m5_hybrid_replay,2,7,7,0,0.46296296296296297,0.50846805234796
imagenet_r,m5_hybrid_replay,2,7,8,1,0.5802469135802469,0.6635873749037722
imagenet_r,m5_hybrid_replay,2,7,9,2,0.654320987654321,0.7359507313317937
imagenet_r,m5_hybrid_replay,2,8,8,0,0.35331230283911674,0.40654574132492116
imagenet_r,m5_hybrid_replay,2,8,9,1,0.501577287066246,0.6001577287066246
imagenet_r,m5_hybrid_replay,2,9,9,0,0.3678571428571429,0.3958891867739053
imagenet_r,m5_hybrid_replay,3,0,0,0,0.7463556851311953,0.7905109489051095
imagenet_r,m5_hybrid_replay,3,0,1,1,0.8075801749271136,0.8328467153284671
imagenet_r,m5_hybrid_replay,3,0,2,2,0.7405247813411079,0.7886861313868613
imagenet_r,m5_hybrid_replay,3,0,3,3,0.7696793002915452,0.8208029197080292
imagenet_r,m5_hybrid_replay,3,0,4,4,0.7813411078717201,0.8401459854014599
imagenet_r,m5_hybrid_replay,3,0,5,5,0.7376093294460642,0.82007299270073
imagenet_r,m5_hybrid_replay,3,0,6,6,0.7405247813411079,0.8138686131386861
imagenet_r,m5_hybrid_replay,3,0,7,7,0.717201166180758,0.8098540145985401
imagenet_r,m5_hybrid_replay,3,0,8,8,0.6938775510204082,0.7992700729927007
imagenet_r,m5_hybrid_replay,3,0,9,9,0.6909620991253644,0.7974452554744526
imagenet_r,m5_hybrid_replay,3,1,1,0,0.5741444866920152,0.6459420977693403
imagenet_r,m5_hybrid_replay,3,1,2,1,0.7034220532319392,0.8485999050783104
imagenet_r,m5_hybrid_replay,3,1,3,2,0.7262357414448669,0.8533459895586142
imagenet_r,m5_hybrid_replay,3,1,4,3,0.714828897338403,0.8704318936877077
imagenet_r,m5_hybrid_replay,3,1,5,4,0.6996197718631179,0.8623635500711913
imagenet_r,m5_hybrid_replay,3,1,6,5,0.7034220532319392,0.851922164214523
imagenet_r,m5_hybrid_replay,3,1,7,6,0.6730038022813688,0.8471760797342193
imagenet_r,m5_hybrid_replay,3,1,8,7,0.6768060836501901,0.8561936402467963
imagenet_r,m5_hybrid_replay,3,1,9,8,0.6692015209125475,0.8566682486948267
imagenet_r,m5_hybrid_replay,3,2,2,0,0.5377049180327869,0.6323833126807105
imagenet_r,m5_hybrid_replay,3,2,3,1,0.6786885245901639,0.7773647253201157
imagenet_r,m5_hybrid_replay,3,2,4,2,0.6491803278688525,0.7691036761668731
imagenet_r,m5_hybrid_replay,3,2,5,3,0.6622950819672131,0.7901693515076414
imagenet_r,m5_hybrid_replay,3,2,6,4,0.6557377049180327,0.7984304006608839
imagenet_r,m5_hybrid_replay,3,2,7,5,0.6557377049180327,0.8009087154068567
imagenet_r,m5_hybrid_replay,3,2,8,6,0.659016393442623,0.7976042957455597
imagenet_r,m5_hybrid_replay,3,2,9,7,0.659016393442623,0.8133002891367204
imagenet_r,m5_hybrid_replay,3,3,3,0,0.4620253164556962,0.4869255150554675
imagenet_r,m5_hybrid_replay,3,3,4,1,0.6265822784810127,0.6996830427892234
imagenet_r,m5_hybrid_replay,3,3,5,2,0.6740506329113924,0.7416798732171157
imagenet_r,m5_hybrid_replay,3,3,6,3,0.680379746835443,0.7408874801901744
imagenet_r,m5_hybrid_replay,3,3,7,4,0.6645569620253164,0.7230586370839936
imagenet_r,m5_hybrid_replay,3,3,8,5,0.6645569620253164,0.7452456418383518
imagenet_r,m5_hybrid_replay,3,3,9,6,0.6708860759493671,0.7432646592709984
imagenet_r,m5_hybrid_replay,3,4,4,0,0.49836065573770494,0.5834014717906787
imagenet_r,m5_hybrid_replay,3,4,5,1,0.6360655737704918,0.7371218315617334
imagenet_r,m5_hybrid_replay,3,4,6,2,0.6622950819672131,0.7730989370400654
imagenet_r,m5_hybrid_replay,3,4,7,3,0.6491803278688525,0.7865903515944399
imagenet_r,m5_hybrid_replay,3,4,8,4,0.6327868852459017,0.7780049059689289
imagenet_r,m5_hybrid_replay,3,4,9,5,0.6557377049180327,0.7939493049877351
imagenet_r,m5_hybrid_replay,3,5,5,0,0.42443729903536975,0.4665052461662631
imagenet_r,m5_hybrid_replay,3,5,6,1,0.5530546623794212,0.6263115415657788
imagenet_r,m5_hybrid_replay,3,5,7,2,0.6302250803858521,0.7122679580306699
imagenet_r,m5_hybrid_replay,3,5,8,3,0.6270096463022508,0.7364810330912026
imagenet_r,m5_hybrid_replay,3,5,9,4,0.6463022508038585,0.7639225181598063
imagenet_r,m5_hybrid_replay,3,6,6,0,0.3978494623655914,0.4727191413237925
imagenet_r,m5_hybrid_replay,3,6,7,1,0.5591397849462365,0.6753130590339893
imagenet_r,m5_hybrid_replay,3,6,8,2,0.6093189964157706,0.7267441860465116
imagenet_r,m5_hybrid_replay,3,6,9,3,0.6129032258064516,0.7540250447227191
imagenet_r,m5_hybrid_replay,3,7,7,0,0.4646153846153846,0.5210343496719413
imagenet_r,m5_hybrid_replay,3,7,8,1,0.5753846153846154,0.6630644538788113
imagenet_r,m5_hybrid_replay,3,7,9,2,0.6215384615384615,0.713624083365496
imagenet_r,m5_hybrid_replay,3,8,8,0,0.40789473684210525,0.4607762180016515
imagenet_r,m5_hybrid_replay,3,8,9,1,0.5625,0.6544178364987614
imagenet_r,m5_hybrid_replay,3,9,9,0,0.3868312757201646,0.4039938556067588
imagenet_r,m5_hybrid_replay,4,0,0,0,0.6971830985915493,0.7401852668725187
imagenet_r,m5_hybrid_replay,4,0,1,1,0.6373239436619719,0.733568592853992
imagenet_r,m5_hybrid_replay,4,0,2,2,0.6725352112676056,0.788266431407146
imagenet_r,m5_hybrid_replay,4,0,3,3,0.6901408450704225,0.8363475959417732
imagenet_r,m5_hybrid_replay,4,0,4,4,0.676056338028169,0.8363475959417732
imagenet_r,m5_hybrid_replay,4,0,5,5,0.6584507042253521,0.8341420379355977
imagenet_r,m5_hybrid_replay,4,0,6,6,0.6514084507042254,0.8085575650639611
imagenet_r,m5_hybrid_replay,4,0,7,7,0.6549295774647887,0.812086457873842
imagenet_r,m5_hybrid_replay,4,0,8,8,0.6443661971830986,0.8200264666960742
imagenet_r,m5_hybrid_replay,4,0,9,9,0.6408450704225352,0.8151742390824879
imagenet_r,m5_hybrid_replay,4,1,1,0,0.6635802469135802,0.6841085271317829
imagenet_r,m5_hybrid_replay,4,1,2,1,0.8240740740740741,0.8348837209302326
imagenet_r,m5_hybrid_replay,4,1,3,2,0.7932098765432098,0.8310077519379845
imagenet_r,m5_hybrid_replay,4,1,4,3,0.7561728395061729,0.8255813953488372
imagenet_r,m5_hybrid_replay,4,1,5,4,0.7685185185185185,0.8213178294573643
imagenet_r,m5_hybrid_replay,4,1,6,5,0.75,0.8124031007751938
imagenet_r,m5_hybrid_replay,4,1,7,6,0.7314814814814815,0.8143410852713179
imagenet_r,m5_hybrid_replay,4,1,8,7,0.7283950617283951,0.8085271317829458
imagenet_r,m5_hybrid_replay,4,1,9,8,0.7191358024691358,0.8089147286821705
imagenet_r,m5_hybrid_replay,4,2,2,0,0.5551724137931034,0.5979247730220493
imagenet_r,m5_hybrid_replay,4,2,3,1,0.6724137931034483,0.7328145265888456
imagenet_r,m5_hybrid_replay,4,2,4,2,0.6827586206896552,0.7635105923043666
imagenet_r,m5_hybrid_replay,4,2,5,3,0.6827586206896552,0.7639429312581063
imagenet_r,m5_hybrid_replay,4,2,6,4,0.7103448275862069,0.795071335927367
imagenet_r,m5_hybrid_replay,4,2,7,5,0.696551724137931,0.7929096411586684
imagenet_r,m5_hybrid_replay,4,2,8,6,0.6931034482758621,0.7976653696498055
imagenet_r,m5_hybrid_replay,4,2,9,7,0.6896551724137931,0.7968006917423259
imagenet_r,m5_hybrid_replay,4,3,3,0,0.48580441640378547,0.5717100078802206
imagenet_r,m5_hybrid_replay,4,3,4,1,0.6782334384858044,0.7403467297084318
imagenet_r,m5_hybrid_replay,4,3,5,2,0.7034700315457413,0.7789598108747045
imagenet_r,m5_hybrid_replay,4,3,6,3,0.694006309148265,0.7864460204885737
imagenet_r,m5_hybrid_replay,4,3,7,4,0.6529968454258676,0.7691095350669819
imagenet_r,m5_hybrid_replay,4,3,8,5,0.6876971608832808,0.7825059101654847
imagenet_r,m5_hybrid_replay,4,3,9,6,0.6782334384858044,0.8014184397163121
imagenet_r,m5_hybrid_replay,4,4,4,0,0.49185667752442996,0.5164338537387018
imagenet_r,m5_hybrid_replay,4,4,5,1,0.6286644951140065,0.6939194741166803
imagenet_r,m5_hybrid_replay,4,4,6,2,0.6612377850162866,0.7432210353327855
imagenet_r,m5_hybrid_replay,4,4,7,3,0.6482084690553745,0.7506162695152013
imagenet_r,m5_hybrid_replay,4,4,8,4,0.6482084690553745,0.7534921939194741
imagenet_r,m5_hybrid_replay,4,4,9,5,0.6612377850162866,0.7645850451930978
imagenet_r,m5_hybrid_replay,4,5,5,0,0.4265232974910394,0.48163082437275984
imagenet_r,m5_hybrid_replay,4,5,6,1,0.5555555555555556,0.6612903225806451
imagenet_r,m5_hybrid_replay,4,5,7,2,0.6272401433691757,0.7172939068100358
imagenet_r,m5_hybrid_replay,4,5,8,3,0.6200716845878136,0.7195340501792115
imagenet_r,m5_hybrid_replay,4,5,9,4,0.6272401433691757,0.732078853046595
imagenet_r,m5_hybrid_replay,4,6,6,0,0.37583892617449666,0.45420326223337515
imagenet_r,m5_hybrid_replay,4,6,7,1,0.5268456375838926,0.6348808030112923
imagenet_r,m5_hybrid_replay,4,6,8,2,0.5469798657718121,0.6654119615223756
imagenet_r,m5_hybrid_replay,4,6,9,3,0.5704697986577181,0.6900878293601004
imagenet_r,m5_hybrid_replay,4,7,7,0,0.3992673992673993,0.4742362061103511
imagenet_r,m5_hybrid_replay,4,7,8,1,0.5347985347985348,0.662562699498404
imagenet_r,m5_hybrid_replay,4,7,9,2,0.5934065934065934,0.7332421340629275
imagenet_r,m5_hybrid_replay,4,8,8,0,0.3675496688741722,0.4537919602154994
imagenet_r,m5_hybrid_replay,4,8,9,1,0.5198675496688742,0.6481558226274348
imagenet_r,m5_hybrid_replay,4,9,9,0,0.43125,0.44661712944857257
imagenet_r,m8_analytic,0,0,0,0,0.7931034482758621,0.9878682842287695
imagenet_r,m8_analytic,0,0,1,1,0.7482758620689656,0.9432409012131716
imagenet_r,m8_analytic,0,0,2,2,0.7,0.895580589254766
imagenet_r,m8_analytic,0,0,3,3,0.6724137931034483,0.8548526863084922
imagenet_r,m8_analytic,0,0,4,4,0.6586206896551724,0.8106585788561526
imagenet_r,m8_analytic,0,0,5,5,0.6137931034482759,0.7785961871750433
imagenet_r,m8_analytic,0,0,6,6,0.6,0.7508665511265165
imagenet_r,m8_analytic,0,0,7,7,0.6,0.729636048526863
imagenet_r,m8_analytic,0,0,8,8,0.5862068965517241,0.7053726169844021
imagenet_r,m8_analytic,0,0,9,9,0.5758620689655173,0.6910745233968805
imagenet_r,m8_analytic,0,1,1,0,0.7322033898305085,0.9453621346886912
imagenet_r,m8_analytic,0,1,2,1,0.7152542372881356,0.9030072003388395
imagenet_r,m8_analytic,0,1,3,2,0.6576271186440678,0.8479457856840322
imagenet_r,m8_analytic,0,1,4,3,0.6372881355932203,0.8051673019906819
imagenet_r,m8_analytic,0,1,5,4,0.6135593220338983,0.7767894959762812
imagenet_r,m8_analytic,0,1,6,5,0.6067796610169491,0.7518000847098687
imagenet_r,m8_analytic,0,1,7,6,0.5864406779661017,0.7361287590004235
imagenet_r,m8_analytic,0,1,8,7,0.576271186440678,0.7064803049555273
imagenet_r,m8_analytic,0,1,9,8,0.559322033898305,0.6937738246505718
imagenet_r,m8_analytic,0,2,2,0,0.7394366197183099,0.8964613368283093
imagenet_r,m8_analytic,0,2,3,1,0.7183098591549296,0.8593272171253823
imagenet_r,m8_analytic,0,2,4,2,0.7147887323943662,0.8256880733944955
imagenet_r,m8_analytic,0,2,5,3,0.6654929577464789,0.7981651376146789
imagenet_r,m8_analytic,0,2,6,4,0.6654929577464789,0.7767584097859327
imagenet_r,m8_analytic,0,2,7,5,0.6267605633802817,0.7422455220620359
imagenet_r,m8_analytic,0,2,8,6,0.6197183098591549,0.7269550021843599
imagenet_r,m8_analytic,0,2,9,7,0.6126760563380281,0.7112276103101791
imagenet_r,m8_analytic,0,3,3,0,0.7966101694915254,0.8995780590717299
imagenet_r,m8_analytic,0,3,4,1,0.7796610169491526,0.8725738396624473
imagenet_r,m8_analytic,0,3,5,2,0.7423728813559322,0.8455696202531645
imagenet_r,m8_analytic,0,3,6,3,0.7288135593220338,0.8202531645569621
imagenet_r,m8_analytic,0,3,7,4,0.7186440677966102,0.8075949367088607
imagenet_r,m8_analytic,0,3,8,5,0.6983050847457627,0.7928270042194093
imagenet_r,m8_analytic,0,3,9,6,0.6915254237288135,0.7784810126582279
imagenet_r,m8_analytic,0,4,4,0,0.6830065359477124,0.8381810733306022
imagenet_r,m8_analytic,0,4,5,1,0.6535947712418301,0.8119623105284719
imagenet_r,m8_analytic,0,4,6,2,0.6241830065359477,0.7845145432199918
imagenet_r,m8_analytic,0,4,7,3,0.6241830065359477,0.77181482998771
imagenet_r,m8_analytic,0,4,8,4,0.6013071895424836,0.7443670626792298
imagenet_r,m8_analytic,0,4,9,5,0.5915032679738562,0.71446128635805
imagenet_r,m8_analytic,0,5,5,0,0.7735849056603774,0.853716083366103
imagenet_r,m8_analytic,0,5,6,1,0.7672955974842768,0.8324813212740857
imagenet_r,m8_analytic,0,5,7,2,0.7704402515723271,0.8281557215886748
imagenet_r,m8_analytic,0,5,8,3,0.7610062893081762,0.810853322847031
imagenet_r,m8_analytic,0,5,9,4,0.7452830188679245,0.8014156508061345
imagenet_r,m8_analytic,0,6,6,0,0.7210884353741497,0.8087105038428694
imagenet_r,m8_analytic,0,6,7,1,0.7108843537414966,0.7929120409906063
imagenet_r,m8_analytic,0,6,8,2,0.6938775510204082,0.773270708795901
imagenet_r,m8_analytic,0,6,9,3,0.6938775510204082,0.7574722459436379
imagenet_r,m8_analytic,0,7,7,0,0.7025089605734767,0.8091155234657039
imagenet_r,m8_analytic,0,7,8,1,0.6702508960573477,0.7788808664259927
imagenet_r,m8_analytic,0,7,9,2,0.6523297491039427,0.7594765342960289
imagenet_r,m8_analytic,0,8,8,0,0.6140350877192983,0.7173274596182085
imagenet_r,m8_analytic,0,8,9,1,0.5935672514619883,0.6941997063142438
imagenet_r,m8_analytic,0,9,9,0,0.6426116838487973,0.7607573149741824
imagenet_r,m8_analytic,1,0,0,0,0.8304498269896193,0.990484429065744
imagenet_r,m8_analytic,1,0,1,1,0.8131487889273357,0.9390138408304498
imagenet_r,m8_analytic,1,0,2,2,0.8027681660899654,0.9134948096885813
imagenet_r,m8_analytic,1,0,3,3,0.7750865051903114,0.8871107266435986
imagenet_r,m8_analytic,1,0,4,4,0.7612456747404844,0.8672145328719724
imagenet_r,m8_analytic,1,0,5,5,0.740484429065744,0.8269896193771626
imagenet_r,m8_analytic,1,0,6,6,0.726643598615917,0.8070934256055363
imagenet_r,m8_analytic,1,0,7,7,0.7058823529411765,0.7932525951557093
imagenet_r,m8_analytic,1,0,8,8,0.6816608996539792,0.7737889273356401
imagenet_r,m8_analytic,1,0,9,9,0.6747404844290658,0.7616782006920415
imagenet_r,m8_analytic,1,1,1,0,0.7878787878787878,0.9273104880581516
imagenet_r,m8_analytic,1,1,2,1,0.7603305785123967,0.8916580131533403
imagenet_r,m8_analytic,1,1,3,2,0.7245179063360881,0.8518518518518519
imagenet_r,m8_analytic,1,1,4,3,0.71900826446281,0.8290065766701281
imagenet_r,m8_analytic,1,1,5,4,0.6887052341597796,0.8044305988231222
imagenet_r,m8_analytic,1,1,6,5,0.6721763085399449,0.7767393561786086
imagenet_r,m8_analytic,1,1,7,6,0.6528925619834711,0.7590861889927311
imagenet_r,m8_analytic,1,1,8,7,0.6225895316804407,0.7275874004845967
imagenet_r,m8_analytic,1,1,9,8,0.6225895316804407,0.7068189685012115
imagenet_r,m8_analytic,1,2,2,0,0.7396226415094339,0.8772597526165556
imagenet_r,m8_analytic,1,2,3,1,0.6943396226415094,0.8368220742150333
imagenet_r,m8_analytic,1,2,4,2,0.6679245283018868,0.8092293054234063
imagenet_r,m8_analytic,1,2,5,3,0.6528301886792452,0.7811607992388202
imagenet_r,m8_analytic,1,2,6,4,0.630188679245283,0.7573739295908658
imagenet_r,m8_analytic,1,2,7,5,0.6264150943396226,0.7440532825880114
imagenet_r,m8_analytic,1,2,8,6,0.6113207547169811,0.7288296860133207
imagenet_r,m8_analytic,1,2,9,7,0.6150943396226415,0.7221693625118935
imagenet_r,m8_analytic,1,3,3,0,0.6996996996996997,0.8612565445026178
imagenet_r,m8_analytic,1,3,4,1,0.6936936936936937,0.8462976813762154
imagenet_r,m8_analytic,1,3,5,2,0.6756756756756757,0.8160059835452506
imagenet_r,m8_analytic,1,3,6,3,0.6726726726726727,0.7976813762154076
imagenet_r,m8_analytic,1,3,7,4,0.6666666666666666,0.7804786836200449
imagenet_r,m8_analytic,1,3,8,5,0.6396396396396397,0.7587883320867614
imagenet_r,m8_analytic,1,3,9,6,0.6216216216216216,0.7389678384442783
imagenet_r,m8_analytic,1,4,4,0,0.6779661016949152,0.8203909138932911
imagenet_r,m8_analytic,1,4,5,1,0.6271186440677966,0.7892234548335975
imagenet_r,m8_analytic,1,4,6,2,0.597457627118644,0.7622820919175911
imagenet_r,m8_analytic,1,4,7,3,0.5932203389830508,0.7501320655044902
imagenet_r,m8_analytic,1,4,8,4,0.5805084745762712,0.7189646064447967
imagenet_r,m8_analytic,1,4,9,5,0.576271186440678,0.705229793977813
imagenet_r,m8_analytic,1,5,5,0,0.7492260061919505,0.833011209895632
imagenet_r,m8_analytic,1,5,6,1,0.7244582043343654,0.8183223811364515
imagenet_r,m8_analytic,1,5,7,2,0.7089783281733746,0.8044066486277541
imagenet_r,m8_analytic,1,5,8,3,0.6996904024767802,0.7889447236180904
imagenet_r,m8_analytic,1,5,9,4,0.6934984520123839,0.7761886354851179
imagenet_r,m8_analytic,1,6,6,0,0.6488294314381271,0.7798165137614679
imagenet_r,m8_analytic,1,6,7,1,0.6321070234113713,0.7635529608006673
imagenet_r,m8_analytic,1,6,8,2,0.6287625418060201,0.7506255212677231
imagenet_r,m8_analytic,1,6,9,3,0.6053511705685619,0.7335279399499584
imagenet_r,m8_analytic,1,7,7,0,0.7083333333333334,0.7972394098048549
imagenet_r,m8_analytic,1,7,8,1,0.6893939393939394,0.7786768205616373
imagenet_r,m8_analytic,1,7,9,2,0.6818181818181818,0.7648738695859115
imagenet_r,m8_analytic,1,8,8,0,0.6782334384858044,0.7639163047769444
imagenet_r,m8_analytic,1,8,9,1,0.6624605678233438,0.7528622187129885
imagenet_r,m8_analytic,1,9,9,0,0.5967213114754099,0.6961712638946068
imagenet_r,m8_analytic,2,0,0,0,0.7889273356401384,0.9904679376083189
imagenet_r,m8_analytic,2,0,1,1,0.7681660899653979,0.9519064124783362
imagenet_r,m8_analytic,2,0,2,2,0.7370242214532872,0.9090121317157712
imagenet_r,m8_analytic,2,0,3,3,0.7024221453287197,0.871317157712305
imagenet_r,m8_analytic,2,0,4,4,0.6851211072664359,0.8388214904679376
imagenet_r,m8_analytic,2,0,5,5,0.6643598615916955,0.8162911611785095
imagenet_r,m8_analytic,2,0,6,6,0.6401384083044983,0.7850953206239168
imagenet_r,m8_analytic,2,0,7,7,0.6332179930795848,0.7634315424610052
imagenet_r,m8_analytic,2,0,8,8,0.6228373702422145,0.7482668977469671
imagenet_r,m8_analytic,2,0,9,9,0.6055363321799307,0.7352686308492201
imagenet_r,m8_analytic,2,1,1,0,0.7820069204152249,0.9613882863340564
imagenet_r,m8_analytic,2,1,2,1,0.7335640138408305,0.9149674620390456
imagenet_r,m8_analytic,2,1,3,2,0.7058823529411765,0.8767895878524946
imagenet_r,m8_analytic,2,1,4,3,0.6955017301038062,0.8537960954446855
imagenet_r,m8_analytic,2,1,5,4,0.671280276816609,0.8299349240780911
imagenet_r,m8_analytic,2,1,6,5,0.6678200692041523,0.8026030368763557
imagenet_r,m8_analytic,2,1,7,6,0.6332179930795848,0.7718004338394794
imagenet_r,m8_analytic,2,1,8,7,0.6055363321799307,0.7488069414316703
imagenet_r,m8_analytic,2,1,9,8,0.5813148788927336,0.73058568329718
imagenet_r,m8_analytic,2,2,2,0,0.7807308970099668,0.929137140475198
imagenet_r,m8_analytic,2,2,3,1,0.7508305647840532,0.8982909545644019
imagenet_r,m8_analytic,2,2,4,2,0.7308970099667774,0.8720300125052105
imagenet_r,m8_analytic,2,2,5,3,0.6976744186046512,0.8411838265944144
imagenet_r,m8_analytic,2,2,6,4,0.6976744186046512,0.8136723634847853
imagenet_r,m8_analytic,2,2,7,5,0.6976744186046512,0.7949145477282201
imagenet_r,m8_analytic,2,2,8,6,0.6843853820598007,0.7761567319716548
imagenet_r,m8_analytic,2,2,9,7,0.6710963455149501,0.7657357232180075
imagenet_r,m8_analytic,2,3,3,0,0.7172413793103448,0.8636755823986195
imagenet_r,m8_analytic,2,3,4,1,0.7103448275862069,0.8321829163071613
imagenet_r,m8_analytic,2,3,5,2,0.6758620689655173,0.7989646246764452
imagenet_r,m8_analytic,2,3,6,3,0.6413793103448275,0.769197584124245
imagenet_r,m8_analytic,2,3,7,4,0.6413793103448275,0.7471958584987057
imagenet_r,m8_analytic,2,3,8,5,0.6310344827586207,0.7320966350301984
imagenet_r,m8_analytic,2,3,9,6,0.6241379310344828,0.7213114754098361
imagenet_r,m8_analytic,2,4,4,0,0.7083333333333334,0.8117647058823529
imagenet_r,m8_analytic,2,4,5,1,0.6736111111111112,0.7721132897603485
imagenet_r,m8_analytic,2,4,6,2,0.6319444444444444,0.7315904139433551
imagenet_r,m8_analytic,2,4,7,3,0.6180555555555556,0.7076252723311547
imagenet_r,m8_analytic,2,4,8,4,0.6111111111111112,0.6867102396514161
imagenet_r,m8_analytic,2,4,9,5,0.6006944444444444,0.6775599128540305
imagenet_r,m8_analytic,2,5,5,0,0.7310344827586207,0.8137128072445019
imagenet_r,m8_analytic,2,5,6,1,0.7068965517241379,0.7848210435532557
imagenet_r,m8_analytic,2,5,7,2,0.6896551724137931,0.759379042690815
imagenet_r,m8_analytic,2,5,8,3,0.6758620689655173,0.7442863303147909
imagenet_r,m8_analytic,2,5,9,4,0.6655172413793103,0.7283311772315654
imagenet_r,m8_analytic,2,6,6,0,0.7668711656441718,0.8385857033051499
imagenet_r,m8_analytic,2,6,7,1,0.7423312883435583,0.8170637970791699
imagenet_r,m8_analytic,2,6,8,2,0.7423312883435583,0.792467332820907
imagenet_r,m8_analytic,2,6,9,3,0.7331288343558282,0.7851652574942352
imagenet_r,m8_analytic,2,7,7,0,0.7098765432098766,0.8271747498075442
imagenet_r,m8_analytic,2,7,8,1,0.6944444444444444,0.8179368745188607
imagenet_r,m8_analytic,2,7,9,2,0.691358024691358,0.7990762124711316
imagenet_r,m8_analytic,2,8,8,0,0.580441640378549,0.7180599369085173
imagenet_r,m8_analytic,2,8,9,1,0.5615141955835962,0.6983438485804416
imagenet_r,m8_analytic,2,9,9,0,0.6107142857142858,0.7059874888293118
imagenet_r,m8_analytic,3,0,0,0,0.8250728862973761,0.9908759124087592
imagenet_r,m8_analytic,3,0,1,1,0.8279883381924198,0.9613138686131387
imagenet_r,m8_analytic,3,0,2,2,0.7842565597667639,0.9098540145985401
imagenet_r,m8_analytic,3,0,3,3,0.7317784256559767,0.8656934306569343
imagenet_r,m8_analytic,3,0,4,4,0.7201166180758017,0.8343065693430657
imagenet_r,m8_analytic,3,0,5,5,0.685131195335277,0.8003649635036496
imagenet_r,m8_analytic,3,0,6,6,0.6705539358600583,0.7813868613138686
imagenet_r,m8_analytic,3,0,7,7,0.6384839650145773,0.7609489051094891
imagenet_r,m8_analytic,3,0,8,8,0.6326530612244898,0.747080291970803
imagenet_r,m8_analytic,3,0,9,9,0.6151603498542274,0.737956204379562
imagenet_r,m8_analytic,3,1,1,0,0.7832699619771863,0.9558614143331752
imagenet_r,m8_analytic,3,1,2,1,0.7452471482889734,0.9074513526340768
imagenet_r,m8_analytic,3,1,3,2,0.7224334600760456,0.8737541528239202
imagenet_r,m8_analytic,3,1,4,3,0.7110266159695817,0.8467014712861889
imagenet_r,m8_analytic,3,1,5,4,0.688212927756654,0.8343616516373992
imagenet_r,m8_analytic,3,1,6,5,0.6844106463878327,0.8144280968201234
imagenet_r,m8_analytic,3,1,7,6,0.6730038022813688,0.7944945420028476
imagenet_r,m8_analytic,3,1,8,7,0.6463878326996197,0.7788324632178453
imagenet_r,m8_analytic,3,1,9,8,0.6387832699619772,0.7693402942572378
imagenet_r,m8_analytic,3,2,2,0,0.7311475409836066,0.9070631970260223
imagenet_r,m8_analytic,3,2,3,1,0.6950819672131148,0.8579099545642297
imagenet_r,m8_analytic,3,2,4,2,0.6885245901639344,0.825691862866584
imagenet_r,m8_analytic,3,2,5,3,0.6622950819672131,0.7881040892193308
imagenet_r,m8_analytic,3,2,6,4,0.6557377049180327,0.7666253614209004
imagenet_r,m8_analytic,3,2,7,5,0.6360655737704918,0.74514663362247
imagenet_r,m8_analytic,3,2,8,6,0.6131147540983607,0.7286245353159851
imagenet_r,m8_analytic,3,2,9,7,0.6131147540983607,0.721602643535729
imagenet_r,m8_analytic,3,3,3,0,0.740506329113924,0.8613312202852615
imagenet_r,m8_analytic,3,3,4,1,0.7246835443037974,0.8363708399366085
imagenet_r,m8_analytic,3,3,5,2,0.6962025316455697,0.8038827258320127
imagenet_r,m8_analytic,3,3,6,3,0.6772151898734177,0.7729793977812995
imagenet_r,m8_analytic,3,3,7,4,0.6424050632911392,0.7377179080824089
imagenet_r,m8_analytic,3,3,8,5,0.6360759493670886,0.7250396196513471
imagenet_r,m8_analytic,3,3,9,6,0.620253164556962,0.7095879556259905
imagenet_r,m8_analytic,3,4,4,0,0.6885245901639344,0.8295175797219951
imagenet_r,m8_analytic,3,4,5,1,0.6655737704918033,0.7968111201962388
imagenet_r,m8_analytic,3,4,6,2,0.6459016393442623,0.7747342600163533
imagenet_r,m8_analytic,3,4,7,3,0.6426229508196721,0.7534750613246116
imagenet_r,m8_analytic,3,4,8,4,0.6229508196721312,0.7264922322158627
imagenet_r,m8_analytic,3,4,9,5,0.6163934426229508,0.7121831561733443
imagenet_r,m8_analytic,3,5,5,0,0.6945337620578779,0.8062953995157385
imagenet_r,m8_analytic,3,5,6,1,0.6816720257234726,0.7800645682001615
imagenet_r,m8_analytic,3,5,7,2,0.6784565916398714,0.7699757869249395
imagenet_r,m8_analytic,3,5,8,3,0.6655948553054662,0.7526230831315577
imagenet_r,m8_analytic,3,5,9,4,0.6655948553054662,0.7461662631154157
imagenet_r,m8_analytic,3,6,6,0,0.6559139784946236,0.7983005366726297
imagenet_r,m8_analytic,3,6,7,1,0.6379928315412187,0.7830948121645797
imagenet_r,m8_analytic,3,6,8,2,0.6236559139784946,0.7683363148479427
imagenet_r,m8_analytic,3,6,9,3,0.6164874551971327,0.759391771019678
imagenet_r,m8_analytic,3,7,7,0,0.7230769230769231,0.7892705519104593
imagenet_r,m8_analytic,3,7,8,1,0.6984615384615385,0.7769201080663837
imagenet_r,m8_analytic,3,7,9,2,0.6953846153846154,0.7622539560015438
imagenet_r,m8_analytic,3,8,8,0,0.6907894736842105,0.7696118909991743
imagenet_r,m8_analytic,3,8,9,1,0.680921052631579,0.7625928984310487
imagenet_r,m8_analytic,3,9,9,0,0.5843621399176955,0.6717869943676396
imagenet_r,m8_analytic,4,0,0,0,0.7816901408450704,0.9885310983678871
imagenet_r,m8_analytic,4,0,1,1,0.7464788732394366,0.9369210410233789
imagenet_r,m8_analytic,4,0,2,2,0.7077464788732394,0.8936921041023379
imagenet_r,m8_analytic,4,0,3,3,0.6795774647887324,0.8588442876047641
imagenet_r,m8_analytic,4,0,4,4,0.6584507042253521,0.835465372739303
imagenet_r,m8_analytic,4,0,5,5,0.6514084507042254,0.8147331274812527
imagenet_r,m8_analytic,4,0,6,6,0.6197183098591549,0.7856197617997354
imagenet_r,m8_analytic,4,0,7,7,0.6126760563380281,0.7662108513453904
imagenet_r,m8_analytic,4,0,8,8,0.6056338028169014,0.7494486104984561
imagenet_r,m8_analytic,4,0,9,9,0.602112676056338,0.7388619320688135
imagenet_r,m8_analytic,4,1,1,0,0.8364197530864198,0.9480620155038759
imagenet_r,m8_analytic,4,1,2,1,0.8240740740740741,0.915891472868217
imagenet_r,m8_analytic,4,1,3,2,0.8179012345679012,0.8872093023255814
imagenet_r,m8_analytic,4,1,4,3,0.7839506172839507,0.860077519379845
imagenet_r,m8_analytic,4,1,5,4,0.7561728395061729,0.8395348837209302
imagenet_r,m8_analytic,4,1,6,5,0.7345679012345679,0.8038759689922481
imagenet_r,m8_analytic,4,1,7,6,0.7376543209876543,0.7872093023255814
imagenet_r,m8_analytic,4,1,8,7,0.7222222222222222,0.7713178294573644
imagenet_r,m8_analytic,4,1,9,8,0.6975308641975309,0.7600775193798449
imagenet_r,m8_analytic,4,2,2,0,0.7586206896551724,0.8966709900562041
imagenet_r,m8_analytic,4,2,3,1,0.7172413793103448,0.8625162127107653
imagenet_r,m8_analytic,4,2,4,2,0.7034482758620689,0.8335495028102032
imagenet_r,m8_analytic,4,2,5,3,0.6655172413793103,0.8054474708171206
imagenet_r,m8_analytic,4,2,6,4,0.6586206896551724,0.7881539126675313
imagenet_r,m8_analytic,4,2,7,5,0.6275862068965518,0.772589710332901
imagenet_r,m8_analytic,4,2,8,6,0.6068965517241379,0.7518374405533939
imagenet_r,m8_analytic,4,2,9,7,0.603448275862069,0.7354085603112841
imagenet_r,m8_analytic,4,3,3,0,0.7886435331230284,0.8928289992119779
imagenet_r,m8_analytic,4,3,4,1,0.7570977917981072,0.8617021276595744
imagenet_r,m8_analytic,4,3,5,2,0.7350157728706624,0.8443656422379827
imagenet_r,m8_analytic,4,3,6,3,0.7255520504731862,0.8297872340425532
imagenet_r,m8_analytic,4,3,7,4,0.6908517350157729,0.7998423955870765
imagenet_r,m8_analytic,4,3,8,5,0.6782334384858044,0.7860520094562647
imagenet_r,m8_analytic,4,3,9,6,0.6750788643533123,0.7702915681639085
imagenet_r,m8_analytic,4,4,4,0,0.6416938110749185,0.7962202136400987
imagenet_r,m8_analytic,4,4,5,1,0.6319218241042345,0.7588331963845522
imagenet_r,m8_analytic,4,4,6,2,0.6351791530944625,0.7428101889893179
imagenet_r,m8_analytic,4,4,7,3,0.6188925081433225,0.7247329498767461
imagenet_r,m8_analytic,4,4,8,4,0.6058631921824105,0.7111750205423172
imagenet_r,m8_analytic,4,4,9,5,0.5993485342019544,0.6972062448644207
imagenet_r,m8_analytic,4,5,5,0,0.6810035842293907,0.7836021505376344
imagenet_r,m8_analytic,4,5,6,1,0.6272401433691757,0.7544802867383512
imagenet_r,m8_analytic,4,5,7,2,0.6164874551971327,0.7379032258064516
imagenet_r,m8_analytic,4,5,8,3,0.5949820788530465,0.7123655913978495
imagenet_r,m8_analytic,4,5,9,4,0.5770609318996416,0.692652329749104
imagenet_r,m8_analytic,4,6,6,0,0.6006711409395973,0.7486407360936846
imagenet_r,m8_analytic,4,6,7,1,0.5973154362416108,0.7369301547469678
imagenet_r,m8_analytic,4,6,8,2,0.5738255033557047,0.7072354663320787
imagenet_r,m8_analytic,4,6,9,3,0.5738255033557047,0.6884148891677122
imagenet_r,m8_analytic,4,7,7,0,0.7362637362637363,0.8226174190606476
imagenet_r,m8_analytic,4,7,8,1,0.7142857142857143,0.8130414956680346
imagenet_r,m8_analytic,4,7,9,2,0.7106227106227107,0.8002735978112175
imagenet_r,m8_analytic,4,8,8,0,0.6357615894039735,0.7604641525072524
imagenet_r,m8_analytic,4,8,9,1,0.6291390728476821,0.7438872772482387
imagenet_r,m8_analytic,4,9,9,0,0.68125,0.7324990222917481
