dataset,method,family,seed,fpr,tpr
cifar100,m0_fedavg,F1,0,0.0,0.0010652235132785621
cifar100,m0_fedavg,F1,0,0.0001,0.003403817663120003
cifar100,m0_fedavg,F1,0,0.00010473708979594497,0.003403817663120003
cifar100,m0_fedavg,F1,0,0.00010969857978923841,0.0034895253021194274
cifar100,m0_fedavg,F1,0,0.00011489510001873086,0.0034895253021194274
cifar100,m0_fedavg,F1,0,0.00012033778407775893,0.0034895253021194274
cifar100,m0_fedavg,F1,0,0.00012603829296797275,0.0037588921675461903
cifar100,m0_fedavg,F1,0,0.0001320088400831418,0.0037588921675461903
cifar100,m0_fedavg,F1,0,0.00013826221737646565,0.0037588921675461903
cifar100,m0_fedavg,F1,0,0.0001448118227674533,0.0037588921675461903
cifar100,m0_fedavg,F1,0,0.00015167168884709225,0.003979283239258996
cifar100,m0_fedavg,F1,0,0.00015885651294280528,0.004138454568829356
cifar100,m0_fedavg,F1,0,0.0001663816886076129,0.004138454568829356
cifar100,m0_fedavg,F1,0,0.00017426333860096508,0.004309869846828205
cifar100,m0_fedavg,F1,0,0.00018251834943190426,0.004309869846828205
cifar100,m0_fedavg,F1,0,0.00019116440753857018,0.004432309331113098
cifar100,m0_fedavg,F1,0,0.00020022003718155845,0.004493529073255544
cifar100,m0_fedavg,F1,0,0.00020970464013232327,0.004505773021684032
cifar100,m0_fedavg,F1,0,0.0002196385372416547,0.004505773021684032
cifar100,m0_fedavg,F1,0,0.0002300430119772917,0.004505773021684032
cifar100,m0_fedavg,F1,0,0.00024094035602395243,0.004505773021684032
cifar100,m0_fedavg,F1,0,0.0002523539170434766,0.004591480660683457
cifar100,m0_fedavg,F1,0,0.00026430814869741055,0.00486084752611022
cifar100,m0_fedavg,F1,0,0.00027682866303920667,0.004971043061966623
cifar100,m0_fedavg,F1,0,0.0002899422853882875,0.004971043061966623
cifar100,m0_fedavg,F1,0,0.0003036771118035457,0.004971043061966623
cifar100,m0_fedavg,F1,0,0.0003180625692794119,0.00502001885568058
cifar100,m0_fedavg,F1,0,0.00033312947879346737,0.005093482546251515
cifar100,m0_fedavg,F1,0,0.0003489101213406774,0.005154702288393961
cifar100,m0_fedavg,F1,0,0.00036543830709572547,0.00564446022553353
cifar100,m0_fedavg,F1,0,0.0003827494478516311,0.00580363155510389
cifar100,m0_fedavg,F1,0,0.0004008806328898465,0.005864851297246336
cifar100,m0_fedavg,F1,0,0.000419870708444391,0.0061831939563870555
cifar100,m0_fedavg,F1,0,0.00043976036093027214,0.006317877389100437
cifar100,m0_fedavg,F1,0,0.00046059220411451035,0.006342365285957416
cifar100,m0_fedavg,F1,0,0.00048241087041653687,0.00642807292495684
cifar100,m0_fedavg,F1,0,0.0005052631065335679,0.006550512409241732
cifar100,m0_fedavg,F1,0,0.0005291978735958442,0.006709683738812092
cifar100,m0_fedavg,F1,0,0.0005542664520663107,0.006807635326240006
cifar100,m0_fedavg,F1,0,0.0005805225516094895,0.006979050604238855
cifar100,m0_fedavg,F1,0,0.0006080224261649427,0.007199441675951661
cifar100,m0_fedavg,F1,0,0.0006368249944718586,0.00737085695395051
cifar100,m0_fedavg,F1,0,0.0006669919663030121,0.007603491974091805
cifar100,m0_fedavg,F1,0,0.0006985879746785249,0.007787151200519144
cifar100,m0_fedavg,F1,0,0.0007316807143427193,0.007799395148947633
cifar100,m0_fedavg,F1,0,0.0007663410868007462,0.007897346736375547
cifar100,m0_fedavg,F1,0,0.0008026433522257174,0.00800754227223195
cifar100,m0_fedavg,F1,0,0.0008406652885618325,0.008215689395516266
cifar100,m0_fedavg,F1,0,0.0008804883581643465,0.008264665189230223
cifar100,m0_fedavg,F1,0,0.0009221978823334322,0.008289153086087202
cifar100,m0_fedavg,F1,0,0.0009658832241158709,0.008570763899942454
cifar100,m0_fedavg,F1,0,0.001011637979766207,0.008729935229512813
cifar100,m0_fedavg,F1,0,0.001059560179277616,0.008925838404368641
cifar100,m0_fedavg,F1,0,0.0011097524964120721,0.009036033940225044
cifar100,m0_fedavg,F1,0,0.0011623224686798518,0.009329888702508785
cifar100,m0_fedavg,F1,0,0.001217382727739662,0.0094278402899367
cifar100,m0_fedavg,F1,0,0.0012750512407130128,0.009770670845934398
cifar100,m0_fedavg,F1,0,0.0013354515629298987,0.009954330072361735
cifar100,m0_fedavg,F1,0,0.0013987131026472386,0.01018696509250303
cifar100,m0_fedavg,F1,0,0.0014649713983072847,0.010480819854786771
cifar100,m0_fedavg,F1,0,0.0015343684089300133,0.010774674617070512
cifar100,m0_fedavg,F1,0,0.0016070528182616384,0.010909358049783895
cifar100,m0_fedavg,F1,0,0.0016831803533309566,0.011105261224639722
cifar100,m0_fedavg,F1,0,0.001762914118095948,0.011239944657353102
cifar100,m0_fedavg,F1,0,0.0018464249428955426,0.011497067574351377
cifar100,m0_fedavg,F1,0,0.0019338917504552321,0.01176643443977814
cifar100,m0_fedavg,F1,0,0.0020255019392306666,0.011962337614633967
cifar100,m0_fedavg,F1,0,0.00212145178491063,0.012341900015917133
cifar100,m0_fedavg,F1,0,0.002221946860939524,0.012501071345487494
cifar100,m0_fedavg,F1,0,0.0023272024789604074,0.012635754778200874
cifar100,m0_fedavg,F1,0,0.002437444150122222,0.013088780870054975
cifar100,m0_fedavg,F1,0,0.0025529080682395165,0.013505075116623608
cifar100,m0_fedavg,F1,0,0.0026738416158399465,0.013676490394622457
cifar100,m0_fedavg,F1,0,0.002800503894183631,0.013933613311620732
cifar100,m0_fedavg,F1,0,0.0029331662783900424,0.014313175712903897
cifar100,m0_fedavg,F1,0,0.003072112998861759,0.014594786526759149
cifar100,m0_fedavg,F1,0,0.0032176417502507355,0.014864153392185912
cifar100,m0_fedavg,F1,0,0.003370064329271928,0.015145764206041164
cifar100,m0_fedavg,F1,0,0.00352970730273065,0.015635522143180734
cifar100,m0_fedavg,F1,0,0.0036969127071950283,0.016100792183463324
cifar100,m0_fedavg,F1,0,0.003872038781812557,0.016553818275317423
cifar100,m0_fedavg,F1,0,0.004055460735840828,0.016982356470314548
cifar100,m0_fedavg,F1,0,0.0042475715525368985,0.01755782204645354
cifar100,m0_fedavg,F1,0,0.004448782831127585,0.017937384447736706
cifar100,m0_fedavg,F1,0,0.004659525668664682,0.01837816659116232
cifar100,m0_fedavg,F1,0,0.004880251583654433,0.01895363216730131
cifar100,m0_fedavg,F1,0,0.005111433483440166,0.019333194568584476
cifar100,m0_fedavg,F1,0,0.0053535666774107244,0.019822952505724047
cifar100,m0_fedavg,F1,0,0.005607169938205458,0.020324954391292106
cifar100,m0_fedavg,F1,0,0.005872786613189483,0.020912663915859588
cifar100,m0_fedavg,F1,0,0.006150985788580504,0.02130447026557124
cifar100,m0_fedavg,F1,0,0.00644236350872137,0.022026863222852106
cifar100,m0_fedavg,F1,0,0.006747544053110693,0.022626816695848078
cifar100,m0_fedavg,F1,0,0.0070671812739274914,0.02304311094241671
cifar100,m0_fedavg,F1,0,0.007401959996915644,0.023655308363841172
cifar100,m0_fedavg,F1,0,0.007752597488629464,0.02434096947583657
cifar100,m0_fedavg,F1,0,0.008119844993184008,0.025614340112399447
cifar100,m0_fedavg,F1,0,0.008504489341802677,0.026226537533823906
cifar100,m0_fedavg,F1,0,0.00890735463861044,0.02694893049110477
cifar100,m0_fedavg,F1,0,0.009329304026284686,0.02775703108738506
cifar100,m0_fedavg,F1,0,0.009771241535346501,0.02851615588995139
cifar100,m0_fedavg,F1,0,0.010234114021054527,0.029201817001946788
cifar100,m0_fedavg,F1,0,0.010718913192051276,0.03005889339194103
cifar100,m0_fedavg,F1,0,0.011226677735108135,0.030818018194507364
cifar100,m0_fedavg,F1,0,0.01175849554052157,0.03158938694550219
cifar100,m0_fedavg,F1,0,0.012315506032928261,0.03234851174806852
cifar100,m0_fedavg,F1,0,0.01289890261253308,0.0334994429003465
cifar100,m0_fedavg,F1,0,0.013509935211980266,0.03430754349662679
cifar100,m0_fedavg,F1,0,0.01414991297434576,0.0355441822879042
cifar100,m0_fedavg,F1,0,0.014820207057988586,0.036609405801182764
cifar100,m0_fedavg,F1,0,0.01552225357427048,0.03779706879874622
cifar100,m0_fedavg,F1,0,0.016257556664437952,0.03916839102273701
cifar100,m0_fedavg,F1,0,0.017027691722258997,0.04040502981401442
cifar100,m0_fedavg,F1,0,0.017834308769319095,0.04166615650214881
cifar100,m0_fedavg,F1,0,0.01867913599020783,0.043049722674568094
cifar100,m0_fedavg,F1,0,0.01956398343517065,0.04442104489855889
cifar100,m0_fedavg,F1,0,0.020490746898158482,0.045523000257122914
cifar100,m0_fedavg,F1,0,0.021461411978584036,0.047077981707541044
cifar100,m0_fedavg,F1,0,0.02247805833548725,0.048963549765528386
cifar100,m0_fedavg,F1,0,0.02354286414322418,0.05029814014423371
cifar100,m0_fedavg,F1,0,0.024658110758226038,0.05251429480979026
cifar100,m0_fedavg,F1,0,0.025826187606826773,0.0542896673319212
cifar100,m0_fedavg,F1,0,0.027049597304631343,0.056003820111909686
cifar100,m0_fedavg,F1,0,0.02833096101839324,0.057766948685612135
cifar100,m0_fedavg,F1,0,0.029673024081888696,0.05979944412474135
cifar100,m0_fedavg,F1,0,0.03107866187782014,0.062027842738726385
cifar100,m0_fedavg,F1,0,0.0325508859983506,0.064170533713712
cifar100,m0_fedavg,F1,0,0.03409285069746811,0.06603161387484235
cifar100,m0_fedavg,F1,0,0.03570785964900463,0.06878650227125244
cifar100,m0_fedavg,F1,0,0.03739937302478798,0.07107612062737992
cifar100,m0_fedavg,F1,0,0.039171014908092605,0.07379427717850452
cifar100,m0_fedavg,F1,0,0.04102658105827194,0.07663487321391402
cifar100,m0_fedavg,F1,0,0.04297004704320839,0.07914488264175432
cifar100,m0_fedavg,F1,0,0.04500557675700498,0.08247523661430338
cifar100,m0_fedavg,F1,0,0.047137531341167244,0.08559744346356814
cifar100,m0_fedavg,F1,0,0.049370478528390035,0.08902574902354511
cifar100,m0_fedavg,F1,0,0.05170920242896761,0.09241732273823662
cifar100,m0_fedavg,F1,0,0.054158713780794704,0.09572318881392872
cifar100,m0_fedavg,F1,0,0.05672426068491978,0.09940861729090397
cifar100,m0_fedavg,F1,0,0.05941133984965034,0.10288589864459491
cifar100,m0_fedavg,F1,0,0.06222570836730231,0.10644888763728527
cifar100,m0_fedavg,F1,0,0.06517339604882427,0.1103914390312588
cifar100,m0_fedavg,F1,0,0.06826071834272386,0.11450540570323117
cifar100,m0_fedavg,F1,0,0.07149428986597577,0.11832551761291982
cifar100,m0_fedavg,F1,0,0.07488103857590023,0.12267211930503348
cifar100,m0_fedavg,F1,0,0.07842822061337681,0.12704320889400414
cifar100,m0_fedavg,F1,0,0.0821434358491943,0.13136532268926082
cifar100,m0_fedavg,F1,0,0.086034644166845,0.13595680334994428
cifar100,m0_fedavg,F1,0,0.09011018251665019,0.1411849693289092
cifar100,m0_fedavg,F1,0,0.09437878277775381,0.14621723213301827
cifar100,m0_fedavg,F1,0,0.09884959046625587,0.15177598471955236
cifar100,m0_fedavg,F1,0,0.10353218432956626,0.15724902966708704
cifar100,m0_fedavg,F1,0,0.1084365968689611,0.16294246568633453
cifar100,m0_fedavg,F1,0,0.11357333583431052,0.1688930246225803
cifar100,m0_fedavg,F1,0,0.11895340673703195,0.17562719625824935
cifar100,m0_fedavg,F1,0,0.12458833642950082,0.18258175896563122
cifar100,m0_fedavg,F1,0,0.1304901978014403,0.18986690828058234
cifar100,m0_fedavg,F1,0,0.13667163564620075,0.19652761622568046
cifar100,m0_fedavg,F1,0,0.14314589375234785,0.2030658846864937
cifar100,m0_fedavg,F1,0,0.14992684327860456,0.210130642929732
cifar100,m0_fedavg,F1,0,0.15702901247293774,0.2173790603993976
cifar100,m0_fedavg,F1,0,0.16446761779946645,0.22591309245405458
cifar100,m0_fedavg,F1,0,0.17225859653987874,0.23449610030242551
cifar100,m0_fedavg,F1,0,0.18041864093920718,0.24249139862622898
cifar100,m0_fedavg,F1,0,0.18896523396912096,0.2526906076671605
cifar100,m0_fedavg,F1,0,0.19791668678535573,0.26273064537852164
cifar100,m0_fedavg,F1,0,0.2072921779595372,0.27250131622445606
cifar100,m0_fedavg,F1,0,0.21711179456945054,0.28289642844024343
cifar100,m0_fedavg,F1,0,0.22739657523579276,0.2944547157567372
cifar100,m0_fedavg,F1,0,0.23816855519761582,0.3058048559499467
cifar100,m0_fedavg,F1,0,0.24945081352303167,0.31818348781114936
cifar100,m0_fedavg,F1,0,0.2612675225563329,0.329986654096213
cifar100,m0_fedavg,F1,0,0.27364399970746717,0.34268362861655627
cifar100,m0_fedavg,F1,0,0.286606761694825,0.356641729825034
cifar100,m0_fedavg,F1,0,0.3001835813575589,0.3715793469077908
cifar100,m0_fedavg,F1,0,0.31440354715915003,0.3853660328382697
cifar100,m0_fedavg,F1,0,0.3292971255097151,0.40128316579530565
cifar100,m0_fedavg,F1,0,0.34489622604057596,0.4169554197837719
cifar100,m0_fedavg,F1,0,0.36123426997094304,0.43366840938865964
cifar100,m0_fedavg,F1,0,0.3783462617131929,0.45180169701125217
cifar100,m0_fedavg,F1,0,0.3962688638701478,0.4699472285822732
cifar100,m0_fedavg,F1,0,0.41504047578504766,0.4896110097584269
cifar100,m0_fedavg,F1,0,0.43470131581250265,0.5095808896452928
cifar100,m0_fedavg,F1,0,0.4552935074866948,0.5309833114982919
cifar100,m0_fedavg,F1,0,0.47686116977144694,0.5520061709500079
cifar100,m0_fedavg,F1,0,0.499450511585514,0.5744615723678572
cifar100,m0_fedavg,F1,0,0.5231099308056264,0.5982270762675548
cifar100,m0_fedavg,F1,0,0.5478901179593945,0.6222252151873936
cifar100,m0_fedavg,F1,0,0.5738441648302393,0.6469335031160849
cifar100,m0_fedavg,F1,0,0.6010276782070382,0.6730008693203384
cifar100,m0_fedavg,F1,0,0.6294988990221888,0.7002314106252985
cifar100,m0_fedavg,F1,0,0.6593188271333549,0.728551663340394
cifar100,m0_fedavg,F1,0,0.6905513520162331,0.7584146535574792
cifar100,m0_fedavg,F1,0,0.7232633896483533,0.7873838355392847
cifar100,m0_fedavg,F1,0,0.7575250258771913,0.8191446377627858
cifar100,m0_fedavg,F1,0,0.7934096665797492,0.8510033915737147
cifar100,m0_fedavg,F1,0,0.8309941949353395,0.8834988307029251
cifar100,m0_fedavg,F1,0,0.8703591361485166,0.9156881711214232
cifar100,m0_fedavg,F1,0,0.9115888299750827,0.9493222974544832
cifar100,m0_fedavg,F1,0,0.9547716114208056,0.9793811908464242
cifar100,m0_fedavg,F1,0,1.0,1.0
cifar100,m1_glfc,F1,0,0.0,0.0014238719497225904
cifar100,m1_glfc,F1,0,0.0001,0.002504050670201797
cifar100,m1_glfc,F1,0,0.00010473708979594497,0.002504050670201797
cifar100,m1_glfc,F1,0,0.00010969857978923841,0.002504050670201797
cifar100,m1_glfc,F1,0,0.00011489510001873086,0.002504050670201797
cifar100,m1_glfc,F1,0,0.00012033778407775893,0.002504050670201797
cifar100,m1_glfc,F1,0,0.00012603829296797275,0.002504050670201797
cifar100,m1_glfc,F1,0,0.0001320088400831418,0.002504050670201797
cifar100,m1_glfc,F1,0,0.00013826221737646565,0.002504050670201797
cifar100,m1_glfc,F1,0,0.0001448118227674533,0.002504050670201797
cifar100,m1_glfc,F1,0,0.00015167168884709225,0.0026513477684489617
cifar100,m1_glfc,F1,0,0.00015885651294280528,0.0026513477684489617
cifar100,m1_glfc,F1,0,0.0001663816886076129,0.0026513477684489617
cifar100,m1_glfc,F1,0,0.00017426333860096508,0.0026513477684489617
cifar100,m1_glfc,F1,0,0.00018251834943190426,0.0026513477684489617
cifar100,m1_glfc,F1,0,0.00019116440753857018,0.0026513477684489617
cifar100,m1_glfc,F1,0,0.00020022003718155845,0.0027004468011980164
cifar100,m1_glfc,F1,0,0.00020970464013232327,0.0027004468011980164
cifar100,m1_glfc,F1,0,0.0002196385372416547,0.0027004468011980164
cifar100,m1_glfc,F1,0,0.0002300430119772917,0.0027004468011980164
cifar100,m1_glfc,F1,0,0.00024094035602395243,0.0027004468011980164
cifar100,m1_glfc,F1,0,0.0002523539170434766,0.0032896351941866745
cifar100,m1_glfc,F1,0,0.00026430814869741055,0.0032896351941866745
cifar100,m1_glfc,F1,0,0.00027682866303920667,0.0032896351941866745
cifar100,m1_glfc,F1,0,0.0002899422853882875,0.0032896351941866745
cifar100,m1_glfc,F1,0,0.0003036771118035457,0.0032896351941866745
cifar100,m1_glfc,F1,0,0.0003180625692794119,0.0032896351941866745
cifar100,m1_glfc,F1,0,0.00033312947879346737,0.0032896351941866745
cifar100,m1_glfc,F1,0,0.0003489101213406774,0.003780625521677223
cifar100,m1_glfc,F1,0,0.00036543830709572547,0.003780625521677223
cifar100,m1_glfc,F1,0,0.0003827494478516311,0.003780625521677223
cifar100,m1_glfc,F1,0,0.0004008806328898465,0.003780625521677223
cifar100,m1_glfc,F1,0,0.000419870708444391,0.003780625521677223
cifar100,m1_glfc,F1,0,0.00043976036093027214,0.004173417783669662
cifar100,m1_glfc,F1,0,0.00046059220411451035,0.004173417783669662
cifar100,m1_glfc,F1,0,0.00048241087041653687,0.004173417783669662
cifar100,m1_glfc,F1,0,0.0005052631065335679,0.0049590023076545395
cifar100,m1_glfc,F1,0,0.0005291978735958442,0.0049590023076545395
cifar100,m1_glfc,F1,0,0.0005542664520663107,0.005106299405901704
cifar100,m1_glfc,F1,0,0.0005805225516094895,0.005106299405901704
cifar100,m1_glfc,F1,0,0.0006080224261649427,0.005400893602396033
cifar100,m1_glfc,F1,0,0.0006368249944718586,0.005548190700643198
cifar100,m1_glfc,F1,0,0.0006669919663030121,0.005548190700643198
cifar100,m1_glfc,F1,0,0.0006985879746785249,0.0060882800608828
cifar100,m1_glfc,F1,0,0.0007316807143427193,0.0060882800608828
cifar100,m1_glfc,F1,0,0.0007663410868007462,0.0060882800608828
cifar100,m1_glfc,F1,0,0.0008026433522257174,0.006137379093631856
cifar100,m1_glfc,F1,0,0.0008406652885618325,0.006235577159129965
cifar100,m1_glfc,F1,0,0.0008804883581643465,0.006333775224628075
cifar100,m1_glfc,F1,0,0.0009221978823334322,0.006922963617616733
cifar100,m1_glfc,F1,0,0.0009658832241158709,0.006922963617616733
cifar100,m1_glfc,F1,0,0.001011637979766207,0.0071193597486129525
cifar100,m1_glfc,F1,0,0.001059560179277616,0.007168458781362007
cifar100,m1_glfc,F1,0,0.0011097524964120721,0.007708548141601611
cifar100,m1_glfc,F1,0,0.0011623224686798518,0.007757647174350665
cifar100,m1_glfc,F1,0,0.001217382727739662,0.008101340403594049
cifar100,m1_glfc,F1,0,0.0012750512407130128,0.008199538469092158
cifar100,m1_glfc,F1,0,0.0013354515629298987,0.008837825894829872
cifar100,m1_glfc,F1,0,0.0013987131026472386,0.008837825894829872
cifar100,m1_glfc,F1,0,0.0014649713983072847,0.009476113320567584
cifar100,m1_glfc,F1,0,0.0015343684089300133,0.00962341041881475
cifar100,m1_glfc,F1,0,0.0016070528182616384,0.010507193008297737
cifar100,m1_glfc,F1,0,0.0016831803533309566,0.010507193008297737
cifar100,m1_glfc,F1,0,0.001762914118095948,0.010556292041046791
cifar100,m1_glfc,F1,0,0.0018464249428955426,0.011538272696027889
cifar100,m1_glfc,F1,0,0.0019338917504552321,0.011587371728776942
cifar100,m1_glfc,F1,0,0.0020255019392306666,0.011980163990769382
cifar100,m1_glfc,F1,0,0.00212145178491063,0.012323857220012766
cifar100,m1_glfc,F1,0,0.002221946860939524,0.012422055285510875
cifar100,m1_glfc,F1,0,0.0023272024789604074,0.012618451416507095
cifar100,m1_glfc,F1,0,0.002437444150122222,0.013011243678499533
cifar100,m1_glfc,F1,0,0.0025529080682395165,0.013354936907742917
cifar100,m1_glfc,F1,0,0.0026738416158399465,0.0136986301369863
cifar100,m1_glfc,F1,0,0.002800503894183631,0.014140521431727796
cifar100,m1_glfc,F1,0,0.0029331662783900424,0.014435115628222124
cifar100,m1_glfc,F1,0,0.003072112998861759,0.014435115628222124
cifar100,m1_glfc,F1,0,0.0032176417502507355,0.015220700152207
cifar100,m1_glfc,F1,0,0.003370064329271928,0.015269799184956056
cifar100,m1_glfc,F1,0,0.00352970730273065,0.015269799184956056
cifar100,m1_glfc,F1,0,0.0036969127071950283,0.015957185643442826
cifar100,m1_glfc,F1,0,0.003872038781812557,0.016497275003682428
cifar100,m1_glfc,F1,0,0.004055460735840828,0.016988265331172977
cifar100,m1_glfc,F1,0,0.0042475715525368985,0.01733195856041636
cifar100,m1_glfc,F1,0,0.004448782831127585,0.01762655275691069
cifar100,m1_glfc,F1,0,0.004659525668664682,0.018215741149899347
cifar100,m1_glfc,F1,0,0.004880251583654433,0.018313939215397458
cifar100,m1_glfc,F1,0,0.005111433483440166,0.018706731477389896
cifar100,m1_glfc,F1,0,0.0053535666774107244,0.019197721804880444
cifar100,m1_glfc,F1,0,0.005607169938205458,0.0192468208376295
cifar100,m1_glfc,F1,0,0.005872786613189483,0.019541415034123828
cifar100,m1_glfc,F1,0,0.006150985788580504,0.019737811165120047
cifar100,m1_glfc,F1,0,0.00644236350872137,0.020523395689104926
cifar100,m1_glfc,F1,0,0.006747544053110693,0.021259881180340747
cifar100,m1_glfc,F1,0,0.0070671812739274914,0.02160357440958413
cifar100,m1_glfc,F1,0,0.007401959996915644,0.02219276280257279
cifar100,m1_glfc,F1,0,0.007752597488629464,0.022438257966318063
cifar100,m1_glfc,F1,0,0.008119844993184008,0.023665733785044434
cifar100,m1_glfc,F1,0,0.008504489341802677,0.024254922178033093
cifar100,m1_glfc,F1,0,0.00890735463861044,0.024549516374527423
cifar100,m1_glfc,F1,0,0.009329304026284686,0.026022487356999066
cifar100,m1_glfc,F1,0,0.009771241535346501,0.026906269946482056
cifar100,m1_glfc,F1,0,0.010234114021054527,0.027593656404968823
cifar100,m1_glfc,F1,0,0.010718913192051276,0.028722934158197082
cifar100,m1_glfc,F1,0,0.011226677735108135,0.030392301271664948
cifar100,m1_glfc,F1,0,0.01175849554052157,0.03093239063190455
cifar100,m1_glfc,F1,0,0.012315506032928261,0.03255265871262336
cifar100,m1_glfc,F1,0,0.01289890261253308,0.033632837433102566
cifar100,m1_glfc,F1,0,0.013509935211980266,0.03456571905533461
cifar100,m1_glfc,F1,0,0.01414991297434576,0.035204006481072324
cifar100,m1_glfc,F1,0,0.014820207057988586,0.037020670692787354
cifar100,m1_glfc,F1,0,0.01552225357427048,0.03864093877350616
cifar100,m1_glfc,F1,0,0.016257556664437952,0.039475622330240094
cifar100,m1_glfc,F1,0,0.017027691722258997,0.04016300878872686
cifar100,m1_glfc,F1,0,0.017834308769319095,0.041930573967692834
cifar100,m1_glfc,F1,0,0.01867913599020783,0.043158049786419204
cifar100,m1_glfc,F1,0,0.01956398343517065,0.04546570432562479
cifar100,m1_glfc,F1,0,0.020490746898158482,0.04654588304610399
cifar100,m1_glfc,F1,0,0.021461411978584036,0.04752786370108509
cifar100,m1_glfc,F1,0,0.02247805833548725,0.0496882211420435
cifar100,m1_glfc,F1,0,0.02354286414322418,0.05062110276427555
cifar100,m1_glfc,F1,0,0.024658110758226038,0.05229046987774341
cifar100,m1_glfc,F1,0,0.025826187606826773,0.05420533215495655
cifar100,m1_glfc,F1,0,0.027049597304631343,0.055923798301173465
cifar100,m1_glfc,F1,0,0.02833096101839324,0.05798595767663377
cifar100,m1_glfc,F1,0,0.029673024081888696,0.060784602543329895
cifar100,m1_glfc,F1,0,0.03107866187782014,0.06328865321353169
cifar100,m1_glfc,F1,0,0.0325508859983506,0.06559630775273727
cifar100,m1_glfc,F1,0,0.03409285069746811,0.06746207099720135
cifar100,m1_glfc,F1,0,0.03570785964900463,0.06918053714341828
cifar100,m1_glfc,F1,0,0.03739937302478798,0.07075170619138803
cifar100,m1_glfc,F1,0,0.039171014908092605,0.07227377620660873
cifar100,m1_glfc,F1,0,0.04102658105827194,0.07404134138557471
cifar100,m1_glfc,F1,0,0.04297004704320839,0.07625079785928217
cifar100,m1_glfc,F1,0,0.04500557675700498,0.07895124466048019
cifar100,m1_glfc,F1,0,0.047137531341167244,0.08214268178916875
cifar100,m1_glfc,F1,0,0.049370478528390035,0.08533411891785732
cifar100,m1_glfc,F1,0,0.05170920242896761,0.08759267442431384
cifar100,m1_glfc,F1,0,0.054158713780794704,0.09053861638925713
cifar100,m1_glfc,F1,0,0.05672426068491978,0.09353365738694948
cifar100,m1_glfc,F1,0,0.05941133984965034,0.09760887710512103
cifar100,m1_glfc,F1,0,0.06222570836730231,0.1018804929542888
cifar100,m1_glfc,F1,0,0.06517339604882427,0.10512102911572642
cifar100,m1_glfc,F1,0,0.06826071834272386,0.10914714980114892
cifar100,m1_glfc,F1,0,0.07149428986597577,0.11390975597780724
cifar100,m1_glfc,F1,0,0.07488103857590023,0.11793587666322973
cifar100,m1_glfc,F1,0,0.07842822061337681,0.1237295625276182
cifar100,m1_glfc,F1,0,0.0821434358491943,0.1277556832130407
cifar100,m1_glfc,F1,0,0.086034644166845,0.13286198261894241
cifar100,m1_glfc,F1,0,0.09011018251665019,0.1383119752540875
cifar100,m1_glfc,F1,0,0.09437878277775381,0.1437619678892326
cifar100,m1_glfc,F1,0,0.09884959046625587,0.1489664653606324
cifar100,m1_glfc,F1,0,0.10353218432956626,0.15638041930573968
cifar100,m1_glfc,F1,0,0.1084365968689611,0.16173221387538667
cifar100,m1_glfc,F1,0,0.11357333583431052,0.1682132861982619
cifar100,m1_glfc,F1,0,0.11895340673703195,0.17336868463691266
cifar100,m1_glfc,F1,0,0.12458833642950082,0.17970245986154074
cifar100,m1_glfc,F1,0,0.1304901978014403,0.18731280993764424
cifar100,m1_glfc,F1,0,0.13667163564620075,0.19438307065350813
cifar100,m1_glfc,F1,0,0.14314589375234785,0.20155152943487012
cifar100,m1_glfc,F1,0,0.14992684327860456,0.20886728531447932
cifar100,m1_glfc,F1,0,0.15702901247293774,0.21696862571807335
cifar100,m1_glfc,F1,0,0.16446761779946645,0.22629744194039378
cifar100,m1_glfc,F1,0,0.17225859653987874,0.23709922914518583
cifar100,m1_glfc,F1,0,0.18041864093920718,0.2458388569745176
cifar100,m1_glfc,F1,0,0.18896523396912096,0.25448028673835127
cifar100,m1_glfc,F1,0,0.19791668678535573,0.26430009328816223
cifar100,m1_glfc,F1,0,0.2072921779595372,0.27426719693622037
cifar100,m1_glfc,F1,0,0.21711179456945054,0.28428339961702753
cifar100,m1_glfc,F1,0,0.22739657523579276,0.29493788972357243
cifar100,m1_glfc,F1,0,0.23816855519761582,0.30686895468159275
cifar100,m1_glfc,F1,0,0.24945081352303167,0.3186036235086169
cifar100,m1_glfc,F1,0,0.2612675225563329,0.3318112633181126
cifar100,m1_glfc,F1,0,0.27364399970746717,0.34320223891589335
cifar100,m1_glfc,F1,0,0.286606761694825,0.35886483036284184
cifar100,m1_glfc,F1,0,0.3001835813575589,0.3732017479255659
cifar100,m1_glfc,F1,0,0.31440354715915003,0.3893553297000049
cifar100,m1_glfc,F1,0,0.3292971255097151,0.4033976530662346
cifar100,m1_glfc,F1,0,0.34489622604057596,0.4184710561201944
cifar100,m1_glfc,F1,0,0.36123426997094304,0.4337899543378995
cifar100,m1_glfc,F1,0,0.3783462617131929,0.4526439829135366
cifar100,m1_glfc,F1,0,0.3962688638701478,0.471841704718417
cifar100,m1_glfc,F1,0,0.41504047578504766,0.4901556439338145
cifar100,m1_glfc,F1,0,0.43470131581250265,0.5097461580006873
cifar100,m1_glfc,F1,0,0.4552935074866948,0.5271272155938528
cifar100,m1_glfc,F1,0,0.47686116977144694,0.5461776403004861
cifar100,m1_glfc,F1,0,0.499450511585514,0.569450581823538
cifar100,m1_glfc,F1,0,0.5231099308056264,0.5918397407571071
cifar100,m1_glfc,F1,0,0.5478901179593945,0.6149162861491628
cifar100,m1_glfc,F1,0,0.5738441648302393,0.6429027348161241
cifar100,m1_glfc,F1,0,0.6010276782070382,0.6729022438257967
cifar100,m1_glfc,F1,0,0.6294988990221888,0.7003977021652673
cifar100,m1_glfc,F1,0,0.6593188271333549,0.7258310011292778
cifar100,m1_glfc,F1,0,0.6905513520162331,0.7546030343202239
cifar100,m1_glfc,F1,0,0.7232633896483533,0.7823930868561889
cifar100,m1_glfc,F1,0,0.7575250258771913,0.8139637649138312
cifar100,m1_glfc,F1,0,0.7934096665797492,0.8466146216919527
cifar100,m1_glfc,F1,0,0.8309941949353395,0.8805420533215496
cifar100,m1_glfc,F1,0,0.8703591361485166,0.9155987627043747
cifar100,m1_glfc,F1,0,0.9115888299750827,0.9494770953012226
cifar100,m1_glfc,F1,0,0.9547716114208056,0.9812932685226101
cifar100,m1_glfc,F1,0,1.0,1.0
cifar100,m2_target,F1,0,0.0,0.0046588372318742115
cifar100,m2_target,F1,0,0.0001,0.005726487430845385
cifar100,m2_target,F1,0,0.00010473708979594497,0.005726487430845385
cifar100,m2_target,F1,0,0.00010969857978923841,0.005726487430845385
cifar100,m2_target,F1,0,0.00011489510001873086,0.005726487430845385
cifar100,m2_target,F1,0,0.00012033778407775893,0.005726487430845385
cifar100,m2_target,F1,0,0.00012603829296797275,0.005726487430845385
cifar100,m2_target,F1,0,0.0001320088400831418,0.005726487430845385
cifar100,m2_target,F1,0,0.00013826221737646565,0.005726487430845385
cifar100,m2_target,F1,0,0.0001448118227674533,0.005726487430845385
cifar100,m2_target,F1,0,0.00015167168884709225,0.006745608075317868
cifar100,m2_target,F1,0,0.00015885651294280528,0.006745608075317868
cifar100,m2_target,F1,0,0.0001663816886076129,0.006745608075317868
cifar100,m2_target,F1,0,0.00017426333860096508,0.006745608075317868
cifar100,m2_target,F1,0,0.00018251834943190426,0.006745608075317868
cifar100,m2_target,F1,0,0.00019116440753857018,0.006745608075317868
cifar100,m2_target,F1,0,0.00020022003718155845,0.006891196738813938
cifar100,m2_target,F1,0,0.00020970464013232327,0.006891196738813938
cifar100,m2_target,F1,0,0.0002196385372416547,0.006891196738813938
cifar100,m2_target,F1,0,0.0002300430119772917,0.006891196738813938
cifar100,m2_target,F1,0,0.00024094035602395243,0.006891196738813938
cifar100,m2_target,F1,0,0.0002523539170434766,0.007182374065806076
cifar100,m2_target,F1,0,0.00026430814869741055,0.007182374065806076
cifar100,m2_target,F1,0,0.00027682866303920667,0.007182374065806076
cifar100,m2_target,F1,0,0.0002899422853882875,0.007182374065806076
cifar100,m2_target,F1,0,0.0003036771118035457,0.007473551392798214
cifar100,m2_target,F1,0,0.0003180625692794119,0.007473551392798214
cifar100,m2_target,F1,0,0.00033312947879346737,0.007473551392798214
cifar100,m2_target,F1,0,0.0003489101213406774,0.00810443560128118
cifar100,m2_target,F1,0,0.00036543830709572547,0.00810443560128118
cifar100,m2_target,F1,0,0.0003827494478516311,0.00810443560128118
cifar100,m2_target,F1,0,0.0004008806328898465,0.00810443560128118
cifar100,m2_target,F1,0,0.000419870708444391,0.00810443560128118
cifar100,m2_target,F1,0,0.00043976036093027214,0.00810443560128118
cifar100,m2_target,F1,0,0.00046059220411451035,0.00810443560128118
cifar100,m2_target,F1,0,0.00048241087041653687,0.00810443560128118
cifar100,m2_target,F1,0,0.0005052631065335679,0.00810443560128118
cifar100,m2_target,F1,0,0.0005291978735958442,0.00810443560128118
cifar100,m2_target,F1,0,0.0005542664520663107,0.00834708337377463
cifar100,m2_target,F1,0,0.0005805225516094895,0.00834708337377463
cifar100,m2_target,F1,0,0.0006080224261649427,0.008395612928273318
cifar100,m2_target,F1,0,0.0006368249944718586,0.008395612928273318
cifar100,m2_target,F1,0,0.0006669919663030121,0.008444142482772008
cifar100,m2_target,F1,0,0.0006985879746785249,0.008492672037270698
cifar100,m2_target,F1,0,0.0007316807143427193,0.008492672037270698
cifar100,m2_target,F1,0,0.0007663410868007462,0.008492672037270698
cifar100,m2_target,F1,0,0.0008026433522257174,0.008638260700766768
cifar100,m2_target,F1,0,0.0008406652885618325,0.008880908473260216
cifar100,m2_target,F1,0,0.0008804883581643465,0.008880908473260216
cifar100,m2_target,F1,0,0.0009221978823334322,0.009026497136756285
cifar100,m2_target,F1,0,0.0009658832241158709,0.009366204018247112
cifar100,m2_target,F1,0,0.001011637979766207,0.009414733572745802
cifar100,m2_target,F1,0,0.001059560179277616,0.009608851790740561
cifar100,m2_target,F1,0,0.0011097524964120721,0.00985149956323401
cifar100,m2_target,F1,0,0.0011623224686798518,0.010239735999223527
cifar100,m2_target,F1,0,0.001217382727739662,0.010822090653207803
cifar100,m2_target,F1,0,0.0012750512407130128,0.01145297486169077
cifar100,m2_target,F1,0,0.0013354515629298987,0.011647093079685528
cifar100,m2_target,F1,0,0.0013987131026472386,0.011792681743181597
cifar100,m2_target,F1,0,0.0014649713983072847,0.011792681743181597
cifar100,m2_target,F1,0,0.0015343684089300133,0.01295739105115015
cifar100,m2_target,F1,0,0.0016070528182616384,0.01315150926914491
cifar100,m2_target,F1,0,0.0016831803533309566,0.013394157041638358
cifar100,m2_target,F1,0,0.001762914118095948,0.013394157041638358
cifar100,m2_target,F1,0,0.0018464249428955426,0.013394157041638358
cifar100,m2_target,F1,0,0.0019338917504552321,0.013539745705134427
cifar100,m2_target,F1,0,0.0020255019392306666,0.013636804814131806
cifar100,m2_target,F1,0,0.00212145178491063,0.014122100359118704
cifar100,m2_target,F1,0,0.002221946860939524,0.014267689022614773
cifar100,m2_target,F1,0,0.0023272024789604074,0.015044161894593807
cifar100,m2_target,F1,0,0.002437444150122222,0.015141221003591186
cifar100,m2_target,F1,0,0.0025529080682395165,0.015238280112588567
cifar100,m2_target,F1,0,0.0026738416158399465,0.015335339221585946
cifar100,m2_target,F1,0,0.002800503894183631,0.015723575657575463
cifar100,m2_target,F1,0,0.0029331662783900424,0.015820634766572843
cifar100,m2_target,F1,0,0.003072112998861759,0.01616034164806367
cifar100,m2_target,F1,0,0.0032176417502507355,0.01625740075706105
cifar100,m2_target,F1,0,0.003370064329271928,0.01645151897505581
cifar100,m2_target,F1,0,0.00352970730273065,0.016597107638551878
cifar100,m2_target,F1,0,0.0036969127071950283,0.017470639619528293
cifar100,m2_target,F1,0,0.003872038781812557,0.01815005338250995
cifar100,m2_target,F1,0,0.004055460735840828,0.018780937590992915
cifar100,m2_target,F1,0,0.0042475715525368985,0.018975055808987673
cifar100,m2_target,F1,0,0.004448782831127585,0.01916917402698243
cifar100,m2_target,F1,0,0.004659525668664682,0.0198000582354654
cifar100,m2_target,F1,0,0.004880251583654433,0.020333883334950984
cifar100,m2_target,F1,0,0.005111433483440166,0.020964767543433953
cifar100,m2_target,F1,0,0.0053535666774107244,0.02145006308842085
cifar100,m2_target,F1,0,0.005607169938205458,0.021983888187906434
cifar100,m2_target,F1,0,0.005872786613189483,0.022275065514898572
cifar100,m2_target,F1,0,0.006150985788580504,0.02295447927788023
cifar100,m2_target,F1,0,0.00644236350872137,0.023536833931864506
cifar100,m2_target,F1,0,0.006747544053110693,0.024216247694846163
cifar100,m2_target,F1,0,0.0070671812739274914,0.024653013685334367
cifar100,m2_target,F1,0,0.007401959996915644,0.025235368339318644
cifar100,m2_target,F1,0,0.007752597488629464,0.026400077647287197
cifar100,m2_target,F1,0,0.008119844993184008,0.028244200718237408
cifar100,m2_target,F1,0,0.008504489341802677,0.028632437154226923
cifar100,m2_target,F1,0,0.00890735463861044,0.02945743958070465
cifar100,m2_target,F1,0,0.009329304026284686,0.030039794234688926
cifar100,m2_target,F1,0,0.009771241535346501,0.03139862176065224
cifar100,m2_target,F1,0,0.010234114021054527,0.03188391730563914
cifar100,m2_target,F1,0,0.010718913192051276,0.03285450839561293
cifar100,m2_target,F1,0,0.011226677735108135,0.03333980394059983
cifar100,m2_target,F1,0,0.01175849554052157,0.03460157235756576
cifar100,m2_target,F1,0,0.012315506032928261,0.036203047656022516
cifar100,m2_target,F1,0,0.01289890261253308,0.03678540231000679
cifar100,m2_target,F1,0,0.013509935211980266,0.03765893429098321
cifar100,m2_target,F1,0,0.01414991297434576,0.03964864602542949
cifar100,m2_target,F1,0,0.014820207057988586,0.04071629622440066
cifar100,m2_target,F1,0,0.01552225357427048,0.04202659419586528
cifar100,m2_target,F1,0,0.016257556664437952,0.042997185285839075
cifar100,m2_target,F1,0,0.017027691722258997,0.04387071726681549
cifar100,m2_target,F1,0,0.017834308769319095,0.045229544792778804
cifar100,m2_target,F1,0,0.01867913599020783,0.0471221974182277
cifar100,m2_target,F1,0,0.01956398343517065,0.048238377171697565
cifar100,m2_target,F1,0,0.020490746898158482,0.05027661846064253
cifar100,m2_target,F1,0,0.021461411978584036,0.0513442686596137
cifar100,m2_target,F1,0,0.02247805833548725,0.05357662816655343
cifar100,m2_target,F1,0,0.02354286414322418,0.054789867029020674
cifar100,m2_target,F1,0,0.024658110758226038,0.05682810831796564
cifar100,m2_target,F1,0,0.025826187606826773,0.05857517227991847
cifar100,m2_target,F1,0,0.027049597304631343,0.05993399980588178
cifar100,m2_target,F1,0,0.02833096101839324,0.061535475104338544
cifar100,m2_target,F1,0,0.029673024081888696,0.0645443074832573
cifar100,m2_target,F1,0,0.03107866187782014,0.06721343298068523
cifar100,m2_target,F1,0,0.0325508859983506,0.06963991070561973
cifar100,m2_target,F1,0,0.03409285069746811,0.07240609531204503
cifar100,m2_target,F1,0,0.03570785964900463,0.07468698437348345
cifar100,m2_target,F1,0,0.03739937302478798,0.07764728719790352
cifar100,m2_target,F1,0,0.039171014908092605,0.08051053091332622
cifar100,m2_target,F1,0,0.04102658105827194,0.0834223041832476
cifar100,m2_target,F1,0,0.04297004704320839,0.08604290012617684
cifar100,m2_target,F1,0,0.04500557675700498,0.08910026205959429
cifar100,m2_target,F1,0,0.047137531341167244,0.09172085800252354
cifar100,m2_target,F1,0,0.049370478528390035,0.09497233815393574
cifar100,m2_target,F1,0,0.05170920242896761,0.09802970008735319
cifar100,m2_target,F1,0,0.054158713780794704,0.10128118023876541
cifar100,m2_target,F1,0,0.05672426068491978,0.1050664854896632
cifar100,m2_target,F1,0,0.05941133984965034,0.1089003202950597
cifar100,m2_target,F1,0,0.06222570836730231,0.11205474133747452
cifar100,m2_target,F1,0,0.06517339604882427,0.11554886926138018
cifar100,m2_target,F1,0,0.06826071834272386,0.1206444724837426
cifar100,m2_target,F1,0,0.07149428986597577,0.12467242550713384
cifar100,m2_target,F1,0,0.07488103857590023,0.12933126273900805
cifar100,m2_target,F1,0,0.07842822061337681,0.13437833640687177
cifar100,m2_target,F1,0,0.0821434358491943,0.13932835096573815
cifar100,m2_target,F1,0,0.086034644166845,0.1428710084441425
cifar100,m2_target,F1,0,0.09011018251665019,0.1480151412210036
cifar100,m2_target,F1,0,0.09437878277775381,0.15442104241483062
cifar100,m2_target,F1,0,0.09884959046625587,0.15995341162768126
cifar100,m2_target,F1,0,0.10353218432956626,0.16606813549451616
cifar100,m2_target,F1,0,0.1084365968689611,0.17242550713384452
cifar100,m2_target,F1,0,0.11357333583431052,0.17834611278268467
cifar100,m2_target,F1,0,0.11895340673703195,0.18547995729399205
cifar100,m2_target,F1,0,0.12458833642950082,0.19188585848781908
cifar100,m2_target,F1,0,0.1304901978014403,0.19824323012714742
cifar100,m2_target,F1,0,0.13667163564620075,0.20513442686596137
cifar100,m2_target,F1,0,0.14314589375234785,0.21134620984179364
cifar100,m2_target,F1,0,0.14992684327860456,0.21998447054256043
cifar100,m2_target,F1,0,0.15702901247293774,0.2285256721343298
cifar100,m2_target,F1,0,0.16446761779946645,0.23721246238959526
cifar100,m2_target,F1,0,0.17225859653987874,0.24682131418033582
cifar100,m2_target,F1,0,0.18041864093920718,0.2547316315636222
cifar100,m2_target,F1,0,0.18896523396912096,0.26555372221683005
cifar100,m2_target,F1,0,0.19791668678535573,0.27589051732505093
cifar100,m2_target,F1,0,0.2072921779595372,0.28719790352324565
cifar100,m2_target,F1,0,0.21711179456945054,0.2983597010579443
cifar100,m2_target,F1,0,0.22739657523579276,0.3105406192371154
cifar100,m2_target,F1,0,0.23816855519761582,0.32218771231680093
cifar100,m2_target,F1,0,0.24945081352303167,0.3333009802970009
cifar100,m2_target,F1,0,0.2612675225563329,0.3450936620401825
cifar100,m2_target,F1,0,0.27364399970746717,0.35814811220033
cifar100,m2_target,F1,0,0.286606761694825,0.3721731534504513
cifar100,m2_target,F1,0,0.3001835813575589,0.3888673201980006
cifar100,m2_target,F1,0,0.31440354715915003,0.40468795496457344
cifar100,m2_target,F1,0,0.3292971255097151,0.42113947393962925
cifar100,m2_target,F1,0,0.34489622604057596,0.4397262933126274
cifar100,m2_target,F1,0,0.36123426997094304,0.4568086964961662
cifar100,m2_target,F1,0,0.3783462617131929,0.47505580898767347
cifar100,m2_target,F1,0,0.3962688638701478,0.49417645346015726
cifar100,m2_target,F1,0,0.41504047578504766,0.5134912161506358
cifar100,m2_target,F1,0,0.43470131581250265,0.533630981267592
cifar100,m2_target,F1,0,0.4552935074866948,0.5544986897020285
cifar100,m2_target,F1,0,0.47686116977144694,0.5769678734349218
cifar100,m2_target,F1,0,0.499450511585514,0.5987576434048335
cifar100,m2_target,F1,0,0.5231099308056264,0.6214694749102203
cifar100,m2_target,F1,0,0.5478901179593945,0.643890129088615
cifar100,m2_target,F1,0,0.5738441648302393,0.6700475589634087
cifar100,m2_target,F1,0,0.6010276782070382,0.6934873337862758
cifar100,m2_target,F1,0,0.6294988990221888,0.7213432980685237
cifar100,m2_target,F1,0,0.6593188271333549,0.7494904396777637
cifar100,m2_target,F1,0,0.6905513520162331,0.7795787634669513
cifar100,m2_target,F1,0,0.7232633896483533,0.808259730175677
cifar100,m2_target,F1,0,0.7575250258771913,0.8377171697563817
cifar100,m2_target,F1,0,0.7934096665797492,0.8653790158206348
cifar100,m2_target,F1,0,0.8309941949353395,0.8972629331262739
cifar100,m2_target,F1,0,0.8703591361485166,0.9285644957779288
cifar100,m2_target,F1,0,0.9115888299750827,0.9575366398136466
cifar100,m2_target,F1,0,0.9547716114208056,0.9848102494419101
cifar100,m2_target,F1,0,1.0,1.0
cifar100,m3_fot,F1,0,0.0,0.0
cifar100,m3_fot,F1,0,0.0001,0.0016446572824457021
cifar100,m3_fot,F1,0,0.00010473708979594497,0.0016446572824457021
cifar100,m3_fot,F1,0,0.00010969857978923841,0.0016446572824457021
cifar100,m3_fot,F1,0,0.00011489510001873086,0.0016446572824457021
cifar100,m3_fot,F1,0,0.00012033778407775893,0.0016446572824457021
cifar100,m3_fot,F1,0,0.00012603829296797275,0.0016446572824457021
cifar100,m3_fot,F1,0,0.0001320088400831418,0.0016446572824457021
cifar100,m3_fot,F1,0,0.00013826221737646565,0.0016446572824457021
cifar100,m3_fot,F1,0,0.0001448118227674533,0.0016446572824457021
cifar100,m3_fot,F1,0,0.00015167168884709225,0.00261210274270788
cifar100,m3_fot,F1,0,0.00015885651294280528,0.00261210274270788
cifar100,m3_fot,F1,0,0.0001663816886076129,0.00261210274270788
cifar100,m3_fot,F1,0,0.00017426333860096508,0.00261210274270788
cifar100,m3_fot,F1,0,0.00018251834943190426,0.00261210274270788
cifar100,m3_fot,F1,0,0.00019116440753857018,0.00261210274270788
cifar100,m3_fot,F1,0,0.00020022003718155845,0.0028539641077734244
cifar100,m3_fot,F1,0,0.00020970464013232327,0.0028539641077734244
cifar100,m3_fot,F1,0,0.0002196385372416547,0.0028539641077734244
cifar100,m3_fot,F1,0,0.0002300430119772917,0.0028539641077734244
cifar100,m3_fot,F1,0,0.00024094035602395243,0.0028539641077734244
cifar100,m3_fot,F1,0,0.0002523539170434766,0.002902336380786533
cifar100,m3_fot,F1,0,0.00026430814869741055,0.002902336380786533
cifar100,m3_fot,F1,0,0.00027682866303920667,0.002902336380786533
cifar100,m3_fot,F1,0,0.0002899422853882875,0.002902336380786533
cifar100,m3_fot,F1,0,0.0003036771118035457,0.002950708653799642
cifar100,m3_fot,F1,0,0.0003180625692794119,0.002950708653799642
cifar100,m3_fot,F1,0,0.00033312947879346737,0.002950708653799642
cifar100,m3_fot,F1,0,0.0003489101213406774,0.002999080926812751
cifar100,m3_fot,F1,0,0.00036543830709572547,0.002999080926812751
cifar100,m3_fot,F1,0,0.0003827494478516311,0.002999080926812751
cifar100,m3_fot,F1,0,0.0004008806328898465,0.0031441977458520776
cifar100,m3_fot,F1,0,0.000419870708444391,0.0031441977458520776
cifar100,m3_fot,F1,0,0.00043976036093027214,0.0031441977458520776
cifar100,m3_fot,F1,0,0.00046059220411451035,0.0031925700188651864
cifar100,m3_fot,F1,0,0.00048241087041653687,0.0031925700188651864
cifar100,m3_fot,F1,0,0.0005052631065335679,0.003386059110917622
cifar100,m3_fot,F1,0,0.0005291978735958442,0.003386059110917622
cifar100,m3_fot,F1,0,0.0005542664520663107,0.003434431383930731
cifar100,m3_fot,F1,0,0.0005805225516094895,0.003434431383930731
cifar100,m3_fot,F1,0,0.0006080224261649427,0.003434431383930731
cifar100,m3_fot,F1,0,0.0006368249944718586,0.003434431383930731
cifar100,m3_fot,F1,0,0.0006669919663030121,0.003869781841048711
cifar100,m3_fot,F1,0,0.0006985879746785249,0.003869781841048711
cifar100,m3_fot,F1,0,0.0007316807143427193,0.003869781841048711
cifar100,m3_fot,F1,0,0.0007663410868007462,0.004111643206114255
cifar100,m3_fot,F1,0,0.0008026433522257174,0.004160015479127364
cifar100,m3_fot,F1,0,0.0008406652885618325,0.004160015479127364
cifar100,m3_fot,F1,0,0.0008804883581643465,0.004160015479127364
cifar100,m3_fot,F1,0,0.0009221978823334322,0.004160015479127364
cifar100,m3_fot,F1,0,0.0009658832241158709,0.004546993663232236
cifar100,m3_fot,F1,0,0.001011637979766207,0.004546993663232236
cifar100,m3_fot,F1,0,0.001059560179277616,0.004546993663232236
cifar100,m3_fot,F1,0,0.0011097524964120721,0.004643738209258453
cifar100,m3_fot,F1,0,0.0011623224686798518,0.004692110482271562
cifar100,m3_fot,F1,0,0.001217382727739662,0.004933971847337106
cifar100,m3_fot,F1,0,0.0012750512407130128,0.0049823441203502156
cifar100,m3_fot,F1,0,0.0013354515629298987,0.005030716393363324
cifar100,m3_fot,F1,0,0.0013987131026472386,0.005030716393363324
cifar100,m3_fot,F1,0,0.0014649713983072847,0.005127460939389542
cifar100,m3_fot,F1,0,0.0015343684089300133,0.0051758332124026505
cifar100,m3_fot,F1,0,0.0016070528182616384,0.005562811396507522
cifar100,m3_fot,F1,0,0.0016831803533309566,0.005804672761573066
cifar100,m3_fot,F1,0,0.001762914118095948,0.005901417307599284
cifar100,m3_fot,F1,0,0.0018464249428955426,0.006481884583756591
cifar100,m3_fot,F1,0,0.0019338917504552321,0.006820490494848353
cifar100,m3_fot,F1,0,0.0020255019392306666,0.007159096405940115
cifar100,m3_fot,F1,0,0.00212145178491063,0.007691191409084313
cifar100,m3_fot,F1,0,0.002221946860939524,0.008029797320176075
cifar100,m3_fot,F1,0,0.0023272024789604074,0.00822328641222851
cifar100,m3_fot,F1,0,0.002437444150122222,0.008368403231267836
cifar100,m3_fot,F1,0,0.0025529080682395165,0.008416775504280946
cifar100,m3_fot,F1,0,0.0026738416158399465,0.008513520050307165
cifar100,m3_fot,F1,0,0.002800503894183631,0.0087070091423596
cifar100,m3_fot,F1,0,0.0029331662783900424,0.00914235959947758
cifar100,m3_fot,F1,0,0.003072112998861759,0.009190731872490688
cifar100,m3_fot,F1,0,0.0032176417502507355,0.009432593237556233
cifar100,m3_fot,F1,0,0.003370064329271928,0.009819571421661104
cifar100,m3_fot,F1,0,0.00352970730273065,0.009867943694674213
cifar100,m3_fot,F1,0,0.0036969127071950283,0.010400038697818411
cifar100,m3_fot,F1,0,0.003872038781812557,0.010545155516857738
cifar100,m3_fot,F1,0,0.004055460735840828,0.011367484158080587
cifar100,m3_fot,F1,0,0.0042475715525368985,0.012189812799303439
cifar100,m3_fot,F1,0,0.004448782831127585,0.012528418710395202
cifar100,m3_fot,F1,0,0.004659525668664682,0.012721907802447637
cifar100,m3_fot,F1,0,0.004880251583654433,0.013640980989696705
cifar100,m3_fot,F1,0,0.005111433483440166,0.013979586900788469
cifar100,m3_fot,F1,0,0.0053535666774107244,0.014801915542011318
cifar100,m3_fot,F1,0,0.005607169938205458,0.015140521453103082
cifar100,m3_fot,F1,0,0.005872786613189483,0.015962850094325933
cifar100,m3_fot,F1,0,0.006150985788580504,0.01644657282445702
cifar100,m3_fot,F1,0,0.00644236350872137,0.0174140182847192
cifar100,m3_fot,F1,0,0.006747544053110693,0.01828471919895516
cifar100,m3_fot,F1,0,0.0070671812739274914,0.019058675567164902
cifar100,m3_fot,F1,0,0.007401959996915644,0.019929376481400862
cifar100,m3_fot,F1,0,0.007752597488629464,0.01997774875441397
cifar100,m3_fot,F1,0,0.008119844993184008,0.021187055579741692
cifar100,m3_fot,F1,0,0.008504489341802677,0.02220287331301698
cifar100,m3_fot,F1,0,0.00890735463861044,0.023121946500266048
cifar100,m3_fot,F1,0,0.009329304026284686,0.023605669230397135
cifar100,m3_fot,F1,0,0.009771241535346501,0.02423450877956755
cifar100,m3_fot,F1,0,0.010234114021054527,0.02476660378271175
cifar100,m3_fot,F1,0,0.010718913192051276,0.025927538335026364
cifar100,m3_fot,F1,0,0.011226677735108135,0.027668940163498284
cifar100,m3_fot,F1,0,0.01175849554052157,0.02868475789677357
cifar100,m3_fot,F1,0,0.012315506032928261,0.029168480626904657
cifar100,m3_fot,F1,0,0.01289890261253308,0.0299424369951144
cifar100,m3_fot,F1,0,0.013509935211980266,0.03086151018236347
cifar100,m3_fot,F1,0,0.01414991297434576,0.03342524065205824
cifar100,m3_fot,F1,0,0.014820207057988586,0.03516664248053016
cifar100,m3_fot,F1,0,0.01552225357427048,0.036230832486818555
cifar100,m3_fot,F1,0,0.016257556664437952,0.0375852561311856
cifar100,m3_fot,F1,0,0.017027691722258997,0.03922991341363131
cifar100,m3_fot,F1,0,0.017834308769319095,0.04198713297537851
cifar100,m3_fot,F1,0,0.01867913599020783,0.04401876844192908
cifar100,m3_fot,F1,0,0.01956398343517065,0.045276447540269917
cifar100,m3_fot,F1,0,0.020490746898158482,0.04764668891791225
cifar100,m3_fot,F1,0,0.021461411978584036,0.04938809074638417
cifar100,m3_fot,F1,0,0.02247805833548725,0.05074251439075122
cifar100,m3_fot,F1,0,0.02354286414322418,0.05209693803511827
cifar100,m3_fot,F1,0,0.024658110758226038,0.05354810622551154
cifar100,m3_fot,F1,0,0.025826187606826773,0.054902529869878584
cifar100,m3_fot,F1,0,0.027049597304631343,0.058385333526822424
cifar100,m3_fot,F1,0,0.02833096101839324,0.060465341266386106
cifar100,m3_fot,F1,0,0.029673024081888696,0.06278721037101534
cifar100,m3_fot,F1,0,0.03107866187782014,0.06443186765346104
cifar100,m3_fot,F1,0,0.0325508859983506,0.06656024766603783
cifar100,m3_fot,F1,0,0.03409285069746811,0.06893048904368017
cifar100,m3_fot,F1,0,0.03570785964900463,0.07192956997049291
cifar100,m3_fot,F1,0,0.03739937302478798,0.075073767716345
cifar100,m3_fot,F1,0,0.039171014908092605,0.07744400909398733
cifar100,m3_fot,F1,0,0.04102658105827194,0.07966913365259033
cifar100,m3_fot,F1,0,0.04297004704320839,0.08170076911914091
cifar100,m3_fot,F1,0,0.04500557675700498,0.08358728776665215
cifar100,m3_fot,F1,0,0.047137531341167244,0.08716683596962221
cifar100,m3_fot,F1,0,0.049370478528390035,0.0898273109853432
cifar100,m3_fot,F1,0,0.05170920242896761,0.09321337009626082
cifar100,m3_fot,F1,0,0.054158713780794704,0.09601896193102114
cifar100,m3_fot,F1,0,0.05672426068491978,0.09945339331495187
cifar100,m3_fot,F1,0,0.05941133984965034,0.10225898514971218
cifar100,m3_fot,F1,0,0.06222570836730231,0.10554829971460358
cifar100,m3_fot,F1,0,0.06517339604882427,0.10965994292071785
cifar100,m3_fot,F1,0,0.06826071834272386,0.11275576839355682
cifar100,m3_fot,F1,0,0.07149428986597577,0.11710927296473661
cifar100,m3_fot,F1,0,0.07488103857590023,0.1224785952691917
cifar100,m3_fot,F1,0,0.07842822061337681,0.12707396120543704
cifar100,m3_fot,F1,0,0.0821434358491943,0.13254002805591836
cifar100,m3_fot,F1,0,0.086034644166845,0.13684516035408503
cifar100,m3_fot,F1,0,0.09011018251665019,0.14081168674115996
cifar100,m3_fot,F1,0,0.09437878277775381,0.1458424031345233
cifar100,m3_fot,F1,0,0.09884959046625587,0.15155033135007015
cifar100,m3_fot,F1,0,0.10353218432956626,0.15856431093697093
cifar100,m3_fot,F1,0,0.1084365968689611,0.16475596188264888
cifar100,m3_fot,F1,0,0.11357333583431052,0.17128621873941857
cifar100,m3_fot,F1,0,0.11895340673703195,0.17723600832003095
cifar100,m3_fot,F1,0,0.12458833642950082,0.18473371063706284
cifar100,m3_fot,F1,0,0.1304901978014403,0.19165094567793742
cifar100,m3_fot,F1,0,0.13667163564620075,0.19900353117592995
cifar100,m3_fot,F1,0,0.14314589375234785,0.20553378803269964
cifar100,m3_fot,F1,0,0.14992684327860456,0.21254776761960045
cifar100,m3_fot,F1,0,0.15702901247293774,0.22139989358099937
cifar100,m3_fot,F1,0,0.16446761779946645,0.2297199245392541
cifar100,m3_fot,F1,0,0.17225859653987874,0.23760460504039085
cifar100,m3_fot,F1,0,0.18041864093920718,0.24573114690659315
cifar100,m3_fot,F1,0,0.18896523396912096,0.25559909060126734
cifar100,m3_fot,F1,0,0.19791668678535573,0.2657572679340202
cifar100,m3_fot,F1,0,0.2072921779595372,0.2749479998065109
cifar100,m3_fot,F1,0,0.21711179456945054,0.28476757122817203
cifar100,m3_fot,F1,0,0.22739657523579276,0.29594156629420015
cifar100,m3_fot,F1,0,0.23816855519761582,0.30880859091568713
cifar100,m3_fot,F1,0,0.24945081352303167,0.3199342137087022
cifar100,m3_fot,F1,0,0.2612675225563329,0.33294635514922843
cifar100,m3_fot,F1,0,0.27364399970746717,0.3469259420500169
cifar100,m3_fot,F1,0,0.286606761694825,0.3601799448556088
cifar100,m3_fot,F1,0,0.3001835813575589,0.37541721085473806
cifar100,m3_fot,F1,0,0.31440354715915003,0.3907995936729067
cifar100,m3_fot,F1,0,0.3292971255097151,0.40739128331640306
cifar100,m3_fot,F1,0,0.34489622604057596,0.42480530160112223
cifar100,m3_fot,F1,0,0.36123426997094304,0.44173559715571037
cifar100,m3_fot,F1,0,0.3783462617131929,0.45798868088811495
cifar100,m3_fot,F1,0,0.3962688638701478,0.4769022396362405
cifar100,m3_fot,F1,0,0.41504047578504766,0.49470323610506456
cifar100,m3_fot,F1,0,0.43470131581250265,0.5159870362308325
cifar100,m3_fot,F1,0,0.4552935074866948,0.5402215450104
cifar100,m3_fot,F1,0,0.47686116977144694,0.562424418323417
cifar100,m3_fot,F1,0,0.499450511585514,0.5817733275286606
cifar100,m3_fot,F1,0,0.5231099308056264,0.6014608426449959
cifar100,m3_fot,F1,0,0.5478901179593945,0.6257920959705897
cifar100,m3_fot,F1,0,0.5738441648302393,0.649929860204131
cifar100,m3_fot,F1,0,0.6010276782070382,0.6785662458278915
cifar100,m3_fot,F1,0,0.6294988990221888,0.7067189087215209
cifar100,m3_fot,F1,0,0.6593188271333549,0.7359357616214386
cifar100,m3_fot,F1,0,0.6905513520162331,0.7679582063561167
cifar100,m3_fot,F1,0,0.7232633896483533,0.7982392492623228
cifar100,m3_fot,F1,0,0.7575250258771913,0.8293426208097519
cifar100,m3_fot,F1,0,0.7934096665797492,0.860542736903207
cifar100,m3_fot,F1,0,0.8309941949353395,0.8897595898031249
cifar100,m3_fot,F1,0,0.8703591361485166,0.9206210999854884
cifar100,m3_fot,F1,0,0.9115888299750827,0.9508053983456682
cifar100,m3_fot,F1,0,0.9547716114208056,0.9792966671503894
cifar100,m3_fot,F1,0,1.0,1.0
cifar100,m4_proto,F2,0,0.0,0.07041564792176039
cifar100,m4_proto,F2,0,0.0001,0.122200488997555
cifar100,m4_proto,F2,0,0.00010473708979594497,0.122200488997555
cifar100,m4_proto,F2,0,0.00010969857978923841,0.122200488997555
cifar100,m4_proto,F2,0,0.00011489510001873086,0.122200488997555
cifar100,m4_proto,F2,0,0.00012033778407775893,0.122200488997555
cifar100,m4_proto,F2,0,0.00012603829296797275,0.122200488997555
cifar100,m4_proto,F2,0,0.0001320088400831418,0.122200488997555
cifar100,m4_proto,F2,0,0.00013826221737646565,0.122200488997555
cifar100,m4_proto,F2,0,0.0001448118227674533,0.122200488997555
cifar100,m4_proto,F2,0,0.00015167168884709225,0.1223960880195599
cifar100,m4_proto,F2,0,0.00015885651294280528,0.1223960880195599
cifar100,m4_proto,F2,0,0.0001663816886076129,0.1223960880195599
cifar100,m4_proto,F2,0,0.00017426333860096508,0.1223960880195599
cifar100,m4_proto,F2,0,0.00018251834943190426,0.1223960880195599
cifar100,m4_proto,F2,0,0.00019116440753857018,0.1223960880195599
cifar100,m4_proto,F2,0,0.00020022003718155845,0.12327628361858191
cifar100,m4_proto,F2,0,0.00020970464013232327,0.12327628361858191
cifar100,m4_proto,F2,0,0.0002196385372416547,0.12327628361858191
cifar100,m4_proto,F2,0,0.0002300430119772917,0.12327628361858191
cifar100,m4_proto,F2,0,0.00024094035602395243,0.12327628361858191
cifar100,m4_proto,F2,0,0.0002523539170434766,0.1325672371638142
cifar100,m4_proto,F2,0,0.00026430814869741055,0.1325672371638142
cifar100,m4_proto,F2,0,0.00027682866303920667,0.1325672371638142
cifar100,m4_proto,F2,0,0.0002899422853882875,0.1325672371638142
cifar100,m4_proto,F2,0,0.0003036771118035457,0.13398533007334965
cifar100,m4_proto,F2,0,0.0003180625692794119,0.13398533007334965
cifar100,m4_proto,F2,0,0.00033312947879346737,0.13398533007334965
cifar100,m4_proto,F2,0,0.0003489101213406774,0.1363325183374083
cifar100,m4_proto,F2,0,0.00036543830709572547,0.1363325183374083
cifar100,m4_proto,F2,0,0.0003827494478516311,0.1363325183374083
cifar100,m4_proto,F2,0,0.0004008806328898465,0.1388753056234719
cifar100,m4_proto,F2,0,0.000419870708444391,0.1388753056234719
cifar100,m4_proto,F2,0,0.00043976036093027214,0.14097799511002446
cifar100,m4_proto,F2,0,0.00046059220411451035,0.14097799511002446
cifar100,m4_proto,F2,0,0.00048241087041653687,0.14097799511002446
cifar100,m4_proto,F2,0,0.0005052631065335679,0.142640586797066
cifar100,m4_proto,F2,0,0.0005291978735958442,0.142640586797066
cifar100,m4_proto,F2,0,0.0005542664520663107,0.15163814180929094
cifar100,m4_proto,F2,0,0.0005805225516094895,0.15163814180929094
cifar100,m4_proto,F2,0,0.0006080224261649427,0.1521760391198044
cifar100,m4_proto,F2,0,0.0006368249944718586,0.15227383863080685
cifar100,m4_proto,F2,0,0.0006669919663030121,0.15227383863080685
cifar100,m4_proto,F2,0,0.0006985879746785249,0.1530562347188264
cifar100,m4_proto,F2,0,0.0007316807143427193,0.1554523227383863
cifar100,m4_proto,F2,0,0.0007663410868007462,0.1554523227383863
cifar100,m4_proto,F2,0,0.0008026433522257174,0.1576039119804401
cifar100,m4_proto,F2,0,0.0008406652885618325,0.159119804400978
cifar100,m4_proto,F2,0,0.0008804883581643465,0.1593643031784841
cifar100,m4_proto,F2,0,0.0009221978823334322,0.1593643031784841
cifar100,m4_proto,F2,0,0.0009658832241158709,0.16073349633251835
cifar100,m4_proto,F2,0,0.001011637979766207,0.16376528117359412
cifar100,m4_proto,F2,0,0.001059560179277616,0.1647921760391198
cifar100,m4_proto,F2,0,0.0011097524964120721,0.1656234718826406
cifar100,m4_proto,F2,0,0.0011623224686798518,0.16704156479217605
cifar100,m4_proto,F2,0,0.001217382727739662,0.17134474327628363
cifar100,m4_proto,F2,0,0.0012750512407130128,0.17574572127139365
cifar100,m4_proto,F2,0,0.0013354515629298987,0.17618581907090464
cifar100,m4_proto,F2,0,0.0013987131026472386,0.17731051344743276
cifar100,m4_proto,F2,0,0.0014649713983072847,0.17907090464547679
cifar100,m4_proto,F2,0,0.0015343684089300133,0.17936430317848412
cifar100,m4_proto,F2,0,0.0016070528182616384,0.18337408312958436
cifar100,m4_proto,F2,0,0.0016831803533309566,0.18415647921760392
cifar100,m4_proto,F2,0,0.001762914118095948,0.18498777506112468
cifar100,m4_proto,F2,0,0.0018464249428955426,0.1858679706601467
cifar100,m4_proto,F2,0,0.0019338917504552321,0.18982885085574572
cifar100,m4_proto,F2,0,0.0020255019392306666,0.19070904645476772
cifar100,m4_proto,F2,0,0.00212145178491063,0.196479217603912
cifar100,m4_proto,F2,0,0.002221946860939524,0.20146699266503668
cifar100,m4_proto,F2,0,0.0023272024789604074,0.2017114914425428
cifar100,m4_proto,F2,0,0.002437444150122222,0.20229828850855747
cifar100,m4_proto,F2,0,0.0025529080682395165,0.2034718826405868
cifar100,m4_proto,F2,0,0.0026738416158399465,0.2050366748166259
cifar100,m4_proto,F2,0,0.002800503894183631,0.2130562347188264
cifar100,m4_proto,F2,0,0.0029331662783900424,0.21858190709046454
cifar100,m4_proto,F2,0,0.003072112998861759,0.222200488997555
cifar100,m4_proto,F2,0,0.0032176417502507355,0.22973105134474328
cifar100,m4_proto,F2,0,0.003370064329271928,0.23383863080684597
cifar100,m4_proto,F2,0,0.00352970730273065,0.23525672371638143
cifar100,m4_proto,F2,0,0.0036969127071950283,0.23853300733496333
cifar100,m4_proto,F2,0,0.003872038781812557,0.24112469437652811
cifar100,m4_proto,F2,0,0.004055460735840828,0.24655256723716382
cifar100,m4_proto,F2,0,0.0042475715525368985,0.2484596577017115
cifar100,m4_proto,F2,0,0.004448782831127585,0.25491442542787285
cifar100,m4_proto,F2,0,0.004659525668664682,0.25775061124694376
cifar100,m4_proto,F2,0,0.004880251583654433,0.26567237163814184
cifar100,m4_proto,F2,0,0.005111433483440166,0.26772616136919314
cifar100,m4_proto,F2,0,0.0053535666774107244,0.27061124694376526
cifar100,m4_proto,F2,0,0.005607169938205458,0.277359413202934
cifar100,m4_proto,F2,0,0.005872786613189483,0.2797555012224939
cifar100,m4_proto,F2,0,0.006150985788580504,0.28577017114914427
cifar100,m4_proto,F2,0,0.00644236350872137,0.2902689486552567
cifar100,m4_proto,F2,0,0.006747544053110693,0.2950611246943765
cifar100,m4_proto,F2,0,0.0070671812739274914,0.2976528117359413
cifar100,m4_proto,F2,0,0.007401959996915644,0.2993154034229829
cifar100,m4_proto,F2,0,0.007752597488629464,0.30312958435207826
cifar100,m4_proto,F2,0,0.008119844993184008,0.30557457212713934
cifar100,m4_proto,F2,0,0.008504489341802677,0.30963325183374085
cifar100,m4_proto,F2,0,0.00890735463861044,0.3132518337408313
cifar100,m4_proto,F2,0,0.009329304026284686,0.31594132029339855
cifar100,m4_proto,F2,0,0.009771241535346501,0.323080684596577
cifar100,m4_proto,F2,0,0.010234114021054527,0.32728606356968215
cifar100,m4_proto,F2,0,0.010718913192051276,0.33511002444987775
cifar100,m4_proto,F2,0,0.011226677735108135,0.33823960880195597
cifar100,m4_proto,F2,0,0.01175849554052157,0.3432762836185819
cifar100,m4_proto,F2,0,0.012315506032928261,0.3487041564792176
cifar100,m4_proto,F2,0,0.01289890261253308,0.3536430317848411
cifar100,m4_proto,F2,0,0.013509935211980266,0.35750611246943764
cifar100,m4_proto,F2,0,0.01414991297434576,0.3623471882640587
cifar100,m4_proto,F2,0,0.014820207057988586,0.3665036674816626
cifar100,m4_proto,F2,0,0.01552225357427048,0.36987775061124695
cifar100,m4_proto,F2,0,0.016257556664437952,0.37486552567237164
cifar100,m4_proto,F2,0,0.017027691722258997,0.3784841075794621
cifar100,m4_proto,F2,0,0.017834308769319095,0.38224938875305625
cifar100,m4_proto,F2,0,0.01867913599020783,0.38547677261613694
cifar100,m4_proto,F2,0,0.01956398343517065,0.3891931540342298
cifar100,m4_proto,F2,0,0.020490746898158482,0.3940831295843521
cifar100,m4_proto,F2,0,0.021461411978584036,0.3978484107579462
cifar100,m4_proto,F2,0,0.02247805833548725,0.4036674816625917
cifar100,m4_proto,F2,0,0.02354286414322418,0.4119315403422983
cifar100,m4_proto,F2,0,0.024658110758226038,0.4177506112469438
cifar100,m4_proto,F2,0,0.025826187606826773,0.42469437652811737
cifar100,m4_proto,F2,0,0.027049597304631343,0.4328117359413203
cifar100,m4_proto,F2,0,0.02833096101839324,0.4383863080684597
cifar100,m4_proto,F2,0,0.029673024081888696,0.44381418092909536
cifar100,m4_proto,F2,0,0.03107866187782014,0.4510513447432763
cifar100,m4_proto,F2,0,0.0325508859983506,0.4571149144254279
cifar100,m4_proto,F2,0,0.03409285069746811,0.46298288508557456
cifar100,m4_proto,F2,0,0.03570785964900463,0.46767726161369194
cifar100,m4_proto,F2,0,0.03739937302478798,0.47378973105134475
cifar100,m4_proto,F2,0,0.039171014908092605,0.48004889975550125
cifar100,m4_proto,F2,0,0.04102658105827194,0.48596577017114917
cifar100,m4_proto,F2,0,0.04297004704320839,0.49511002444987773
cifar100,m4_proto,F2,0,0.04500557675700498,0.49907090464547677
cifar100,m4_proto,F2,0,0.047137531341167244,0.5065036674816626
cifar100,m4_proto,F2,0,0.049370478528390035,0.5143765281173595
cifar100,m4_proto,F2,0,0.05170920242896761,0.5219559902200489
cifar100,m4_proto,F2,0,0.054158713780794704,0.5278239608801956
cifar100,m4_proto,F2,0,0.05672426068491978,0.5339364303178484
cifar100,m4_proto,F2,0,0.05941133984965034,0.5431295843520783
cifar100,m4_proto,F2,0,0.06222570836730231,0.5533496332518337
cifar100,m4_proto,F2,0,0.06517339604882427,0.5623960880195599
cifar100,m4_proto,F2,0,0.06826071834272386,0.571442542787286
cifar100,m4_proto,F2,0,0.07149428986597577,0.5815158924205379
cifar100,m4_proto,F2,0,0.07488103857590023,0.5890953545232274
cifar100,m4_proto,F2,0,0.07842822061337681,0.5981418092909535
cifar100,m4_proto,F2,0,0.0821434358491943,0.6060146699266503
cifar100,m4_proto,F2,0,0.086034644166845,0.6127139364303178
cifar100,m4_proto,F2,0,0.09011018251665019,0.6227383863080684
cifar100,m4_proto,F2,0,0.09437878277775381,0.6310513447432763
cifar100,m4_proto,F2,0,0.09884959046625587,0.6396088019559902
cifar100,m4_proto,F2,0,0.10353218432956626,0.6479217603911981
cifar100,m4_proto,F2,0,0.1084365968689611,0.6581418092909536
cifar100,m4_proto,F2,0,0.11357333583431052,0.6644987775061124
cifar100,m4_proto,F2,0,0.11895340673703195,0.67320293398533
cifar100,m4_proto,F2,0,0.12458833642950082,0.6821026894865526
cifar100,m4_proto,F2,0,0.1304901978014403,0.6924205378973105
cifar100,m4_proto,F2,0,0.13667163564620075,0.7012713936430318
cifar100,m4_proto,F2,0,0.14314589375234785,0.7109535452322738
cifar100,m4_proto,F2,0,0.14992684327860456,0.7209290953545232
cifar100,m4_proto,F2,0,0.15702901247293774,0.7291931540342298
cifar100,m4_proto,F2,0,0.16446761779946645,0.7378973105134474
cifar100,m4_proto,F2,0,0.17225859653987874,0.7473838630806846
cifar100,m4_proto,F2,0,0.18041864093920718,0.756039119804401
cifar100,m4_proto,F2,0,0.18896523396912096,0.7660635696821516
cifar100,m4_proto,F2,0,0.19791668678535573,0.7739853300733497
cifar100,m4_proto,F2,0,0.2072921779595372,0.7833740831295843
cifar100,m4_proto,F2,0,0.21711179456945054,0.7939364303178484
cifar100,m4_proto,F2,0,0.22739657523579276,0.8031784841075794
cifar100,m4_proto,F2,0,0.23816855519761582,0.8126650366748166
cifar100,m4_proto,F2,0,0.24945081352303167,0.8207823960880195
cifar100,m4_proto,F2,0,0.2612675225563329,0.8302200488997555
cifar100,m4_proto,F2,0,0.27364399970746717,0.8396088019559902
cifar100,m4_proto,F2,0,0.286606761694825,0.8486063569682152
cifar100,m4_proto,F2,0,0.3001835813575589,0.8580440097799511
cifar100,m4_proto,F2,0,0.31440354715915003,0.8662591687041565
cifar100,m4_proto,F2,0,0.3292971255097151,0.874718826405868
cifar100,m4_proto,F2,0,0.34489622604057596,0.883960880195599
cifar100,m4_proto,F2,0,0.36123426997094304,0.8931051344743276
cifar100,m4_proto,F2,0,0.3783462617131929,0.9022982885085574
cifar100,m4_proto,F2,0,0.3962688638701478,0.9124205378973105
cifar100,m4_proto,F2,0,0.41504047578504766,0.9209779951100244
cifar100,m4_proto,F2,0,0.43470131581250265,0.930562347188264
cifar100,m4_proto,F2,0,0.4552935074866948,0.9379951100244499
cifar100,m4_proto,F2,0,0.47686116977144694,0.9466503667481663
cifar100,m4_proto,F2,0,0.499450511585514,0.9525672371638142
cifar100,m4_proto,F2,0,0.5231099308056264,0.9600488997555012
cifar100,m4_proto,F2,0,0.5478901179593945,0.9667481662591687
cifar100,m4_proto,F2,0,0.5738441648302393,0.9720293398533008
cifar100,m4_proto,F2,0,0.6010276782070382,0.9765281173594133
cifar100,m4_proto,F2,0,0.6294988990221888,0.9811735941320293
cifar100,m4_proto,F2,0,0.6593188271333549,0.9862591687041565
cifar100,m4_proto,F2,0,0.6905513520162331,0.990317848410758
cifar100,m4_proto,F2,0,0.7232633896483533,0.9933496332518338
cifar100,m4_proto,F2,0,0.7575250258771913,0.9956479217603912
cifar100,m4_proto,F2,0,0.7934096665797492,0.9977506112469438
cifar100,m4_proto,F2,0,0.8309941949353395,0.9990220048899755
cifar100,m4_proto,F2,0,0.8703591361485166,0.9996088019559902
cifar100,m4_proto,F2,0,0.9115888299750827,0.9998533007334963
cifar100,m4_proto,F2,0,0.9547716114208056,0.9999511002444987
cifar100,m4_proto,F2,0,1.0,1.0
cifar100,m5_hybrid_replay,F1,0,0.0,0.004235860409145607
cifar100,m5_hybrid_replay,F1,0,0.0001,0.006450060168471721
cifar100,m5_hybrid_replay,F1,0,0.00010473708979594497,0.006450060168471721
cifar100,m5_hybrid_replay,F1,0,0.00010969857978923841,0.006450060168471721
cifar100,m5_hybrid_replay,F1,0,0.00011489510001873086,0.006450060168471721
cifar100,m5_hybrid_replay,F1,0,0.00012033778407775893,0.006450060168471721
cifar100,m5_hybrid_replay,F1,0,0.00012603829296797275,0.006450060168471721
cifar100,m5_hybrid_replay,F1,0,0.0001320088400831418,0.006450060168471721
cifar100,m5_hybrid_replay,F1,0,0.00013826221737646565,0.006450060168471721
cifar100,m5_hybrid_replay,F1,0,0.0001448118227674533,0.006450060168471721
cifar100,m5_hybrid_replay,F1,0,0.00015167168884709225,0.00654632972322503
cifar100,m5_hybrid_replay,F1,0,0.00015885651294280528,0.00654632972322503
cifar100,m5_hybrid_replay,F1,0,0.0001663816886076129,0.00654632972322503
cifar100,m5_hybrid_replay,F1,0,0.00017426333860096508,0.00654632972322503
cifar100,m5_hybrid_replay,F1,0,0.00018251834943190426,0.00654632972322503
cifar100,m5_hybrid_replay,F1,0,0.00019116440753857018,0.00654632972322503
cifar100,m5_hybrid_replay,F1,0,0.00020022003718155845,0.006642599277978339
cifar100,m5_hybrid_replay,F1,0,0.00020970464013232327,0.006642599277978339
cifar100,m5_hybrid_replay,F1,0,0.0002196385372416547,0.006642599277978339
cifar100,m5_hybrid_replay,F1,0,0.0002300430119772917,0.006642599277978339
cifar100,m5_hybrid_replay,F1,0,0.00024094035602395243,0.006642599277978339
cifar100,m5_hybrid_replay,F1,0,0.0002523539170434766,0.007364620938628159
cifar100,m5_hybrid_replay,F1,0,0.00026430814869741055,0.007364620938628159
cifar100,m5_hybrid_replay,F1,0,0.00027682866303920667,0.007364620938628159
cifar100,m5_hybrid_replay,F1,0,0.0002899422853882875,0.007364620938628159
cifar100,m5_hybrid_replay,F1,0,0.0003036771118035457,0.0077978339350180505
cifar100,m5_hybrid_replay,F1,0,0.0003180625692794119,0.0077978339350180505
cifar100,m5_hybrid_replay,F1,0,0.00033312947879346737,0.0077978339350180505
cifar100,m5_hybrid_replay,F1,0,0.0003489101213406774,0.008664259927797834
cifar100,m5_hybrid_replay,F1,0,0.00036543830709572547,0.008664259927797834
cifar100,m5_hybrid_replay,F1,0,0.0003827494478516311,0.008664259927797834
cifar100,m5_hybrid_replay,F1,0,0.0004008806328898465,0.008808664259927797
cifar100,m5_hybrid_replay,F1,0,0.000419870708444391,0.008808664259927797
cifar100,m5_hybrid_replay,F1,0,0.00043976036093027214,0.008808664259927797
cifar100,m5_hybrid_replay,F1,0,0.00046059220411451035,0.008808664259927797
cifar100,m5_hybrid_replay,F1,0,0.00048241087041653687,0.008808664259927797
cifar100,m5_hybrid_replay,F1,0,0.0005052631065335679,0.008856799037304453
cifar100,m5_hybrid_replay,F1,0,0.0005291978735958442,0.008856799037304453
cifar100,m5_hybrid_replay,F1,0,0.0005542664520663107,0.00924187725631769
cifar100,m5_hybrid_replay,F1,0,0.0005805225516094895,0.00924187725631769
cifar100,m5_hybrid_replay,F1,0,0.0006080224261649427,0.009675090252707581
cifar100,m5_hybrid_replay,F1,0,0.0006368249944718586,0.009675090252707581
cifar100,m5_hybrid_replay,F1,0,0.0006669919663030121,0.00996389891696751
cifar100,m5_hybrid_replay,F1,0,0.0006985879746785249,0.010204572803850781
cifar100,m5_hybrid_replay,F1,0,0.0007316807143427193,0.010204572803850781
cifar100,m5_hybrid_replay,F1,0,0.0007663410868007462,0.01058965102286402
cifar100,m5_hybrid_replay,F1,0,0.0008026433522257174,0.010926594464500602
cifar100,m5_hybrid_replay,F1,0,0.0008406652885618325,0.010974729241877257
cifar100,m5_hybrid_replay,F1,0,0.0008804883581643465,0.010974729241877257
cifar100,m5_hybrid_replay,F1,0,0.0009221978823334322,0.011263537906137185
cifar100,m5_hybrid_replay,F1,0,0.0009658832241158709,0.011552346570397111
cifar100,m5_hybrid_replay,F1,0,0.001011637979766207,0.011696750902527076
cifar100,m5_hybrid_replay,F1,0,0.001059560179277616,0.011793020457280385
cifar100,m5_hybrid_replay,F1,0,0.0011097524964120721,0.011793020457280385
cifar100,m5_hybrid_replay,F1,0,0.0011623224686798518,0.011793020457280385
cifar100,m5_hybrid_replay,F1,0,0.001217382727739662,0.011937424789410348
cifar100,m5_hybrid_replay,F1,0,0.0012750512407130128,0.012033694344163659
cifar100,m5_hybrid_replay,F1,0,0.0013354515629298987,0.012081829121540313
cifar100,m5_hybrid_replay,F1,0,0.0013987131026472386,0.012226233453670276
cifar100,m5_hybrid_replay,F1,0,0.0014649713983072847,0.01227436823104693
cifar100,m5_hybrid_replay,F1,0,0.0015343684089300133,0.012515042117930204
cifar100,m5_hybrid_replay,F1,0,0.0016070528182616384,0.012755716004813478
cifar100,m5_hybrid_replay,F1,0,0.0016831803533309566,0.01318892900120337
cifar100,m5_hybrid_replay,F1,0,0.001762914118095948,0.013285198555956678
cifar100,m5_hybrid_replay,F1,0,0.0018464249428955426,0.013429602888086643
cifar100,m5_hybrid_replay,F1,0,0.0019338917504552321,0.013862815884476534
cifar100,m5_hybrid_replay,F1,0,0.0020255019392306666,0.014584837545126354
cifar100,m5_hybrid_replay,F1,0,0.00212145178491063,0.014584837545126354
cifar100,m5_hybrid_replay,F1,0,0.002221946860939524,0.014729241877256318
cifar100,m5_hybrid_replay,F1,0,0.0023272024789604074,0.014825511432009627
cifar100,m5_hybrid_replay,F1,0,0.002437444150122222,0.015980746089049338
cifar100,m5_hybrid_replay,F1,0,0.0025529080682395165,0.016269554753309264
cifar100,m5_hybrid_replay,F1,0,0.0026738416158399465,0.016702767749699157
cifar100,m5_hybrid_replay,F1,0,0.002800503894183631,0.01694344163658243
cifar100,m5_hybrid_replay,F1,0,0.0029331662783900424,0.01703971119133574
cifar100,m5_hybrid_replay,F1,0,0.003072112998861759,0.017376654632972322
cifar100,m5_hybrid_replay,F1,0,0.0032176417502507355,0.017665463297232252
cifar100,m5_hybrid_replay,F1,0,0.003370064329271928,0.018243080625752105
cifar100,m5_hybrid_replay,F1,0,0.00352970730273065,0.018724428399518652
cifar100,m5_hybrid_replay,F1,0,0.0036969127071950283,0.01944645006016847
cifar100,m5_hybrid_replay,F1,0,0.003872038781812557,0.019687123947051743
cifar100,m5_hybrid_replay,F1,0,0.004055460735840828,0.019783393501805056
cifar100,m5_hybrid_replay,F1,0,0.0042475715525368985,0.01992779783393502
cifar100,m5_hybrid_replay,F1,0,0.004448782831127585,0.02055354993983153
cifar100,m5_hybrid_replay,F1,0,0.004659525668664682,0.021227436823104694
cifar100,m5_hybrid_replay,F1,0,0.004880251583654433,0.021323706377858003
cifar100,m5_hybrid_replay,F1,0,0.005111433483440166,0.021708784596871238
cifar100,m5_hybrid_replay,F1,0,0.0053535666774107244,0.022093862815884477
cifar100,m5_hybrid_replay,F1,0,0.005607169938205458,0.023056558363417568
cifar100,m5_hybrid_replay,F1,0,0.005872786613189483,0.023393501805054152
cifar100,m5_hybrid_replay,F1,0,0.006150985788580504,0.024404332129963898
cifar100,m5_hybrid_replay,F1,0,0.00644236350872137,0.02459687123947052
cifar100,m5_hybrid_replay,F1,0,0.006747544053110693,0.025126353790613717
cifar100,m5_hybrid_replay,F1,0,0.0070671812739274914,0.025992779783393503
cifar100,m5_hybrid_replay,F1,0,0.007401959996915644,0.0265222623345367
cifar100,m5_hybrid_replay,F1,0,0.007752597488629464,0.027148014440433212
cifar100,m5_hybrid_replay,F1,0,0.008119844993184008,0.02772563176895307
cifar100,m5_hybrid_replay,F1,0,0.008504489341802677,0.02888086642599278
cifar100,m5_hybrid_replay,F1,0,0.00890735463861044,0.029362214199759325
cifar100,m5_hybrid_replay,F1,0,0.009329304026284686,0.03003610108303249
cifar100,m5_hybrid_replay,F1,0,0.009771241535346501,0.030806257521058963
cifar100,m5_hybrid_replay,F1,0,0.010234114021054527,0.03200962695547533
cifar100,m5_hybrid_replay,F1,0,0.010718913192051276,0.03273164861612515
cifar100,m5_hybrid_replay,F1,0,0.011226677735108135,0.033309265944645006
cifar100,m5_hybrid_replay,F1,0,0.01175849554052157,0.03436823104693141
cifar100,m5_hybrid_replay,F1,0,0.012315506032928261,0.035764139590854394
cifar100,m5_hybrid_replay,F1,0,0.01289890261253308,0.03658243080625752
cifar100,m5_hybrid_replay,F1,0,0.013509935211980266,0.037785800240673885
cifar100,m5_hybrid_replay,F1,0,0.01414991297434576,0.03975932611311673
cifar100,m5_hybrid_replay,F1,0,0.014820207057988586,0.04086642599277979
cifar100,m5_hybrid_replay,F1,0,0.01552225357427048,0.042166064981949455
cifar100,m5_hybrid_replay,F1,0,0.016257556664437952,0.04322503008423586
cifar100,m5_hybrid_replay,F1,0,0.017027691722258997,0.04438026474127557
cifar100,m5_hybrid_replay,F1,0,0.017834308769319095,0.04596871239470517
cifar100,m5_hybrid_replay,F1,0,0.01867913599020783,0.04693140794223827
cifar100,m5_hybrid_replay,F1,0,0.01956398343517065,0.047797833935018054
cifar100,m5_hybrid_replay,F1,0,0.020490746898158482,0.04904933814681107
cifar100,m5_hybrid_replay,F1,0,0.021461411978584036,0.05030084235860409
cifar100,m5_hybrid_replay,F1,0,0.02247805833548725,0.05135980746089049
cifar100,m5_hybrid_replay,F1,0,0.02354286414322418,0.05290012033694344
cifar100,m5_hybrid_replay,F1,0,0.024658110758226038,0.055547533092659446
cifar100,m5_hybrid_replay,F1,0,0.025826187606826773,0.05766546329723225
cifar100,m5_hybrid_replay,F1,0,0.027049597304631343,0.06031287605294826
cifar100,m5_hybrid_replay,F1,0,0.02833096101839324,0.06262334536702768
cifar100,m5_hybrid_replay,F1,0,0.029673024081888696,0.06483754512635378
cifar100,m5_hybrid_replay,F1,0,0.03107866187782014,0.06685920577617328
cifar100,m5_hybrid_replay,F1,0,0.0325508859983506,0.06883273164861613
cifar100,m5_hybrid_replay,F1,0,0.03409285069746811,0.07104693140794224
cifar100,m5_hybrid_replay,F1,0,0.03570785964900463,0.07379061371841156
cifar100,m5_hybrid_replay,F1,0,0.03739937302478798,0.07590854392298435
cifar100,m5_hybrid_replay,F1,0,0.039171014908092605,0.0779783393501805
cifar100,m5_hybrid_replay,F1,0,0.04102658105827194,0.08043321299638989
cifar100,m5_hybrid_replay,F1,0,0.04297004704320839,0.08264741275571601
cifar100,m5_hybrid_replay,F1,0,0.04500557675700498,0.08645006016847172
cifar100,m5_hybrid_replay,F1,0,0.047137531341167244,0.09174488567990373
cifar100,m5_hybrid_replay,F1,0,0.049370478528390035,0.09472924187725631
cifar100,m5_hybrid_replay,F1,0,0.05170920242896761,0.09790613718411552
cifar100,m5_hybrid_replay,F1,0,0.054158713780794704,0.1022864019253911
cifar100,m5_hybrid_replay,F1,0,0.05672426068491978,0.10551143200962695
cifar100,m5_hybrid_replay,F1,0,0.05941133984965034,0.10897713598074608
cifar100,m5_hybrid_replay,F1,0,0.06222570836730231,0.11215403128760529
cifar100,m5_hybrid_replay,F1,0,0.06517339604882427,0.11590854392298436
cifar100,m5_hybrid_replay,F1,0,0.06826071834272386,0.11966305655836341
cifar100,m5_hybrid_replay,F1,0,0.07149428986597577,0.12433212996389892
cifar100,m5_hybrid_replay,F1,0,0.07488103857590023,0.128086642599278
cifar100,m5_hybrid_replay,F1,0,0.07842822061337681,0.13265944645006017
cifar100,m5_hybrid_replay,F1,0,0.0821434358491943,0.13732851985559566
cifar100,m5_hybrid_replay,F1,0,0.086034644166845,0.14180505415162456
cifar100,m5_hybrid_replay,F1,0,0.09011018251665019,0.14522262334536704
cifar100,m5_hybrid_replay,F1,0,0.09437878277775381,0.14931407942238267
cifar100,m5_hybrid_replay,F1,0,0.09884959046625587,0.15614921780986762
cifar100,m5_hybrid_replay,F1,0,0.10353218432956626,0.16154031287605294
cifar100,m5_hybrid_replay,F1,0,0.1084365968689611,0.16746089049338148
cifar100,m5_hybrid_replay,F1,0,0.11357333583431052,0.1745367027677497
cifar100,m5_hybrid_replay,F1,0,0.11895340673703195,0.18045728038507822
cifar100,m5_hybrid_replay,F1,0,0.12458833642950082,0.18714801444043322
cifar100,m5_hybrid_replay,F1,0,0.1304901978014403,0.19465703971119133
cifar100,m5_hybrid_replay,F1,0,0.13667163564620075,0.20182912154031288
cifar100,m5_hybrid_replay,F1,0,0.14314589375234785,0.2104933814681107
cifar100,m5_hybrid_replay,F1,0,0.14992684327860456,0.21747292418772562
cifar100,m5_hybrid_replay,F1,0,0.15702901247293774,0.22623345367027678
cifar100,m5_hybrid_replay,F1,0,0.16446761779946645,0.2338387484957882
cifar100,m5_hybrid_replay,F1,0,0.17225859653987874,0.24442839951865222
cifar100,m5_hybrid_replay,F1,0,0.18041864093920718,0.25227436823104693
cifar100,m5_hybrid_replay,F1,0,0.18896523396912096,0.26137184115523465
cifar100,m5_hybrid_replay,F1,0,0.19791668678535573,0.26912154031287605
cifar100,m5_hybrid_replay,F1,0,0.2072921779595372,0.2800962695547533
cifar100,m5_hybrid_replay,F1,0,0.21711179456945054,0.2899638989169675
cifar100,m5_hybrid_replay,F1,0,0.22739657523579276,0.30209386281588446
cifar100,m5_hybrid_replay,F1,0,0.23816855519761582,0.31547533092659447
cifar100,m5_hybrid_replay,F1,0,0.24945081352303167,0.32876052948255113
cifar100,m5_hybrid_replay,F1,0,0.2612675225563329,0.34064981949458484
cifar100,m5_hybrid_replay,F1,0,0.27364399970746717,0.3526353790613718
cifar100,m5_hybrid_replay,F1,0,0.286606761694825,0.36654632972322504
cifar100,m5_hybrid_replay,F1,0,0.3001835813575589,0.3818531889290012
cifar100,m5_hybrid_replay,F1,0,0.31440354715915003,0.39407942238267146
cifar100,m5_hybrid_replay,F1,0,0.3292971255097151,0.409193742478941
cifar100,m5_hybrid_replay,F1,0,0.34489622604057596,0.42661853188929
cifar100,m5_hybrid_replay,F1,0,0.36123426997094304,0.4443321299638989
cifar100,m5_hybrid_replay,F1,0,0.3783462617131929,0.4617569193742479
cifar100,m5_hybrid_replay,F1,0,0.3962688638701478,0.47913357400722023
cifar100,m5_hybrid_replay,F1,0,0.41504047578504766,0.4966546329723225
cifar100,m5_hybrid_replay,F1,0,0.43470131581250265,0.5163417569193742
cifar100,m5_hybrid_replay,F1,0,0.4552935074866948,0.5367990373044524
cifar100,m5_hybrid_replay,F1,0,0.47686116977144694,0.5574007220216607
cifar100,m5_hybrid_replay,F1,0,0.499450511585514,0.5770397111913358
cifar100,m5_hybrid_replay,F1,0,0.5231099308056264,0.5996149217809867
cifar100,m5_hybrid_replay,F1,0,0.5478901179593945,0.6247894103489772
cifar100,m5_hybrid_replay,F1,0,0.5738441648302393,0.6507821901323706
cifar100,m5_hybrid_replay,F1,0,0.6010276782070382,0.6731648616125151
cifar100,m5_hybrid_replay,F1,0,0.6294988990221888,0.7016606498194946
cifar100,m5_hybrid_replay,F1,0,0.6593188271333549,0.7292900120336944
cifar100,m5_hybrid_replay,F1,0,0.6905513520162331,0.7592779783393502
cifar100,m5_hybrid_replay,F1,0,0.7232633896483533,0.7930204572803851
cifar100,m5_hybrid_replay,F1,0,0.7575250258771913,0.8224308062575211
cifar100,m5_hybrid_replay,F1,0,0.7934096665797492,0.8537184115523466
cifar100,m5_hybrid_replay,F1,0,0.8309941949353395,0.8868832731648616
cifar100,m5_hybrid_replay,F1,0,0.8703591361485166,0.9197593261131167
cifar100,m5_hybrid_replay,F1,0,0.9115888299750827,0.9523465703971119
cifar100,m5_hybrid_replay,F1,0,0.9547716114208056,0.9816125150421179
cifar100,m5_hybrid_replay,F1,0,1.0,1.0
cifar100,m8_analytic,F5,0,0.0,1.0
cifar100,m8_analytic,F5,0,0.0001,1.0
cifar100,m8_analytic,F5,0,0.00010473708979594497,1.0
cifar100,m8_analytic,F5,0,0.00010969857978923841,1.0
cifar100,m8_analytic,F5,0,0.00011489510001873086,1.0
cifar100,m8_analytic,F5,0,0.00012033778407775893,1.0
cifar100,m8_analytic,F5,0,0.00012603829296797275,1.0
cifar100,m8_analytic,F5,0,0.0001320088400831418,1.0
cifar100,m8_analytic,F5,0,0.00013826221737646565,1.0
cifar100,m8_analytic,F5,0,0.0001448118227674533,1.0
cifar100,m8_analytic,F5,0,0.00015167168884709225,1.0
cifar100,m8_analytic,F5,0,0.00015885651294280528,1.0
cifar100,m8_analytic,F5,0,0.0001663816886076129,1.0
cifar100,m8_analytic,F5,0,0.00017426333860096508,1.0
cifar100,m8_analytic,F5,0,0.00018251834943190426,1.0
cifar100,m8_analytic,F5,0,0.00019116440753857018,1.0
cifar100,m8_analytic,F5,0,0.00020022003718155845,1.0
cifar100,m8_analytic,F5,0,0.00020970464013232327,1.0
cifar100,m8_analytic,F5,0,0.0002196385372416547,1.0
cifar100,m8_analytic,F5,0,0.0002300430119772917,1.0
cifar100,m8_analytic,F5,0,0.00024094035602395243,1.0
cifar100,m8_analytic,F5,0,0.0002523539170434766,1.0
cifar100,m8_analytic,F5,0,0.00026430814869741055,1.0
cifar100,m8_analytic,F5,0,0.00027682866303920667,1.0
cifar100,m8_analytic,F5,0,0.0002899422853882875,1.0
cifar100,m8_analytic,F5,0,0.0003036771118035457,1.0
cifar100,m8_analytic,F5,0,0.0003180625692794119,1.0
cifar100,m8_analytic,F5,0,0.00033312947879346737,1.0
cifar100,m8_analytic,F5,0,0.0003489101213406774,1.0
cifar100,m8_analytic,F5,0,0.00036543830709572547,1.0
cifar100,m8_analytic,F5,0,0.0003827494478516311,1.0
cifar100,m8_analytic,F5,0,0.0004008806328898465,1.0
cifar100,m8_analytic,F5,0,0.000419870708444391,1.0
cifar100,m8_analytic,F5,0,0.00043976036093027214,1.0
cifar100,m8_analytic,F5,0,0.00046059220411451035,1.0
cifar100,m8_analytic,F5,0,0.00048241087041653687,1.0
cifar100,m8_analytic,F5,0,0.0005052631065335679,1.0
cifar100,m8_analytic,F5,0,0.0005291978735958442,1.0
cifar100,m8_analytic,F5,0,0.0005542664520663107,1.0
cifar100,m8_analytic,F5,0,0.0005805225516094895,1.0
cifar100,m8_analytic,F5,0,0.0006080224261649427,1.0
cifar100,m8_analytic,F5,0,0.0006368249944718586,1.0
cifar100,m8_analytic,F5,0,0.0006669919663030121,1.0
cifar100,m8_analytic,F5,0,0.0006985879746785249,1.0
cifar100,m8_analytic,F5,0,0.0007316807143427193,1.0
cifar100,m8_analytic,F5,0,0.0007663410868007462,1.0
cifar100,m8_analytic,F5,0,0.0008026433522257174,1.0
cifar100,m8_analytic,F5,0,0.0008406652885618325,1.0
cifar100,m8_analytic,F5,0,0.0008804883581643465,1.0
cifar100,m8_analytic,F5,0,0.0009221978823334322,1.0
cifar100,m8_analytic,F5,0,0.0009658832241158709,1.0
cifar100,m8_analytic,F5,0,0.001011637979766207,1.0
cifar100,m8_analytic,F5,0,0.001059560179277616,1.0
cifar100,m8_analytic,F5,0,0.0011097524964120721,1.0
cifar100,m8_analytic,F5,0,0.0011623224686798518,1.0
cifar100,m8_analytic,F5,0,0.001217382727739662,1.0
cifar100,m8_analytic,F5,0,0.0012750512407130128,1.0
cifar100,m8_analytic,F5,0,0.0013354515629298987,1.0
cifar100,m8_analytic,F5,0,0.0013987131026472386,1.0
cifar100,m8_analytic,F5,0,0.0014649713983072847,1.0
cifar100,m8_analytic,F5,0,0.0015343684089300133,1.0
cifar100,m8_analytic,F5,0,0.0016070528182616384,1.0
cifar100,m8_analytic,F5,0,0.0016831803533309566,1.0
cifar100,m8_analytic,F5,0,0.001762914118095948,1.0
cifar100,m8_analytic,F5,0,0.0018464249428955426,1.0
cifar100,m8_analytic,F5,0,0.0019338917504552321,1.0
cifar100,m8_analytic,F5,0,0.0020255019392306666,1.0
cifar100,m8_analytic,F5,0,0.00212145178491063,1.0
cifar100,m8_analytic,F5,0,0.002221946860939524,1.0
cifar100,m8_analytic,F5,0,0.0023272024789604074,1.0
cifar100,m8_analytic,F5,0,0.002437444150122222,1.0
cifar100,m8_analytic,F5,0,0.0025529080682395165,1.0
cifar100,m8_analytic,F5,0,0.0026738416158399465,1.0
cifar100,m8_analytic,F5,0,0.002800503894183631,1.0
cifar100,m8_analytic,F5,0,0.0029331662783900424,1.0
cifar100,m8_analytic,F5,0,0.003072112998861759,1.0
cifar100,m8_analytic,F5,0,0.0032176417502507355,1.0
cifar100,m8_analytic,F5,0,0.003370064329271928,1.0
cifar100,m8_analytic,F5,0,0.00352970730273065,1.0
cifar100,m8_analytic,F5,0,0.0036969127071950283,1.0
cifar100,m8_analytic,F5,0,0.003872038781812557,1.0
cifar100,m8_analytic,F5,0,0.004055460735840828,1.0
cifar100,m8_analytic,F5,0,0.0042475715525368985,1.0
cifar100,m8_analytic,F5,0,0.004448782831127585,1.0
cifar100,m8_analytic,F5,0,0.004659525668664682,1.0
cifar100,m8_analytic,F5,0,0.004880251583654433,1.0
cifar100,m8_analytic,F5,0,0.005111433483440166,1.0
cifar100,m8_analytic,F5,0,0.0053535666774107244,1.0
cifar100,m8_analytic,F5,0,0.005607169938205458,1.0
cifar100,m8_analytic,F5,0,0.005872786613189483,1.0
cifar100,m8_analytic,F5,0,0.006150985788580504,1.0
cifar100,m8_analytic,F5,0,0.00644236350872137,1.0
cifar100,m8_analytic,F5,0,0.006747544053110693,1.0
cifar100,m8_analytic,F5,0,0.0070671812739274914,1.0
cifar100,m8_analytic,F5,0,0.007401959996915644,1.0
cifar100,m8_analytic,F5,0,0.007752597488629464,1.0
cifar100,m8_analytic,F5,0,0.008119844993184008,1.0
cifar100,m8_analytic,F5,0,0.008504489341802677,1.0
cifar100,m8_analytic,F5,0,0.00890735463861044,1.0
cifar100,m8_analytic,F5,0,0.009329304026284686,1.0
cifar100,m8_analytic,F5,0,0.009771241535346501,1.0
cifar100,m8_analytic,F5,0,0.010234114021054527,1.0
cifar100,m8_analytic,F5,0,0.010718913192051276,1.0
cifar100,m8_analytic,F5,0,0.011226677735108135,1.0
cifar100,m8_analytic,F5,0,0.01175849554052157,1.0
cifar100,m8_analytic,F5,0,0.012315506032928261,1.0
cifar100,m8_analytic,F5,0,0.01289890261253308,1.0
cifar100,m8_analytic,F5,0,0.013509935211980266,1.0
cifar100,m8_analytic,F5,0,0.01414991297434576,1.0
cifar100,m8_analytic,F5,0,0.014820207057988586,1.0
cifar100,m8_analytic,F5,0,0.01552225357427048,1.0
cifar100,m8_analytic,F5,0,0.016257556664437952,1.0
cifar100,m8_analytic,F5,0,0.017027691722258997,1.0
cifar100,m8_analytic,F5,0,0.017834308769319095,1.0
cifar100,m8_analytic,F5,0,0.01867913599020783,1.0
cifar100,m8_analytic,F5,0,0.01956398343517065,1.0
cifar100,m8_analytic,F5,0,0.020490746898158482,1.0
cifar100,m8_analytic,F5,0,0.021461411978584036,1.0
cifar100,m8_analytic,F5,0,0.02247805833548725,1.0
cifar100,m8_analytic,F5,0,0.02354286414322418,1.0
cifar100,m8_analytic,F5,0,0.024658110758226038,1.0
cifar100,m8_analytic,F5,0,0.025826187606826773,1.0
cifar100,m8_analytic,F5,0,0.027049597304631343,1.0
cifar100,m8_analytic,F5,0,0.02833096101839324,1.0
cifar100,m8_analytic,F5,0,0.029673024081888696,1.0
cifar100,m8_analytic,F5,0,0.03107866187782014,1.0
cifar100,m8_analytic,F5,0,0.0325508859983506,1.0
cifar100,m8_analytic,F5,0,0.03409285069746811,1.0
cifar100,m8_analytic,F5,0,0.03570785964900463,1.0
cifar100,m8_analytic,F5,0,0.03739937302478798,1.0
cifar100,m8_analytic,F5,0,0.039171014908092605,1.0
cifar100,m8_analytic,F5,0,0.04102658105827194,1.0
cifar100,m8_analytic,F5,0,0.04297004704320839,1.0
cifar100,m8_analytic,F5,0,0.04500557675700498,1.0
cifar100,m8_analytic,F5,0,0.047137531341167244,1.0
cifar100,m8_analytic,F5,0,0.049370478528390035,1.0
cifar100,m8_analytic,F5,0,0.05170920242896761,1.0
cifar100,m8_analytic,F5,0,0.054158713780794704,1.0
cifar100,m8_analytic,F5,0,0.05672426068491978,1.0
cifar100,m8_analytic,F5,0,0.05941133984965034,1.0
cifar100,m8_analytic,F5,0,0.06222570836730231,1.0
cifar100,m8_analytic,F5,0,0.06517339604882427,1.0
cifar100,m8_analytic,F5,0,0.06826071834272386,1.0
cifar100,m8_analytic,F5,0,0.07149428986597577,1.0
cifar100,m8_analytic,F5,0,0.07488103857590023,1.0
cifar100,m8_analytic,F5,0,0.07842822061337681,1.0
cifar100,m8_analytic,F5,0,0.0821434358491943,1.0
cifar100,m8_analytic,F5,0,0.086034644166845,1.0
cifar100,m8_analytic,F5,0,0.09011018251665019,1.0
cifar100,m8_analytic,F5,0,0.09437878277775381,1.0
cifar100,m8_analytic,F5,0,0.09884959046625587,1.0
cifar100,m8_analytic,F5,0,0.10353218432956626,1.0
cifar100,m8_analytic,F5,0,0.1084365968689611,1.0
cifar100,m8_analytic,F5,0,0.11357333583431052,1.0
cifar100,m8_analytic,F5,0,0.11895340673703195,1.0
cifar100,m8_analytic,F5,0,0.12458833642950082,1.0
cifar100,m8_analytic,F5,0,0.1304901978014403,1.0
cifar100,m8_analytic,F5,0,0.13667163564620075,1.0
cifar100,m8_analytic,F5,0,0.14314589375234785,1.0
cifar100,m8_analytic,F5,0,0.14992684327860456,1.0
cifar100,m8_analytic,F5,0,0.15702901247293774,1.0
cifar100,m8_analytic,F5,0,0.16446761779946645,1.0
cifar100,m8_analytic,F5,0,0.17225859653987874,1.0
cifar100,m8_analytic,F5,0,0.18041864093920718,1.0
cifar100,m8_analytic,F5,0,0.18896523396912096,1.0
cifar100,m8_analytic,F5,0,0.19791668678535573,1.0
cifar100,m8_analytic,F5,0,0.2072921779595372,1.0
cifar100,m8_analytic,F5,0,0.21711179456945054,1.0
cifar100,m8_analytic,F5,0,0.22739657523579276,1.0
cifar100,m8_analytic,F5,0,0.23816855519761582,1.0
cifar100,m8_analytic,F5,0,0.24945081352303167,1.0
cifar100,m8_analytic,F5,0,0.2612675225563329,1.0
cifar100,m8_analytic,F5,0,0.27364399970746717,1.0
cifar100,m8_analytic,F5,0,0.286606761694825,1.0
cifar100,m8_analytic,F5,0,0.3001835813575589,1.0
cifar100,m8_analytic,F5,0,0.31440354715915003,1.0
cifar100,m8_analytic,F5,0,0.3292971255097151,1.0
cifar100,m8_analytic,F5,0,0.34489622604057596,1.0
cifar100,m8_analytic,F5,0,0.36123426997094304,1.0
cifar100,m8_analytic,F5,0,0.3783462617131929,1.0
cifar100,m8_analytic,F5,0,0.3962688638701478,1.0
cifar100,m8_analytic,F5,0,0.41504047578504766,1.0
cifar100,m8_analytic,F5,0,0.43470131581250265,1.0
cifar100,m8_analytic,F5,0,0.4552935074866948,1.0
cifar100,m8_analytic,F5,0,0.47686116977144694,1.0
cifar100,m8_analytic,F5,0,0.499450511585514,1.0
cifar100,m8_analytic,F5,0,0.5231099308056264,1.0
cifar100,m8_analytic,F5,0,0.5478901179593945,1.0
cifar100,m8_analytic,F5,0,0.5738441648302393,1.0
cifar100,m8_analytic,F5,0,0.6010276782070382,1.0
cifar100,m8_analytic,F5,0,0.6294988990221888,1.0
cifar100,m8_analytic,F5,0,0.6593188271333549,1.0
cifar100,m8_analytic,F5,0,0.6905513520162331,1.0
cifar100,m8_analytic,F5,0,0.7232633896483533,1.0
cifar100,m8_analytic,F5,0,0.7575250258771913,1.0
cifar100,m8_analytic,F5,0,0.7934096665797492,1.0
cifar100,m8_analytic,F5,0,0.8309941949353395,1.0
cifar100,m8_analytic,F5,0,0.8703591361485166,1.0
cifar100,m8_analytic,F5,0,0.9115888299750827,1.0
cifar100,m8_analytic,F5,0,0.9547716114208056,1.0
cifar100,m8_analytic,F5,0,1.0,1.0
cub200,m0_fedavg,F1,0,0.0,0.0008048387883517877
cub200,m0_fedavg,F1,0,0.0001,0.0031705770450221942
cub200,m0_fedavg,F1,0,0.00010473708979594497,0.0031705770450221942
cub200,m0_fedavg,F1,0,0.00010969857978923841,0.0031705770450221942
cub200,m0_fedavg,F1,0,0.00011489510001873086,0.0033047168430808253
cub200,m0_fedavg,F1,0,0.00012033778407775893,0.0033047168430808253
cub200,m0_fedavg,F1,0,0.00012603829296797275,0.004036388468855178
cub200,m0_fedavg,F1,0,0.0001320088400831418,0.004036388468855178
cub200,m0_fedavg,F1,0,0.00013826221737646565,0.004060777523047656
cub200,m0_fedavg,F1,0,0.0001448118227674533,0.004060777523047656
cub200,m0_fedavg,F1,0,0.00015167168884709225,0.004146139212721331
cub200,m0_fedavg,F1,0,0.00015885651294280528,0.004146139212721331
cub200,m0_fedavg,F1,0,0.0001663816886076129,0.004572947661089703
cub200,m0_fedavg,F1,0,0.00017426333860096508,0.00523145212428662
cub200,m0_fedavg,F1,0,0.00018251834943190426,0.00523145212428662
cub200,m0_fedavg,F1,0,0.00019116440753857018,0.005536315301692601
cub200,m0_fedavg,F1,0,0.00020022003718155845,0.0056094824642700354
cub200,m0_fedavg,F1,0,0.00020970464013232327,0.005658260572654992
cub200,m0_fedavg,F1,0,0.0002196385372416547,0.005658260572654992
cub200,m0_fedavg,F1,0,0.0002300430119772917,0.0057924003707136235
cub200,m0_fedavg,F1,0,0.00024094035602395243,0.0062435978732744745
cub200,m0_fedavg,F1,0,0.0002523539170434766,0.006365543144236867
cub200,m0_fedavg,F1,0,0.00026430814869741055,0.006646017267450368
cub200,m0_fedavg,F1,0,0.00027682866303920667,0.006804546119701478
cub200,m0_fedavg,F1,0,0.0002899422853882875,0.0069630749719525875
cub200,m0_fedavg,F1,0,0.0003036771118035457,0.006987464026145066
cub200,m0_fedavg,F1,0,0.0003180625692794119,0.007109409297107458
cub200,m0_fedavg,F1,0,0.00033312947879346737,0.007109409297107458
cub200,m0_fedavg,F1,0,0.0003489101213406774,0.007219160040973611
cub200,m0_fedavg,F1,0,0.00036543830709572547,0.0072313545680698504
cub200,m0_fedavg,F1,0,0.0003827494478516311,0.007804497341593093
cub200,m0_fedavg,F1,0,0.0004008806328898465,0.007841080922881811
cub200,m0_fedavg,F1,0,0.000419870708444391,0.0083044729525389
cub200,m0_fedavg,F1,0,0.00043976036093027214,0.008402029169308814
cub200,m0_fedavg,F1,0,0.00046059220411451035,0.00847519633188625
cub200,m0_fedavg,F1,0,0.00048241087041653687,0.008658114238329838
cub200,m0_fedavg,F1,0,0.0005052631065335679,0.008889810253158383
cub200,m0_fedavg,F1,0,0.0005291978735958442,0.009048339105409493
cub200,m0_fedavg,F1,0,0.0005542664520663107,0.009353202282815472
cub200,m0_fedavg,F1,0,0.0005805225516094895,0.009499536607970344
cub200,m0_fedavg,F1,0,0.0006080224261649427,0.009609287351836495
cub200,m0_fedavg,F1,0,0.0006368249944718586,0.009658065460221453
cub200,m0_fedavg,F1,0,0.0006669919663030121,0.01001170674601239
cub200,m0_fedavg,F1,0,0.0006985879746785249,0.010365348031803327
cub200,m0_fedavg,F1,0,0.0007316807143427193,0.010536071411150675
cub200,m0_fedavg,F1,0,0.0007663410868007462,0.010816545534364176
cub200,m0_fedavg,F1,0,0.0008026433522257174,0.010914101751134091
cub200,m0_fedavg,F1,0,0.0008406652885618325,0.01137749378079118
cub200,m0_fedavg,F1,0,0.0008804883581643465,0.011633578849812204
cub200,m0_fedavg,F1,0,0.0009221978823334322,0.011816496756255792
cub200,m0_fedavg,F1,0,0.0009658832241158709,0.012828642505243647
cub200,m0_fedavg,F1,0,0.001011637979766207,0.013365201697478173
cub200,m0_fedavg,F1,0,0.001059560179277616,0.013511536022633042
cub200,m0_fedavg,F1,0,0.0011097524964120721,0.014730988732256964
cub200,m0_fedavg,F1,0,0.0011623224686798518,0.015426076776742598
cub200,m0_fedavg,F1,0,0.001217382727739662,0.015743134481244817
cub200,m0_fedavg,F1,0,0.0012750512407130128,0.016218721037998145
cub200,m0_fedavg,F1,0,0.0013354515629298987,0.017023559826349934
cub200,m0_fedavg,F1,0,0.0013987131026472386,0.017572313545680698
cub200,m0_fedavg,F1,0,0.0014649713983072847,0.017779620506316766
cub200,m0_fedavg,F1,0,0.0015343684089300133,0.018486903077898638
cub200,m0_fedavg,F1,0,0.0016070528182616384,0.018742988146919663
cub200,m0_fedavg,F1,0,0.0016831803533309566,0.01924296375786547
cub200,m0_fedavg,F1,0,0.001762914118095948,0.01956002146236769
cub200,m0_fedavg,F1,0,0.0018464249428955426,0.019925857275254866
cub200,m0_fedavg,F1,0,0.0019338917504552321,0.020523389102970586
cub200,m0_fedavg,F1,0,0.0020255019392306666,0.02077947417199161
cub200,m0_fedavg,F1,0,0.00212145178491063,0.020913613970050243
cub200,m0_fedavg,F1,0,0.002221946860939524,0.0215233403248622
cub200,m0_fedavg,F1,0,0.0023272024789604074,0.022669625871908686
cub200,m0_fedavg,F1,0,0.002437444150122222,0.02324276864543193
cub200,m0_fedavg,F1,0,0.0025529080682395165,0.023828105946051413
cub200,m0_fedavg,F1,0,0.0026738416158399465,0.02476708453246183
cub200,m0_fedavg,F1,0,0.002800503894183631,0.025376810887273792
cub200,m0_fedavg,F1,0,0.0029331662783900424,0.025828008389834643
cub200,m0_fedavg,F1,0,0.003072112998861759,0.02651090190722404
cub200,m0_fedavg,F1,0,0.0032176417502507355,0.027376713331057023
cub200,m0_fedavg,F1,0,0.003370064329271928,0.02788888346909907
cub200,m0_fedavg,F1,0,0.00352970730273065,0.029022974489049315
cub200,m0_fedavg,F1,0,0.0036969127071950283,0.030010731183844692
cub200,m0_fedavg,F1,0,0.003872038781812557,0.03112043314960246
cub200,m0_fedavg,F1,0,0.004055460735840828,0.03207160626310911
cub200,m0_fedavg,F1,0,0.0042475715525368985,0.03329105897273304
cub200,m0_fedavg,F1,0,0.004448782831127585,0.03409589776108483
cub200,m0_fedavg,F1,0,0.004659525668664682,0.035059265401687724
cub200,m0_fedavg,F1,0,0.004880251583654433,0.03610799473196429
cub200,m0_fedavg,F1,0,0.005111433483440166,0.03704697331837471
cub200,m0_fedavg,F1,0,0.0053535666774107244,0.03793717379640017
cub200,m0_fedavg,F1,0,0.005607169938205458,0.03864445636798205
cub200,m0_fedavg,F1,0,0.005872786613189483,0.03988829813179845
cub200,m0_fedavg,F1,0,0.006150985788580504,0.041229696112384764
cub200,m0_fedavg,F1,0,0.00644236350872137,0.04210770206331398
cub200,m0_fedavg,F1,0,0.006747544053110693,0.0440100482903273
cub200,m0_fedavg,F1,0,0.0070671812739274914,0.045351446270913615
cub200,m0_fedavg,F1,0,0.007401959996915644,0.046205063167650356
cub200,m0_fedavg,F1,0,0.007752597488629464,0.04766840641919906
cub200,m0_fedavg,F1,0,0.008119844993184008,0.04877810838495683
cub200,m0_fedavg,F1,0,0.008504489341802677,0.05014389541973562
cub200,m0_fedavg,F1,0,0.00890735463861044,0.05180235110482415
cub200,m0_fedavg,F1,0,0.009329304026284686,0.05310716550412175
cub200,m0_fedavg,F1,0,0.009771241535346501,0.054753426662114045
cub200,m0_fedavg,F1,0,0.010234114021054527,0.05587532315496805
cub200,m0_fedavg,F1,0,0.010718913192051276,0.057472806204575386
cub200,m0_fedavg,F1,0,0.011226677735108135,0.059033705672894
cub200,m0_fedavg,F1,0,0.01175849554052157,0.060704355885078776
cub200,m0_fedavg,F1,0,0.012315506032928261,0.062143310082435003
cub200,m0_fedavg,F1,0,0.01289890261253308,0.06430174137846935
cub200,m0_fedavg,F1,0,0.013509935211980266,0.06667967416223598
cub200,m0_fedavg,F1,0,0.01414991297434576,0.06838690795570948
cub200,m0_fedavg,F1,0,0.014820207057988586,0.07061850641432126
cub200,m0_fedavg,F1,0,0.01552225357427048,0.0727769377103556
cub200,m0_fedavg,F1,0,0.016257556664437952,0.07482561826252378
cub200,m0_fedavg,F1,0,0.017027691722258997,0.07683771523340324
cub200,m0_fedavg,F1,0,0.017834308769319095,0.07911809180039998
cub200,m0_fedavg,F1,0,0.01867913599020783,0.08160577532803277
cub200,m0_fedavg,F1,0,0.01956398343517065,0.08389834642212575
cub200,m0_fedavg,F1,0,0.020490746898158482,0.08667869860006829
cub200,m0_fedavg,F1,0,0.021461411978584036,0.08923954929027852
cub200,m0_fedavg,F1,0,0.02247805833548725,0.09178820545339252
cub200,m0_fedavg,F1,0,0.02354286414322418,0.09436125067069899
cub200,m0_fedavg,F1,0,0.024658110758226038,0.09714160284864153
cub200,m0_fedavg,F1,0,0.025826187606826773,0.10071459928783962
cub200,m0_fedavg,F1,0,0.027049597304631343,0.1036047022096483
cub200,m0_fedavg,F1,0,0.02833096101839324,0.10692161357982538
cub200,m0_fedavg,F1,0,0.029673024081888696,0.11026291400419491
cub200,m0_fedavg,F1,0,0.03107866187782014,0.11354324179308327
cub200,m0_fedavg,F1,0,0.0325508859983506,0.116945514852934
cub200,m0_fedavg,F1,0,0.03409285069746811,0.12040876054826594
cub200,m0_fedavg,F1,0,0.03570785964900463,0.12346958684942198
cub200,m0_fedavg,F1,0,0.03739937302478798,0.1274328081556997
cub200,m0_fedavg,F1,0,0.039171014908092605,0.1315911418955173
cub200,m0_fedavg,F1,0,0.04102658105827194,0.13552997414760257
cub200,m0_fedavg,F1,0,0.04297004704320839,0.13966391883322765
cub200,m0_fedavg,F1,0,0.04500557675700498,0.14401736500658505
cub200,m0_fedavg,F1,0,0.047137531341167244,0.14816350421930638
cub200,m0_fedavg,F1,0,0.049370478528390035,0.15201697478171797
cub200,m0_fedavg,F1,0,0.05170920242896761,0.15649236622603777
cub200,m0_fedavg,F1,0,0.054158713780794704,0.16152870591678456
cub200,m0_fedavg,F1,0,0.05672426068491978,0.1663699331739915
cub200,m0_fedavg,F1,0,0.05941133984965034,0.17155260718989318
cub200,m0_fedavg,F1,0,0.06222570836730231,0.1776010926296278
cub200,m0_fedavg,F1,0,0.06517339604882427,0.1831008243500317
cub200,m0_fedavg,F1,0,0.06826071834272386,0.18906394810009267
cub200,m0_fedavg,F1,0,0.07149428986597577,0.19520998975659723
cub200,m0_fedavg,F1,0,0.07488103857590023,0.20146578215696795
cub200,m0_fedavg,F1,0,0.07842822061337681,0.20669723428125458
cub200,m0_fedavg,F1,0,0.0821434358491943,0.21336764060289742
cub200,m0_fedavg,F1,0,0.086034644166845,0.21931856982586215
cub200,m0_fedavg,F1,0,0.09011018251665019,0.22650114628554704
cub200,m0_fedavg,F1,0,0.09437878277775381,0.23372030632652066
cub200,m0_fedavg,F1,0,0.09884959046625587,0.24131749670747768
cub200,m0_fedavg,F1,0,0.10353218432956626,0.24920735573874445
cub200,m0_fedavg,F1,0,0.1084365968689611,0.25687771328227893
cub200,m0_fedavg,F1,0,0.11357333583431052,0.2645236817716209
cub200,m0_fedavg,F1,0,0.11895340673703195,0.27262084776352374
cub200,m0_fedavg,F1,0,0.12458833642950082,0.28155943612506706
cub200,m0_fedavg,F1,0,0.1304901978014403,0.29007121603824204
cub200,m0_fedavg,F1,0,0.13667163564620075,0.2991683332520365
cub200,m0_fedavg,F1,0,0.14314589375234785,0.308777620603873
cub200,m0_fedavg,F1,0,0.14992684327860456,0.3185088532266719
cub200,m0_fedavg,F1,0,0.15702901247293774,0.32871567240622407
cub200,m0_fedavg,F1,0,0.16446761779946645,0.3385444612457929
cub200,m0_fedavg,F1,0,0.17225859653987874,0.34832447197697675
cub200,m0_fedavg,F1,0,0.18041864093920718,0.35955563143261304
cub200,m0_fedavg,F1,0,0.18896523396912096,0.371128237646944
cub200,m0_fedavg,F1,0,0.19791668678535573,0.3826520657528901
cub200,m0_fedavg,F1,0,0.2072921779595372,0.3946880639968782
cub200,m0_fedavg,F1,0,0.21711179456945054,0.4080654602214526
cub200,m0_fedavg,F1,0,0.22739657523579276,0.42072337934734894
cub200,m0_fedavg,F1,0,0.23816855519761582,0.4341617482074045
cub200,m0_fedavg,F1,0,0.24945081352303167,0.4474293936881128
cub200,m0_fedavg,F1,0,0.2612675225563329,0.4610262914004195
cub200,m0_fedavg,F1,0,0.27364399970746717,0.4752085264133457
cub200,m0_fedavg,F1,0,0.286606761694825,0.48984195892883275
cub200,m0_fedavg,F1,0,0.3001835813575589,0.5055485098287889
cub200,m0_fedavg,F1,0,0.31440354715915003,0.5210843373493976
cub200,m0_fedavg,F1,0,0.3292971255097151,0.5356080191210185
cub200,m0_fedavg,F1,0,0.34489622604057596,0.551387737183552
cub200,m0_fedavg,F1,0,0.36123426997094304,0.5684722696453831
cub200,m0_fedavg,F1,0,0.3783462617131929,0.5861665284620262
cub200,m0_fedavg,F1,0,0.3962688638701478,0.6037998146431881
cub200,m0_fedavg,F1,0,0.41504047578504766,0.6221281888688357
cub200,m0_fedavg,F1,0,0.43470131581250265,0.641566265060241
cub200,m0_fedavg,F1,0,0.4552935074866948,0.6608580069264914
cub200,m0_fedavg,F1,0,0.47686116977144694,0.6807228915662651
cub200,m0_fedavg,F1,0,0.499450511585514,0.7010511682356958
cub200,m0_fedavg,F1,0,0.5231099308056264,0.7207697185503146
cub200,m0_fedavg,F1,0,0.5478901179593945,0.741183356909419
cub200,m0_fedavg,F1,0,0.5738441648302393,0.7629749768303985
cub200,m0_fedavg,F1,0,0.6010276782070382,0.7859616604068094
cub200,m0_fedavg,F1,0,0.6294988990221888,0.8083630066826009
cub200,m0_fedavg,F1,0,0.6593188271333549,0.8300204868055217
cub200,m0_fedavg,F1,0,0.6905513520162331,0.8528974196380664
cub200,m0_fedavg,F1,0,0.7232633896483533,0.8754694892932052
cub200,m0_fedavg,F1,0,0.7575250258771913,0.8967611336032388
cub200,m0_fedavg,F1,0,0.7934096665797492,0.9184917808887372
cub200,m0_fedavg,F1,0,0.8309941949353395,0.939795619725867
cub200,m0_fedavg,F1,0,0.8703591361485166,0.9598312277449881
cub200,m0_fedavg,F1,0,0.9115888299750827,0.9778181552119409
cub200,m0_fedavg,F1,0,0.9547716114208056,0.9920735573874445
cub200,m0_fedavg,F1,0,1.0,1.0
cub200,m1_glfc,F1,0,0.0,0.0
cub200,m1_glfc,F1,0,0.0001,0.0015671678338802096
cub200,m1_glfc,F1,0,0.00010473708979594497,0.0015671678338802096
cub200,m1_glfc,F1,0,0.00010969857978923841,0.0015671678338802096
cub200,m1_glfc,F1,0,0.00011489510001873086,0.0015671678338802096
cub200,m1_glfc,F1,0,0.00012033778407775893,0.0015671678338802096
cub200,m1_glfc,F1,0,0.00012603829296797275,0.0015671678338802096
cub200,m1_glfc,F1,0,0.0001320088400831418,0.0015671678338802096
cub200,m1_glfc,F1,0,0.00013826221737646565,0.0015671678338802096
cub200,m1_glfc,F1,0,0.0001448118227674533,0.0015671678338802096
cub200,m1_glfc,F1,0,0.00015167168884709225,0.0024486997404378273
cub200,m1_glfc,F1,0,0.00015885651294280528,0.0024486997404378273
cub200,m1_glfc,F1,0,0.0001663816886076129,0.0024486997404378273
cub200,m1_glfc,F1,0,0.00017426333860096508,0.0024486997404378273
cub200,m1_glfc,F1,0,0.00018251834943190426,0.0024486997404378273
cub200,m1_glfc,F1,0,0.00019116440753857018,0.0024486997404378273
cub200,m1_glfc,F1,0,0.00020022003718155845,0.0026935697144816104
cub200,m1_glfc,F1,0,0.00020970464013232327,0.0026935697144816104
cub200,m1_glfc,F1,0,0.0002196385372416547,0.0026935697144816104
cub200,m1_glfc,F1,0,0.0002300430119772917,0.0026935697144816104
cub200,m1_glfc,F1,0,0.00024094035602395243,0.0026935697144816104
cub200,m1_glfc,F1,0,0.0002523539170434766,0.00284049169890788
cub200,m1_glfc,F1,0,0.00026430814869741055,0.00284049169890788
cub200,m1_glfc,F1,0,0.00027682866303920667,0.00284049169890788
cub200,m1_glfc,F1,0,0.0002899422853882875,0.00284049169890788
cub200,m1_glfc,F1,0,0.0003036771118035457,0.0029874136833341496
cub200,m1_glfc,F1,0,0.0003180625692794119,0.0029874136833341496
cub200,m1_glfc,F1,0,0.00033312947879346737,0.0029874136833341496
cub200,m1_glfc,F1,0,0.0003489101213406774,0.003281257652186689
cub200,m1_glfc,F1,0,0.00036543830709572547,0.003281257652186689
cub200,m1_glfc,F1,0,0.0003827494478516311,0.003281257652186689
cub200,m1_glfc,F1,0,0.0004008806328898465,0.003379205641804202
cub200,m1_glfc,F1,0,0.000419870708444391,0.003379205641804202
cub200,m1_glfc,F1,0,0.00043976036093027214,0.003379205641804202
cub200,m1_glfc,F1,0,0.00046059220411451035,0.003379205641804202
cub200,m1_glfc,F1,0,0.00048241087041653687,0.003379205641804202
cub200,m1_glfc,F1,0,0.0005052631065335679,0.003379205641804202
cub200,m1_glfc,F1,0,0.0005291978735958442,0.003379205641804202
cub200,m1_glfc,F1,0,0.0005542664520663107,0.0034281796366129585
cub200,m1_glfc,F1,0,0.0005805225516094895,0.0034281796366129585
cub200,m1_glfc,F1,0,0.0006080224261649427,0.0036240756158479846
cub200,m1_glfc,F1,0,0.0006368249944718586,0.0038689455898917673
cub200,m1_glfc,F1,0,0.0006669919663030121,0.0038689455898917673
cub200,m1_glfc,F1,0,0.0006985879746785249,0.004407659532788089
cub200,m1_glfc,F1,0,0.0007316807143427193,0.0047015035016406284
cub200,m1_glfc,F1,0,0.0007663410868007462,0.0047015035016406284
cub200,m1_glfc,F1,0,0.0008026433522257174,0.005093295460110682
cub200,m1_glfc,F1,0,0.0008406652885618325,0.005191243449728195
cub200,m1_glfc,F1,0,0.0008804883581643465,0.005876879377050786
cub200,m1_glfc,F1,0,0.0009221978823334322,0.005876879377050786
cub200,m1_glfc,F1,0,0.0009658832241158709,0.005925853371859542
cub200,m1_glfc,F1,0,0.001011637979766207,0.006023801361477055
cub200,m1_glfc,F1,0,0.001059560179277616,0.006072775356285812
cub200,m1_glfc,F1,0,0.0011097524964120721,0.006366619325138352
cub200,m1_glfc,F1,0,0.0011623224686798518,0.006562515304373378
cub200,m1_glfc,F1,0,0.001217382727739662,0.006611489299182135
cub200,m1_glfc,F1,0,0.0012750512407130128,0.006807385278417161
cub200,m1_glfc,F1,0,0.0013354515629298987,0.007052255252460943
cub200,m1_glfc,F1,0,0.0013987131026472386,0.007199177236887213
cub200,m1_glfc,F1,0,0.0014649713983072847,0.0076399431901660216
cub200,m1_glfc,F1,0,0.0015343684089300133,0.007737891179783535
cub200,m1_glfc,F1,0,0.0016070528182616384,0.007933787159018562
cub200,m1_glfc,F1,0,0.0016831803533309566,0.007982761153827317
cub200,m1_glfc,F1,0,0.001762914118095948,0.008031735148636074
cub200,m1_glfc,F1,0,0.0018464249428955426,0.008178657133062343
cub200,m1_glfc,F1,0,0.0019338917504552321,0.00852147509672364
cub200,m1_glfc,F1,0,0.0020255019392306666,0.00852147509672364
cub200,m1_glfc,F1,0,0.00212145178491063,0.00866839708114991
cub200,m1_glfc,F1,0,0.002221946860939524,0.010578382878691416
cub200,m1_glfc,F1,0,0.0023272024789604074,0.01062735687350017
cub200,m1_glfc,F1,0,0.002437444150122222,0.011410940790440275
cub200,m1_glfc,F1,0,0.0025529080682395165,0.011704784759292815
cub200,m1_glfc,F1,0,0.0026738416158399465,0.012096576717762868
cub200,m1_glfc,F1,0,0.002800503894183631,0.012341446691806651
cub200,m1_glfc,F1,0,0.0029331662783900424,0.013027082619129242
cub200,m1_glfc,F1,0,0.003072112998861759,0.013174004603555512
cub200,m1_glfc,F1,0,0.0032176417502507355,0.013271952593173025
cub200,m1_glfc,F1,0,0.003370064329271928,0.013712718546451834
cub200,m1_glfc,F1,0,0.00352970730273065,0.014398354473774426
cub200,m1_glfc,F1,0,0.0036969127071950283,0.014986042411479505
cub200,m1_glfc,F1,0,0.003872038781812557,0.01591654831284588
cub200,m1_glfc,F1,0,0.004055460735840828,0.016993976198638523
cub200,m1_glfc,F1,0,0.0042475715525368985,0.017238846172682305
cub200,m1_glfc,F1,0,0.004448782831127585,0.01772858612076987
cub200,m1_glfc,F1,0,0.004659525668664682,0.018267300063666194
cub200,m1_glfc,F1,0,0.004880251583654433,0.01900190998579754
cub200,m1_glfc,F1,0,0.005111433483440166,0.020030363876781428
cub200,m1_glfc,F1,0,0.0053535666774107244,0.020373181840442726
cub200,m1_glfc,F1,0,0.005607169938205458,0.02115676575738283
cub200,m1_glfc,F1,0,0.005872786613189483,0.0224300896224105
cub200,m1_glfc,F1,0,0.006150985788580504,0.02453597139918703
cub200,m1_glfc,F1,0,0.00644236350872137,0.025956217248640973
cub200,m1_glfc,F1,0,0.006747544053110693,0.0269356971448161
cub200,m1_glfc,F1,0,0.0070671812739274914,0.027327489103286154
cub200,m1_glfc,F1,0,0.007401959996915644,0.028062099025417505
cub200,m1_glfc,F1,0,0.007752597488629464,0.030070032812576523
cub200,m1_glfc,F1,0,0.008119844993184008,0.03124540868798668
cub200,m1_glfc,F1,0,0.008504489341802677,0.032273862578970566
cub200,m1_glfc,F1,0,0.00890735463861044,0.03335129046476321
cub200,m1_glfc,F1,0,0.009329304026284686,0.034526666340173366
cub200,m1_glfc,F1,0,0.009771241535346501,0.036436652137714874
cub200,m1_glfc,F1,0,0.010234114021054527,0.037807923992360055
cub200,m1_glfc,F1,0,0.010718913192051276,0.03913022185219649
cub200,m1_glfc,F1,0,0.011226677735108135,0.041236103628973016
cub200,m1_glfc,F1,0,0.01175849554052157,0.04285224545766198
cub200,m1_glfc,F1,0,0.012315506032928261,0.044860179244821
cub200,m1_glfc,F1,0,0.01289890261253308,0.04628042509427494
cub200,m1_glfc,F1,0,0.013509935211980266,0.04784759292815515
cub200,m1_glfc,F1,0,0.01414991297434576,0.049855526715314166
cub200,m1_glfc,F1,0,0.014820207057988586,0.0519614084920907
cub200,m1_glfc,F1,0,0.01552225357427048,0.052793966403839564
cub200,m1_glfc,F1,0,0.016257556664437952,0.05494882217542485
cub200,m1_glfc,F1,0,0.017027691722258997,0.0568098339781576
cub200,m1_glfc,F1,0,0.017834308769319095,0.05955237768744796
cub200,m1_glfc,F1,0,0.01867913599020783,0.06111954552132817
cub200,m1_glfc,F1,0,0.01956398343517065,0.06273568735001714
cub200,m1_glfc,F1,0,0.020490746898158482,0.06449875116313238
cub200,m1_glfc,F1,0,0.021461411978584036,0.06596797100739507
cub200,m1_glfc,F1,0,0.02247805833548725,0.06880846270630295
cub200,m1_glfc,F1,0,0.02354286414322418,0.07013076056613939
cub200,m1_glfc,F1,0,0.024658110758226038,0.07248151231695969
cub200,m1_glfc,F1,0,0.025826187606826773,0.0743914981145012
cub200,m1_glfc,F1,0,0.027049597304631343,0.07693814584455654
cub200,m1_glfc,F1,0,0.02833096101839324,0.08007248151231695
cub200,m1_glfc,F1,0,0.029673024081888696,0.08354963514373867
cub200,m1_glfc,F1,0,0.03107866187782014,0.08570449091532396
cub200,m1_glfc,F1,0,0.0325508859983506,0.08864293060384935
cub200,m1_glfc,F1,0,0.03409285069746811,0.09192418825603604
cub200,m1_glfc,F1,0,0.03570785964900463,0.09510749791860522
cub200,m1_glfc,F1,0,0.03739937302478798,0.09770311964346932
cub200,m1_glfc,F1,0,0.039171014908092605,0.10122924726969978
cub200,m1_glfc,F1,0,0.04102658105827194,0.10362897301532886
cub200,m1_glfc,F1,0,0.04297004704320839,0.10681228267789804
cub200,m1_glfc,F1,0,0.04500557675700498,0.10999559234046721
cub200,m1_glfc,F1,0,0.047137531341167244,0.11332582398746266
cub200,m1_glfc,F1,0,0.049370478528390035,0.11567657573828297
cub200,m1_glfc,F1,0,0.05170920242896761,0.11905578138008717
cub200,m1_glfc,F1,0,0.054158713780794704,0.12287575297517019
cub200,m1_glfc,F1,0,0.05672426068491978,0.1267936725598707
cub200,m1_glfc,F1,0,0.05941133984965034,0.13159312405112886
cub200,m1_glfc,F1,0,0.06222570836730231,0.1371761594593271
cub200,m1_glfc,F1,0,0.06517339604882427,0.14163279298692394
cub200,m1_glfc,F1,0,0.06826071834272386,0.1469709584210784
cub200,m1_glfc,F1,0,0.07149428986597577,0.15152553993829276
cub200,m1_glfc,F1,0,0.07488103857590023,0.1570106273568735
cub200,m1_glfc,F1,0,0.07842822061337681,0.16166315686370536
cub200,m1_glfc,F1,0,0.0821434358491943,0.16905823007982762
cub200,m1_glfc,F1,0,0.086034644166845,0.17513100543611343
cub200,m1_glfc,F1,0,0.09011018251665019,0.18262402664185318
cub200,m1_glfc,F1,0,0.09437878277775381,0.1874234781331113
cub200,m1_glfc,F1,0,0.09884959046625587,0.1954552132817474
cub200,m1_glfc,F1,0,0.10353218432956626,0.20304618247710465
cub200,m1_glfc,F1,0,0.1084365968689611,0.2119104755374896
cub200,m1_glfc,F1,0,0.11357333583431052,0.2213624565355796
cub200,m1_glfc,F1,0,0.11895340673703195,0.22983495763749448
cub200,m1_glfc,F1,0,0.12458833642950082,0.23776874479651305
cub200,m1_glfc,F1,0,0.1304901978014403,0.2456045839659141
cub200,m1_glfc,F1,0,0.13667163564620075,0.2546647730055341
cub200,m1_glfc,F1,0,0.14314589375234785,0.26186395024242126
cub200,m1_glfc,F1,0,0.14992684327860456,0.2707282433028062
cub200,m1_glfc,F1,0,0.15702901247293774,0.28106175620745383
cub200,m1_glfc,F1,0,0.16446761779946645,0.28973015328860374
cub200,m1_glfc,F1,0,0.17225859653987874,0.2995249522503551
cub200,m1_glfc,F1,0,0.18041864093920718,0.31078897105636905
cub200,m1_glfc,F1,0,0.18896523396912096,0.321661197903913
cub200,m1_glfc,F1,0,0.19791668678535573,0.33223958078260446
cub200,m1_glfc,F1,0,0.2072921779595372,0.3426220676820608
cub200,m1_glfc,F1,0,0.21711179456945054,0.3540330084725011
cub200,m1_glfc,F1,0,0.22739657523579276,0.3675988050345267
cub200,m1_glfc,F1,0,0.23816855519761582,0.3821930554875361
cub200,m1_glfc,F1,0,0.24945081352303167,0.39600372202360545
cub200,m1_glfc,F1,0,0.2612675225563329,0.4092756746167785
cub200,m1_glfc,F1,0,0.27364399970746717,0.4235271071061266
cub200,m1_glfc,F1,0,0.286606761694825,0.4364072677408296
cub200,m1_glfc,F1,0,0.3001835813575589,0.44997306430285516
cub200,m1_glfc,F1,0,0.31440354715915003,0.4659875606053186
cub200,m1_glfc,F1,0,0.3292971255097151,0.48146334296488563
cub200,m1_glfc,F1,0,0.34489622604057596,0.5001224349870219
cub200,m1_glfc,F1,0,0.36123426997094304,0.5146677114452226
cub200,m1_glfc,F1,0,0.3783462617131929,0.5307311817424948
cub200,m1_glfc,F1,0,0.3962688638701478,0.5509084676037024
cub200,m1_glfc,F1,0,0.41504047578504766,0.5697634556050737
cub200,m1_glfc,F1,0,0.43470131581250265,0.5897938194818552
cub200,m1_glfc,F1,0,0.4552935074866948,0.6083549635143739
cub200,m1_glfc,F1,0,0.47686116977144694,0.6300014692198442
cub200,m1_glfc,F1,0,0.499450511585514,0.6500808070914345
cub200,m1_glfc,F1,0,0.5231099308056264,0.6718742347813311
cub200,m1_glfc,F1,0,0.5478901179593945,0.6927371565698615
cub200,m1_glfc,F1,0,0.5738441648302393,0.715363142171507
cub200,m1_glfc,F1,0,0.6010276782070382,0.7377932317939174
cub200,m1_glfc,F1,0,0.6294988990221888,0.7616435672657819
cub200,m1_glfc,F1,0,0.6593188271333549,0.7852000587687937
cub200,m1_glfc,F1,0,0.6905513520162331,0.8120378079239924
cub200,m1_glfc,F1,0,0.7232633896483533,0.8396101670013223
cub200,m1_glfc,F1,0,0.7575250258771913,0.8628238405406728
cub200,m1_glfc,F1,0,0.7934096665797492,0.8893677457270189
cub200,m1_glfc,F1,0,0.8309941949353395,0.9171849747783927
cub200,m1_glfc,F1,0,0.8703591361485166,0.940055830354082
cub200,m1_glfc,F1,0,0.9115888299750827,0.9634653998726677
cub200,m1_glfc,F1,0,0.9547716114208056,0.9861403594691219
cub200,m1_glfc,F1,0,1.0,1.0
cub200,m2_target,F1,0,0.0,0.0017018379850238256
cub200,m2_target,F1,0,0.0001,0.0034522999124769038
cub200,m2_target,F1,0,0.00010473708979594497,0.0034522999124769038
cub200,m2_target,F1,0,0.00010969857978923841,0.0034522999124769038
cub200,m2_target,F1,0,0.00011489510001873086,0.0034522999124769038
cub200,m2_target,F1,0,0.00012033778407775893,0.0034522999124769038
cub200,m2_target,F1,0,0.00012603829296797275,0.0034522999124769038
cub200,m2_target,F1,0,0.0001320088400831418,0.0034522999124769038
cub200,m2_target,F1,0,0.00013826221737646565,0.0034522999124769038
cub200,m2_target,F1,0,0.0001448118227674533,0.0034522999124769038
cub200,m2_target,F1,0,0.00015167168884709225,0.007536711076534085
cub200,m2_target,F1,0,0.00015885651294280528,0.007536711076534085
cub200,m2_target,F1,0,0.0001663816886076129,0.007536711076534085
cub200,m2_target,F1,0,0.00017426333860096508,0.007536711076534085
cub200,m2_target,F1,0,0.00018251834943190426,0.007536711076534085
cub200,m2_target,F1,0,0.00019116440753857018,0.007536711076534085
cub200,m2_target,F1,0,0.00020022003718155845,0.008655061752406885
cub200,m2_target,F1,0,0.00020970464013232327,0.008655061752406885
cub200,m2_target,F1,0,0.0002196385372416547,0.008655061752406885
cub200,m2_target,F1,0,0.0002300430119772917,0.008655061752406885
cub200,m2_target,F1,0,0.00024094035602395243,0.008655061752406885
cub200,m2_target,F1,0,0.0002523539170434766,0.008703685694836137
cub200,m2_target,F1,0,0.00026430814869741055,0.008703685694836137
cub200,m2_target,F1,0,0.00027682866303920667,0.008703685694836137
cub200,m2_target,F1,0,0.0002899422853882875,0.008703685694836137
cub200,m2_target,F1,0,0.0003036771118035457,0.008898181464553146
cub200,m2_target,F1,0,0.0003180625692794119,0.008898181464553146
cub200,m2_target,F1,0,0.00033312947879346737,0.008898181464553146
cub200,m2_target,F1,0,0.0003489101213406774,0.010065156082855197
cub200,m2_target,F1,0,0.00036543830709572547,0.010065156082855197
cub200,m2_target,F1,0,0.0003827494478516311,0.010065156082855197
cub200,m2_target,F1,0,0.0004008806328898465,0.010065156082855197
cub200,m2_target,F1,0,0.000419870708444391,0.010065156082855197
cub200,m2_target,F1,0,0.00043976036093027214,0.010065156082855197
cub200,m2_target,F1,0,0.00046059220411451035,0.011378002528445006
cub200,m2_target,F1,0,0.00048241087041653687,0.011378002528445006
cub200,m2_target,F1,0,0.0005052631065335679,0.011815618010308275
cub200,m2_target,F1,0,0.0005291978735958442,0.011815618010308275
cub200,m2_target,F1,0,0.0005542664520663107,0.014344063016629388
cub200,m2_target,F1,0,0.0005805225516094895,0.014344063016629388
cub200,m2_target,F1,0,0.0006080224261649427,0.016094524944082467
cub200,m2_target,F1,0,0.0006368249944718586,0.016240396771370222
cub200,m2_target,F1,0,0.0006669919663030121,0.016240396771370222
cub200,m2_target,F1,0,0.0006985879746785249,0.017455995332101525
cub200,m2_target,F1,0,0.0007316807143427193,0.017455995332101525
cub200,m2_target,F1,0,0.0007663410868007462,0.017455995332101525
cub200,m2_target,F1,0,0.0008026433522257174,0.01755324321696003
cub200,m2_target,F1,0,0.0008406652885618325,0.018671593892832832
cub200,m2_target,F1,0,0.0008804883581643465,0.018671593892832832
cub200,m2_target,F1,0,0.0009221978823334322,0.01906058543226685
cub200,m2_target,F1,0,0.0009658832241158709,0.01935232908684236
cub200,m2_target,F1,0,0.001011637979766207,0.019887192453564136
cub200,m2_target,F1,0,0.001059560179277616,0.01998444033842264
cub200,m2_target,F1,0,0.0011097524964120721,0.02265875717203151
cub200,m2_target,F1,0,0.0011623224686798518,0.023242244481182533
cub200,m2_target,F1,0,0.001217382727739662,0.023533988135758046
cub200,m2_target,F1,0,0.0012750512407130128,0.024895458523777107
cub200,m2_target,F1,0,0.0013354515629298987,0.02513857823592337
cub200,m2_target,F1,0,0.0013987131026472386,0.02518720217835262
cub200,m2_target,F1,0,0.0014649713983072847,0.025673441602645144
cub200,m2_target,F1,0,0.0015343684089300133,0.025770689487503648
cub200,m2_target,F1,0,0.0016070528182616384,0.025770689487503648
cub200,m2_target,F1,0,0.0016831803533309566,0.026013809199649907
cub200,m2_target,F1,0,0.001762914118095948,0.026208304969366915
cub200,m2_target,F1,0,0.0018464249428955426,0.026889040163376447
cub200,m2_target,F1,0,0.0019338917504552321,0.027569775357385976
cub200,m2_target,F1,0,0.0020255019392306666,0.027910142954390742
cub200,m2_target,F1,0,0.00212145178491063,0.02878537391811728
cub200,m2_target,F1,0,0.002221946860939524,0.0291743654575513
cub200,m2_target,F1,0,0.0023272024789604074,0.030195468248565595
cub200,m2_target,F1,0,0.002437444150122222,0.030973451327433628
cub200,m2_target,F1,0,0.0025529080682395165,0.0325294174851697
cub200,m2_target,F1,0,0.0026738416158399465,0.03286978508217446
cub200,m2_target,F1,0,0.002800503894183631,0.03418263152776427
cub200,m2_target,F1,0,0.0029331662783900424,0.03612758922493436
cub200,m2_target,F1,0,0.003072112998861759,0.03753768355538267
cub200,m2_target,F1,0,0.0032176417502507355,0.039434017310123505
cub200,m2_target,F1,0,0.003370064329271928,0.040503744043567054
cub200,m2_target,F1,0,0.00352970730273065,0.04108723135271808
cub200,m2_target,F1,0,0.0036969127071950283,0.042400077798307886
cub200,m2_target,F1,0,0.003872038781812557,0.04385879607118545
cub200,m2_target,F1,0,0.004055460735840828,0.04580375376835554
cub200,m2_target,F1,0,0.0042475715525368985,0.04706797627151609
cub200,m2_target,F1,0,0.004448782831127585,0.04813770300495964
cub200,m2_target,F1,0,0.004659525668664682,0.05032578041427599
cub200,m2_target,F1,0,0.004880251583654433,0.0516386268598658
cub200,m2_target,F1,0,0.005111433483440166,0.05231936205387533
cub200,m2_target,F1,0,0.0053535666774107244,0.052951473305455604
cub200,m2_target,F1,0,0.005607169938205458,0.0539725760964699
cub200,m2_target,F1,0,0.005872786613189483,0.05713313235437129
cub200,m2_target,F1,0,0.006150985788580504,0.05815423514538559
cub200,m2_target,F1,0,0.00644236350872137,0.059953321015267916
cub200,m2_target,F1,0,0.006747544053110693,0.06248176602158903
cub200,m2_target,F1,0,0.0070671812739274914,0.06374598852474958
cub200,m2_target,F1,0,0.007401959996915644,0.0652533307400564
cub200,m2_target,F1,0,0.007752597488629464,0.06656617718564621
cub200,m2_target,F1,0,0.008119844993184008,0.06817076728581153
cub200,m2_target,F1,0,0.008504489341802677,0.06885150247982107
cub200,m2_target,F1,0,0.00890735463861044,0.07035884469512788
cub200,m2_target,F1,0,0.009329304026284686,0.07274141787416123
cub200,m2_target,F1,0,0.009771241535346501,0.07449187980161431
cub200,m2_target,F1,0,0.010234114021054527,0.07590197413206262
cub200,m2_target,F1,0,0.010718913192051276,0.07925702615968103
cub200,m2_target,F1,0,0.011226677735108135,0.08154235145385588
cub200,m2_target,F1,0,0.01175849554052157,0.08329281338130895
cub200,m2_target,F1,0,0.012315506032928261,0.08645336963921035
cub200,m2_target,F1,0,0.01289890261253308,0.08922493435767773
cub200,m2_target,F1,0,0.013509935211980266,0.0919964990761451
cub200,m2_target,F1,0,0.01414991297434576,0.09462219196732471
cub200,m2_target,F1,0,0.014820207057988586,0.0978799961100846
cub200,m2_target,F1,0,0.01552225357427048,0.10123504813770301
cub200,m2_target,F1,0,0.016257556664437952,0.10322862977730235
cub200,m2_target,F1,0,0.017027691722258997,0.10551395507147719
cub200,m2_target,F1,0,0.017834308769319095,0.10823689584751532
cub200,m2_target,F1,0,0.01867913599020783,0.11042497325683166
cub200,m2_target,F1,0,0.01956398343517065,0.11387727316930857
cub200,m2_target,F1,0,0.020490746898158482,0.11703782942720996
cub200,m2_target,F1,0,0.021461411978584036,0.12058737722454536
cub200,m2_target,F1,0,0.02247805833548725,0.12345618982787124
cub200,m2_target,F1,0,0.02354286414322418,0.12627637848876788
cub200,m2_target,F1,0,0.024658110758226038,0.12870757561023047
cub200,m2_target,F1,0,0.025826187606826773,0.13269473888942915
cub200,m2_target,F1,0,0.027049597304631343,0.13697364582320334
cub200,m2_target,F1,0,0.02833096101839324,0.1447534766118837
cub200,m2_target,F1,0,0.029673024081888696,0.14893513566079938
cub200,m2_target,F1,0,0.03107866187782014,0.151755324321696
cub200,m2_target,F1,0,0.0325508859983506,0.15666634250705047
cub200,m2_target,F1,0,0.03409285069746811,0.16016726636195663
cub200,m2_target,F1,0,0.03570785964900463,0.16537002820188662
cub200,m2_target,F1,0,0.03739937302478798,0.1713507731206846
cub200,m2_target,F1,0,0.039171014908092605,0.17621316736360984
cub200,m2_target,F1,0,0.04102658105827194,0.17903335602450646
cub200,m2_target,F1,0,0.04297004704320839,0.18413886997957796
cub200,m2_target,F1,0,0.04500557675700498,0.1899737430710882
cub200,m2_target,F1,0,0.047137531341167244,0.19600311193231548
cub200,m2_target,F1,0,0.049370478528390035,0.2012544977146747
cub200,m2_target,F1,0,0.05170920242896761,0.20626276378488767
cub200,m2_target,F1,0,0.054158713780794704,0.2115141495672469
cub200,m2_target,F1,0,0.05672426068491978,0.21783526208304968
cub200,m2_target,F1,0,0.05941133984965034,0.22401050277156473
cub200,m2_target,F1,0,0.06222570836730231,0.2314499659632403
cub200,m2_target,F1,0,0.06517339604882427,0.2369444714577458
cub200,m2_target,F1,0,0.06826071834272386,0.2405912671399397
cub200,m2_target,F1,0,0.07149428986597577,0.24657201205873772
cub200,m2_target,F1,0,0.07488103857590023,0.2545463386171351
cub200,m2_target,F1,0,0.07842822061337681,0.26125644267237186
cub200,m2_target,F1,0,0.0821434358491943,0.26918214528834
cub200,m2_target,F1,0,0.086034644166845,0.275551881746572
cub200,m2_target,F1,0,0.09011018251665019,0.2848876786929884
cub200,m2_target,F1,0,0.09437878277775381,0.2935427404453953
cub200,m2_target,F1,0,0.09884959046625587,0.3018088106583682
cub200,m2_target,F1,0,0.10353218432956626,0.3116794709715064
cub200,m2_target,F1,0,0.1084365968689611,0.3220849946513663
cub200,m2_target,F1,0,0.11357333583431052,0.32967032967032966
cub200,m2_target,F1,0,0.11895340673703195,0.3379850238257318
cub200,m2_target,F1,0,0.12458833642950082,0.34717494894486045
cub200,m2_target,F1,0,0.1304901978014403,0.3569969853155694
cub200,m2_target,F1,0,0.13667163564620075,0.36711076534085385
cub200,m2_target,F1,0,0.14314589375234785,0.38009335796946414
cub200,m2_target,F1,0,0.14992684327860456,0.38957502674316835
cub200,m2_target,F1,0,0.15702901247293774,0.40168238840805215
cub200,m2_target,F1,0,0.16446761779946645,0.41169892054847806
cub200,m2_target,F1,0,0.17225859653987874,0.42414664981036665
cub200,m2_target,F1,0,0.18041864093920718,0.4350870368569484
cub200,m2_target,F1,0,0.18896523396912096,0.44456870563065254
cub200,m2_target,F1,0,0.19791668678535573,0.45735680248954586
cub200,m2_target,F1,0,0.2072921779595372,0.46878342896042013
cub200,m2_target,F1,0,0.21711179456945054,0.47952932023728484
cub200,m2_target,F1,0,0.22739657523579276,0.4923660410386074
cub200,m2_target,F1,0,0.23816855519761582,0.5084605659826898
cub200,m2_target,F1,0,0.24945081352303167,0.5218807740931635
cub200,m2_target,F1,0,0.2612675225563329,0.5392395215404064
cub200,m2_target,F1,0,0.27364399970746717,0.5546533112904795
cub200,m2_target,F1,0,0.286606761694825,0.5681707672858115
cub200,m2_target,F1,0,0.3001835813575589,0.5817368472235729
cub200,m2_target,F1,0,0.31440354715915003,0.5977341242827968
cub200,m2_target,F1,0,0.3292971255097151,0.6137314013420209
cub200,m2_target,F1,0,0.34489622604057596,0.6267139939706311
cub200,m2_target,F1,0,0.36123426997094304,0.6409121851599727
cub200,m2_target,F1,0,0.3783462617131929,0.6574443255859185
cub200,m2_target,F1,0,0.3962688638701478,0.6733929787027132
cub200,m2_target,F1,0,0.41504047578504766,0.69050860643781
cub200,m2_target,F1,0,0.43470131581250265,0.7083049693669162
cub200,m2_target,F1,0,0.4552935074866948,0.7264903238354565
cub200,m2_target,F1,0,0.47686116977144694,0.7449187980161431
cub200,m2_target,F1,0,0.499450511585514,0.7640280073908392
cub200,m2_target,F1,0,0.5231099308056264,0.781727122435087
cub200,m2_target,F1,0,0.5478901179593945,0.7999124769036273
cub200,m2_target,F1,0,0.5738441648302393,0.8181950792570262
cub200,m2_target,F1,0,0.6010276782070382,0.8362831858407079
cub200,m2_target,F1,0,0.6294988990221888,0.855197899445687
cub200,m2_target,F1,0,0.6593188271333549,0.8743071088203832
cub200,m2_target,F1,0,0.6905513520162331,0.8930273266556452
cub200,m2_target,F1,0,0.7232633896483533,0.9110668092968978
cub200,m2_target,F1,0,0.7575250258771913,0.927112710298551
cub200,m2_target,F1,0,0.7934096665797492,0.9430613634153457
cub200,m2_target,F1,0,0.8309941949353395,0.9593503841291452
cub200,m2_target,F1,0,0.8703591361485166,0.9730623358941943
cub200,m2_target,F1,0,0.9115888299750827,0.9847807060196441
cub200,m2_target,F1,0,0.9547716114208056,0.994213750850919
cub200,m2_target,F1,0,1.0,1.0
cub200,m3_fot,F1,0,0.0,0.000589304130039778
cub200,m3_fot,F1,0,0.0001,0.004076020232775131
cub200,m3_fot,F1,0,0.00010473708979594497,0.004076020232775131
cub200,m3_fot,F1,0,0.00010969857978923841,0.004076020232775131
cub200,m3_fot,F1,0,0.00011489510001873086,0.004076020232775131
cub200,m3_fot,F1,0,0.00012033778407775893,0.004076020232775131
cub200,m3_fot,F1,0,0.00012603829296797275,0.004076020232775131
cub200,m3_fot,F1,0,0.0001320088400831418,0.004076020232775131
cub200,m3_fot,F1,0,0.00013826221737646565,0.004076020232775131
cub200,m3_fot,F1,0,0.0001448118227674533,0.004076020232775131
cub200,m3_fot,F1,0,0.00015167168884709225,0.005401954525364632
cub200,m3_fot,F1,0,0.00015885651294280528,0.005401954525364632
cub200,m3_fot,F1,0,0.0001663816886076129,0.005401954525364632
cub200,m3_fot,F1,0,0.00017426333860096508,0.005401954525364632
cub200,m3_fot,F1,0,0.00018251834943190426,0.005401954525364632
cub200,m3_fot,F1,0,0.00019116440753857018,0.005401954525364632
cub200,m3_fot,F1,0,0.00020022003718155845,0.006531454107940873
cub200,m3_fot,F1,0,0.00020970464013232327,0.006531454107940873
cub200,m3_fot,F1,0,0.0002196385372416547,0.006531454107940873
cub200,m3_fot,F1,0,0.0002300430119772917,0.006531454107940873
cub200,m3_fot,F1,0,0.00024094035602395243,0.006531454107940873
cub200,m3_fot,F1,0,0.0002523539170434766,0.007366301625497226
cub200,m3_fot,F1,0,0.00026430814869741055,0.007366301625497226
cub200,m3_fot,F1,0,0.00027682866303920667,0.007366301625497226
cub200,m3_fot,F1,0,0.0002899422853882875,0.007366301625497226
cub200,m3_fot,F1,0,0.0003036771118035457,0.00741541030300054
cub200,m3_fot,F1,0,0.0003180625692794119,0.00741541030300054
cub200,m3_fot,F1,0,0.00033312947879346737,0.00741541030300054
cub200,m3_fot,F1,0,0.0003489101213406774,0.007464518980503855
cub200,m3_fot,F1,0,0.00036543830709572547,0.007464518980503855
cub200,m3_fot,F1,0,0.0003827494478516311,0.007464518980503855
cub200,m3_fot,F1,0,0.0004008806328898465,0.007611845013013799
cub200,m3_fot,F1,0,0.000419870708444391,0.007611845013013799
cub200,m3_fot,F1,0,0.00043976036093027214,0.007808279723027059
cub200,m3_fot,F1,0,0.00046059220411451035,0.007808279723027059
cub200,m3_fot,F1,0,0.00048241087041653687,0.007808279723027059
cub200,m3_fot,F1,0,0.0005052631065335679,0.008250257820556892
cub200,m3_fot,F1,0,0.0005291978735958442,0.008250257820556892
cub200,m3_fot,F1,0,0.0005542664520663107,0.010214604920689485
cub200,m3_fot,F1,0,0.0005805225516094895,0.010214604920689485
cub200,m3_fot,F1,0,0.0006080224261649427,0.011196778470755783
cub200,m3_fot,F1,0,0.0006368249944718586,0.011245887148259097
cub200,m3_fot,F1,0,0.0006669919663030121,0.011245887148259097
cub200,m3_fot,F1,0,0.0006985879746785249,0.013357560280901635
cub200,m3_fot,F1,0,0.0007316807143427193,0.013799538378431469
cub200,m3_fot,F1,0,0.0007663410868007462,0.013799538378431469
cub200,m3_fot,F1,0,0.0008026433522257174,0.014290625153464617
cub200,m3_fot,F1,0,0.0008406652885618325,0.015371016058537544
cub200,m3_fot,F1,0,0.0008804883581643465,0.017286254481166823
cub200,m3_fot,F1,0,0.0009221978823334322,0.01777734125619997
cub200,m3_fot,F1,0,0.0009658832241158709,0.01777734125619997
cub200,m3_fot,F1,0,0.001011637979766207,0.019005058193782842
cub200,m3_fot,F1,0,0.001059560179277616,0.019152384226292785
cub200,m3_fot,F1,0,0.0011097524964120721,0.0192014929037961
cub200,m3_fot,F1,0,0.0011623224686798518,0.019250601581299414
cub200,m3_fot,F1,0,0.001217382727739662,0.019741688356332564
cub200,m3_fot,F1,0,0.0012750512407130128,0.019741688356332564
cub200,m3_fot,F1,0,0.0013354515629298987,0.019741688356332564
cub200,m3_fot,F1,0,0.0013987131026472386,0.02033099248637234
cub200,m3_fot,F1,0,0.0014649713983072847,0.02082207926140549
cub200,m3_fot,F1,0,0.0015343684089300133,0.02092029661641212
cub200,m3_fot,F1,0,0.0016070528182616384,0.021558709423955214
cub200,m3_fot,F1,0,0.0016831803533309566,0.021607818101458526
cub200,m3_fot,F1,0,0.001762914118095948,0.021656926778961843
cub200,m3_fot,F1,0,0.0018464249428955426,0.022589991651524824
cub200,m3_fot,F1,0,0.0019338917504552321,0.0228355350390414
cub200,m3_fot,F1,0,0.0020255019392306666,0.023375730491577863
cub200,m3_fot,F1,0,0.00212145178491063,0.023523056524087805
cub200,m3_fot,F1,0,0.002221946860939524,0.02376859991160438
cub200,m3_fot,F1,0,0.0023272024789604074,0.02558562097922703
cub200,m3_fot,F1,0,0.002437444150122222,0.026371359819280068
cub200,m3_fot,F1,0,0.0025529080682395165,0.027255316014339732
cub200,m3_fot,F1,0,0.0026738416158399465,0.02872857633943918
cub200,m3_fot,F1,0,0.002800503894183631,0.02882679369444581
cub200,m3_fot,F1,0,0.0029331662783900424,0.030447380052055197
cub200,m3_fot,F1,0,0.003072112998861759,0.030840249472081718
cub200,m3_fot,F1,0,0.0032176417502507355,0.03172420566714138
cub200,m3_fot,F1,0,0.003370064329271928,0.03260816186220105
cub200,m3_fot,F1,0,0.00352970730273065,0.03319746599224083
cub200,m3_fot,F1,0,0.0036969127071950283,0.03403231350979718
cub200,m3_fot,F1,0,0.003872038781812557,0.03427785689731375
cub200,m3_fot,F1,0,0.004055460735840828,0.03496537838236016
cub200,m3_fot,F1,0,0.0042475715525368985,0.03550557383489663
cub200,m3_fot,F1,0,0.004448782831127585,0.0367332907724795
cub200,m3_fot,F1,0,0.004659525668664682,0.038010116387565684
cub200,m3_fot,F1,0,0.004880251583654433,0.03928694200265187
cub200,m3_fot,F1,0,0.005111433483440166,0.04100574571526789
cub200,m3_fot,F1,0,0.0053535666774107244,0.043510288267936945
cub200,m3_fot,F1,0,0.005607169938205458,0.0446888965280165
cub200,m3_fot,F1,0,0.005872786613189483,0.04542552669056622
cub200,m3_fot,F1,0,0.006150985788580504,0.04586750478809606
cub200,m3_fot,F1,0,0.00644236350872137,0.04670235230565241
cub200,m3_fot,F1,0,0.006747544053110693,0.047782743210725336
cub200,m3_fot,F1,0,0.0070671812739274914,0.04886313411579826
cub200,m3_fot,F1,0,0.007401959996915644,0.04994352502087119
cub200,m3_fot,F1,0,0.007752597488629464,0.05092569857093748
cub200,m3_fot,F1,0,0.008119844993184008,0.05289004567107008
cub200,m3_fot,F1,0,0.008504489341802677,0.05372489318862643
cub200,m3_fot,F1,0,0.00890735463861044,0.055492805578745766
cub200,m3_fot,F1,0,0.009329304026284686,0.05785002209890488
cub200,m3_fot,F1,0,0.009771241535346501,0.060698325394097134
cub200,m3_fot,F1,0,0.010234114021054527,0.06428325885183912
cub200,m3_fot,F1,0,0.010718913192051276,0.06565830182193194
cub200,m3_fot,F1,0,0.011226677735108135,0.06703334479202475
cub200,m3_fot,F1,0,0.01175849554052157,0.06875214850464077
cub200,m3_fot,F1,0,0.012315506032928261,0.07047095221725679
cub200,m3_fot,F1,0,0.01289890261253308,0.07160045179983303
cub200,m3_fot,F1,0,0.013509935211980266,0.07385945096498552
cub200,m3_fot,F1,0,0.01414991297434576,0.07469429848254186
cub200,m3_fot,F1,0,0.014820207057988586,0.07557825467760153
cub200,m3_fot,F1,0,0.01552225357427048,0.0768059716151844
cub200,m3_fot,F1,0,0.016257556664437952,0.07872121003781368
cub200,m3_fot,F1,0,0.017027691722258997,0.08053823110543633
cub200,m3_fot,F1,0,0.017834308769319095,0.08485979472572804
cub200,m3_fot,F1,0,0.01867913599020783,0.08844472818347002
cub200,m3_fot,F1,0,0.01956398343517065,0.09040907528360262
cub200,m3_fot,F1,0,0.020490746898158482,0.09350292196631145
cub200,m3_fot,F1,0,0.021461411978584036,0.09517261700142415
cub200,m3_fot,F1,0,0.02247805833548725,0.09723518145656337
cub200,m3_fot,F1,0,0.02354286414322418,0.1013112016893385
cub200,m3_fot,F1,0,0.024658110758226038,0.10357020085449099
cub200,m3_fot,F1,0,0.025826187606826773,0.10725335166723961
cub200,m3_fot,F1,0,0.027049597304631343,0.1115749152875313
cub200,m3_fot,F1,0,0.02833096101839324,0.11368658842017385
cub200,m3_fot,F1,0,0.029673024081888696,0.11697686981289594
cub200,m3_fot,F1,0,0.03107866187782014,0.11928497765555174
cub200,m3_fot,F1,0,0.0325508859983506,0.12390119334086333
cub200,m3_fot,F1,0,0.03409285069746811,0.12861562638118154
cub200,m3_fot,F1,0,0.03570785964900463,0.13274075529146
cub200,m3_fot,F1,0,0.03739937302478798,0.13553994990914894
cub200,m3_fot,F1,0,0.039171014908092605,0.140696361046997
cub200,m3_fot,F1,0,0.04102658105827194,0.14408485979472574
cub200,m3_fot,F1,0,0.04297004704320839,0.148651966802534
cub200,m3_fot,F1,0,0.04500557675700498,0.15307174777783233
cub200,m3_fot,F1,0,0.047137531341167244,0.15847370230319696
cub200,m3_fot,F1,0,0.049370478528390035,0.16471050434611795
cub200,m3_fot,F1,0,0.05170920242896761,0.17060354564651575
cub200,m3_fot,F1,0,0.054158713780794704,0.17580906546186711
cub200,m3_fot,F1,0,0.05672426068491978,0.18013062908215882
cub200,m3_fot,F1,0,0.05941133984965034,0.18612188773756322
cub200,m3_fot,F1,0,0.06222570836730231,0.19353729804056377
cub200,m3_fot,F1,0,0.06517339604882427,0.19898836124343172
cub200,m3_fot,F1,0,0.06826071834272386,0.20448853312380297
cub200,m3_fot,F1,0,0.07149428986597577,0.2118548347493002
cub200,m3_fot,F1,0,0.07488103857590023,0.21838628885724107
cub200,m3_fot,F1,0,0.07842822061337681,0.22560526445022835
cub200,m3_fot,F1,0,0.0821434358491943,0.23149830575062613
cub200,m3_fot,F1,0,0.086034644166845,0.2386681726661101
cub200,m3_fot,F1,0,0.09011018251665019,0.2475568432942101
cub200,m3_fot,F1,0,0.09437878277775381,0.25453027549968077
cub200,m3_fot,F1,0,0.09884959046625587,0.2614054903501449
cub200,m3_fot,F1,0,0.10353218432956626,0.26970485684820505
cub200,m3_fot,F1,0,0.1084365968689611,0.27790600599125864
cub200,m3_fot,F1,0,0.11357333583431052,0.2883170456219614
cub200,m3_fot,F1,0,0.11895340673703195,0.2982861071551343
cub200,m3_fot,F1,0,0.12458833642950082,0.3067819083632078
cub200,m3_fot,F1,0,0.1304901978014403,0.3157196876688111
cub200,m3_fot,F1,0,0.13667163564620075,0.3246574669744144
cub200,m3_fot,F1,0,0.14314589375234785,0.3348229632176006
cub200,m3_fot,F1,0,0.14992684327860456,0.3472965673034425
cub200,m3_fot,F1,0,0.15702901247293774,0.35824780238668175
cub200,m3_fot,F1,0,0.16446761779946645,0.36949368953494083
cub200,m3_fot,F1,0,0.17225859653987874,0.3794627510681137
cub200,m3_fot,F1,0,0.18041864093920718,0.3906104208613662
cub200,m3_fot,F1,0,0.18896523396912096,0.40097235181456564
cub200,m3_fot,F1,0,0.19791668678535573,0.4130039778028778
cub200,m3_fot,F1,0,0.2072921779595372,0.426607081471296
cub200,m3_fot,F1,0,0.21711179456945054,0.439866424397191
cub200,m3_fot,F1,0,0.22739657523579276,0.45199626774050977
cub200,m3_fot,F1,0,0.23816855519761582,0.4656484800864313
cub200,m3_fot,F1,0,0.24945081352303167,0.4800373225949025
cub200,m3_fot,F1,0,0.2612675225563329,0.4938859696508373
cub200,m3_fot,F1,0,0.27364399970746717,0.5090605509993615
cub200,m3_fot,F1,0,0.286606761694825,0.5235476108628395
cub200,m3_fot,F1,0,0.3001835813575589,0.5399990178264499
cub200,m3_fot,F1,0,0.31440354715915003,0.5552718165299808
cub200,m3_fot,F1,0,0.3292971255097151,0.5710848106860482
cub200,m3_fot,F1,0,0.34489622604057596,0.5879290870696852
cub200,m3_fot,F1,0,0.36123426997094304,0.6049697981633355
cub200,m3_fot,F1,0,0.3783462617131929,0.6238766390021117
cub200,m3_fot,F1,0,0.3962688638701478,0.6408191327407553
cub200,m3_fot,F1,0,0.41504047578504766,0.6583018219319354
cub200,m3_fot,F1,0,0.43470131581250265,0.6770613367382017
cub200,m3_fot,F1,0,0.4552935074866948,0.6956735255119579
cub200,m3_fot,F1,0,0.47686116977144694,0.7161027353533369
cub200,m3_fot,F1,0,0.499450511585514,0.7349113588371066
cub200,m3_fot,F1,0,0.5231099308056264,0.7541128517409026
cub200,m3_fot,F1,0,0.5478901179593945,0.7763590826499043
cub200,m3_fot,F1,0,0.5738441648302393,0.7964936404262634
cub200,m3_fot,F1,0,0.6010276782070382,0.816579089525119
cub200,m3_fot,F1,0,0.6294988990221888,0.8366645386239748
cub200,m3_fot,F1,0,0.6593188271333549,0.8591072042429897
cub200,m3_fot,F1,0,0.6905513520162331,0.8819427392820312
cub200,m3_fot,F1,0,0.7232633896483533,0.8999656239257476
cub200,m3_fot,F1,0,0.7575250258771913,0.9183322693119874
cub200,m3_fot,F1,0,0.7934096665797492,0.9377301969257967
cub200,m3_fot,F1,0,0.8309941949353395,0.9556548642145067
cub200,m3_fot,F1,0,0.8703591361485166,0.9700437067229779
cub200,m3_fot,F1,0,0.9115888299750827,0.9849727446839857
cub200,m3_fot,F1,0,0.9547716114208056,0.9947944801846487
cub200,m3_fot,F1,0,1.0,1.0
cub200,m4_proto,F2,0,0.0,0.804563112108114
cub200,m4_proto,F2,0,0.0001,0.9573781255129398
cub200,m4_proto,F2,0,0.00010473708979594497,0.9573781255129398
cub200,m4_proto,F2,0,0.00010969857978923841,0.9573781255129398
cub200,m4_proto,F2,0,0.00011489510001873086,0.9573781255129398
cub200,m4_proto,F2,0,0.00012033778407775893,0.9573781255129398
cub200,m4_proto,F2,0,0.00012603829296797275,0.9589648191716365
cub200,m4_proto,F2,0,0.0001320088400831418,0.9589648191716365
cub200,m4_proto,F2,0,0.00013826221737646565,0.9589648191716365
cub200,m4_proto,F2,0,0.0001448118227674533,0.9589648191716365
cub200,m4_proto,F2,0,0.00015167168884709225,0.9589648191716365
cub200,m4_proto,F2,0,0.00015885651294280528,0.9589648191716365
cub200,m4_proto,F2,0,0.0001663816886076129,0.9589648191716365
cub200,m4_proto,F2,0,0.00017426333860096508,0.9589648191716365
cub200,m4_proto,F2,0,0.00018251834943190426,0.9589648191716365
cub200,m4_proto,F2,0,0.00019116440753857018,0.962411774361219
cub200,m4_proto,F2,0,0.00020022003718155845,0.962411774361219
cub200,m4_proto,F2,0,0.00020970464013232327,0.962411774361219
cub200,m4_proto,F2,0,0.0002196385372416547,0.962411774361219
cub200,m4_proto,F2,0,0.0002300430119772917,0.962411774361219
cub200,m4_proto,F2,0,0.00024094035602395243,0.962411774361219
cub200,m4_proto,F2,0,0.0002523539170434766,0.9652021666575478
cub200,m4_proto,F2,0,0.00026430814869741055,0.9652021666575478
cub200,m4_proto,F2,0,0.00027682866303920667,0.9652021666575478
cub200,m4_proto,F2,0,0.0002899422853882875,0.9652021666575478
cub200,m4_proto,F2,0,0.0003036771118035457,0.9652021666575478
cub200,m4_proto,F2,0,0.0003180625692794119,0.9689226897193194
cub200,m4_proto,F2,0,0.00033312947879346737,0.9689226897193194
cub200,m4_proto,F2,0,0.0003489101213406774,0.9689226897193194
cub200,m4_proto,F2,0,0.00036543830709572547,0.9689226897193194
cub200,m4_proto,F2,0,0.0003827494478516311,0.9709470919735186
cub200,m4_proto,F2,0,0.0004008806328898465,0.9709470919735186
cub200,m4_proto,F2,0,0.000419870708444391,0.9709470919735186
cub200,m4_proto,F2,0,0.00043976036093027214,0.9716583684412102
cub200,m4_proto,F2,0,0.00046059220411451035,0.9716583684412102
cub200,m4_proto,F2,0,0.00048241087041653687,0.9716583684412102
cub200,m4_proto,F2,0,0.0005052631065335679,0.9718772227389615
cub200,m4_proto,F2,0,0.0005291978735958442,0.9718772227389615
cub200,m4_proto,F2,0,0.0005542664520663107,0.9718772227389615
cub200,m4_proto,F2,0,0.0005805225516094895,0.9727526399299666
cub200,m4_proto,F2,0,0.0006080224261649427,0.9727526399299666
cub200,m4_proto,F2,0,0.0006368249944718586,0.9732997756743448
cub200,m4_proto,F2,0,0.0006669919663030121,0.9732997756743448
cub200,m4_proto,F2,0,0.0006985879746785249,0.9742299064397877
cub200,m4_proto,F2,0,0.0007316807143427193,0.9742299064397877
cub200,m4_proto,F2,0,0.0007663410868007462,0.9770202987361164
cub200,m4_proto,F2,0,0.0008026433522257174,0.9770202987361164
cub200,m4_proto,F2,0,0.0008406652885618325,0.9770750123105543
cub200,m4_proto,F2,0,0.0008804883581643465,0.977129725884992
cub200,m4_proto,F2,0,0.0009221978823334322,0.977129725884992
cub200,m4_proto,F2,0,0.0009658832241158709,0.9771844394594299
cub200,m4_proto,F2,0,0.001011637979766207,0.9784975652459376
cub200,m4_proto,F2,0,0.001059560179277616,0.9785522788203753
cub200,m4_proto,F2,0,0.0011097524964120721,0.9785522788203753
cub200,m4_proto,F2,0,0.0011623224686798518,0.9794276960113805
cub200,m4_proto,F2,0,0.001217382727739662,0.979865404606883
cub200,m4_proto,F2,0,0.0012750512407130128,0.9816162389888932
cub200,m4_proto,F2,0,0.0013354515629298987,0.9824916561798982
cub200,m4_proto,F2,0,0.0013987131026472386,0.9838047819664059
cub200,m4_proto,F2,0,0.0014649713983072847,0.9838047819664059
cub200,m4_proto,F2,0,0.0015343684089300133,0.9839142091152815
cub200,m4_proto,F2,0,0.0016070528182616384,0.9839689226897194
cub200,m4_proto,F2,0,0.0016831803533309566,0.9849537670296
cub200,m4_proto,F2,0,0.001762914118095948,0.9850631941784757
cub200,m4_proto,F2,0,0.0018464249428955426,0.9856650434972917
cub200,m4_proto,F2,0,0.0019338917504552321,0.9863763199649833
cub200,m4_proto,F2,0,0.0020255019392306666,0.9865951742627346
cub200,m4_proto,F2,0,0.00212145178491063,0.98796301362368
cub200,m4_proto,F2,0,0.002221946860939524,0.98796301362368
cub200,m4_proto,F2,0,0.0023272024789604074,0.9881818679214313
cub200,m4_proto,F2,0,0.002437444150122222,0.9881818679214313
cub200,m4_proto,F2,0,0.0025529080682395165,0.9884007222191826
cub200,m4_proto,F2,0,0.0026738416158399465,0.9885101493680583
cub200,m4_proto,F2,0,0.002800503894183631,0.9885101493680583
cub200,m4_proto,F2,0,0.0029331662783900424,0.9885101493680583
cub200,m4_proto,F2,0,0.003072112998861759,0.9886195765169339
cub200,m4_proto,F2,0,0.0032176417502507355,0.9890025715379985
cub200,m4_proto,F2,0,0.003370064329271928,0.9894949937079389
cub200,m4_proto,F2,0,0.00352970730273065,0.9895497072823768
cub200,m4_proto,F2,0,0.0036969127071950283,0.9896044208568145
cub200,m4_proto,F2,0,0.003872038781812557,0.9896044208568145
cub200,m4_proto,F2,0,0.004055460735840828,0.9896044208568145
cub200,m4_proto,F2,0,0.0042475715525368985,0.9899874158778793
cub200,m4_proto,F2,0,0.004448782831127585,0.9902062701756306
cub200,m4_proto,F2,0,0.004659525668664682,0.9908628330688843
cub200,m4_proto,F2,0,0.004880251583654433,0.9913552552388247
cub200,m4_proto,F2,0,0.005111433483440166,0.9917382502598895
cub200,m4_proto,F2,0,0.0053535666774107244,0.9917382502598895
cub200,m4_proto,F2,0,0.005607169938205458,0.9917382502598895
cub200,m4_proto,F2,0,0.005872786613189483,0.991902390983203
cub200,m4_proto,F2,0,0.006150985788580504,0.9927230945997702
cub200,m4_proto,F2,0,0.00644236350872137,0.992777808174208
cub200,m4_proto,F2,0,0.006747544053110693,0.9928325217486459
cub200,m4_proto,F2,0,0.0070671812739274914,0.9931060896208349
cub200,m4_proto,F2,0,0.007401959996915644,0.9937079389396509
cub200,m4_proto,F2,0,0.007752597488629464,0.9945286425562182
cub200,m4_proto,F2,0,0.008119844993184008,0.994911637577283
cub200,m4_proto,F2,0,0.008504489341802677,0.9951304918750342
cub200,m4_proto,F2,0,0.00890735463861044,0.9958417683427259
cub200,m4_proto,F2,0,0.009329304026284686,0.9959511954916015
cub200,m4_proto,F2,0,0.009771241535346501,0.9961700497893528
cub200,m4_proto,F2,0,0.010234114021054527,0.9962794769382284
cub200,m4_proto,F2,0,0.010718913192051276,0.996388904087104
cub200,m4_proto,F2,0,0.011226677735108135,0.9964436176615419
cub200,m4_proto,F2,0,0.01175849554052157,0.9964983312359796
cub200,m4_proto,F2,0,0.012315506032928261,0.9966077583848553
cub200,m4_proto,F2,0,0.01289890261253308,0.9966077583848553
cub200,m4_proto,F2,0,0.013509935211980266,0.9968813262570444
cub200,m4_proto,F2,0,0.01414991297434576,0.9969360398314822
cub200,m4_proto,F2,0,0.014820207057988586,0.9969360398314822
cub200,m4_proto,F2,0,0.01552225357427048,0.99699075340592
cub200,m4_proto,F2,0,0.016257556664437952,0.9971548941292334
cub200,m4_proto,F2,0,0.017027691722258997,0.9972096077036713
cub200,m4_proto,F2,0,0.017834308769319095,0.9972096077036713
cub200,m4_proto,F2,0,0.01867913599020783,0.997264321278109
cub200,m4_proto,F2,0,0.01956398343517065,0.9973190348525469
cub200,m4_proto,F2,0,0.020490746898158482,0.9973737484269848
cub200,m4_proto,F2,0,0.021461411978584036,0.9975378891502982
cub200,m4_proto,F2,0,0.02247805833548725,0.997592602724736
cub200,m4_proto,F2,0,0.02354286414322418,0.9976473162991738
cub200,m4_proto,F2,0,0.024658110758226038,0.9977020298736117
cub200,m4_proto,F2,0,0.025826187606826773,0.9977567434480494
cub200,m4_proto,F2,0,0.027049597304631343,0.9978114570224873
cub200,m4_proto,F2,0,0.02833096101839324,0.9979755977458007
cub200,m4_proto,F2,0,0.029673024081888696,0.9980850248946763
cub200,m4_proto,F2,0,0.03107866187782014,0.9981397384691142
cub200,m4_proto,F2,0,0.0325508859983506,0.9982491656179898
cub200,m4_proto,F2,0,0.03409285069746811,0.9983038791924277
cub200,m4_proto,F2,0,0.03570785964900463,0.9983585927668654
cub200,m4_proto,F2,0,0.03739937302478798,0.9984680199157411
cub200,m4_proto,F2,0,0.039171014908092605,0.9984680199157411
cub200,m4_proto,F2,0,0.04102658105827194,0.998522733490179
cub200,m4_proto,F2,0,0.04297004704320839,0.9985774470646167
cub200,m4_proto,F2,0,0.04500557675700498,0.998796301362368
cub200,m4_proto,F2,0,0.047137531341167244,0.998796301362368
cub200,m4_proto,F2,0,0.049370478528390035,0.998796301362368
cub200,m4_proto,F2,0,0.05170920242896761,0.9988510149368058
cub200,m4_proto,F2,0,0.054158713780794704,0.9989057285112436
cub200,m4_proto,F2,0,0.05672426068491978,0.9989057285112436
cub200,m4_proto,F2,0,0.05941133984965034,0.9989057285112436
cub200,m4_proto,F2,0,0.06222570836730231,0.9989604420856815
cub200,m4_proto,F2,0,0.06517339604882427,0.9990698692345571
cub200,m4_proto,F2,0,0.06826071834272386,0.999124582808995
cub200,m4_proto,F2,0,0.07149428986597577,0.9992340099578706
cub200,m4_proto,F2,0,0.07488103857590023,0.9992340099578706
cub200,m4_proto,F2,0,0.07842822061337681,0.9992887235323084
cub200,m4_proto,F2,0,0.0821434358491943,0.9992887235323084
cub200,m4_proto,F2,0,0.086034644166845,0.9992887235323084
cub200,m4_proto,F2,0,0.09011018251665019,0.9992887235323084
cub200,m4_proto,F2,0,0.09437878277775381,0.9993434371067462
cub200,m4_proto,F2,0,0.09884959046625587,0.9993434371067462
cub200,m4_proto,F2,0,0.10353218432956626,0.999398150681184
cub200,m4_proto,F2,0,0.1084365968689611,0.999398150681184
cub200,m4_proto,F2,0,0.11357333583431052,0.999398150681184
cub200,m4_proto,F2,0,0.11895340673703195,0.9994528642556219
cub200,m4_proto,F2,0,0.12458833642950082,0.9994528642556219
cub200,m4_proto,F2,0,0.1304901978014403,0.9994528642556219
cub200,m4_proto,F2,0,0.13667163564620075,0.9995075778300596
cub200,m4_proto,F2,0,0.14314589375234785,0.9995075778300596
cub200,m4_proto,F2,0,0.14992684327860456,0.9995075778300596
cub200,m4_proto,F2,0,0.15702901247293774,0.9996170049789352
cub200,m4_proto,F2,0,0.16446761779946645,0.9996170049789352
cub200,m4_proto,F2,0,0.17225859653987874,0.9996170049789352
cub200,m4_proto,F2,0,0.18041864093920718,0.9996170049789352
cub200,m4_proto,F2,0,0.18896523396912096,0.9996170049789352
cub200,m4_proto,F2,0,0.19791668678535573,0.9996170049789352
cub200,m4_proto,F2,0,0.2072921779595372,0.9996170049789352
cub200,m4_proto,F2,0,0.21711179456945054,0.9996717185533731
cub200,m4_proto,F2,0,0.22739657523579276,0.9997264321278109
cub200,m4_proto,F2,0,0.23816855519761582,0.9997264321278109
cub200,m4_proto,F2,0,0.24945081352303167,0.9997264321278109
cub200,m4_proto,F2,0,0.2612675225563329,0.9997264321278109
cub200,m4_proto,F2,0,0.27364399970746717,0.9997264321278109
cub200,m4_proto,F2,0,0.286606761694825,0.9997264321278109
cub200,m4_proto,F2,0,0.3001835813575589,0.9997264321278109
cub200,m4_proto,F2,0,0.31440354715915003,0.9997264321278109
cub200,m4_proto,F2,0,0.3292971255097151,0.9997264321278109
cub200,m4_proto,F2,0,0.34489622604057596,0.9997264321278109
cub200,m4_proto,F2,0,0.36123426997094304,0.9997264321278109
cub200,m4_proto,F2,0,0.3783462617131929,0.9997264321278109
cub200,m4_proto,F2,0,0.3962688638701478,0.9997264321278109
cub200,m4_proto,F2,0,0.41504047578504766,0.9997264321278109
cub200,m4_proto,F2,0,0.43470131581250265,0.9997264321278109
cub200,m4_proto,F2,0,0.4552935074866948,0.9997264321278109
cub200,m4_proto,F2,0,0.47686116977144694,0.9997264321278109
cub200,m4_proto,F2,0,0.499450511585514,0.9997264321278109
cub200,m4_proto,F2,0,0.5231099308056264,0.9997811457022487
cub200,m4_proto,F2,0,0.5478901179593945,0.9997811457022487
cub200,m4_proto,F2,0,0.5738441648302393,0.9997811457022487
cub200,m4_proto,F2,0,0.6010276782070382,0.9997811457022487
cub200,m4_proto,F2,0,0.6294988990221888,0.9997811457022487
cub200,m4_proto,F2,0,0.6593188271333549,0.9997811457022487
cub200,m4_proto,F2,0,0.6905513520162331,0.9998358592766865
cub200,m4_proto,F2,0,0.7232633896483533,0.9998358592766865
cub200,m4_proto,F2,0,0.7575250258771913,0.9998905728511244
cub200,m4_proto,F2,0,0.7934096665797492,0.9998905728511244
cub200,m4_proto,F2,0,0.8309941949353395,0.9998905728511244
cub200,m4_proto,F2,0,0.8703591361485166,0.9998905728511244
cub200,m4_proto,F2,0,0.9115888299750827,0.9999452864255621
cub200,m4_proto,F2,0,0.9547716114208056,0.9999452864255621
cub200,m4_proto,F2,0,1.0,1.0
cub200,m5_hybrid_replay,F1,0,0.0,0.0017771634496717185
cub200,m5_hybrid_replay,F1,0,0.0001,0.006170706422471244
cub200,m5_hybrid_replay,F1,0,0.00010473708979594497,0.006170706422471244
cub200,m5_hybrid_replay,F1,0,0.00010969857978923841,0.006170706422471244
cub200,m5_hybrid_replay,F1,0,0.00011489510001873086,0.006170706422471244
cub200,m5_hybrid_replay,F1,0,0.00012033778407775893,0.006170706422471244
cub200,m5_hybrid_replay,F1,0,0.00012603829296797275,0.006170706422471244
cub200,m5_hybrid_replay,F1,0,0.0001320088400831418,0.006170706422471244
cub200,m5_hybrid_replay,F1,0,0.00013826221737646565,0.006170706422471244
cub200,m5_hybrid_replay,F1,0,0.0001448118227674533,0.0068618255417880235
cub200,m5_hybrid_replay,F1,0,0.00015167168884709225,0.0068618255417880235
cub200,m5_hybrid_replay,F1,0,0.00015885651294280528,0.0068618255417880235
cub200,m5_hybrid_replay,F1,0,0.0001663816886076129,0.0068618255417880235
cub200,m5_hybrid_replay,F1,0,0.00017426333860096508,0.0068618255417880235
cub200,m5_hybrid_replay,F1,0,0.00018251834943190426,0.0068618255417880235
cub200,m5_hybrid_replay,F1,0,0.00019116440753857018,0.0068618255417880235
cub200,m5_hybrid_replay,F1,0,0.00020022003718155845,0.008589623340079972
cub200,m5_hybrid_replay,F1,0,0.00020970464013232327,0.008589623340079972
cub200,m5_hybrid_replay,F1,0,0.0002196385372416547,0.008589623340079972
cub200,m5_hybrid_replay,F1,0,0.0002300430119772917,0.008589623340079972
cub200,m5_hybrid_replay,F1,0,0.00024094035602395243,0.008589623340079972
cub200,m5_hybrid_replay,F1,0,0.0002523539170434766,0.008787085945599052
cub200,m5_hybrid_replay,F1,0,0.00026430814869741055,0.008787085945599052
cub200,m5_hybrid_replay,F1,0,0.00027682866303920667,0.008787085945599052
cub200,m5_hybrid_replay,F1,0,0.0002899422853882875,0.010662980698030311
cub200,m5_hybrid_replay,F1,0,0.0003036771118035457,0.010662980698030311
cub200,m5_hybrid_replay,F1,0,0.0003180625692794119,0.010662980698030311
cub200,m5_hybrid_replay,F1,0,0.00033312947879346737,0.010662980698030311
cub200,m5_hybrid_replay,F1,0,0.0003489101213406774,0.01086044330354939
cub200,m5_hybrid_replay,F1,0,0.00036543830709572547,0.01086044330354939
cub200,m5_hybrid_replay,F1,0,0.0003827494478516311,0.01086044330354939
cub200,m5_hybrid_replay,F1,0,0.0004008806328898465,0.01135409981734709
cub200,m5_hybrid_replay,F1,0,0.000419870708444391,0.01135409981734709
cub200,m5_hybrid_replay,F1,0,0.00043976036093027214,0.01224268154218295
cub200,m5_hybrid_replay,F1,0,0.00046059220411451035,0.01224268154218295
cub200,m5_hybrid_replay,F1,0,0.00048241087041653687,0.01224268154218295
cub200,m5_hybrid_replay,F1,0,0.0005052631065335679,0.01224268154218295
cub200,m5_hybrid_replay,F1,0,0.0005291978735958442,0.01224268154218295
cub200,m5_hybrid_replay,F1,0,0.0005542664520663107,0.012835069358740188
cub200,m5_hybrid_replay,F1,0,0.0005805225516094895,0.013131263267018809
cub200,m5_hybrid_replay,F1,0,0.0006080224261649427,0.013131263267018809
cub200,m5_hybrid_replay,F1,0,0.0006368249944718586,0.013575554129436737
cub200,m5_hybrid_replay,F1,0,0.0006669919663030121,0.013575554129436737
cub200,m5_hybrid_replay,F1,0,0.0006985879746785249,0.013773016734955817
cub200,m5_hybrid_replay,F1,0,0.0007316807143427193,0.014019844991854668
cub200,m5_hybrid_replay,F1,0,0.0007663410868007462,0.014019844991854668
cub200,m5_hybrid_replay,F1,0,0.0008026433522257174,0.015007158019450066
cub200,m5_hybrid_replay,F1,0,0.0008406652885618325,0.015253986276348917
cub200,m5_hybrid_replay,F1,0,0.0008804883581643465,0.015303351927728687
cub200,m5_hybrid_replay,F1,0,0.0009221978823334322,0.015402083230488226
cub200,m5_hybrid_replay,F1,0,0.0009658832241158709,0.016241299303944315
cub200,m5_hybrid_replay,F1,0,0.001011637979766207,0.016241299303944315
cub200,m5_hybrid_replay,F1,0,0.001059560179277616,0.016537493212222934
cub200,m5_hybrid_replay,F1,0,0.0011097524964120721,0.017228612331539713
cub200,m5_hybrid_replay,F1,0,0.0011623224686798518,0.018067828404995805
cub200,m5_hybrid_replay,F1,0,0.001217382727739662,0.018610850570173275
cub200,m5_hybrid_replay,F1,0,0.0012750512407130128,0.019252604038110282
cub200,m5_hybrid_replay,F1,0,0.0013354515629298987,0.019993088808806833
cub200,m5_hybrid_replay,F1,0,0.0013987131026472386,0.02058547662536407
cub200,m5_hybrid_replay,F1,0,0.0014649713983072847,0.02058547662536407
cub200,m5_hybrid_replay,F1,0,0.0015343684089300133,0.02058547662536407
cub200,m5_hybrid_replay,F1,0,0.0016070528182616384,0.0225107370291751
cub200,m5_hybrid_replay,F1,0,0.0016831803533309566,0.02265883398331441
cub200,m5_hybrid_replay,F1,0,0.001762914118095948,0.02285629658883349
cub200,m5_hybrid_replay,F1,0,0.0018464249428955426,0.02354741570815027
cub200,m5_hybrid_replay,F1,0,0.0019338917504552321,0.024287900478846818
cub200,m5_hybrid_replay,F1,0,0.0020255019392306666,0.02478155699264452
cub200,m5_hybrid_replay,F1,0,0.00212145178491063,0.026114429579898308
cub200,m5_hybrid_replay,F1,0,0.002221946860939524,0.026706817396455546
cub200,m5_hybrid_replay,F1,0,0.0023272024789604074,0.027003011304734165
cub200,m5_hybrid_replay,F1,0,0.002437444150122222,0.027595399121291407
cub200,m5_hybrid_replay,F1,0,0.0025529080682395165,0.027940958680949795
cub200,m5_hybrid_replay,F1,0,0.0026738416158399465,0.029175099965444044
cub200,m5_hybrid_replay,F1,0,0.002800503894183631,0.029570025176482204
cub200,m5_hybrid_replay,F1,0,0.0029331662783900424,0.031050994717875303
cub200,m5_hybrid_replay,F1,0,0.003072112998861759,0.03159401688305277
cub200,m5_hybrid_replay,F1,0,0.0032176417502507355,0.03238386730512909
cub200,m5_hybrid_replay,F1,0,0.003370064329271928,0.03292688947030656
cub200,m5_hybrid_replay,F1,0,0.00352970730273065,0.03356864293824357
cub200,m5_hybrid_replay,F1,0,0.0036969127071950283,0.03416103075480081
cub200,m5_hybrid_replay,F1,0,0.003872038781812557,0.03534580638791529
cub200,m5_hybrid_replay,F1,0,0.004055460735840828,0.03613565680999161
cub200,m5_hybrid_replay,F1,0,0.0042475715525368985,0.0379621859110431
cub200,m5_hybrid_replay,F1,0,0.004448782831127585,0.039196327195537346
cub200,m5_hybrid_replay,F1,0,0.004659525668664682,0.04003554326899343
cub200,m5_hybrid_replay,F1,0,0.004880251583654433,0.04117095325072814
cub200,m5_hybrid_replay,F1,0,0.005111433483440166,0.042306363232462854
cub200,m5_hybrid_replay,F1,0,0.0053535666774107244,0.042651922792121245
cub200,m5_hybrid_replay,F1,0,0.005607169938205458,0.04314557930591894
cub200,m5_hybrid_replay,F1,0,0.005872786613189483,0.04437972059041319
cub200,m5_hybrid_replay,F1,0,0.006150985788580504,0.04492274275559066
cub200,m5_hybrid_replay,F1,0,0.00644236350872137,0.04689736881078146
cub200,m5_hybrid_replay,F1,0,0.006747544053110693,0.04773658488423755
cub200,m5_hybrid_replay,F1,0,0.0070671812739274914,0.050155501801846275
cub200,m5_hybrid_replay,F1,0,0.007401959996915644,0.051587105691859605
cub200,m5_hybrid_replay,F1,0,0.007752597488629464,0.052179493508416844
cub200,m5_hybrid_replay,F1,0,0.008119844993184008,0.05321617218739201
cub200,m5_hybrid_replay,F1,0,0.008504489341802677,0.05543762649948166
cub200,m5_hybrid_replay,F1,0,0.00890735463861044,0.05711605864639384
cub200,m5_hybrid_replay,F1,0,0.009329304026284686,0.05968307251814188
cub200,m5_hybrid_replay,F1,0,0.009771241535346501,0.061805795527471986
cub200,m5_hybrid_replay,F1,0,0.010234114021054527,0.06348422767438416
cub200,m5_hybrid_replay,F1,0,0.010718913192051276,0.06501456286715704
cub200,m5_hybrid_replay,F1,0,0.011226677735108135,0.06718665152786692
cub200,m5_hybrid_replay,F1,0,0.01175849554052157,0.0691612775830577
cub200,m5_hybrid_replay,F1,0,0.012315506032928261,0.07256750752826184
cub200,m5_hybrid_replay,F1,0,0.01289890261253308,0.07469023053759194
cub200,m5_hybrid_replay,F1,0,0.013509935211980266,0.07617120007898505
cub200,m5_hybrid_replay,F1,0,0.01414991297434576,0.07933060176729032
cub200,m5_hybrid_replay,F1,0,0.014820207057988586,0.08184824998765859
cub200,m5_hybrid_replay,F1,0,0.01552225357427048,0.08337858518043145
cub200,m5_hybrid_replay,F1,0,0.016257556664437952,0.08653798686873673
cub200,m5_hybrid_replay,F1,0,0.017027691722258997,0.08890753813496569
cub200,m5_hybrid_replay,F1,0,0.017834308769319095,0.09241249938292936
cub200,m5_hybrid_replay,F1,0,0.01867913599020783,0.09522634151157625
cub200,m5_hybrid_replay,F1,0,0.01956398343517065,0.09838574319988153
cub200,m5_hybrid_replay,F1,0,0.020490746898158482,0.10085402576887002
cub200,m5_hybrid_replay,F1,0,0.021461411978584036,0.1036678678975169
cub200,m5_hybrid_replay,F1,0,0.02247805833548725,0.10672853828306264
cub200,m5_hybrid_replay,F1,0,0.02354286414322418,0.10998667127412746
cub200,m5_hybrid_replay,F1,0,0.024658110758226038,0.11339290121933158
cub200,m5_hybrid_replay,F1,0,0.025826187606826773,0.11670039986177617
cub200,m5_hybrid_replay,F1,0,0.027049597304631343,0.11926741373352422
cub200,m5_hybrid_replay,F1,0,0.02833096101839324,0.12351285975218443
cub200,m5_hybrid_replay,F1,0,0.029673024081888696,0.12691908969738855
cub200,m5_hybrid_replay,F1,0,0.03107866187782014,0.13022658833983314
cub200,m5_hybrid_replay,F1,0,0.0325508859983506,0.1347188626153922
cub200,m5_hybrid_replay,F1,0,0.03409285069746811,0.1383719208174952
cub200,m5_hybrid_replay,F1,0,0.03570785964900463,0.14207434467097793
cub200,m5_hybrid_replay,F1,0,0.03739937302478798,0.14651725329515722
cub200,m5_hybrid_replay,F1,0,0.039171014908092605,0.1498741175889816
cub200,m5_hybrid_replay,F1,0,0.04102658105827194,0.15436639186454065
cub200,m5_hybrid_replay,F1,0,0.04297004704320839,0.15787135311250433
cub200,m5_hybrid_replay,F1,0,0.04500557675700498,0.1621661647825443
cub200,m5_hybrid_replay,F1,0,0.047137531341167244,0.16734955817742014
cub200,m5_hybrid_replay,F1,0,0.049370478528390035,0.1707064224712445
cub200,m5_hybrid_replay,F1,0,0.05170920242896761,0.17554425630646198
cub200,m5_hybrid_replay,F1,0,0.054158713780794704,0.17944414276546378
cub200,m5_hybrid_replay,F1,0,0.05672426068491978,0.18660216221553044
cub200,m5_hybrid_replay,F1,0,0.05941133984965034,0.19262477168386236
cub200,m5_hybrid_replay,F1,0,0.06222570836730231,0.19825245594115615
cub200,m5_hybrid_replay,F1,0,0.06517339604882427,0.2044231623636274
cub200,m5_hybrid_replay,F1,0,0.06826071834272386,0.21010021227230094
cub200,m5_hybrid_replay,F1,0,0.07149428986597577,0.2150861430616577
cub200,m5_hybrid_replay,F1,0,0.07488103857590023,0.2222935281631041
cub200,m5_hybrid_replay,F1,0,0.07842822061337681,0.2298958384755887
cub200,m5_hybrid_replay,F1,0,0.0821434358491943,0.23547415708150268
cub200,m5_hybrid_replay,F1,0,0.086034644166845,0.24213852001777164
cub200,m5_hybrid_replay,F1,0,0.09011018251665019,0.2481117638347238
cub200,m5_hybrid_replay,F1,0,0.09437878277775381,0.25605963370686674
cub200,m5_hybrid_replay,F1,0,0.09884959046625587,0.2621316088265785
cub200,m5_hybrid_replay,F1,0,0.10353218432956626,0.268894703065607
cub200,m5_hybrid_replay,F1,0,0.1084365968689611,0.27506540948807817
cub200,m5_hybrid_replay,F1,0,0.11357333583431052,0.282618354149183
cub200,m5_hybrid_replay,F1,0,0.11895340673703195,0.29170163400306065
cub200,m5_hybrid_replay,F1,0,0.12458833642950082,0.2991064817100262
cub200,m5_hybrid_replay,F1,0,0.1304901978014403,0.30784420200424545
cub200,m5_hybrid_replay,F1,0,0.13667163564620075,0.31850718270227574
cub200,m5_hybrid_replay,F1,0,0.14314589375234785,0.32882460384064766
cub200,m5_hybrid_replay,F1,0,0.14992684327860456,0.33845090585970283
cub200,m5_hybrid_replay,F1,0,0.15702901247293774,0.3480278422273782
cub200,m5_hybrid_replay,F1,0,0.16446761779946645,0.3586908229254085
cub200,m5_hybrid_replay,F1,0,0.17225859653987874,0.3707360418620724
cub200,m5_hybrid_replay,F1,0,0.18041864093920718,0.38396603643185073
cub200,m5_hybrid_replay,F1,0,0.18896523396912096,0.39576442711161575
cub200,m5_hybrid_replay,F1,0,0.19791668678535573,0.4086488621217357
cub200,m5_hybrid_replay,F1,0,0.2072921779595372,0.4217307597373747
cub200,m5_hybrid_replay,F1,0,0.21711179456945054,0.43407217258231723
cub200,m5_hybrid_replay,F1,0,0.22739657523579276,0.44695660759243716
cub200,m5_hybrid_replay,F1,0,0.23816855519761582,0.4616675717036086
cub200,m5_hybrid_replay,F1,0,0.24945081352303167,0.47544058843856446
cub200,m5_hybrid_replay,F1,0,0.2612675225563329,0.4896578960359382
cub200,m5_hybrid_replay,F1,0,0.27364399970746717,0.503875203633312
cub200,m5_hybrid_replay,F1,0,0.286606761694825,0.5174013921113689
cub200,m5_hybrid_replay,F1,0,0.3001835813575589,0.5325072814335785
cub200,m5_hybrid_replay,F1,0,0.31440354715915003,0.5485017524806239
cub200,m5_hybrid_replay,F1,0,0.3292971255097151,0.5644468578762897
cub200,m5_hybrid_replay,F1,0,0.34489622604057596,0.5804906945747149
cub200,m5_hybrid_replay,F1,0,0.36123426997094304,0.5966826282272795
cub200,m5_hybrid_replay,F1,0,0.3783462617131929,0.6133188527422619
cub200,m5_hybrid_replay,F1,0,0.3962688638701478,0.6304980994224219
cub200,m5_hybrid_replay,F1,0,0.41504047578504766,0.6491089499925952
cub200,m5_hybrid_replay,F1,0,0.43470131581250265,0.6681147257738066
cub200,m5_hybrid_replay,F1,0,0.4552935074866948,0.6848990472429284
cub200,m5_hybrid_replay,F1,0,0.47686116977144694,0.7037073604186207
cub200,m5_hybrid_replay,F1,0,0.499450511585514,0.7215777262180975
cub200,m5_hybrid_replay,F1,0,0.5231099308056264,0.7395468233203337
cub200,m5_hybrid_replay,F1,0,0.5478901179593945,0.7592930838722417
cub200,m5_hybrid_replay,F1,0,0.5738441648302393,0.7807671422224416
cub200,m5_hybrid_replay,F1,0,0.6010276782070382,0.8014019844991854
cub200,m5_hybrid_replay,F1,0,0.6294988990221888,0.8232709680604235
cub200,m5_hybrid_replay,F1,0,0.6593188271333549,0.8427704003554327
cub200,m5_hybrid_replay,F1,0,0.6905513520162331,0.8638495334945945
cub200,m5_hybrid_replay,F1,0,0.7232633896483533,0.8846818383768574
cub200,m5_hybrid_replay,F1,0,0.7575250258771913,0.9048723897911833
cub200,m5_hybrid_replay,F1,0,0.7934096665797492,0.924668015994471
cub200,m5_hybrid_replay,F1,0,0.8309941949353395,0.9444636421977588
cub200,m5_hybrid_replay,F1,0,0.8703591361485166,0.960507478896184
cub200,m5_hybrid_replay,F1,0,0.9115888299750827,0.9785753073011798
cub200,m5_hybrid_replay,F1,0,0.9547716114208056,0.9922989583847559
cub200,m5_hybrid_replay,F1,0,1.0,1.0
cub200,m8_analytic,F5,0,0.0,1.0
cub200,m8_analytic,F5,0,0.0001,1.0
cub200,m8_analytic,F5,0,0.00010473708979594497,1.0
cub200,m8_analytic,F5,0,0.00010969857978923841,1.0
cub200,m8_analytic,F5,0,0.00011489510001873086,1.0
cub200,m8_analytic,F5,0,0.00012033778407775893,1.0
cub200,m8_analytic,F5,0,0.00012603829296797275,1.0
cub200,m8_analytic,F5,0,0.0001320088400831418,1.0
cub200,m8_analytic,F5,0,0.00013826221737646565,1.0
cub200,m8_analytic,F5,0,0.0001448118227674533,1.0
cub200,m8_analytic,F5,0,0.00015167168884709225,1.0
cub200,m8_analytic,F5,0,0.00015885651294280528,1.0
cub200,m8_analytic,F5,0,0.0001663816886076129,1.0
cub200,m8_analytic,F5,0,0.00017426333860096508,1.0
cub200,m8_analytic,F5,0,0.00018251834943190426,1.0
cub200,m8_analytic,F5,0,0.00019116440753857018,1.0
cub200,m8_analytic,F5,0,0.00020022003718155845,1.0
cub200,m8_analytic,F5,0,0.00020970464013232327,1.0
cub200,m8_analytic,F5,0,0.0002196385372416547,1.0
cub200,m8_analytic,F5,0,0.0002300430119772917,1.0
cub200,m8_analytic,F5,0,0.00024094035602395243,1.0
cub200,m8_analytic,F5,0,0.0002523539170434766,1.0
cub200,m8_analytic,F5,0,0.00026430814869741055,1.0
cub200,m8_analytic,F5,0,0.00027682866303920667,1.0
cub200,m8_analytic,F5,0,0.0002899422853882875,1.0
cub200,m8_analytic,F5,0,0.0003036771118035457,1.0
cub200,m8_analytic,F5,0,0.0003180625692794119,1.0
cub200,m8_analytic,F5,0,0.00033312947879346737,1.0
cub200,m8_analytic,F5,0,0.0003489101213406774,1.0
cub200,m8_analytic,F5,0,0.00036543830709572547,1.0
cub200,m8_analytic,F5,0,0.0003827494478516311,1.0
cub200,m8_analytic,F5,0,0.0004008806328898465,1.0
cub200,m8_analytic,F5,0,0.000419870708444391,1.0
cub200,m8_analytic,F5,0,0.00043976036093027214,1.0
cub200,m8_analytic,F5,0,0.00046059220411451035,1.0
cub200,m8_analytic,F5,0,0.00048241087041653687,1.0
cub200,m8_analytic,F5,0,0.0005052631065335679,1.0
cub200,m8_analytic,F5,0,0.0005291978735958442,1.0
cub200,m8_analytic,F5,0,0.0005542664520663107,1.0
cub200,m8_analytic,F5,0,0.0005805225516094895,1.0
cub200,m8_analytic,F5,0,0.0006080224261649427,1.0
cub200,m8_analytic,F5,0,0.0006368249944718586,1.0
cub200,m8_analytic,F5,0,0.0006669919663030121,1.0
cub200,m8_analytic,F5,0,0.0006985879746785249,1.0
cub200,m8_analytic,F5,0,0.0007316807143427193,1.0
cub200,m8_analytic,F5,0,0.0007663410868007462,1.0
cub200,m8_analytic,F5,0,0.0008026433522257174,1.0
cub200,m8_analytic,F5,0,0.0008406652885618325,1.0
cub200,m8_analytic,F5,0,0.0008804883581643465,1.0
cub200,m8_analytic,F5,0,0.0009221978823334322,1.0
cub200,m8_analytic,F5,0,0.0009658832241158709,1.0
cub200,m8_analytic,F5,0,0.001011637979766207,1.0
cub200,m8_analytic,F5,0,0.001059560179277616,1.0
cub200,m8_analytic,F5,0,0.0011097524964120721,1.0
cub200,m8_analytic,F5,0,0.0011623224686798518,1.0
cub200,m8_analytic,F5,0,0.001217382727739662,1.0
cub200,m8_analytic,F5,0,0.0012750512407130128,1.0
cub200,m8_analytic,F5,0,0.0013354515629298987,1.0
cub200,m8_analytic,F5,0,0.0013987131026472386,1.0
cub200,m8_analytic,F5,0,0.0014649713983072847,1.0
cub200,m8_analytic,F5,0,0.0015343684089300133,1.0
cub200,m8_analytic,F5,0,0.0016070528182616384,1.0
cub200,m8_analytic,F5,0,0.0016831803533309566,1.0
cub200,m8_analytic,F5,0,0.001762914118095948,1.0
cub200,m8_analytic,F5,0,0.0018464249428955426,1.0
cub200,m8_analytic,F5,0,0.0019338917504552321,1.0
cub200,m8_analytic,F5,0,0.0020255019392306666,1.0
cub200,m8_analytic,F5,0,0.00212145178491063,1.0
cub200,m8_analytic,F5,0,0.002221946860939524,1.0
cub200,m8_analytic,F5,0,0.0023272024789604074,1.0
cub200,m8_analytic,F5,0,0.002437444150122222,1.0
cub200,m8_analytic,F5,0,0.0025529080682395165,1.0
cub200,m8_analytic,F5,0,0.0026738416158399465,1.0
cub200,m8_analytic,F5,0,0.002800503894183631,1.0
cub200,m8_analytic,F5,0,0.0029331662783900424,1.0
cub200,m8_analytic,F5,0,0.003072112998861759,1.0
cub200,m8_analytic,F5,0,0.0032176417502507355,1.0
cub200,m8_analytic,F5,0,0.003370064329271928,1.0
cub200,m8_analytic,F5,0,0.00352970730273065,1.0
cub200,m8_analytic,F5,0,0.0036969127071950283,1.0
cub200,m8_analytic,F5,0,0.003872038781812557,1.0
cub200,m8_analytic,F5,0,0.004055460735840828,1.0
cub200,m8_analytic,F5,0,0.0042475715525368985,1.0
cub200,m8_analytic,F5,0,0.004448782831127585,1.0
cub200,m8_analytic,F5,0,0.004659525668664682,1.0
cub200,m8_analytic,F5,0,0.004880251583654433,1.0
cub200,m8_analytic,F5,0,0.005111433483440166,1.0
cub200,m8_analytic,F5,0,0.0053535666774107244,1.0
cub200,m8_analytic,F5,0,0.005607169938205458,1.0
cub200,m8_analytic,F5,0,0.005872786613189483,1.0
cub200,m8_analytic,F5,0,0.006150985788580504,1.0
cub200,m8_analytic,F5,0,0.00644236350872137,1.0
cub200,m8_analytic,F5,0,0.006747544053110693,1.0
cub200,m8_analytic,F5,0,0.0070671812739274914,1.0
cub200,m8_analytic,F5,0,0.007401959996915644,1.0
cub200,m8_analytic,F5,0,0.007752597488629464,1.0
cub200,m8_analytic,F5,0,0.008119844993184008,1.0
cub200,m8_analytic,F5,0,0.008504489341802677,1.0
cub200,m8_analytic,F5,0,0.00890735463861044,1.0
cub200,m8_analytic,F5,0,0.009329304026284686,1.0
cub200,m8_analytic,F5,0,0.009771241535346501,1.0
cub200,m8_analytic,F5,0,0.010234114021054527,1.0
cub200,m8_analytic,F5,0,0.010718913192051276,1.0
cub200,m8_analytic,F5,0,0.011226677735108135,1.0
cub200,m8_analytic,F5,0,0.01175849554052157,1.0
cub200,m8_analytic,F5,0,0.012315506032928261,1.0
cub200,m8_analytic,F5,0,0.01289890261253308,1.0
cub200,m8_analytic,F5,0,0.013509935211980266,1.0
cub200,m8_analytic,F5,0,0.01414991297434576,1.0
cub200,m8_analytic,F5,0,0.014820207057988586,1.0
cub200,m8_analytic,F5,0,0.01552225357427048,1.0
cub200,m8_analytic,F5,0,0.016257556664437952,1.0
cub200,m8_analytic,F5,0,0.017027691722258997,1.0
cub200,m8_analytic,F5,0,0.017834308769319095,1.0
cub200,m8_analytic,F5,0,0.01867913599020783,1.0
cub200,m8_analytic,F5,0,0.01956398343517065,1.0
cub200,m8_analytic,F5,0,0.020490746898158482,1.0
cub200,m8_analytic,F5,0,0.021461411978584036,1.0
cub200,m8_analytic,F5,0,0.02247805833548725,1.0
cub200,m8_analytic,F5,0,0.02354286414322418,1.0
cub200,m8_analytic,F5,0,0.024658110758226038,1.0
cub200,m8_analytic,F5,0,0.025826187606826773,1.0
cub200,m8_analytic,F5,0,0.027049597304631343,1.0
cub200,m8_analytic,F5,0,0.02833096101839324,1.0
cub200,m8_analytic,F5,0,0.029673024081888696,1.0
cub200,m8_analytic,F5,0,0.03107866187782014,1.0
cub200,m8_analytic,F5,0,0.0325508859983506,1.0
cub200,m8_analytic,F5,0,0.03409285069746811,1.0
cub200,m8_analytic,F5,0,0.03570785964900463,1.0
cub200,m8_analytic,F5,0,0.03739937302478798,1.0
cub200,m8_analytic,F5,0,0.039171014908092605,1.0
cub200,m8_analytic,F5,0,0.04102658105827194,1.0
cub200,m8_analytic,F5,0,0.04297004704320839,1.0
cub200,m8_analytic,F5,0,0.04500557675700498,1.0
cub200,m8_analytic,F5,0,0.047137531341167244,1.0
cub200,m8_analytic,F5,0,0.049370478528390035,1.0
cub200,m8_analytic,F5,0,0.05170920242896761,1.0
cub200,m8_analytic,F5,0,0.054158713780794704,1.0
cub200,m8_analytic,F5,0,0.05672426068491978,1.0
cub200,m8_analytic,F5,0,0.05941133984965034,1.0
cub200,m8_analytic,F5,0,0.06222570836730231,1.0
cub200,m8_analytic,F5,0,0.06517339604882427,1.0
cub200,m8_analytic,F5,0,0.06826071834272386,1.0
cub200,m8_analytic,F5,0,0.07149428986597577,1.0
cub200,m8_analytic,F5,0,0.07488103857590023,1.0
cub200,m8_analytic,F5,0,0.07842822061337681,1.0
cub200,m8_analytic,F5,0,0.0821434358491943,1.0
cub200,m8_analytic,F5,0,0.086034644166845,1.0
cub200,m8_analytic,F5,0,0.09011018251665019,1.0
cub200,m8_analytic,F5,0,0.09437878277775381,1.0
cub200,m8_analytic,F5,0,0.09884959046625587,1.0
cub200,m8_analytic,F5,0,0.10353218432956626,1.0
cub200,m8_analytic,F5,0,0.1084365968689611,1.0
cub200,m8_analytic,F5,0,0.11357333583431052,1.0
cub200,m8_analytic,F5,0,0.11895340673703195,1.0
cub200,m8_analytic,F5,0,0.12458833642950082,1.0
cub200,m8_analytic,F5,0,0.1304901978014403,1.0
cub200,m8_analytic,F5,0,0.13667163564620075,1.0
cub200,m8_analytic,F5,0,0.14314589375234785,1.0
cub200,m8_analytic,F5,0,0.14992684327860456,1.0
cub200,m8_analytic,F5,0,0.15702901247293774,1.0
cub200,m8_analytic,F5,0,0.16446761779946645,1.0
cub200,m8_analytic,F5,0,0.17225859653987874,1.0
cub200,m8_analytic,F5,0,0.18041864093920718,1.0
cub200,m8_analytic,F5,0,0.18896523396912096,1.0
cub200,m8_analytic,F5,0,0.19791668678535573,1.0
cub200,m8_analytic,F5,0,0.2072921779595372,1.0
cub200,m8_analytic,F5,0,0.21711179456945054,1.0
cub200,m8_analytic,F5,0,0.22739657523579276,1.0
cub200,m8_analytic,F5,0,0.23816855519761582,1.0
cub200,m8_analytic,F5,0,0.24945081352303167,1.0
cub200,m8_analytic,F5,0,0.2612675225563329,1.0
cub200,m8_analytic,F5,0,0.27364399970746717,1.0
cub200,m8_analytic,F5,0,0.286606761694825,1.0
cub200,m8_analytic,F5,0,0.3001835813575589,1.0
cub200,m8_analytic,F5,0,0.31440354715915003,1.0
cub200,m8_analytic,F5,0,0.3292971255097151,1.0
cub200,m8_analytic,F5,0,0.34489622604057596,1.0
cub200,m8_analytic,F5,0,0.36123426997094304,1.0
cub200,m8_analytic,F5,0,0.3783462617131929,1.0
cub200,m8_analytic,F5,0,0.3962688638701478,1.0
cub200,m8_analytic,F5,0,0.41504047578504766,1.0
cub200,m8_analytic,F5,0,0.43470131581250265,1.0
cub200,m8_analytic,F5,0,0.4552935074866948,1.0
cub200,m8_analytic,F5,0,0.47686116977144694,1.0
cub200,m8_analytic,F5,0,0.499450511585514,1.0
cub200,m8_analytic,F5,0,0.5231099308056264,1.0
cub200,m8_analytic,F5,0,0.5478901179593945,1.0
cub200,m8_analytic,F5,0,0.5738441648302393,1.0
cub200,m8_analytic,F5,0,0.6010276782070382,1.0
cub200,m8_analytic,F5,0,0.6294988990221888,1.0
cub200,m8_analytic,F5,0,0.6593188271333549,1.0
cub200,m8_analytic,F5,0,0.6905513520162331,1.0
cub200,m8_analytic,F5,0,0.7232633896483533,1.0
cub200,m8_analytic,F5,0,0.7575250258771913,1.0
cub200,m8_analytic,F5,0,0.7934096665797492,1.0
cub200,m8_analytic,F5,0,0.8309941949353395,1.0
cub200,m8_analytic,F5,0,0.8703591361485166,1.0
cub200,m8_analytic,F5,0,0.9115888299750827,1.0
cub200,m8_analytic,F5,0,0.9547716114208056,1.0
cub200,m8_analytic,F5,0,1.0,1.0
imagenet_r,m0_fedavg,F1,0,0.0,0.0032416490975785126
imagenet_r,m0_fedavg,F1,0,0.0001,0.007616656714235227
imagenet_r,m0_fedavg,F1,0,0.00010473708979594497,0.007616656714235227
imagenet_r,m0_fedavg,F1,0,0.00010969857978923841,0.007616656714235227
imagenet_r,m0_fedavg,F1,0,0.00011489510001873086,0.007653216666463556
imagenet_r,m0_fedavg,F1,0,0.00012033778407775893,0.007653216666463556
imagenet_r,m0_fedavg,F1,0,0.00012603829296797275,0.007689776618691885
imagenet_r,m0_fedavg,F1,0,0.0001320088400831418,0.007689776618691885
imagenet_r,m0_fedavg,F1,0,0.00013826221737646565,0.007738523221662991
imagenet_r,m0_fedavg,F1,0,0.0001448118227674533,0.007738523221662991
imagenet_r,m0_fedavg,F1,0,0.00015167168884709225,0.008420975663258466
imagenet_r,m0_fedavg,F1,0,0.00015885651294280528,0.008420975663258466
imagenet_r,m0_fedavg,F1,0,0.0001663816886076129,0.008579402122914559
imagenet_r,m0_fedavg,F1,0,0.00017426333860096508,0.008920628343712298
imagenet_r,m0_fedavg,F1,0,0.00018251834943190426,0.008920628343712298
imagenet_r,m0_fedavg,F1,0,0.00019116440753857018,0.009152174707825048
imagenet_r,m0_fedavg,F1,0,0.00020022003718155845,0.00924966791376726
imagenet_r,m0_fedavg,F1,0,0.00020970464013232327,0.010358653131359908
imagenet_r,m0_fedavg,F1,0,0.0002196385372416547,0.010358653131359908
imagenet_r,m0_fedavg,F1,0,0.0002300430119772917,0.01045614633730212
imagenet_r,m0_fedavg,F1,0,0.00024094035602395243,0.010797372558099858
imagenet_r,m0_fedavg,F1,0,0.0002523539170434766,0.011382331793753123
imagenet_r,m0_fedavg,F1,0,0.00026430814869741055,0.011443265047467005
imagenet_r,m0_fedavg,F1,0,0.00027682866303920667,0.011443265047467005
imagenet_r,m0_fedavg,F1,0,0.0002899422853882875,0.011455451698209782
imagenet_r,m0_fedavg,F1,0,0.0003036771118035457,0.01256443691580243
imagenet_r,m0_fedavg,F1,0,0.0003180625692794119,0.013709982085623408
imagenet_r,m0_fedavg,F1,0,0.00033312947879346737,0.01400246170345004
imagenet_r,m0_fedavg,F1,0,0.0003489101213406774,0.014051208306421146
imagenet_r,m0_fedavg,F1,0,0.00036543830709572547,0.014136514861620582
imagenet_r,m0_fedavg,F1,0,0.0003827494478516311,0.014648354192817188
imagenet_r,m0_fedavg,F1,0,0.0004008806328898465,0.014648354192817188
imagenet_r,m0_fedavg,F1,0,0.000419870708444391,0.015440486491097652
imagenet_r,m0_fedavg,F1,0,0.00043976036093027214,0.015464859792583205
imagenet_r,m0_fedavg,F1,0,0.00046059220411451035,0.01618387218640701
imagenet_r,m0_fedavg,F1,0,0.00048241087041653687,0.01628136539234922
imagenet_r,m0_fedavg,F1,0,0.0005052631065335679,0.016293552043091998
imagenet_r,m0_fedavg,F1,0,0.0005291978735958442,0.017475657165141305
imagenet_r,m0_fedavg,F1,0,0.0005542664520663107,0.01831653606639287
imagenet_r,m0_fedavg,F1,0,0.0005805225516094895,0.018852748699075033
imagenet_r,m0_fedavg,F1,0,0.0006080224261649427,0.01890149530204614
imagenet_r,m0_fedavg,F1,0,0.0006368249944718586,0.019657067648098273
imagenet_r,m0_fedavg,F1,0,0.0006669919663030121,0.01980330745701159
imagenet_r,m0_fedavg,F1,0,0.0006985879746785249,0.0203638933911793
imagenet_r,m0_fedavg,F1,0,0.0007316807143427193,0.02051013320009262
imagenet_r,m0_fedavg,F1,0,0.0007663410868007462,0.02099759922980367
imagenet_r,m0_fedavg,F1,0,0.0008026433522257174,0.021485065259514727
imagenet_r,m0_fedavg,F1,0,0.0008406652885618325,0.022130957748881876
imagenet_r,m0_fedavg,F1,0,0.0008804883581643465,0.022325944160766296
imagenet_r,m0_fedavg,F1,0,0.0009221978823334322,0.022472183969679614
imagenet_r,m0_fedavg,F1,0,0.0009658832241158709,0.02275247693676347
imagenet_r,m0_fedavg,F1,0,0.001011637979766207,0.0237152223454428
imagenet_r,m0_fedavg,F1,0,0.001059560179277616,0.025177620434575967
imagenet_r,m0_fedavg,F1,0,0.0011097524964120721,0.025713833067258125
imagenet_r,m0_fedavg,F1,0,0.0011623224686798518,0.026518152016281365
imagenet_r,m0_fedavg,F1,0,0.001217382727739662,0.02754183067867458
imagenet_r,m0_fedavg,F1,0,0.0012750512407130128,0.028029296708385634
imagenet_r,m0_fedavg,F1,0,0.0013354515629298987,0.028492389436611136
imagenet_r,m0_fedavg,F1,0,0.0013987131026472386,0.0292845217348916
imagenet_r,m0_fedavg,F1,0,0.0014649713983072847,0.02965012125717489
imagenet_r,m0_fedavg,F1,0,0.0015343684089300133,0.030698173221053657
imagenet_r,m0_fedavg,F1,0,0.0016070528182616384,0.031551238773048
imagenet_r,m0_fedavg,F1,0,0.0016831803533309566,0.03219713126241515
imagenet_r,m0_fedavg,F1,0,0.001762914118095948,0.03390326236640384
imagenet_r,m0_fedavg,F1,0,0.0018464249428955426,0.03470758131542708
imagenet_r,m0_fedavg,F1,0,0.0019338917504552321,0.035463153661479216
imagenet_r,m0_fedavg,F1,0,0.0020255019392306666,0.036096859500103586
imagenet_r,m0_fedavg,F1,0,0.00212145178491063,0.037010858305811814
imagenet_r,m0_fedavg,F1,0,0.002221946860939524,0.03792485711152004
imagenet_r,m0_fedavg,F1,0,0.0023272024789604074,0.03852200299791608
imagenet_r,m0_fedavg,F1,0,0.002437444150122222,0.03911914888431212
imagenet_r,m0_fedavg,F1,0,0.0025529080682395165,0.04003314769002035
imagenet_r,m0_fedavg,F1,0,0.0026738416158399465,0.04150773242989629
imagenet_r,m0_fedavg,F1,0,0.002800503894183631,0.04216581157000621
imagenet_r,m0_fedavg,F1,0,0.0029331662783900424,0.04273858415491671
imagenet_r,m0_fedavg,F1,0,0.003072112998861759,0.04396943587993712
imagenet_r,m0_fedavg,F1,0,0.0032176417502507355,0.044639701670789816
imagenet_r,m0_fedavg,F1,0,0.003370064329271928,0.045517140524269716
imagenet_r,m0_fedavg,F1,0,0.00352970730273065,0.046394579377749615
imagenet_r,m0_fedavg,F1,0,0.0036969127071950283,0.04730857818345784
imagenet_r,m0_fedavg,F1,0,0.003872038781812557,0.0485150566069927
imagenet_r,m0_fedavg,F1,0,0.004055460735840828,0.049965268045383086
imagenet_r,m0_fedavg,F1,0,0.0042475715525368985,0.05128142632560293
imagenet_r,m0_fedavg,F1,0,0.004448782831127585,0.05257321130433723
imagenet_r,m0_fedavg,F1,0,0.004659525668664682,0.05410872929792705
imagenet_r,m0_fedavg,F1,0,0.004880251583654433,0.05527864776923358
imagenet_r,m0_fedavg,F1,0,0.005111433483440166,0.05642419293905456
imagenet_r,m0_fedavg,F1,0,0.0053535666774107244,0.05780128447298829
imagenet_r,m0_fedavg,F1,0,0.005607169938205458,0.059288055863607005
imagenet_r,m0_fedavg,F1,0,0.005872786613189483,0.06111605347502346
imagenet_r,m0_fedavg,F1,0,0.006150985788580504,0.06280999792826937
imagenet_r,m0_fedavg,F1,0,0.00644236350872137,0.0638824231936337
imagenet_r,m0_fedavg,F1,0,0.006747544053110693,0.06510108826791133
imagenet_r,m0_fedavg,F1,0,0.0070671812739274914,0.06658785965853005
imagenet_r,m0_fedavg,F1,0,0.007401959996915644,0.06857428372960259
imagenet_r,m0_fedavg,F1,0,0.007752597488629464,0.0704754012454757
imagenet_r,m0_fedavg,F1,0,0.008119844993184008,0.07220590565094995
imagenet_r,m0_fedavg,F1,0,0.008504489341802677,0.07371705034305422
imagenet_r,m0_fedavg,F1,0,0.00890735463861044,0.07544755474852846
imagenet_r,m0_fedavg,F1,0,0.009329304026284686,0.07714149920177438
imagenet_r,m0_fedavg,F1,0,0.009771241535346501,0.07840891087902312
imagenet_r,m0_fedavg,F1,0,0.010234114021054527,0.08100466748723448
imagenet_r,m0_fedavg,F1,0,0.010718913192051276,0.08317389131944868
imagenet_r,m0_fedavg,F1,0,0.011226677735108135,0.08531874185017732
imagenet_r,m0_fedavg,F1,0,0.01175849554052157,0.08860913755072693
imagenet_r,m0_fedavg,F1,0,0.012315506032928261,0.0911561475559672
imagenet_r,m0_fedavg,F1,0,0.01289890261253308,0.09330099808669583
imagenet_r,m0_fedavg,F1,0,0.013509935211980266,0.09555552847410946
imagenet_r,m0_fedavg,F1,0,0.01414991297434576,0.0979562986704364
imagenet_r,m0_fedavg,F1,0,0.014820207057988586,0.09943088341031234
imagenet_r,m0_fedavg,F1,0,0.01552225357427048,0.10153917398881265
imagenet_r,m0_fedavg,F1,0,0.016257556664437952,0.10447615681782176
imagenet_r,m0_fedavg,F1,0,0.017027691722258997,0.10668194060226428
imagenet_r,m0_fedavg,F1,0,0.017834308769319095,0.10947268362236007
imagenet_r,m0_fedavg,F1,0,0.01867913599020783,0.11234873319765529
imagenet_r,m0_fedavg,F1,0,0.01956398343517065,0.1153832092326066
imagenet_r,m0_fedavg,F1,0,0.020490746898158482,0.11779616607967633
imagenet_r,m0_fedavg,F1,0,0.021461411978584036,0.1206965889564571
imagenet_r,m0_fedavg,F1,0,0.02247805833548725,0.12398698465700672
imagenet_r,m0_fedavg,F1,0,0.02354286414322418,0.1273017536590419
imagenet_r,m0_fedavg,F1,0,0.024658110758226038,0.1304824695029065
imagenet_r,m0_fedavg,F1,0,0.025826187606826773,0.1338459851079128
imagenet_r,m0_fedavg,F1,0,0.027049597304631343,0.1377700866470868
imagenet_r,m0_fedavg,F1,0,0.02833096101839324,0.1414138952191769
imagenet_r,m0_fedavg,F1,0,0.029673024081888696,0.144570237761556
imagenet_r,m0_fedavg,F1,0,0.03107866187782014,0.14839684609478776
imagenet_r,m0_fedavg,F1,0,0.0325508859983506,0.15197972141316402
imagenet_r,m0_fedavg,F1,0,0.03409285069746811,0.15557478338228306
imagenet_r,m0_fedavg,F1,0,0.03570785964900463,0.15912109874843097
imagenet_r,m0_fedavg,F1,0,0.03739937302478798,0.16266741411457888
imagenet_r,m0_fedavg,F1,0,0.039171014908092605,0.16767612756985997
imagenet_r,m0_fedavg,F1,0,0.04102658105827194,0.17207550848800224
imagenet_r,m0_fedavg,F1,0,0.04297004704320839,0.176121476534604
imagenet_r,m0_fedavg,F1,0,0.04500557675700498,0.180752403816859
imagenet_r,m0_fedavg,F1,0,0.047137531341167244,0.18594391703328175
imagenet_r,m0_fedavg,F1,0,0.049370478528390035,0.1912207368049039
imagenet_r,m0_fedavg,F1,0,0.05170920242896761,0.19572979757973116
imagenet_r,m0_fedavg,F1,0,0.054158713780794704,0.20177437634814824
imagenet_r,m0_fedavg,F1,0,0.05672426068491978,0.20751428884799591
imagenet_r,m0_fedavg,F1,0,0.05941133984965034,0.21285204187333195
imagenet_r,m0_fedavg,F1,0,0.06222570836730231,0.21850664781798018
imagenet_r,m0_fedavg,F1,0,0.06517339604882427,0.2242709336193134
imagenet_r,m0_fedavg,F1,0,0.06826071834272386,0.23140012430383758
imagenet_r,m0_fedavg,F1,0,0.07149428986597577,0.23738376981854076
imagenet_r,m0_fedavg,F1,0,0.07488103857590023,0.2436111483480995
imagenet_r,m0_fedavg,F1,0,0.07842822061337681,0.2510571919519359
imagenet_r,m0_fedavg,F1,0,0.0821434358491943,0.2576501700037779
imagenet_r,m0_fedavg,F1,0,0.086034644166845,0.26420658810339154
imagenet_r,m0_fedavg,F1,0,0.09011018251665019,0.27121391228048797
imagenet_r,m0_fedavg,F1,0,0.09437878277775381,0.2793789682781481
imagenet_r,m0_fedavg,F1,0,0.09884959046625587,0.286581278867129
imagenet_r,m0_fedavg,F1,0,0.10353218432956626,0.2936982829009103
imagenet_r,m0_fedavg,F1,0,0.1084365968689611,0.30164397918520053
imagenet_r,m0_fedavg,F1,0,0.11357333583431052,0.3091022094397797
imagenet_r,m0_fedavg,F1,0,0.11895340673703195,0.31701134577184154
imagenet_r,m0_fedavg,F1,0,0.12458833642950082,0.3257248010529266
imagenet_r,m0_fedavg,F1,0,0.1304901978014403,0.33313428470453466
imagenet_r,m0_fedavg,F1,0,0.13667163564620075,0.3427008055376141
imagenet_r,m0_fedavg,F1,0,0.14314589375234785,0.3527669790511474
imagenet_r,m0_fedavg,F1,0,0.14992684327860456,0.36191915375897243
imagenet_r,m0_fedavg,F1,0,0.15702901247293774,0.37200970057399124
imagenet_r,m0_fedavg,F1,0,0.16446761779946645,0.3824536602605506
imagenet_r,m0_fedavg,F1,0,0.17225859653987874,0.393604445690191
imagenet_r,m0_fedavg,F1,0,0.18041864093920718,0.4041946451856636
imagenet_r,m0_fedavg,F1,0,0.18896523396912096,0.4146142315707374
imagenet_r,m0_fedavg,F1,0,0.19791668678535573,0.426679015806086
imagenet_r,m0_fedavg,F1,0,0.2072921779595372,0.4388534798981196
imagenet_r,m0_fedavg,F1,0,0.21711179456945054,0.4513326102587226
imagenet_r,m0_fedavg,F1,0,0.22739657523579276,0.4633973944940712
imagenet_r,m0_fedavg,F1,0,0.23816855519761582,0.47558404523684755
imagenet_r,m0_fedavg,F1,0,0.24945081352303167,0.48863594818236106
imagenet_r,m0_fedavg,F1,0,0.2612675225563329,0.5018950241905017
imagenet_r,m0_fedavg,F1,0,0.27364399970746717,0.5160315390521223
imagenet_r,m0_fedavg,F1,0,0.286606761694825,0.5303996002778556
imagenet_r,m0_fedavg,F1,0,0.3001835813575589,0.5453282474377567
imagenet_r,m0_fedavg,F1,0,0.31440354715915003,0.5606712407229121
imagenet_r,m0_fedavg,F1,0,0.3292971255097151,0.5741618630951656
imagenet_r,m0_fedavg,F1,0,0.34489622604057596,0.5902482420756303
imagenet_r,m0_fedavg,F1,0,0.36123426997094304,0.606176194596439
imagenet_r,m0_fedavg,F1,0,0.3783462617131929,0.6237615316182653
imagenet_r,m0_fedavg,F1,0,0.3962688638701478,0.6408837759118662
imagenet_r,m0_fedavg,F1,0,0.41504047578504766,0.6585544194888918
imagenet_r,m0_fedavg,F1,0,0.43470131581250265,0.6772121817760824
imagenet_r,m0_fedavg,F1,0,0.4552935074866948,0.6955043445409897
imagenet_r,m0_fedavg,F1,0,0.47686116977144694,0.7140158670192671
imagenet_r,m0_fedavg,F1,0,0.499450511585514,0.7346356800760447
imagenet_r,m0_fedavg,F1,0,0.5231099308056264,0.7550361334194523
imagenet_r,m0_fedavg,F1,0,0.5478901179593945,0.7743885347989812
imagenet_r,m0_fedavg,F1,0,0.5738441648302393,0.796032026518152
imagenet_r,m0_fedavg,F1,0,0.6010276782070382,0.8167858927331002
imagenet_r,m0_fedavg,F1,0,0.6294988990221888,0.8389290371327248
imagenet_r,m0_fedavg,F1,0,0.6593188271333549,0.8604750356459534
imagenet_r,m0_fedavg,F1,0,0.6905513520162331,0.8827156732515203
imagenet_r,m0_fedavg,F1,0,0.7232633896483533,0.9027749003741302
imagenet_r,m0_fedavg,F1,0,0.7575250258771913,0.9235531398905639
imagenet_r,m0_fedavg,F1,0,0.7934096665797492,0.9417599961002717
imagenet_r,m0_fedavg,F1,0,0.8309941949353395,0.9590894134564998
imagenet_r,m0_fedavg,F1,0,0.8703591361485166,0.9739205674104586
imagenet_r,m0_fedavg,F1,0,0.9115888299750827,0.9857538052816944
imagenet_r,m0_fedavg,F1,0,0.9547716114208056,0.9954421926222017
imagenet_r,m0_fedavg,F1,0,1.0,1.0
imagenet_r,m1_glfc,F1,0,0.0,0.0036489247834971296
imagenet_r,m1_glfc,F1,0,0.0001,0.0054977133404690084
imagenet_r,m1_glfc,F1,0,0.00010473708979594497,0.0054977133404690084
imagenet_r,m1_glfc,F1,0,0.00010969857978923841,0.0054977133404690084
imagenet_r,m1_glfc,F1,0,0.00011489510001873086,0.0054977133404690084
imagenet_r,m1_glfc,F1,0,0.00012033778407775893,0.0054977133404690084
imagenet_r,m1_glfc,F1,0,0.00012603829296797275,0.0054977133404690084
imagenet_r,m1_glfc,F1,0,0.0001320088400831418,0.0054977133404690084
imagenet_r,m1_glfc,F1,0,0.00013826221737646565,0.0054977133404690084
imagenet_r,m1_glfc,F1,0,0.0001448118227674533,0.0054977133404690084
imagenet_r,m1_glfc,F1,0,0.00015167168884709225,0.0055950180013622655
imagenet_r,m1_glfc,F1,0,0.00015885651294280528,0.0055950180013622655
imagenet_r,m1_glfc,F1,0,0.0001663816886076129,0.0055950180013622655
imagenet_r,m1_glfc,F1,0,0.00017426333860096508,0.0055950180013622655
imagenet_r,m1_glfc,F1,0,0.00018251834943190426,0.0055950180013622655
imagenet_r,m1_glfc,F1,0,0.00019116440753857018,0.0055950180013622655
imagenet_r,m1_glfc,F1,0,0.00020022003718155845,0.006081541305828549
imagenet_r,m1_glfc,F1,0,0.00020970464013232327,0.006081541305828549
imagenet_r,m1_glfc,F1,0,0.0002196385372416547,0.006081541305828549
imagenet_r,m1_glfc,F1,0,0.0002300430119772917,0.006081541305828549
imagenet_r,m1_glfc,F1,0,0.00024094035602395243,0.006081541305828549
imagenet_r,m1_glfc,F1,0,0.0002523539170434766,0.0062274982971684345
imagenet_r,m1_glfc,F1,0,0.00026430814869741055,0.0062274982971684345
imagenet_r,m1_glfc,F1,0,0.00027682866303920667,0.0062274982971684345
imagenet_r,m1_glfc,F1,0,0.0002899422853882875,0.0062274982971684345
imagenet_r,m1_glfc,F1,0,0.0003036771118035457,0.007054587914761117
imagenet_r,m1_glfc,F1,0,0.0003180625692794119,0.007054587914761117
imagenet_r,m1_glfc,F1,0,0.00033312947879346737,0.007054587914761117
imagenet_r,m1_glfc,F1,0,0.0003489101213406774,0.007687068210567286
imagenet_r,m1_glfc,F1,0,0.00036543830709572547,0.007687068210567286
imagenet_r,m1_glfc,F1,0,0.0003827494478516311,0.007687068210567286
imagenet_r,m1_glfc,F1,0,0.0004008806328898465,0.008270896175926827
imagenet_r,m1_glfc,F1,0,0.000419870708444391,0.008270896175926827
imagenet_r,m1_glfc,F1,0,0.00043976036093027214,0.008270896175926827
imagenet_r,m1_glfc,F1,0,0.00046059220411451035,0.008319548506373455
imagenet_r,m1_glfc,F1,0,0.00048241087041653687,0.008319548506373455
imagenet_r,m1_glfc,F1,0,0.0005052631065335679,0.008465505497713341
imagenet_r,m1_glfc,F1,0,0.0005291978735958442,0.008465505497713341
imagenet_r,m1_glfc,F1,0,0.0005542664520663107,0.008514157828159969
imagenet_r,m1_glfc,F1,0,0.0005805225516094895,0.008514157828159969
imagenet_r,m1_glfc,F1,0,0.0006080224261649427,0.009487204437092537
imagenet_r,m1_glfc,F1,0,0.0006368249944718586,0.009633161428432423
imagenet_r,m1_glfc,F1,0,0.0006669919663030121,0.009633161428432423
imagenet_r,m1_glfc,F1,0,0.0006985879746785249,0.01123868833317116
imagenet_r,m1_glfc,F1,0,0.0007316807143427193,0.01123868833317116
imagenet_r,m1_glfc,F1,0,0.0007663410868007462,0.01274691057701664
imagenet_r,m1_glfc,F1,0,0.0008026433522257174,0.013136129220589666
imagenet_r,m1_glfc,F1,0,0.0008406652885618325,0.013282086211929552
imagenet_r,m1_glfc,F1,0,0.0008804883581643465,0.013768609516395835
imagenet_r,m1_glfc,F1,0,0.0009221978823334322,0.013768609516395835
imagenet_r,m1_glfc,F1,0,0.0009658832241158709,0.015617398073367714
imagenet_r,m1_glfc,F1,0,0.001011637979766207,0.016541792351853653
imagenet_r,m1_glfc,F1,0,0.001059560179277616,0.017320229638999707
imagenet_r,m1_glfc,F1,0,0.0011097524964120721,0.01780675294346599
imagenet_r,m1_glfc,F1,0,0.0011623224686798518,0.01780675294346599
imagenet_r,m1_glfc,F1,0,0.001217382727739662,0.018050014595699135
imagenet_r,m1_glfc,F1,0,0.0012750512407130128,0.019169018195971586
imagenet_r,m1_glfc,F1,0,0.0013354515629298987,0.019169018195971586
imagenet_r,m1_glfc,F1,0,0.0013987131026472386,0.019169018195971586
imagenet_r,m1_glfc,F1,0,0.0014649713983072847,0.019314975187311473
imagenet_r,m1_glfc,F1,0,0.0015343684089300133,0.019898803152671014
imagenet_r,m1_glfc,F1,0,0.0016070528182616384,0.019947455483117642
imagenet_r,m1_glfc,F1,0,0.0016831803533309566,0.02087184976160358
imagenet_r,m1_glfc,F1,0,0.001762914118095948,0.022039505692322662
imagenet_r,m1_glfc,F1,0,0.0018464249428955426,0.022282767344555802
imagenet_r,m1_glfc,F1,0,0.0019338917504552321,0.022574681327235575
imagenet_r,m1_glfc,F1,0,0.0020255019392306666,0.023353118614381628
imagenet_r,m1_glfc,F1,0,0.00212145178491063,0.024666731536440594
imagenet_r,m1_glfc,F1,0,0.002221946860939524,0.02544516882358665
imagenet_r,m1_glfc,F1,0,0.0023272024789604074,0.0269047387369855
imagenet_r,m1_glfc,F1,0,0.002437444150122222,0.027488566702345042
imagenet_r,m1_glfc,F1,0,0.0025529080682395165,0.027829133015471443
imagenet_r,m1_glfc,F1,0,0.0026738416158399465,0.02846161331127761
imagenet_r,m1_glfc,F1,0,0.002800503894183631,0.02880217962440401
imagenet_r,m1_glfc,F1,0,0.0029331662783900424,0.028899484285297265
imagenet_r,m1_glfc,F1,0,0.003072112998861759,0.029872530894229834
imagenet_r,m1_glfc,F1,0,0.0032176417502507355,0.03094288216405566
imagenet_r,m1_glfc,F1,0,0.003370064329271928,0.03211053809477474
imagenet_r,m1_glfc,F1,0,0.00352970730273065,0.032888975381920794
imagenet_r,m1_glfc,F1,0,0.0036969127071950283,0.03361876033862022
imagenet_r,m1_glfc,F1,0,0.003872038781812557,0.03381336966040673
imagenet_r,m1_glfc,F1,0,0.004055460735840828,0.03600272453050501
imagenet_r,m1_glfc,F1,0,0.0042475715525368985,0.03619733385229153
imagenet_r,m1_glfc,F1,0,0.004448782831127585,0.03697577113943758
imagenet_r,m1_glfc,F1,0,0.004659525668664682,0.03790016541792352
imagenet_r,m1_glfc,F1,0,0.004880251583654433,0.0390678213486426
imagenet_r,m1_glfc,F1,0,0.005111433483440166,0.04120852388829425
imagenet_r,m1_glfc,F1,0,0.0053535666774107244,0.04203561350588693
imagenet_r,m1_glfc,F1,0,0.005607169938205458,0.043154617106159386
imagenet_r,m1_glfc,F1,0,0.005872786613189483,0.04383574973241218
imagenet_r,m1_glfc,F1,0,0.006150985788580504,0.047192760533229544
imagenet_r,m1_glfc,F1,0,0.00644236350872137,0.048311764133501994
imagenet_r,m1_glfc,F1,0,0.006747544053110693,0.04918750608154131
imagenet_r,m1_glfc,F1,0,0.0070671812739274914,0.049771334046900845
imagenet_r,m1_glfc,F1,0,0.007401959996915644,0.05200934124744575
imagenet_r,m1_glfc,F1,0,0.007752597488629464,0.05327430183905809
imagenet_r,m1_glfc,F1,0,0.008119844993184008,0.054685219422010316
imagenet_r,m1_glfc,F1,0,0.008504489341802677,0.056436703318088935
imagenet_r,m1_glfc,F1,0,0.00890735463861044,0.05794492556193442
imagenet_r,m1_glfc,F1,0,0.009329304026284686,0.0587720151795271
imagenet_r,m1_glfc,F1,0,0.009771241535346501,0.06139924102364503
imagenet_r,m1_glfc,F1,0,0.010234114021054527,0.06315072491972365
imagenet_r,m1_glfc,F1,0,0.010718913192051276,0.06626447406830788
imagenet_r,m1_glfc,F1,0,0.011226677735108135,0.06816191495572638
imagenet_r,m1_glfc,F1,0,0.01175849554052157,0.07010800817359152
imagenet_r,m1_glfc,F1,0,0.012315506032928261,0.0718108397392235
imagenet_r,m1_glfc,F1,0,0.01289890261253308,0.07429210859200155
imagenet_r,m1_glfc,F1,0,0.013509935211980266,0.07662742045343972
imagenet_r,m1_glfc,F1,0,0.01414991297434576,0.07852486134085823
imagenet_r,m1_glfc,F1,0,0.014820207057988586,0.08022769290649022
imagenet_r,m1_glfc,F1,0,0.01552225357427048,0.0820764814634621
imagenet_r,m1_glfc,F1,0,0.016257556664437952,0.08348739904641432
imagenet_r,m1_glfc,F1,0,0.017027691722258997,0.08660114819499853
imagenet_r,m1_glfc,F1,0,0.017834308769319095,0.08820667509973727
imagenet_r,m1_glfc,F1,0,0.01867913599020783,0.0909798579351951
imagenet_r,m1_glfc,F1,0,0.01956398343517065,0.09336382212707989
imagenet_r,m1_glfc,F1,0,0.020490746898158482,0.09540722000583828
imagenet_r,m1_glfc,F1,0,0.021461411978584036,0.09706139924102364
imagenet_r,m1_glfc,F1,0,0.02247805833548725,0.100418410041841
imagenet_r,m1_glfc,F1,0,0.02354286414322418,0.10304563588595894
imagenet_r,m1_glfc,F1,0,0.024658110758226038,0.10528364308650384
imagenet_r,m1_glfc,F1,0,0.025826187606826773,0.107618954947942
imagenet_r,m1_glfc,F1,0,0.027049597304631343,0.11005157147027343
imagenet_r,m1_glfc,F1,0,0.02833096101839324,0.11233823100126496
imagenet_r,m1_glfc,F1,0,0.029673024081888696,0.1153060231585093
imagenet_r,m1_glfc,F1,0,0.03107866187782014,0.11914955726379294
imagenet_r,m1_glfc,F1,0,0.0325508859983506,0.12391748564756251
imagenet_r,m1_glfc,F1,0,0.03409285069746811,0.12659336382212708
imagenet_r,m1_glfc,F1,0,0.03570785964900463,0.12941519898803153
imagenet_r,m1_glfc,F1,0,0.03739937302478798,0.13218838182348935
imagenet_r,m1_glfc,F1,0,0.039171014908092605,0.13535078330252018
imagenet_r,m1_glfc,F1,0,0.04102658105827194,0.13934027439914373
imagenet_r,m1_glfc,F1,0,0.04297004704320839,0.1432811131653206
imagenet_r,m1_glfc,F1,0,0.04500557675700498,0.14663812396613798
imagenet_r,m1_glfc,F1,0,0.047137531341167244,0.15145470468035419
imagenet_r,m1_glfc,F1,0,0.049370478528390035,0.1561253284032305
imagenet_r,m1_glfc,F1,0,0.05170920242896761,0.15914177289092146
imagenet_r,m1_glfc,F1,0,0.054158713780794704,0.1622555220395057
imagenet_r,m1_glfc,F1,0,0.05672426068491978,0.16785054004086797
imagenet_r,m1_glfc,F1,0,0.05941133984965034,0.17373747202491
imagenet_r,m1_glfc,F1,0,0.06222570836730231,0.1790405760435925
imagenet_r,m1_glfc,F1,0,0.06517339604882427,0.18366254743602217
imagenet_r,m1_glfc,F1,0,0.06826071834272386,0.1891602607764912
imagenet_r,m1_glfc,F1,0,0.07149428986597577,0.1943174078038338
imagenet_r,m1_glfc,F1,0,0.07488103857590023,0.20122603872725503
imagenet_r,m1_glfc,F1,0,0.07842822061337681,0.20764814634620998
imagenet_r,m1_glfc,F1,0,0.0821434358491943,0.21465408193052446
imagenet_r,m1_glfc,F1,0,0.086034644166845,0.22122214654081931
imagenet_r,m1_glfc,F1,0,0.09011018251665019,0.22759560182932762
imagenet_r,m1_glfc,F1,0,0.09437878277775381,0.23382310012649607
imagenet_r,m1_glfc,F1,0,0.09884959046625587,0.24034251240634427
imagenet_r,m1_glfc,F1,0,0.10353218432956626,0.24686192468619247
imagenet_r,m1_glfc,F1,0,0.1084365968689611,0.25270020433978785
imagenet_r,m1_glfc,F1,0,0.11357333583431052,0.2617008854724141
imagenet_r,m1_glfc,F1,0,0.11895340673703195,0.2721611365184392
imagenet_r,m1_glfc,F1,0,0.12458833642950082,0.2794589860854335
imagenet_r,m1_glfc,F1,0,0.1304901978014403,0.28836236255716646
imagenet_r,m1_glfc,F1,0,0.13667163564620075,0.29843339495961857
imagenet_r,m1_glfc,F1,0,0.14314589375234785,0.3079692517271577
imagenet_r,m1_glfc,F1,0,0.14992684327860456,0.3191592877298823
imagenet_r,m1_glfc,F1,0,0.15702901247293774,0.33263598326359833
imagenet_r,m1_glfc,F1,0,0.16446761779946645,0.342366449352924
imagenet_r,m1_glfc,F1,0,0.17225859653987874,0.3516103921377834
imagenet_r,m1_glfc,F1,0,0.18041864093920718,0.36129220589666244
imagenet_r,m1_glfc,F1,0,0.18896523396912096,0.3721416755862606
imagenet_r,m1_glfc,F1,0,0.19791668678535573,0.3821154033278194
imagenet_r,m1_glfc,F1,0,0.2072921779595372,0.39262430670429116
imagenet_r,m1_glfc,F1,0,0.21711179456945054,0.40434951834192856
imagenet_r,m1_glfc,F1,0,0.22739657523579276,0.41612338231001267
imagenet_r,m1_glfc,F1,0,0.23816855519761582,0.4299406441568551
imagenet_r,m1_glfc,F1,0,0.24945081352303167,0.442006422107619
imagenet_r,m1_glfc,F1,0,0.2612675225563329,0.4547533326846356
imagenet_r,m1_glfc,F1,0,0.27364399970746717,0.47110051571470274
imagenet_r,m1_glfc,F1,0,0.286606761694825,0.48691252310985694
imagenet_r,m1_glfc,F1,0,0.3001835813575589,0.49975673834776685
imagenet_r,m1_glfc,F1,0,0.31440354715915003,0.5159579643864941
imagenet_r,m1_glfc,F1,0,0.3292971255097151,0.5324511044079011
imagenet_r,m1_glfc,F1,0,0.34489622604057596,0.5477765884985891
imagenet_r,m1_glfc,F1,0,0.36123426997094304,0.5622749829716843
imagenet_r,m1_glfc,F1,0,0.3783462617131929,0.5797411696020239
imagenet_r,m1_glfc,F1,0,0.3962688638701478,0.5962343096234309
imagenet_r,m1_glfc,F1,0,0.41504047578504766,0.6138464532451104
imagenet_r,m1_glfc,F1,0,0.43470131581250265,0.6329668191106353
imagenet_r,m1_glfc,F1,0,0.4552935074866948,0.6525250559501801
imagenet_r,m1_glfc,F1,0,0.47686116977144694,0.6716940741461516
imagenet_r,m1_glfc,F1,0,0.499450511585514,0.6922253575946288
imagenet_r,m1_glfc,F1,0,0.5231099308056264,0.7143621679478447
imagenet_r,m1_glfc,F1,0,0.5478901179593945,0.7362557166488275
imagenet_r,m1_glfc,F1,0,0.5738441648302393,0.7599980539067821
imagenet_r,m1_glfc,F1,0,0.6010276782070382,0.781745645616425
imagenet_r,m1_glfc,F1,0,0.6294988990221888,0.8075800330835847
imagenet_r,m1_glfc,F1,0,0.6593188271333549,0.8316629366546657
imagenet_r,m1_glfc,F1,0,0.6905513520162331,0.8534105283643086
imagenet_r,m1_glfc,F1,0,0.7232633896483533,0.8754013817261846
imagenet_r,m1_glfc,F1,0,0.7575250258771913,0.8989004573319062
imagenet_r,m1_glfc,F1,0,0.7934096665797492,0.9209399630242289
imagenet_r,m1_glfc,F1,0,0.8309941949353395,0.9415685511335993
imagenet_r,m1_glfc,F1,0,0.8703591361485166,0.9595699133988518
imagenet_r,m1_glfc,F1,0,0.9115888299750827,0.977084752359638
imagenet_r,m1_glfc,F1,0,0.9547716114208056,0.9925561934416659
imagenet_r,m1_glfc,F1,0,1.0,1.0
imagenet_r,m2_target,F1,0,0.0,0.0063297302561106245
imagenet_r,m2_target,F1,0,0.0001,0.016749440062323498
imagenet_r,m2_target,F1,0,0.00010473708979594497,0.016749440062323498
imagenet_r,m2_target,F1,0,0.00010969857978923841,0.016749440062323498
imagenet_r,m2_target,F1,0,0.00011489510001873086,0.016749440062323498
imagenet_r,m2_target,F1,0,0.00012033778407775893,0.016749440062323498
imagenet_r,m2_target,F1,0,0.00012603829296797275,0.016749440062323498
imagenet_r,m2_target,F1,0,0.0001320088400831418,0.016749440062323498
imagenet_r,m2_target,F1,0,0.00013826221737646565,0.016749440062323498
imagenet_r,m2_target,F1,0,0.0001448118227674533,0.016749440062323498
imagenet_r,m2_target,F1,0,0.00015167168884709225,0.02210536566364787
imagenet_r,m2_target,F1,0,0.00015885651294280528,0.02210536566364787
imagenet_r,m2_target,F1,0,0.0001663816886076129,0.02210536566364787
imagenet_r,m2_target,F1,0,0.00017426333860096508,0.02210536566364787
imagenet_r,m2_target,F1,0,0.00018251834943190426,0.02210536566364787
imagenet_r,m2_target,F1,0,0.00019116440753857018,0.02210536566364787
imagenet_r,m2_target,F1,0,0.00020022003718155845,0.022494887525562373
imagenet_r,m2_target,F1,0,0.00020970464013232327,0.022494887525562373
imagenet_r,m2_target,F1,0,0.0002196385372416547,0.022494887525562373
imagenet_r,m2_target,F1,0,0.0002300430119772917,0.022494887525562373
imagenet_r,m2_target,F1,0,0.00024094035602395243,0.022494887525562373
imagenet_r,m2_target,F1,0,0.0002523539170434766,0.025075469860745936
imagenet_r,m2_target,F1,0,0.00026430814869741055,0.025075469860745936
imagenet_r,m2_target,F1,0,0.00027682866303920667,0.025075469860745936
imagenet_r,m2_target,F1,0,0.0002899422853882875,0.025075469860745936
imagenet_r,m2_target,F1,0,0.0003036771118035457,0.02556237218813906
imagenet_r,m2_target,F1,0,0.0003180625692794119,0.02556237218813906
imagenet_r,m2_target,F1,0,0.00033312947879346737,0.02556237218813906
imagenet_r,m2_target,F1,0,0.0003489101213406774,0.02692569870483981
imagenet_r,m2_target,F1,0,0.00036543830709572547,0.02692569870483981
imagenet_r,m2_target,F1,0,0.0003827494478516311,0.02692569870483981
imagenet_r,m2_target,F1,0,0.0004008806328898465,0.030139254065634433
imagenet_r,m2_target,F1,0,0.000419870708444391,0.030139254065634433
imagenet_r,m2_target,F1,0,0.00043976036093027214,0.030139254065634433
imagenet_r,m2_target,F1,0,0.00046059220411451035,0.030382705229330995
imagenet_r,m2_target,F1,0,0.00048241087041653687,0.030382705229330995
imagenet_r,m2_target,F1,0,0.0005052631065335679,0.030723536858506182
imagenet_r,m2_target,F1,0,0.0005291978735958442,0.030723536858506182
imagenet_r,m2_target,F1,0,0.0005542664520663107,0.030918297789463433
imagenet_r,m2_target,F1,0,0.0005805225516094895,0.030918297789463433
imagenet_r,m2_target,F1,0,0.0006080224261649427,0.030966988022202747
imagenet_r,m2_target,F1,0,0.0006368249944718586,0.03145389034959587
imagenet_r,m2_target,F1,0,0.0006669919663030121,0.03145389034959587
imagenet_r,m2_target,F1,0,0.0006985879746785249,0.03145389034959587
imagenet_r,m2_target,F1,0,0.0007316807143427193,0.03145389034959587
imagenet_r,m2_target,F1,0,0.0007663410868007462,0.03145389034959587
imagenet_r,m2_target,F1,0,0.0008026433522257174,0.03145389034959587
imagenet_r,m2_target,F1,0,0.0008406652885618325,0.031794721978771055
imagenet_r,m2_target,F1,0,0.0008804883581643465,0.035056967572304996
imagenet_r,m2_target,F1,0,0.0009221978823334322,0.035056967572304996
imagenet_r,m2_target,F1,0,0.0009658832241158709,0.03515434803778362
imagenet_r,m2_target,F1,0,0.001011637979766207,0.03539779920148018
imagenet_r,m2_target,F1,0,0.001059560179277616,0.03539779920148018
imagenet_r,m2_target,F1,0,0.0011097524964120721,0.03539779920148018
imagenet_r,m2_target,F1,0,0.0011623224686798518,0.03568994059791606
imagenet_r,m2_target,F1,0,0.001217382727739662,0.03651767455448437
imagenet_r,m2_target,F1,0,0.0012750512407130128,0.04143538806115493
imagenet_r,m2_target,F1,0,0.0013354515629298987,0.042214431784983936
imagenet_r,m2_target,F1,0,0.0013987131026472386,0.04240919271594118
imagenet_r,m2_target,F1,0,0.0014649713983072847,0.04503846528386406
imagenet_r,m2_target,F1,0,0.0015343684089300133,0.04557405784399649
imagenet_r,m2_target,F1,0,0.0016070528182616384,0.04576881877495374
imagenet_r,m2_target,F1,0,0.0016831803533309566,0.04800856948096212
imagenet_r,m2_target,F1,0,0.001762914118095948,0.05136819553997468
imagenet_r,m2_target,F1,0,0.0018464249428955426,0.05161164670367124
imagenet_r,m2_target,F1,0,0.0019338917504552321,0.05243938066023956
imagenet_r,m2_target,F1,0,0.0020255019392306666,0.053023663453111304
imagenet_r,m2_target,F1,0,0.00212145178491063,0.053267114616807866
imagenet_r,m2_target,F1,0,0.002221946860939524,0.05370532671146168
imagenet_r,m2_target,F1,0,0.0023272024789604074,0.05550686532281624
imagenet_r,m2_target,F1,0,0.002437444150122222,0.056091148115687994
imagenet_r,m2_target,F1,0,0.0025529080682395165,0.05833089882169637
imagenet_r,m2_target,F1,0,0.0026738416158399465,0.058915181614568116
imagenet_r,m2_target,F1,0,0.002800503894183631,0.061593144415230304
imagenet_r,m2_target,F1,0,0.0029331662783900424,0.0627130197682345
imagenet_r,m2_target,F1,0,0.003072112998861759,0.06334599279384555
imagenet_r,m2_target,F1,0,0.0032176417502507355,0.06500146070698218
imagenet_r,m2_target,F1,0,0.003370064329271928,0.06592657512902912
imagenet_r,m2_target,F1,0,0.00352970730273065,0.06607264582724705
imagenet_r,m2_target,F1,0,0.0036969127071950283,0.06758204304216574
imagenet_r,m2_target,F1,0,0.003872038781812557,0.06889667932612718
imagenet_r,m2_target,F1,0,0.004055460735840828,0.07030869607556724
imagenet_r,m2_target,F1,0,0.0042475715525368985,0.07215892491966111
imagenet_r,m2_target,F1,0,0.004448782831127585,0.07245106631609699
imagenet_r,m2_target,F1,0,0.004659525668664682,0.07347356120362256
imagenet_r,m2_target,F1,0,0.004880251583654433,0.07439867562566949
imagenet_r,m2_target,F1,0,0.005111433483440166,0.07712532865907099
imagenet_r,m2_target,F1,0,0.0053535666774107244,0.07941376959781868
imagenet_r,m2_target,F1,0,0.005607169938205458,0.08131268867465187
imagenet_r,m2_target,F1,0,0.005872786613189483,0.08282208588957055
imagenet_r,m2_target,F1,0,0.006150985788580504,0.08428279287174993
imagenet_r,m2_target,F1,0,0.00644236350872137,0.08481838543188236
imagenet_r,m2_target,F1,0,0.006747544053110693,0.08788587009445906
imagenet_r,m2_target,F1,0,0.0070671812739274914,0.08934657707663843
imagenet_r,m2_target,F1,0,0.007401959996915644,0.09066121336059986
imagenet_r,m2_target,F1,0,0.007752597488629464,0.09207323011003993
imagenet_r,m2_target,F1,0,0.008119844993184008,0.09372869802317656
imagenet_r,m2_target,F1,0,0.008504489341802677,0.09518940500535593
imagenet_r,m2_target,F1,0,0.00890735463861044,0.09747784594410361
imagenet_r,m2_target,F1,0,0.009329304026284686,0.10005842827928718
imagenet_r,m2_target,F1,0,0.009771241535346501,0.1024929399162528
imagenet_r,m2_target,F1,0,0.010234114021054527,0.10526828318239362
imagenet_r,m2_target,F1,0,0.010718913192051276,0.10775148505209856
imagenet_r,m2_target,F1,0,0.011226677735108135,0.10994254552536761
imagenet_r,m2_target,F1,0,0.01175849554052157,0.11291264972246567
imagenet_r,m2_target,F1,0,0.012315506032928261,0.11490894926477749
imagenet_r,m2_target,F1,0,0.01289890261253308,0.11748953159996105
imagenet_r,m2_target,F1,0,0.013509935211980266,0.12143344045184536
imagenet_r,m2_target,F1,0,0.01414991297434576,0.1278118609406953
imagenet_r,m2_target,F1,0,0.014820207057988586,0.13048982374135748
imagenet_r,m2_target,F1,0,0.01552225357427048,0.1324861232836693
imagenet_r,m2_target,F1,0,0.016257556664437952,0.13501801538611355
imagenet_r,m2_target,F1,0,0.017027691722258997,0.13784204888499366
imagenet_r,m2_target,F1,0,0.017834308769319095,0.14047132145291655
imagenet_r,m2_target,F1,0,0.01867913599020783,0.14402570844288637
imagenet_r,m2_target,F1,0,0.01956398343517065,0.14641152984711267
imagenet_r,m2_target,F1,0,0.020490746898158482,0.15016067776803974
imagenet_r,m2_target,F1,0,0.021461411978584036,0.15410458661992404
imagenet_r,m2_target,F1,0,0.02247805833548725,0.15926575129029116
imagenet_r,m2_target,F1,0,0.02354286414322418,0.16262537734930374
imagenet_r,m2_target,F1,0,0.024658110758226038,0.1664719057357094
imagenet_r,m2_target,F1,0,0.025826187606826773,0.1714383094751193
imagenet_r,m2_target,F1,0,0.027049597304631343,0.17586912065439672
imagenet_r,m2_target,F1,0,0.02833096101839324,0.17937481741162722
imagenet_r,m2_target,F1,0,0.029673024081888696,0.18409776998734054
imagenet_r,m2_target,F1,0,0.03107866187782014,0.1886259616320966
imagenet_r,m2_target,F1,0,0.0325508859983506,0.19232641932028435
imagenet_r,m2_target,F1,0,0.03409285069746811,0.19583211607751486
imagenet_r,m2_target,F1,0,0.03570785964900463,0.20138280260979646
imagenet_r,m2_target,F1,0,0.03739937302478798,0.20664134774564222
imagenet_r,m2_target,F1,0,0.039171014908092605,0.21155906125231277
imagenet_r,m2_target,F1,0,0.04102658105827194,0.21701236731911577
imagenet_r,m2_target,F1,0,0.04297004704320839,0.22261174408413673
imagenet_r,m2_target,F1,0,0.04500557675700498,0.22728600642711072
imagenet_r,m2_target,F1,0,0.047137531341167244,0.23298276365761028
imagenet_r,m2_target,F1,0,0.049370478528390035,0.23746226506962703
imagenet_r,m2_target,F1,0,0.05170920242896761,0.24325640276560523
imagenet_r,m2_target,F1,0,0.054158713780794704,0.24963482325445516
imagenet_r,m2_target,F1,0,0.05672426068491978,0.2552828902522154
imagenet_r,m2_target,F1,0,0.05941133984965034,0.26273249586133024
imagenet_r,m2_target,F1,0,0.06222570836730231,0.2697438893757912
imagenet_r,m2_target,F1,0,0.06517339604882427,0.2742720810205473
imagenet_r,m2_target,F1,0,0.06826071834272386,0.2809426429058331
imagenet_r,m2_target,F1,0,0.07149428986597577,0.28741844386016163
imagenet_r,m2_target,F1,0,0.07488103857590023,0.2934560327198364
imagenet_r,m2_target,F1,0,0.07842822061337681,0.30265848670756645
imagenet_r,m2_target,F1,0,0.0821434358491943,0.31040023371311715
imagenet_r,m2_target,F1,0,0.086034644166845,0.3178985295549713
imagenet_r,m2_target,F1,0,0.09011018251665019,0.3245690914402571
imagenet_r,m2_target,F1,0,0.09437878277775381,0.33143441425650016
imagenet_r,m2_target,F1,0,0.09884959046625587,0.33844580777096117
imagenet_r,m2_target,F1,0,0.10353218432956626,0.34584672314733667
imagenet_r,m2_target,F1,0,0.1084365968689611,0.3549517966695881
imagenet_r,m2_target,F1,0,0.11357333583431052,0.3637160385626643
imagenet_r,m2_target,F1,0,0.11895340673703195,0.3713117148699971
imagenet_r,m2_target,F1,0,0.12458833642950082,0.38070892978868437
imagenet_r,m2_target,F1,0,0.1304901978014403,0.39025221540558963
imagenet_r,m2_target,F1,0,0.13667163564620075,0.39882169636770864
imagenet_r,m2_target,F1,0,0.14314589375234785,0.4099717596650112
imagenet_r,m2_target,F1,0,0.14992684327860456,0.4194663550491771
imagenet_r,m2_target,F1,0,0.15702901247293774,0.4288148797351251
imagenet_r,m2_target,F1,0,0.16446761779946645,0.439234589541338
imagenet_r,m2_target,F1,0,0.17225859653987874,0.4497516798130295
imagenet_r,m2_target,F1,0,0.18041864093920718,0.4623624500925114
imagenet_r,m2_target,F1,0,0.18896523396912096,0.4754114324666472
imagenet_r,m2_target,F1,0,0.19791668678535573,0.48763268088421463
imagenet_r,m2_target,F1,0,0.2072921779595372,0.5009738046547862
imagenet_r,m2_target,F1,0,0.21711179456945054,0.513243743305093
imagenet_r,m2_target,F1,0,0.22739657523579276,0.5258058233518357
imagenet_r,m2_target,F1,0,0.23816855519761582,0.5380757620021424
imagenet_r,m2_target,F1,0,0.24945081352303167,0.5509786736780602
imagenet_r,m2_target,F1,0,0.2612675225563329,0.5656831239653326
imagenet_r,m2_target,F1,0,0.27364399970746717,0.5775635407537248
imagenet_r,m2_target,F1,0,0.286606761694825,0.5916350180153861
imagenet_r,m2_target,F1,0,0.3001835813575589,0.606582919466355
imagenet_r,m2_target,F1,0,0.31440354715915003,0.6219690330119778
imagenet_r,m2_target,F1,0,0.3292971255097151,0.6372577660921219
imagenet_r,m2_target,F1,0,0.34489622604057596,0.6522056675430908
imagenet_r,m2_target,F1,0,0.36123426997094304,0.6657902424773591
imagenet_r,m2_target,F1,0,0.3783462617131929,0.6824909923069432
imagenet_r,m2_target,F1,0,0.3962688638701478,0.6997273346966598
imagenet_r,m2_target,F1,0,0.41504047578504766,0.716574155224462
imagenet_r,m2_target,F1,0,0.43470131581250265,0.7329340734248709
imagenet_r,m2_target,F1,0,0.4552935074866948,0.7493426818580193
imagenet_r,m2_target,F1,0,0.47686116977144694,0.7680884214626545
imagenet_r,m2_target,F1,0,0.499450511585514,0.784058817801149
imagenet_r,m2_target,F1,0,0.5231099308056264,0.8031940792676989
imagenet_r,m2_target,F1,0,0.5478901179593945,0.820966014217548
imagenet_r,m2_target,F1,0,0.5738441648302393,0.8397604440549226
imagenet_r,m2_target,F1,0,0.6010276782070382,0.856509884117246
imagenet_r,m2_target,F1,0,0.6294988990221888,0.8737462265069627
imagenet_r,m2_target,F1,0,0.6593188271333549,0.8895218619145
imagenet_r,m2_target,F1,0,0.6905513520162331,0.9079267698899601
imagenet_r,m2_target,F1,0,0.7232633896483533,0.9237510955302366
imagenet_r,m2_target,F1,0,0.7575250258771913,0.9416204109455644
imagenet_r,m2_target,F1,0,0.7934096665797492,0.9569091440257085
imagenet_r,m2_target,F1,0,0.8309941949353395,0.9698120557016262
imagenet_r,m2_target,F1,0,0.8703591361485166,0.980669977602493
imagenet_r,m2_target,F1,0,0.9115888299750827,0.9903593339176161
imagenet_r,m2_target,F1,0,0.9547716114208056,0.9966403739409875
imagenet_r,m2_target,F1,0,1.0,1.0
imagenet_r,m3_fot,F1,0,0.0,0.002873003506038177
imagenet_r,m3_fot,F1,0,0.0001,0.007304246201791975
imagenet_r,m3_fot,F1,0,0.00010473708979594497,0.007304246201791975
imagenet_r,m3_fot,F1,0,0.00010969857978923841,0.007304246201791975
imagenet_r,m3_fot,F1,0,0.00011489510001873086,0.007304246201791975
imagenet_r,m3_fot,F1,0,0.00012033778407775893,0.007304246201791975
imagenet_r,m3_fot,F1,0,0.00012603829296797275,0.007304246201791975
imagenet_r,m3_fot,F1,0,0.0001320088400831418,0.007304246201791975
imagenet_r,m3_fot,F1,0,0.00013826221737646565,0.007304246201791975
imagenet_r,m3_fot,F1,0,0.0001448118227674533,0.007304246201791975
imagenet_r,m3_fot,F1,0,0.00015167168884709225,0.008424230619400078
imagenet_r,m3_fot,F1,0,0.00015885651294280528,0.008424230619400078
imagenet_r,m3_fot,F1,0,0.0001663816886076129,0.008424230619400078
imagenet_r,m3_fot,F1,0,0.00017426333860096508,0.008424230619400078
imagenet_r,m3_fot,F1,0,0.00018251834943190426,0.008424230619400078
imagenet_r,m3_fot,F1,0,0.00019116440753857018,0.008424230619400078
imagenet_r,m3_fot,F1,0,0.00020022003718155845,0.009641604986365408
imagenet_r,m3_fot,F1,0,0.00020970464013232327,0.009641604986365408
imagenet_r,m3_fot,F1,0,0.0002196385372416547,0.009641604986365408
imagenet_r,m3_fot,F1,0,0.0002300430119772917,0.009641604986365408
imagenet_r,m3_fot,F1,0,0.00024094035602395243,0.009641604986365408
imagenet_r,m3_fot,F1,0,0.0002523539170434766,0.014121542656797818
imagenet_r,m3_fot,F1,0,0.00026430814869741055,0.014121542656797818
imagenet_r,m3_fot,F1,0,0.00027682866303920667,0.014121542656797818
imagenet_r,m3_fot,F1,0,0.0002899422853882875,0.014121542656797818
imagenet_r,m3_fot,F1,0,0.0003036771118035457,0.014803272302298403
imagenet_r,m3_fot,F1,0,0.0003180625692794119,0.014803272302298403
imagenet_r,m3_fot,F1,0,0.00033312947879346737,0.014803272302298403
imagenet_r,m3_fot,F1,0,0.0003489101213406774,0.016215426567978183
imagenet_r,m3_fot,F1,0,0.00036543830709572547,0.016215426567978183
imagenet_r,m3_fot,F1,0,0.0003827494478516311,0.016215426567978183
imagenet_r,m3_fot,F1,0,0.0004008806328898465,0.019088430074016362
imagenet_r,m3_fot,F1,0,0.000419870708444391,0.019088430074016362
imagenet_r,m3_fot,F1,0,0.00043976036093027214,0.019088430074016362
imagenet_r,m3_fot,F1,0,0.00046059220411451035,0.02011102454226724
imagenet_r,m3_fot,F1,0,0.00048241087041653687,0.02011102454226724
imagenet_r,m3_fot,F1,0,0.0005052631065335679,0.02395792754187768
imagenet_r,m3_fot,F1,0,0.0005291978735958442,0.02395792754187768
imagenet_r,m3_fot,F1,0,0.0005542664520663107,0.024931827035449942
imagenet_r,m3_fot,F1,0,0.0005805225516094895,0.024931827035449942
imagenet_r,m3_fot,F1,0,0.0006080224261649427,0.024980522010128556
imagenet_r,m3_fot,F1,0,0.0006368249944718586,0.02585703155434359
imagenet_r,m3_fot,F1,0,0.0006669919663030121,0.02585703155434359
imagenet_r,m3_fot,F1,0,0.0006985879746785249,0.026100506427736658
imagenet_r,m3_fot,F1,0,0.0007316807143427193,0.026100506427736658
imagenet_r,m3_fot,F1,0,0.0007663410868007462,0.026100506427736658
imagenet_r,m3_fot,F1,0,0.0008026433522257174,0.026490066225165563
imagenet_r,m3_fot,F1,0,0.0008406652885618325,0.026977015971951696
imagenet_r,m3_fot,F1,0,0.0008804883581643465,0.027902220490845345
imagenet_r,m3_fot,F1,0,0.0009221978823334322,0.027902220490845345
imagenet_r,m3_fot,F1,0,0.0009658832241158709,0.028389170237631475
imagenet_r,m3_fot,F1,0,0.001011637979766207,0.028535255161667317
imagenet_r,m3_fot,F1,0,0.001059560179277616,0.029022204908453447
imagenet_r,m3_fot,F1,0,0.0011097524964120721,0.029314374756525128
imagenet_r,m3_fot,F1,0,0.0011623224686798518,0.029606544604596805
imagenet_r,m3_fot,F1,0,0.001217382727739662,0.030239579275418777
imagenet_r,m3_fot,F1,0,0.0012750512407130128,0.03121347876899104
imagenet_r,m3_fot,F1,0,0.0013354515629298987,0.03150564861706272
imagenet_r,m3_fot,F1,0,0.0013987131026472386,0.03306388780677834
imagenet_r,m3_fot,F1,0,0.0014649713983072847,0.034914296844565644
imagenet_r,m3_fot,F1,0,0.0015343684089300133,0.03559602649006623
imagenet_r,m3_fot,F1,0,0.0016070528182616384,0.03559602649006623
imagenet_r,m3_fot,F1,0,0.0016831803533309566,0.03691079080638878
imagenet_r,m3_fot,F1,0,0.001762914118095948,0.038030775223996886
imagenet_r,m3_fot,F1,0,0.0018464249428955426,0.038176860148032725
imagenet_r,m3_fot,F1,0,0.0019338917504552321,0.0388098948188547
imagenet_r,m3_fot,F1,0,0.0020255019392306666,0.03968640436306973
imagenet_r,m3_fot,F1,0,0.00212145178491063,0.04041682898324893
imagenet_r,m3_fot,F1,0,0.002221946860939524,0.04095247370471367
imagenet_r,m3_fot,F1,0,0.0023272024789604074,0.041439423451499806
imagenet_r,m3_fot,F1,0,0.002437444150122222,0.04285157771717959
imagenet_r,m3_fot,F1,0,0.0025529080682395165,0.0436306973120374
imagenet_r,m3_fot,F1,0,0.0026738416158399465,0.043874172185430466
imagenet_r,m3_fot,F1,0,0.002800503894183631,0.04494546162835995
imagenet_r,m3_fot,F1,0,0.0029331662783900424,0.046406310868718346
imagenet_r,m3_fot,F1,0,0.003072112998861759,0.04684456564082587
imagenet_r,m3_fot,F1,0,0.0032176417502507355,0.04854888975457733
imagenet_r,m3_fot,F1,0,0.003370064329271928,0.048792364627970396
imagenet_r,m3_fot,F1,0,0.00352970730273065,0.05186014803272302
imagenet_r,m3_fot,F1,0,0.0036969127071950283,0.053126217374366964
imagenet_r,m3_fot,F1,0,0.003872038781812557,0.053905336969224775
imagenet_r,m3_fot,F1,0,0.004055460735840828,0.05444098169068952
imagenet_r,m3_fot,F1,0,0.0042475715525368985,0.0558531359563693
imagenet_r,m3_fot,F1,0,0.004448782831127585,0.057849629918192445
imagenet_r,m3_fot,F1,0,0.004659525668664682,0.05853135956369303
imagenet_r,m3_fot,F1,0,0.004880251583654433,0.059700038955979744
imagenet_r,m3_fot,F1,0,0.005111433483440166,0.060479158550837554
imagenet_r,m3_fot,F1,0,0.0053535666774107244,0.06194000779119595
imagenet_r,m3_fot,F1,0,0.005607169938205458,0.06242695753798208
imagenet_r,m3_fot,F1,0,0.005872786613189483,0.06354694195559019
imagenet_r,m3_fot,F1,0,0.006150985788580504,0.06393650175301908
imagenet_r,m3_fot,F1,0,0.00644236350872137,0.0654460459680561
imagenet_r,m3_fot,F1,0,0.006747544053110693,0.06778340475262953
imagenet_r,m3_fot,F1,0,0.0070671812739274914,0.07041293338527464
imagenet_r,m3_fot,F1,0,0.007401959996915644,0.07148422282820413
imagenet_r,m3_fot,F1,0,0.007752597488629464,0.07372419166342034
imagenet_r,m3_fot,F1,0,0.008119844993184008,0.07440592130892092
imagenet_r,m3_fot,F1,0,0.008504489341802677,0.07654850019477989
imagenet_r,m3_fot,F1,0,0.00890735463861044,0.07854499415660304
imagenet_r,m3_fot,F1,0,0.009329304026284686,0.08166147253603429
imagenet_r,m3_fot,F1,0,0.009771241535346501,0.08409622126996494
imagenet_r,m3_fot,F1,0,0.010234114021054527,0.08672574990261005
imagenet_r,m3_fot,F1,0,0.010718913192051276,0.08935527853525516
imagenet_r,m3_fot,F1,0,0.011226677735108135,0.09140046747175691
imagenet_r,m3_fot,F1,0,0.01175849554052157,0.09432216595247371
imagenet_r,m3_fot,F1,0,0.012315506032928261,0.09748733930658356
imagenet_r,m3_fot,F1,0,0.01289890261253308,0.09933774834437085
imagenet_r,m3_fot,F1,0,0.013509935211980266,0.10191858200233736
imagenet_r,m3_fot,F1,0,0.01414991297434576,0.10464550058433969
imagenet_r,m3_fot,F1,0,0.014820207057988586,0.10742111414102065
imagenet_r,m3_fot,F1,0,0.01552225357427048,0.1105862874951305
imagenet_r,m3_fot,F1,0,0.016257556664437952,0.11321581612777562
imagenet_r,m3_fot,F1,0,0.017027691722258997,0.11691663420335022
imagenet_r,m3_fot,F1,0,0.017834308769319095,0.1194487728866381
imagenet_r,m3_fot,F1,0,0.01867913599020783,0.121347876899104
imagenet_r,m3_fot,F1,0,0.01956398343517065,0.12290611608881963
imagenet_r,m3_fot,F1,0,0.020490746898158482,0.12665562913907286
imagenet_r,m3_fot,F1,0,0.021461411978584036,0.1290416828983249
imagenet_r,m3_fot,F1,0,0.02247805833548725,0.13118426178418388
imagenet_r,m3_fot,F1,0,0.02354286414322418,0.13551811453058044
imagenet_r,m3_fot,F1,0,0.024658110758226038,0.14077717179587065
imagenet_r,m3_fot,F1,0,0.025826187606826773,0.14467276977015972
imagenet_r,m3_fot,F1,0,0.027049597304631343,0.14822750292169848
imagenet_r,m3_fot,F1,0,0.02833096101839324,0.1515874561745228
imagenet_r,m3_fot,F1,0,0.029673024081888696,0.15499610440202571
imagenet_r,m3_fot,F1,0,0.03107866187782014,0.15962212699649397
imagenet_r,m3_fot,F1,0,0.0325508859983506,0.16249513050253214
imagenet_r,m3_fot,F1,0,0.03409285069746811,0.16634203350214258
imagenet_r,m3_fot,F1,0,0.03570785964900463,0.1715523957927542
imagenet_r,m3_fot,F1,0,0.03739937302478798,0.17617841838722245
imagenet_r,m3_fot,F1,0,0.039171014908092605,0.18075574600701208
imagenet_r,m3_fot,F1,0,0.04102658105827194,0.18630697312037398
imagenet_r,m3_fot,F1,0,0.04297004704320839,0.19161472536034282
imagenet_r,m3_fot,F1,0,0.04500557675700498,0.1974581223217764
imagenet_r,m3_fot,F1,0,0.047137531341167244,0.20140241527074407
imagenet_r,m3_fot,F1,0,0.049370478528390035,0.2078788469029996
imagenet_r,m3_fot,F1,0,0.05170920242896761,0.21211530970003895
imagenet_r,m3_fot,F1,0,0.054158713780794704,0.21776392676275808
imagenet_r,m3_fot,F1,0,0.05672426068491978,0.22501947798987146
imagenet_r,m3_fot,F1,0,0.05941133984965034,0.23061940007791196
imagenet_r,m3_fot,F1,0,0.06222570836730231,0.23763147643163227
imagenet_r,m3_fot,F1,0,0.06517339604882427,0.24381573821581612
imagenet_r,m3_fot,F1,0,0.06826071834272386,0.24844176081028438
imagenet_r,m3_fot,F1,0,0.07149428986597577,0.25457732761978963
imagenet_r,m3_fot,F1,0,0.07488103857590023,0.2600798597584729
imagenet_r,m3_fot,F1,0,0.07842822061337681,0.2676762758083366
imagenet_r,m3_fot,F1,0,0.0821434358491943,0.2751266069341644
imagenet_r,m3_fot,F1,0,0.086034644166845,0.2815543435917413
imagenet_r,m3_fot,F1,0,0.09011018251665019,0.2907089988313206
imagenet_r,m3_fot,F1,0,0.09437878277775381,0.2975749902610051
imagenet_r,m3_fot,F1,0,0.09884959046625587,0.30502532138683286
imagenet_r,m3_fot,F1,0,0.10353218432956626,0.31379041682898323
imagenet_r,m3_fot,F1,0,0.1084365968689611,0.3202668484612388
imagenet_r,m3_fot,F1,0,0.11357333583431052,0.32864238410596025
imagenet_r,m3_fot,F1,0,0.11895340673703195,0.3365796649785742
imagenet_r,m3_fot,F1,0,0.12458833642950082,0.34422477600311646
imagenet_r,m3_fot,F1,0,0.1304901978014403,0.35269770159719516
imagenet_r,m3_fot,F1,0,0.13667163564620075,0.3635566809505259
imagenet_r,m3_fot,F1,0,0.14314589375234785,0.3737339306583561
imagenet_r,m3_fot,F1,0,0.14992684327860456,0.38449552006232957
imagenet_r,m3_fot,F1,0,0.15702901247293774,0.3954518893650175
imagenet_r,m3_fot,F1,0,0.16446761779946645,0.40548305414881186
imagenet_r,m3_fot,F1,0,0.17225859653987874,0.41424814959096223
imagenet_r,m3_fot,F1,0,0.18041864093920718,0.4253019088430074
imagenet_r,m3_fot,F1,0,0.18896523396912096,0.43596610829762367
imagenet_r,m3_fot,F1,0,0.19791668678535573,0.44580249318270354
imagenet_r,m3_fot,F1,0,0.2072921779595372,0.457830151928321
imagenet_r,m3_fot,F1,0,0.21711179456945054,0.47058823529411764
imagenet_r,m3_fot,F1,0,0.22739657523579276,0.4854888975457733
imagenet_r,m3_fot,F1,0,0.23816855519761582,0.4968348266458901
imagenet_r,m3_fot,F1,0,0.24945081352303167,0.5104207245812232
imagenet_r,m3_fot,F1,0,0.2612675225563329,0.5262952863264511
imagenet_r,m3_fot,F1,0,0.27364399970746717,0.5378359953252825
imagenet_r,m3_fot,F1,0,0.286606761694825,0.5533209972730814
imagenet_r,m3_fot,F1,0,0.3001835813575589,0.5703155434359174
imagenet_r,m3_fot,F1,0,0.31440354715915003,0.5870179197506817
imagenet_r,m3_fot,F1,0,0.3292971255097151,0.6029411764705882
imagenet_r,m3_fot,F1,0,0.34489622604057596,0.6210557070510323
imagenet_r,m3_fot,F1,0,0.36123426997094304,0.6380015582391897
imagenet_r,m3_fot,F1,0,0.3783462617131929,0.6539248149590963
imagenet_r,m3_fot,F1,0,0.3962688638701478,0.6707732761978964
imagenet_r,m3_fot,F1,0,0.41504047578504766,0.6875243474873393
imagenet_r,m3_fot,F1,0,0.43470131581250265,0.7055414881184262
imagenet_r,m3_fot,F1,0,0.4552935074866948,0.72331515387612
imagenet_r,m3_fot,F1,0,0.47686116977144694,0.7400662251655629
imagenet_r,m3_fot,F1,0,0.499450511585514,0.7585216205687573
imagenet_r,m3_fot,F1,0,0.5231099308056264,0.7780970003895598
imagenet_r,m3_fot,F1,0,0.5478901179593945,0.7996688741721855
imagenet_r,m3_fot,F1,0,0.5738441648302393,0.8188059992208804
imagenet_r,m3_fot,F1,0,0.6010276782070382,0.8364335800545384
imagenet_r,m3_fot,F1,0,0.6294988990221888,0.8552298402804831
imagenet_r,m3_fot,F1,0,0.6593188271333549,0.8730522010128555
imagenet_r,m3_fot,F1,0,0.6905513520162331,0.8937475652512661
imagenet_r,m3_fot,F1,0,0.7232633896483533,0.9144429294896766
imagenet_r,m3_fot,F1,0,0.7575250258771913,0.9315348656018699
imagenet_r,m3_fot,F1,0,0.7934096665797492,0.9491137514608492
imagenet_r,m3_fot,F1,0,0.8309941949353395,0.9631379041682898
imagenet_r,m3_fot,F1,0,0.8703591361485166,0.9765777171795871
imagenet_r,m3_fot,F1,0,0.9115888299750827,0.9873880015582391
imagenet_r,m3_fot,F1,0,0.9547716114208056,0.9962504869497468
imagenet_r,m3_fot,F1,0,1.0,1.0
imagenet_r,m4_proto,F2,0,0.0,0.3943296396126585
imagenet_r,m4_proto,F2,0,0.0001,0.4558750124787861
imagenet_r,m4_proto,F2,0,0.00010473708979594497,0.4558750124787861
imagenet_r,m4_proto,F2,0,0.00010969857978923841,0.4558750124787861
imagenet_r,m4_proto,F2,0,0.00011489510001873086,0.4558750124787861
imagenet_r,m4_proto,F2,0,0.00012033778407775893,0.4558750124787861
imagenet_r,m4_proto,F2,0,0.00012603829296797275,0.4558750124787861
imagenet_r,m4_proto,F2,0,0.0001320088400831418,0.4558750124787861
imagenet_r,m4_proto,F2,0,0.00013826221737646565,0.4558750124787861
imagenet_r,m4_proto,F2,0,0.0001448118227674533,0.4558750124787861
imagenet_r,m4_proto,F2,0,0.00015167168884709225,0.46281321753019866
imagenet_r,m4_proto,F2,0,0.00015885651294280528,0.46281321753019866
imagenet_r,m4_proto,F2,0,0.0001663816886076129,0.46281321753019866
imagenet_r,m4_proto,F2,0,0.00017426333860096508,0.46281321753019866
imagenet_r,m4_proto,F2,0,0.00018251834943190426,0.46281321753019866
imagenet_r,m4_proto,F2,0,0.00019116440753857018,0.46281321753019866
imagenet_r,m4_proto,F2,0,0.00020022003718155845,0.4635120295497654
imagenet_r,m4_proto,F2,0,0.00020970464013232327,0.4635120295497654
imagenet_r,m4_proto,F2,0,0.0002196385372416547,0.4635120295497654
imagenet_r,m4_proto,F2,0,0.0002300430119772917,0.4635120295497654
imagenet_r,m4_proto,F2,0,0.00024094035602395243,0.4635120295497654
imagenet_r,m4_proto,F2,0,0.0002523539170434766,0.47868623340321453
imagenet_r,m4_proto,F2,0,0.00026430814869741055,0.47868623340321453
imagenet_r,m4_proto,F2,0,0.00027682866303920667,0.47868623340321453
imagenet_r,m4_proto,F2,0,0.0002899422853882875,0.47868623340321453
imagenet_r,m4_proto,F2,0,0.0003036771118035457,0.47943496056703605
imagenet_r,m4_proto,F2,0,0.0003180625692794119,0.47943496056703605
imagenet_r,m4_proto,F2,0,0.00033312947879346737,0.47943496056703605
imagenet_r,m4_proto,F2,0,0.0003489101213406774,0.47943496056703605
imagenet_r,m4_proto,F2,0,0.00036543830709572547,0.48452630528102225
imagenet_r,m4_proto,F2,0,0.0003827494478516311,0.48452630528102225
imagenet_r,m4_proto,F2,0,0.0004008806328898465,0.49575721273834483
imagenet_r,m4_proto,F2,0,0.000419870708444391,0.49575721273834483
imagenet_r,m4_proto,F2,0,0.00043976036093027214,0.49575721273834483
imagenet_r,m4_proto,F2,0,0.00046059220411451035,0.4998502545672357
imagenet_r,m4_proto,F2,0,0.00048241087041653687,0.4998502545672357
imagenet_r,m4_proto,F2,0,0.0005052631065335679,0.5061395627433364
imagenet_r,m4_proto,F2,0,0.0005291978735958442,0.5061395627433364
imagenet_r,m4_proto,F2,0,0.0005542664520663107,0.5096835379854248
imagenet_r,m4_proto,F2,0,0.0005805225516094895,0.5096835379854248
imagenet_r,m4_proto,F2,0,0.0006080224261649427,0.5167714884696016
imagenet_r,m4_proto,F2,0,0.0006368249944718586,0.5167714884696016
imagenet_r,m4_proto,F2,0,0.0006669919663030121,0.5277528202056504
imagenet_r,m4_proto,F2,0,0.0006985879746785249,0.5307477288609365
imagenet_r,m4_proto,F2,0,0.0007316807143427193,0.5307477288609365
imagenet_r,m4_proto,F2,0,0.0007663410868007462,0.5351402615553559
imagenet_r,m4_proto,F2,0,0.0008026433522257174,0.5359389038634321
imagenet_r,m4_proto,F2,0,0.0008406652885618325,0.5359389038634321
imagenet_r,m4_proto,F2,0,0.0008804883581643465,0.536188479584706
imagenet_r,m4_proto,F2,0,0.0009221978823334322,0.5425776180493161
imagenet_r,m4_proto,F2,0,0.0009658832241158709,0.5462214235799141
imagenet_r,m4_proto,F2,0,0.001011637979766207,0.551811919736448
imagenet_r,m4_proto,F2,0,0.001059560179277616,0.5582509733453129
imagenet_r,m4_proto,F2,0,0.0011097524964120721,0.5695317959468903
imagenet_r,m4_proto,F2,0,0.0011623224686798518,0.5695317959468903
imagenet_r,m4_proto,F2,0,0.001217382727739662,0.5758211041229909
imagenet_r,m4_proto,F2,0,0.0012750512407130128,0.5765199161425576
imagenet_r,m4_proto,F2,0,0.0013354515629298987,0.5776679644604172
imagenet_r,m4_proto,F2,0,0.0013987131026472386,0.5842567635020465
imagenet_r,m4_proto,F2,0,0.0014649713983072847,0.5854048118199061
imagenet_r,m4_proto,F2,0,0.0015343684089300133,0.5855046421084157
imagenet_r,m4_proto,F2,0,0.0016070528182616384,0.5890486173505042
imagenet_r,m4_proto,F2,0,0.0016831803533309566,0.5921433562942997
imagenet_r,m4_proto,F2,0,0.001762914118095948,0.5996805430767695
imagenet_r,m4_proto,F2,0,0.0018464249428955426,0.6026754517320555
imagenet_r,m4_proto,F2,0,0.0019338917504552321,0.6044224817809724
imagenet_r,m4_proto,F2,0,0.0020255019392306666,0.6052211240890486
imagenet_r,m4_proto,F2,0,0.00212145178491063,0.6058201058201058
imagenet_r,m4_proto,F2,0,0.002221946860939524,0.6067684935609464
imagenet_r,m4_proto,F2,0,0.0023272024789604074,0.6076669661575322
imagenet_r,m4_proto,F2,0,0.002437444150122222,0.610062893081761
imagenet_r,m4_proto,F2,0,0.0025529080682395165,0.6155535589497854
imagenet_r,m4_proto,F2,0,0.0026738416158399465,0.6160027952480782
imagenet_r,m4_proto,F2,0,0.002800503894183631,0.6194968553459119
imagenet_r,m4_proto,F2,0,0.0029331662783900424,0.6224418488569432
imagenet_r,m4_proto,F2,0,0.003072112998861759,0.6248876909254267
imagenet_r,m4_proto,F2,0,0.0032176417502507355,0.6275331935709294
imagenet_r,m4_proto,F2,0,0.003370064329271928,0.6292802236198463
imagenet_r,m4_proto,F2,0,0.00352970730273065,0.6397124887690926
imagenet_r,m4_proto,F2,0,0.0036969127071950283,0.6438055305979834
imagenet_r,m4_proto,F2,0,0.003872038781812557,0.6453029849256264
imagenet_r,m4_proto,F2,0,0.004055460735840828,0.6477987421383647
imagenet_r,m4_proto,F2,0,0.0042475715525368985,0.6505939902166318
imagenet_r,m4_proto,F2,0,0.004448782831127585,0.6529400019966057
imagenet_r,m4_proto,F2,0,0.004659525668664682,0.6584306678646301
imagenet_r,m4_proto,F2,0,0.004880251583654433,0.6606768493560946
imagenet_r,m4_proto,F2,0,0.005111433483440166,0.6687631027253669
imagenet_r,m4_proto,F2,0,0.0053535666774107244,0.6720575022461814
imagenet_r,m4_proto,F2,0,0.005607169938205458,0.6749525806129579
imagenet_r,m4_proto,F2,0,0.005872786613189483,0.6796945193171609
imagenet_r,m4_proto,F2,0,0.006150985788580504,0.6835879005690326
imagenet_r,m4_proto,F2,0,0.00644236350872137,0.6868323849455925
imagenet_r,m4_proto,F2,0,0.006747544053110693,0.6883298392732355
imagenet_r,m4_proto,F2,0,0.0070671812739274914,0.6909753419187381
imagenet_r,m4_proto,F2,0,0.007401959996915644,0.6931216931216931
imagenet_r,m4_proto,F2,0,0.007752597488629464,0.6968653289408007
imagenet_r,m4_proto,F2,0,0.008119844993184008,0.7034541279824299
imagenet_r,m4_proto,F2,0,0.008504489341802677,0.7065488669262254
imagenet_r,m4_proto,F2,0,0.00890735463861044,0.7100928421683139
imagenet_r,m4_proto,F2,0,0.009329304026284686,0.7133872416891285
imagenet_r,m4_proto,F2,0,0.009771241535346501,0.7145352900069881
imagenet_r,m4_proto,F2,0,0.010234114021054527,0.7176799440950384
imagenet_r,m4_proto,F2,0,0.010718913192051276,0.7230707796745532
imagenet_r,m4_proto,F2,0,0.011226677735108135,0.72911051212938
imagenet_r,m4_proto,F2,0,0.01175849554052157,0.7323549965059399
imagenet_r,m4_proto,F2,0,0.012315506032928261,0.7374463412199261
imagenet_r,m4_proto,F2,0,0.01289890261253308,0.7415892981930717
imagenet_r,m4_proto,F2,0,0.013509935211980266,0.7440850554058102
imagenet_r,m4_proto,F2,0,0.01414991297434576,0.7491264849755416
imagenet_r,m4_proto,F2,0,0.014820207057988586,0.7541179994010183
imagenet_r,m4_proto,F2,0,0.01552225357427048,0.7588100229609663
imagenet_r,m4_proto,F2,0,0.016257556664437952,0.762952979934112
imagenet_r,m4_proto,F2,0,0.017027691722258997,0.7663472097434362
imagenet_r,m4_proto,F2,0,0.017834308769319095,0.7705899970050913
imagenet_r,m4_proto,F2,0,0.01867913599020783,0.7766796446041729
imagenet_r,m4_proto,F2,0,0.01956398343517065,0.7829689527802736
imagenet_r,m4_proto,F2,0,0.020490746898158482,0.7867625037436358
imagenet_r,m4_proto,F2,0,0.021461411978584036,0.7915044424478387
imagenet_r,m4_proto,F2,0,0.02247805833548725,0.7947489268243986
imagenet_r,m4_proto,F2,0,0.02354286414322418,0.800439253269442
imagenet_r,m4_proto,F2,0,0.024658110758226038,0.8043825496655685
imagenet_r,m4_proto,F2,0,0.025826187606826773,0.8076769491863831
imagenet_r,m4_proto,F2,0,0.027049597304631343,0.8108216032744334
imagenet_r,m4_proto,F2,0,0.02833096101839324,0.8157132874114006
imagenet_r,m4_proto,F2,0,0.029673024081888696,0.8186582809224319
imagenet_r,m4_proto,F2,0,0.03107866187782014,0.8230508136168514
imagenet_r,m4_proto,F2,0,0.0325508859983506,0.827393431167016
imagenet_r,m4_proto,F2,0,0.03409285069746811,0.8318358790056903
imagenet_r,m4_proto,F2,0,0.03570785964900463,0.8357791754018169
imagenet_r,m4_proto,F2,0,0.03739937302478798,0.8389238294898672
imagenet_r,m4_proto,F2,0,0.039171014908092605,0.8423679744434461
imagenet_r,m4_proto,F2,0,0.04102658105827194,0.8457622042527703
imagenet_r,m4_proto,F2,0,0.04297004704320839,0.8492063492063492
imagenet_r,m4_proto,F2,0,0.04500557675700498,0.854397524208845
imagenet_r,m4_proto,F2,0,0.047137531341167244,0.8579914145951881
imagenet_r,m4_proto,F2,0,0.049370478528390035,0.8615353898372766
imagenet_r,m4_proto,F2,0,0.05170920242896761,0.8649795347908555
imagenet_r,m4_proto,F2,0,0.054158713780794704,0.8699211340720775
imagenet_r,m4_proto,F2,0,0.05672426068491978,0.8741639213337327
imagenet_r,m4_proto,F2,0,0.05941133984965034,0.878157132874114
imagenet_r,m4_proto,F2,0,0.06222570836730231,0.8819506838374763
imagenet_r,m4_proto,F2,0,0.06517339604882427,0.8862933013876411
imagenet_r,m4_proto,F2,0,0.06826071834272386,0.8916841369671559
imagenet_r,m4_proto,F2,0,0.07149428986597577,0.8964260756713587
imagenet_r,m4_proto,F2,0,0.07488103857590023,0.9002695417789758
imagenet_r,m4_proto,F2,0,0.07842822061337681,0.9042627533193571
imagenet_r,m4_proto,F2,0,0.0821434358491943,0.9066087650993311
imagenet_r,m4_proto,F2,0,0.086034644166845,0.9111011280822602
imagenet_r,m4_proto,F2,0,0.09011018251665019,0.9155435759209344
imagenet_r,m4_proto,F2,0,0.09437878277775381,0.9192872117400419
imagenet_r,m4_proto,F2,0,0.09884959046625587,0.9240790655884995
imagenet_r,m4_proto,F2,0,0.10353218432956626,0.9278726165518618
imagenet_r,m4_proto,F2,0,0.1084365968689611,0.9309174403514027
imagenet_r,m4_proto,F2,0,0.11357333583431052,0.9349605670360387
imagenet_r,m4_proto,F2,0,0.11895340673703195,0.938754117999401
imagenet_r,m4_proto,F2,0,0.12458833642950082,0.9425476689627633
imagenet_r,m4_proto,F2,0,0.1304901978014403,0.9467904562244185
imagenet_r,m4_proto,F2,0,0.13667163564620075,0.9512329040630927
imagenet_r,m4_proto,F2,0,0.14314589375234785,0.9544773884396526
imagenet_r,m4_proto,F2,0,0.14992684327860456,0.9584206848357791
imagenet_r,m4_proto,F2,0,0.15702901247293774,0.9614155934910652
imagenet_r,m4_proto,F2,0,0.16446761779946645,0.9649595687331537
imagenet_r,m4_proto,F2,0,0.17225859653987874,0.9675052410901468
imagenet_r,m4_proto,F2,0,0.18041864093920718,0.9701008285913947
imagenet_r,m4_proto,F2,0,0.18896523396912096,0.9724468403713686
imagenet_r,m4_proto,F2,0,0.19791668678535573,0.9742437855645403
imagenet_r,m4_proto,F2,0,0.2072921779595372,0.9765897973445143
imagenet_r,m4_proto,F2,0,0.21711179456945054,0.9786862334032146
imagenet_r,m4_proto,F2,0,0.22739657523579276,0.9808325846061695
imagenet_r,m4_proto,F2,0,0.23816855519761582,0.9826794449435959
imagenet_r,m4_proto,F2,0,0.24945081352303167,0.9845263052810223
imagenet_r,m4_proto,F2,0,0.2612675225563329,0.9862234201856843
imagenet_r,m4_proto,F2,0,0.27364399970746717,0.988220025955875
imagenet_r,m4_proto,F2,0,0.286606761694825,0.9895677348507537
imagenet_r,m4_proto,F2,0,0.3001835813575589,0.9905660377358491
imagenet_r,m4_proto,F2,0,0.31440354715915003,0.9921633223520016
imagenet_r,m4_proto,F2,0,0.3292971255097151,0.9933113706698612
imagenet_r,m4_proto,F2,0,0.34489622604057596,0.9940600978336828
imagenet_r,m4_proto,F2,0,0.36123426997094304,0.9951083158630328
imagenet_r,m4_proto,F2,0,0.3783462617131929,0.9960067884596187
imagenet_r,m4_proto,F2,0,0.3962688638701478,0.9965059399021663
imagenet_r,m4_proto,F2,0,0.41504047578504766,0.9970050913447139
imagenet_r,m4_proto,F2,0,0.43470131581250265,0.9975042427872617
imagenet_r,m4_proto,F2,0,0.4552935074866948,0.9979035639412998
imagenet_r,m4_proto,F2,0,0.47686116977144694,0.9983028850953379
imagenet_r,m4_proto,F2,0,0.499450511585514,0.9987022062493761
imagenet_r,m4_proto,F2,0,0.5231099308056264,0.9988519516821404
imagenet_r,m4_proto,F2,0,0.5478901179593945,0.9991015274034142
imagenet_r,m4_proto,F2,0,0.5738441648302393,0.9992512728361785
imagenet_r,m4_proto,F2,0,0.6010276782070382,0.9995507637017071
imagenet_r,m4_proto,F2,0,0.6294988990221888,0.9997005091344714
imagenet_r,m4_proto,F2,0,0.6593188271333549,0.999800339422981
imagenet_r,m4_proto,F2,0,0.6905513520162331,0.9998502545672358
imagenet_r,m4_proto,F2,0,0.7232633896483533,0.9998502545672358
imagenet_r,m4_proto,F2,0,0.7575250258771913,0.9998502545672358
imagenet_r,m4_proto,F2,0,0.7934096665797492,0.9999500848557452
imagenet_r,m4_proto,F2,0,0.8309941949353395,0.9999500848557452
imagenet_r,m4_proto,F2,0,0.8703591361485166,1.0
imagenet_r,m4_proto,F2,0,0.9115888299750827,1.0
imagenet_r,m4_proto,F2,0,0.9547716114208056,1.0
imagenet_r,m4_proto,F2,0,1.0,1.0
imagenet_r,m5_hybrid_replay,F1,0,0.0,0.007413549236697068
imagenet_r,m5_hybrid_replay,F1,0,0.0001,0.018680193142466956
imagenet_r,m5_hybrid_replay,F1,0,0.00010473708979594497,0.018680193142466956
imagenet_r,m5_hybrid_replay,F1,0,0.00010969857978923841,0.018680193142466956
imagenet_r,m5_hybrid_replay,F1,0,0.00011489510001873086,0.018680193142466956
imagenet_r,m5_hybrid_replay,F1,0,0.00012033778407775893,0.018680193142466956
imagenet_r,m5_hybrid_replay,F1,0,0.00012603829296797275,0.018680193142466956
imagenet_r,m5_hybrid_replay,F1,0,0.0001320088400831418,0.018680193142466956
imagenet_r,m5_hybrid_replay,F1,0,0.00013826221737646565,0.018680193142466956
imagenet_r,m5_hybrid_replay,F1,0,0.0001448118227674533,0.018680193142466956
imagenet_r,m5_hybrid_replay,F1,0,0.00015167168884709225,0.01887528654343267
imagenet_r,m5_hybrid_replay,F1,0,0.00015885651294280528,0.01887528654343267
imagenet_r,m5_hybrid_replay,F1,0,0.0001663816886076129,0.01887528654343267
imagenet_r,m5_hybrid_replay,F1,0,0.00017426333860096508,0.01887528654343267
imagenet_r,m5_hybrid_replay,F1,0,0.00018251834943190426,0.01887528654343267
imagenet_r,m5_hybrid_replay,F1,0,0.00019116440753857018,0.01887528654343267
imagenet_r,m5_hybrid_replay,F1,0,0.00020022003718155845,0.021996780958884066
imagenet_r,m5_hybrid_replay,F1,0,0.00020970464013232327,0.021996780958884066
imagenet_r,m5_hybrid_replay,F1,0,0.0002196385372416547,0.021996780958884066
imagenet_r,m5_hybrid_replay,F1,0,0.0002300430119772917,0.021996780958884066
imagenet_r,m5_hybrid_replay,F1,0,0.00024094035602395243,0.021996780958884066
imagenet_r,m5_hybrid_replay,F1,0,0.0002523539170434766,0.022825927912988344
imagenet_r,m5_hybrid_replay,F1,0,0.00026430814869741055,0.022825927912988344
imagenet_r,m5_hybrid_replay,F1,0,0.00027682866303920667,0.022825927912988344
imagenet_r,m5_hybrid_replay,F1,0,0.0002899422853882875,0.022825927912988344
imagenet_r,m5_hybrid_replay,F1,0,0.0003036771118035457,0.023801394917816906
imagenet_r,m5_hybrid_replay,F1,0,0.0003180625692794119,0.023801394917816906
imagenet_r,m5_hybrid_replay,F1,0,0.00033312947879346737,0.023801394917816906
imagenet_r,m5_hybrid_replay,F1,0,0.0003489101213406774,0.02443544847095547
imagenet_r,m5_hybrid_replay,F1,0,0.00036543830709572547,0.02443544847095547
imagenet_r,m5_hybrid_replay,F1,0,0.0003827494478516311,0.02443544847095547
imagenet_r,m5_hybrid_replay,F1,0,0.0004008806328898465,0.024581768521679755
imagenet_r,m5_hybrid_replay,F1,0,0.000419870708444391,0.024581768521679755
imagenet_r,m5_hybrid_replay,F1,0,0.00043976036093027214,0.027069209383992588
imagenet_r,m5_hybrid_replay,F1,0,0.00046059220411451035,0.027069209383992588
imagenet_r,m5_hybrid_replay,F1,0,0.00048241087041653687,0.027069209383992588
imagenet_r,m5_hybrid_replay,F1,0,0.0005052631065335679,0.02775203628737258
imagenet_r,m5_hybrid_replay,F1,0,0.0005291978735958442,0.02775203628737258
imagenet_r,m5_hybrid_replay,F1,0,0.0005542664520663107,0.027849582987855434
imagenet_r,m5_hybrid_replay,F1,0,0.0005805225516094895,0.027849582987855434
imagenet_r,m5_hybrid_replay,F1,0,0.0006080224261649427,0.028483636540994
imagenet_r,m5_hybrid_replay,F1,0,0.0006368249944718586,0.030190703799443983
imagenet_r,m5_hybrid_replay,F1,0,0.0006669919663030121,0.030190703799443983
imagenet_r,m5_hybrid_replay,F1,0,0.0006985879746785249,0.030337023850168267
imagenet_r,m5_hybrid_replay,F1,0,0.0007316807143427193,0.030337023850168267
imagenet_r,m5_hybrid_replay,F1,0,0.0007663410868007462,0.030629663951616835
imagenet_r,m5_hybrid_replay,F1,0,0.0008026433522257174,0.03101985075354826
imagenet_r,m5_hybrid_replay,F1,0,0.0008406652885618325,0.03199531775837682
imagenet_r,m5_hybrid_replay,F1,0,0.0008804883581643465,0.03272691801199824
imagenet_r,m5_hybrid_replay,F1,0,0.0009221978823334322,0.03272691801199824
imagenet_r,m5_hybrid_replay,F1,0,0.0009658832241158709,0.03506803882358679
imagenet_r,m5_hybrid_replay,F1,0,0.001011637979766207,0.03633614592986392
imagenet_r,m5_hybrid_replay,F1,0,0.001059560179277616,0.03633614592986392
imagenet_r,m5_hybrid_replay,F1,0,0.0011097524964120721,0.0368238794322782
imagenet_r,m5_hybrid_replay,F1,0,0.0011623224686798518,0.03736038628493391
imagenet_r,m5_hybrid_replay,F1,0,0.001217382727739662,0.037506706335658196
imagenet_r,m5_hybrid_replay,F1,0,0.0012750512407130128,0.03926254694434961
imagenet_r,m5_hybrid_replay,F1,0,0.0013354515629298987,0.03945764034531532
imagenet_r,m5_hybrid_replay,F1,0,0.0013987131026472386,0.03950641369555675
imagenet_r,m5_hybrid_replay,F1,0,0.0014649713983072847,0.04048188070038531
imagenet_r,m5_hybrid_replay,F1,0,0.0015343684089300133,0.04077452080183388
imagenet_r,m5_hybrid_replay,F1,0,0.0016070528182616384,0.04121348095400673
imagenet_r,m5_hybrid_replay,F1,0,0.0016831803533309566,0.042384041359801006
imagenet_r,m5_hybrid_replay,F1,0,0.001762914118095948,0.04296932156269814
imagenet_r,m5_hybrid_replay,F1,0,0.0018464249428955426,0.04321318831390528
imagenet_r,m5_hybrid_replay,F1,0,0.0019338917504552321,0.04384724186704385
imagenet_r,m5_hybrid_replay,F1,0,0.0020255019392306666,0.044725162171389554
imagenet_r,m5_hybrid_replay,F1,0,0.00212145178491063,0.04535921572452812
imagenet_r,m5_hybrid_replay,F1,0,0.002221946860939524,0.045944495927425257
imagenet_r,m5_hybrid_replay,F1,0,0.0023272024789604074,0.0474076964346681
imagenet_r,m5_hybrid_replay,F1,0,0.002437444150122222,0.048529483490220945
imagenet_r,m5_hybrid_replay,F1,0,0.0025529080682395165,0.04950495049504951
imagenet_r,m5_hybrid_replay,F1,0,0.0026738416158399465,0.049797590596498076
imagenet_r,m5_hybrid_replay,F1,0,0.002800503894183631,0.051114471053016634
imagenet_r,m5_hybrid_replay,F1,0,0.0029331662783900424,0.05199239135736234
imagenet_r,m5_hybrid_replay,F1,0,0.003072112998861759,0.05384577866653661
imagenet_r,m5_hybrid_replay,F1,0,0.0032176417502507355,0.0548700190216066
imagenet_r,m5_hybrid_replay,F1,0,0.003370064329271928,0.05618689947812515
imagenet_r,m5_hybrid_replay,F1,0,0.00352970730273065,0.05701604643222943
imagenet_r,m5_hybrid_replay,F1,0,0.0036969127071950283,0.058332926888747985
imagenet_r,m5_hybrid_replay,F1,0,0.003872038781812557,0.059844900746232256
imagenet_r,m5_hybrid_replay,F1,0,0.004055460735840828,0.061893381456372236
imagenet_r,m5_hybrid_replay,F1,0,0.0042475715525368985,0.06277130176071795
imagenet_r,m5_hybrid_replay,F1,0,0.004448782831127585,0.0635516753645808
imagenet_r,m5_hybrid_replay,F1,0,0.004659525668664682,0.06520996927278935
imagenet_r,m5_hybrid_replay,F1,0,0.004880251583654433,0.0666731697800322
imagenet_r,m5_hybrid_replay,F1,0,0.005111433483440166,0.06867287713993074
imagenet_r,m5_hybrid_replay,F1,0,0.0053535666774107244,0.07077013120031216
imagenet_r,m5_hybrid_replay,F1,0,0.005607169938205458,0.07320879871238356
imagenet_r,m5_hybrid_replay,F1,0,0.005872786613189483,0.07491586597083354
imagenet_r,m5_hybrid_replay,F1,0,0.006150985788580504,0.07564746622445495
imagenet_r,m5_hybrid_replay,F1,0,0.00644236350872137,0.07706189338145637
imagenet_r,m5_hybrid_replay,F1,0,0.006747544053110693,0.08052480124859776
imagenet_r,m5_hybrid_replay,F1,0,0.0070671812739274914,0.08091498805052919
imagenet_r,m5_hybrid_replay,F1,0,0.007401959996915644,0.08276837535970345
imagenet_r,m5_hybrid_replay,F1,0,0.007752597488629464,0.08384138906501487
imagenet_r,m5_hybrid_replay,F1,0,0.008119844993184008,0.08628005657708628
imagenet_r,m5_hybrid_replay,F1,0,0.008504489341802677,0.08725552358191484
imagenet_r,m5_hybrid_replay,F1,0,0.00890735463861044,0.08862117738867482
imagenet_r,m5_hybrid_replay,F1,0,0.009329304026284686,0.08993805784519339
imagenet_r,m5_hybrid_replay,F1,0,0.009771241535346501,0.09193776520509193
imagenet_r,m5_hybrid_replay,F1,0,0.010234114021054527,0.0941325659659562
imagenet_r,m5_hybrid_replay,F1,0,0.010718913192051276,0.09666878017851047
imagenet_r,m5_hybrid_replay,F1,0,0.011226677735108135,0.09852216748768473
imagenet_r,m5_hybrid_replay,F1,0,0.01175849554052157,0.10222894210603327
imagenet_r,m5_hybrid_replay,F1,0,0.012315506032928261,0.10417987611569039
imagenet_r,m5_hybrid_replay,F1,0,0.01289890261253308,0.10671609032824465
imagenet_r,m5_hybrid_replay,F1,0,0.013509935211980266,0.10861825098766034
imagenet_r,m5_hybrid_replay,F1,0,0.01414991297434576,0.11154465200214603
imagenet_r,m5_hybrid_replay,F1,0,0.014820207057988586,0.11369067941276886
imagenet_r,m5_hybrid_replay,F1,0,0.01552225357427048,0.11905574793932595
imagenet_r,m5_hybrid_replay,F1,0,0.016257556664437952,0.12061649514705165
imagenet_r,m5_hybrid_replay,F1,0,0.017027691722258997,0.12310393600936448
imagenet_r,m5_hybrid_replay,F1,0,0.017834308769319095,0.12666439057698872
imagenet_r,m5_hybrid_replay,F1,0,0.01867913599020783,0.12924937813978443
imagenet_r,m5_hybrid_replay,F1,0,0.01956398343517065,0.13256596595620154
imagenet_r,m5_hybrid_replay,F1,0,0.020490746898158482,0.1344193532653758
imagenet_r,m5_hybrid_replay,F1,0,0.021461411978584036,0.13866263473638005
imagenet_r,m5_hybrid_replay,F1,0,0.02247805833548725,0.14305223625810856
imagenet_r,m5_hybrid_replay,F1,0,0.02354286414322418,0.14719797102862997
imagenet_r,m5_hybrid_replay,F1,0,0.024658110758226038,0.14944154513973565
imagenet_r,m5_hybrid_replay,F1,0,0.025826187606826773,0.15383114666146416
imagenet_r,m5_hybrid_replay,F1,0,0.027049597304631343,0.15797688143198557
imagenet_r,m5_hybrid_replay,F1,0,0.02833096101839324,0.16158610934985124
imagenet_r,m5_hybrid_replay,F1,0,0.029673024081888696,0.16612203092230404
imagenet_r,m5_hybrid_replay,F1,0,0.03107866187782014,0.17017021899234258
imagenet_r,m5_hybrid_replay,F1,0,0.0325508859983506,0.17377944691020827
imagenet_r,m5_hybrid_replay,F1,0,0.03409285069746811,0.1780227283812125
imagenet_r,m5_hybrid_replay,F1,0,0.03570785964900463,0.18221723650197533
imagenet_r,m5_hybrid_replay,F1,0,0.03739937302478798,0.18841145198263667
imagenet_r,m5_hybrid_replay,F1,0,0.039171014908092605,0.19177681314929523
imagenet_r,m5_hybrid_replay,F1,0,0.04102658105827194,0.19631273472174804
imagenet_r,m5_hybrid_replay,F1,0,0.04297004704320839,0.20099497634492514
imagenet_r,m5_hybrid_replay,F1,0,0.04500557675700498,0.20553089791737794
imagenet_r,m5_hybrid_replay,F1,0,0.047137531341167244,0.20938399258645077
imagenet_r,m5_hybrid_replay,F1,0,0.049370478528390035,0.21411500755986929
imagenet_r,m5_hybrid_replay,F1,0,0.05170920242896761,0.21889479588352925
imagenet_r,m5_hybrid_replay,F1,0,0.054158713780794704,0.22484514461298347
imagenet_r,m5_hybrid_replay,F1,0,0.05672426068491978,0.23060039994147197
imagenet_r,m5_hybrid_replay,F1,0,0.05941133984965034,0.23591669511778765
imagenet_r,m5_hybrid_replay,F1,0,0.06222570836730231,0.24235477734965616
imagenet_r,m5_hybrid_replay,F1,0,0.06517339604882427,0.24806125932790324
imagenet_r,m5_hybrid_replay,F1,0,0.06826071834272386,0.25381651465639177
imagenet_r,m5_hybrid_replay,F1,0,0.07149428986597577,0.2603521435887431
imagenet_r,m5_hybrid_replay,F1,0,0.07488103857590023,0.2648392918109545
imagenet_r,m5_hybrid_replay,F1,0,0.07842822061337681,0.27157001414427157
imagenet_r,m5_hybrid_replay,F1,0,0.0821434358491943,0.2780080963761401
imagenet_r,m5_hybrid_replay,F1,0,0.086034644166845,0.28381212505487
imagenet_r,m5_hybrid_replay,F1,0,0.09011018251665019,0.2918109544944642
imagenet_r,m5_hybrid_replay,F1,0,0.09437878277775381,0.2984929034775399
imagenet_r,m5_hybrid_replay,F1,0,0.09884959046625587,0.3068331463688241
imagenet_r,m5_hybrid_replay,F1,0,0.10353218432956626,0.314344242306004
imagenet_r,m5_hybrid_replay,F1,0,0.1084365968689611,0.3226844851972882
imagenet_r,m5_hybrid_replay,F1,0,0.11357333583431052,0.32990294103301954
imagenet_r,m5_hybrid_replay,F1,0,0.11895340673703195,0.3374140369701995
imagenet_r,m5_hybrid_replay,F1,0,0.12458833642950082,0.34585182656196656
imagenet_r,m5_hybrid_replay,F1,0,0.1304901978014403,0.3548261230063893
imagenet_r,m5_hybrid_replay,F1,0,0.13667163564620075,0.3638491928010535
imagenet_r,m5_hybrid_replay,F1,0,0.14314589375234785,0.3715066087889577
imagenet_r,m5_hybrid_replay,F1,0,0.14992684327860456,0.3818465590401405
imagenet_r,m5_hybrid_replay,F1,0,0.15702901247293774,0.39282056284446176
imagenet_r,m5_hybrid_replay,F1,0,0.16446761779946645,0.4036482465980588
imagenet_r,m5_hybrid_replay,F1,0,0.17225859653987874,0.4152563039555187
imagenet_r,m5_hybrid_replay,F1,0,0.18041864093920718,0.4249134273033215
imagenet_r,m5_hybrid_replay,F1,0,0.18896523396912096,0.4355947910061942
imagenet_r,m5_hybrid_replay,F1,0,0.19791668678535573,0.4464712481100327
imagenet_r,m5_hybrid_replay,F1,0,0.2072921779595372,0.4586645856703897
imagenet_r,m5_hybrid_replay,F1,0,0.21711179456945054,0.47110178998195384
imagenet_r,m5_hybrid_replay,F1,0,0.22739657523579276,0.4833439008925523
imagenet_r,m5_hybrid_replay,F1,0,0.23816855519761582,0.49734185241184214
imagenet_r,m5_hybrid_replay,F1,0,0.24945081352303167,0.5137784714432034
imagenet_r,m5_hybrid_replay,F1,0,0.2612675225563329,0.5257767156025948
imagenet_r,m5_hybrid_replay,F1,0,0.27364399970746717,0.5424084280349217
imagenet_r,m5_hybrid_replay,F1,0,0.286606761694825,0.5566014729551773
imagenet_r,m5_hybrid_replay,F1,0,0.3001835813575589,0.5715748914792957
imagenet_r,m5_hybrid_replay,F1,0,0.31440354715915003,0.5857191630493098
imagenet_r,m5_hybrid_replay,F1,0,0.3292971255097151,0.5996683412183583
imagenet_r,m5_hybrid_replay,F1,0,0.34489622604057596,0.6173730673559967
imagenet_r,m5_hybrid_replay,F1,0,0.36123426997094304,0.6331756328342194
imagenet_r,m5_hybrid_replay,F1,0,0.3783462617131929,0.6484416914597864
imagenet_r,m5_hybrid_replay,F1,0,0.3962688638701478,0.6643418036384919
imagenet_r,m5_hybrid_replay,F1,0,0.41504047578504766,0.6830219967809589
imagenet_r,m5_hybrid_replay,F1,0,0.43470131581250265,0.7006779495683558
imagenet_r,m5_hybrid_replay,F1,0,0.4552935074866948,0.7193093693605814
imagenet_r,m5_hybrid_replay,F1,0,0.47686116977144694,0.7409647368677754
imagenet_r,m5_hybrid_replay,F1,0,0.499450511585514,0.7594010632590352
imagenet_r,m5_hybrid_replay,F1,0,0.5231099308056264,0.7768619226454665
imagenet_r,m5_hybrid_replay,F1,0,0.5478901179593945,0.7973955030971077
imagenet_r,m5_hybrid_replay,F1,0,0.5738441648302393,0.8176364434473004
imagenet_r,m5_hybrid_replay,F1,0,0.6010276782070382,0.8369506901429059
imagenet_r,m5_hybrid_replay,F1,0,0.6294988990221888,0.8572891771935814
imagenet_r,m5_hybrid_replay,F1,0,0.6593188271333549,0.8764083304882212
imagenet_r,m5_hybrid_replay,F1,0,0.6905513520162331,0.8964054040872067
imagenet_r,m5_hybrid_replay,F1,0,0.7232633896483533,0.9168902111886066
imagenet_r,m5_hybrid_replay,F1,0,0.7575250258771913,0.9343998439252792
imagenet_r,m5_hybrid_replay,F1,0,0.7934096665797492,0.950787689606399
imagenet_r,m5_hybrid_replay,F1,0,0.8309941949353395,0.9670779885870361
imagenet_r,m5_hybrid_replay,F1,0,0.8703591361485166,0.9819050870604302
imagenet_r,m5_hybrid_replay,F1,0,0.9115888299750827,0.9920987172608886
imagenet_r,m5_hybrid_replay,F1,0,0.9547716114208056,0.9977564258888943
imagenet_r,m5_hybrid_replay,F1,0,1.0,1.0
imagenet_r,m8_analytic,F5,0,0.0,1.0
imagenet_r,m8_analytic,F5,0,0.0001,1.0
imagenet_r,m8_analytic,F5,0,0.00010473708979594497,1.0
imagenet_r,m8_analytic,F5,0,0.00010969857978923841,1.0
imagenet_r,m8_analytic,F5,0,0.00011489510001873086,1.0
imagenet_r,m8_analytic,F5,0,0.00012033778407775893,1.0
imagenet_r,m8_analytic,F5,0,0.00012603829296797275,1.0
imagenet_r,m8_analytic,F5,0,0.0001320088400831418,1.0
imagenet_r,m8_analytic,F5,0,0.00013826221737646565,1.0
imagenet_r,m8_analytic,F5,0,0.0001448118227674533,1.0
imagenet_r,m8_analytic,F5,0,0.00015167168884709225,1.0
imagenet_r,m8_analytic,F5,0,0.00015885651294280528,1.0
imagenet_r,m8_analytic,F5,0,0.0001663816886076129,1.0
imagenet_r,m8_analytic,F5,0,0.00017426333860096508,1.0
imagenet_r,m8_analytic,F5,0,0.00018251834943190426,1.0
imagenet_r,m8_analytic,F5,0,0.00019116440753857018,1.0
imagenet_r,m8_analytic,F5,0,0.00020022003718155845,1.0
imagenet_r,m8_analytic,F5,0,0.00020970464013232327,1.0
imagenet_r,m8_analytic,F5,0,0.0002196385372416547,1.0
imagenet_r,m8_analytic,F5,0,0.0002300430119772917,1.0
imagenet_r,m8_analytic,F5,0,0.00024094035602395243,1.0
imagenet_r,m8_analytic,F5,0,0.0002523539170434766,1.0
imagenet_r,m8_analytic,F5,0,0.00026430814869741055,1.0
imagenet_r,m8_analytic,F5,0,0.00027682866303920667,1.0
imagenet_r,m8_analytic,F5,0,0.0002899422853882875,1.0
imagenet_r,m8_analytic,F5,0,0.0003036771118035457,1.0
imagenet_r,m8_analytic,F5,0,0.0003180625692794119,1.0
imagenet_r,m8_analytic,F5,0,0.00033312947879346737,1.0
imagenet_r,m8_analytic,F5,0,0.0003489101213406774,1.0
imagenet_r,m8_analytic,F5,0,0.00036543830709572547,1.0
imagenet_r,m8_analytic,F5,0,0.0003827494478516311,1.0
imagenet_r,m8_analytic,F5,0,0.0004008806328898465,1.0
imagenet_r,m8_analytic,F5,0,0.000419870708444391,1.0
imagenet_r,m8_analytic,F5,0,0.00043976036093027214,1.0
imagenet_r,m8_analytic,F5,0,0.00046059220411451035,1.0
imagenet_r,m8_analytic,F5,0,0.00048241087041653687,1.0
imagenet_r,m8_analytic,F5,0,0.0005052631065335679,1.0
imagenet_r,m8_analytic,F5,0,0.0005291978735958442,1.0
imagenet_r,m8_analytic,F5,0,0.0005542664520663107,1.0
imagenet_r,m8_analytic,F5,0,0.0005805225516094895,1.0
imagenet_r,m8_analytic,F5,0,0.0006080224261649427,1.0
imagenet_r,m8_analytic,F5,0,0.0006368249944718586,1.0
imagenet_r,m8_analytic,F5,0,0.0006669919663030121,1.0
imagenet_r,m8_analytic,F5,0,0.0006985879746785249,1.0
imagenet_r,m8_analytic,F5,0,0.0007316807143427193,1.0
imagenet_r,m8_analytic,F5,0,0.0007663410868007462,1.0
imagenet_r,m8_analytic,F5,0,0.0008026433522257174,1.0
imagenet_r,m8_analytic,F5,0,0.0008406652885618325,1.0
imagenet_r,m8_analytic,F5,0,0.0008804883581643465,1.0
imagenet_r,m8_analytic,F5,0,0.0009221978823334322,1.0
imagenet_r,m8_analytic,F5,0,0.0009658832241158709,1.0
imagenet_r,m8_analytic,F5,0,0.001011637979766207,1.0
imagenet_r,m8_analytic,F5,0,0.001059560179277616,1.0
imagenet_r,m8_analytic,F5,0,0.0011097524964120721,1.0
imagenet_r,m8_analytic,F5,0,0.0011623224686798518,1.0
imagenet_r,m8_analytic,F5,0,0.001217382727739662,1.0
imagenet_r,m8_analytic,F5,0,0.0012750512407130128,1.0
imagenet_r,m8_analytic,F5,0,0.0013354515629298987,1.0
imagenet_r,m8_analytic,F5,0,0.0013987131026472386,1.0
imagenet_r,m8_analytic,F5,0,0.0014649713983072847,1.0
imagenet_r,m8_analytic,F5,0,0.0015343684089300133,1.0
imagenet_r,m8_analytic,F5,0,0.0016070528182616384,1.0
imagenet_r,m8_analytic,F5,0,0.0016831803533309566,1.0
imagenet_r,m8_analytic,F5,0,0.001762914118095948,1.0
imagenet_r,m8_analytic,F5,0,0.0018464249428955426,1.0
imagenet_r,m8_analytic,F5,0,0.0019338917504552321,1.0
imagenet_r,m8_analytic,F5,0,0.0020255019392306666,1.0
imagenet_r,m8_analytic,F5,0,0.00212145178491063,1.0
imagenet_r,m8_analytic,F5,0,0.002221946860939524,1.0
imagenet_r,m8_analytic,F5,0,0.0023272024789604074,1.0
imagenet_r,m8_analytic,F5,0,0.002437444150122222,1.0
imagenet_r,m8_analytic,F5,0,0.0025529080682395165,1.0
imagenet_r,m8_analytic,F5,0,0.0026738416158399465,1.0
imagenet_r,m8_analytic,F5,0,0.002800503894183631,1.0
imagenet_r,m8_analytic,F5,0,0.0029331662783900424,1.0
imagenet_r,m8_analytic,F5,0,0.003072112998861759,1.0
imagenet_r,m8_analytic,F5,0,0.0032176417502507355,1.0
imagenet_r,m8_analytic,F5,0,0.003370064329271928,1.0
imagenet_r,m8_analytic,F5,0,0.00352970730273065,1.0
imagenet_r,m8_analytic,F5,0,0.0036969127071950283,1.0
imagenet_r,m8_analytic,F5,0,0.003872038781812557,1.0
imagenet_r,m8_analytic,F5,0,0.004055460735840828,1.0
imagenet_r,m8_analytic,F5,0,0.0042475715525368985,1.0
imagenet_r,m8_analytic,F5,0,0.004448782831127585,1.0
imagenet_r,m8_analytic,F5,0,0.004659525668664682,1.0
imagenet_r,m8_analytic,F5,0,0.004880251583654433,1.0
imagenet_r,m8_analytic,F5,0,0.005111433483440166,1.0
imagenet_r,m8_analytic,F5,0,0.0053535666774107244,1.0
imagenet_r,m8_analytic,F5,0,0.005607169938205458,1.0
imagenet_r,m8_analytic,F5,0,0.005872786613189483,1.0
imagenet_r,m8_analytic,F5,0,0.006150985788580504,1.0
imagenet_r,m8_analytic,F5,0,0.00644236350872137,1.0
imagenet_r,m8_analytic,F5,0,0.006747544053110693,1.0
imagenet_r,m8_analytic,F5,0,0.0070671812739274914,1.0
imagenet_r,m8_analytic,F5,0,0.007401959996915644,1.0
imagenet_r,m8_analytic,F5,0,0.007752597488629464,1.0
imagenet_r,m8_analytic,F5,0,0.008119844993184008,1.0
imagenet_r,m8_analytic,F5,0,0.008504489341802677,1.0
imagenet_r,m8_analytic,F5,0,0.00890735463861044,1.0
imagenet_r,m8_analytic,F5,0,0.009329304026284686,1.0
imagenet_r,m8_analytic,F5,0,0.009771241535346501,1.0
imagenet_r,m8_analytic,F5,0,0.010234114021054527,1.0
imagenet_r,m8_analytic,F5,0,0.010718913192051276,1.0
imagenet_r,m8_analytic,F5,0,0.011226677735108135,1.0
imagenet_r,m8_analytic,F5,0,0.01175849554052157,1.0
imagenet_r,m8_analytic,F5,0,0.012315506032928261,1.0
imagenet_r,m8_analytic,F5,0,0.01289890261253308,1.0
imagenet_r,m8_analytic,F5,0,0.013509935211980266,1.0
imagenet_r,m8_analytic,F5,0,0.01414991297434576,1.0
imagenet_r,m8_analytic,F5,0,0.014820207057988586,1.0
imagenet_r,m8_analytic,F5,0,0.01552225357427048,1.0
imagenet_r,m8_analytic,F5,0,0.016257556664437952,1.0
imagenet_r,m8_analytic,F5,0,0.017027691722258997,1.0
imagenet_r,m8_analytic,F5,0,0.017834308769319095,1.0
imagenet_r,m8_analytic,F5,0,0.01867913599020783,1.0
imagenet_r,m8_analytic,F5,0,0.01956398343517065,1.0
imagenet_r,m8_analytic,F5,0,0.020490746898158482,1.0
imagenet_r,m8_analytic,F5,0,0.021461411978584036,1.0
imagenet_r,m8_analytic,F5,0,0.02247805833548725,1.0
imagenet_r,m8_analytic,F5,0,0.02354286414322418,1.0
imagenet_r,m8_analytic,F5,0,0.024658110758226038,1.0
imagenet_r,m8_analytic,F5,0,0.025826187606826773,1.0
imagenet_r,m8_analytic,F5,0,0.027049597304631343,1.0
imagenet_r,m8_analytic,F5,0,0.02833096101839324,1.0
imagenet_r,m8_analytic,F5,0,0.029673024081888696,1.0
imagenet_r,m8_analytic,F5,0,0.03107866187782014,1.0
imagenet_r,m8_analytic,F5,0,0.0325508859983506,1.0
imagenet_r,m8_analytic,F5,0,0.03409285069746811,1.0
imagenet_r,m8_analytic,F5,0,0.03570785964900463,1.0
imagenet_r,m8_analytic,F5,0,0.03739937302478798,1.0
imagenet_r,m8_analytic,F5,0,0.039171014908092605,1.0
imagenet_r,m8_analytic,F5,0,0.04102658105827194,1.0
imagenet_r,m8_analytic,F5,0,0.04297004704320839,1.0
imagenet_r,m8_analytic,F5,0,0.04500557675700498,1.0
imagenet_r,m8_analytic,F5,0,0.047137531341167244,1.0
imagenet_r,m8_analytic,F5,0,0.049370478528390035,1.0
imagenet_r,m8_analytic,F5,0,0.05170920242896761,1.0
imagenet_r,m8_analytic,F5,0,0.054158713780794704,1.0
imagenet_r,m8_analytic,F5,0,0.05672426068491978,1.0
imagenet_r,m8_analytic,F5,0,0.05941133984965034,1.0
imagenet_r,m8_analytic,F5,0,0.06222570836730231,1.0
imagenet_r,m8_analytic,F5,0,0.06517339604882427,1.0
imagenet_r,m8_analytic,F5,0,0.06826071834272386,1.0
imagenet_r,m8_analytic,F5,0,0.07149428986597577,1.0
imagenet_r,m8_analytic,F5,0,0.07488103857590023,1.0
imagenet_r,m8_analytic,F5,0,0.07842822061337681,1.0
imagenet_r,m8_analytic,F5,0,0.0821434358491943,1.0
imagenet_r,m8_analytic,F5,0,0.086034644166845,1.0
imagenet_r,m8_analytic,F5,0,0.09011018251665019,1.0
imagenet_r,m8_analytic,F5,0,0.09437878277775381,1.0
imagenet_r,m8_analytic,F5,0,0.09884959046625587,1.0
imagenet_r,m8_analytic,F5,0,0.10353218432956626,1.0
imagenet_r,m8_analytic,F5,0,0.1084365968689611,1.0
imagenet_r,m8_analytic,F5,0,0.11357333583431052,1.0
imagenet_r,m8_analytic,F5,0,0.11895340673703195,1.0
imagenet_r,m8_analytic,F5,0,0.12458833642950082,1.0
imagenet_r,m8_analytic,F5,0,0.1304901978014403,1.0
imagenet_r,m8_analytic,F5,0,0.13667163564620075,1.0
imagenet_r,m8_analytic,F5,0,0.14314589375234785,1.0
imagenet_r,m8_analytic,F5,0,0.14992684327860456,1.0
imagenet_r,m8_analytic,F5,0,0.15702901247293774,1.0
imagenet_r,m8_analytic,F5,0,0.16446761779946645,1.0
imagenet_r,m8_analytic,F5,0,0.17225859653987874,1.0
imagenet_r,m8_analytic,F5,0,0.18041864093920718,1.0
imagenet_r,m8_analytic,F5,0,0.18896523396912096,1.0
imagenet_r,m8_analytic,F5,0,0.19791668678535573,1.0
imagenet_r,m8_analytic,F5,0,0.2072921779595372,1.0
imagenet_r,m8_analytic,F5,0,0.21711179456945054,1.0
imagenet_r,m8_analytic,F5,0,0.22739657523579276,1.0
imagenet_r,m8_analytic,F5,0,0.23816855519761582,1.0
imagenet_r,m8_analytic,F5,0,0.24945081352303167,1.0
imagenet_r,m8_analytic,F5,0,0.2612675225563329,1.0
imagenet_r,m8_analytic,F5,0,0.27364399970746717,1.0
imagenet_r,m8_analytic,F5,0,0.286606761694825,1.0
imagenet_r,m8_analytic,F5,0,0.3001835813575589,1.0
imagenet_r,m8_analytic,F5,0,0.31440354715915003,1.0
imagenet_r,m8_analytic,F5,0,0.3292971255097151,1.0
imagenet_r,m8_analytic,F5,0,0.34489622604057596,1.0
imagenet_r,m8_analytic,F5,0,0.36123426997094304,1.0
imagenet_r,m8_analytic,F5,0,0.3783462617131929,1.0
imagenet_r,m8_analytic,F5,0,0.3962688638701478,1.0
imagenet_r,m8_analytic,F5,0,0.41504047578504766,1.0
imagenet_r,m8_analytic,F5,0,0.43470131581250265,1.0
imagenet_r,m8_analytic,F5,0,0.4552935074866948,1.0
imagenet_r,m8_analytic,F5,0,0.47686116977144694,1.0
imagenet_r,m8_analytic,F5,0,0.499450511585514,1.0
imagenet_r,m8_analytic,F5,0,0.5231099308056264,1.0
imagenet_r,m8_analytic,F5,0,0.5478901179593945,1.0
imagenet_r,m8_analytic,F5,0,0.5738441648302393,1.0
imagenet_r,m8_analytic,F5,0,0.6010276782070382,1.0
imagenet_r,m8_analytic,F5,0,0.6294988990221888,1.0
imagenet_r,m8_analytic,F5,0,0.6593188271333549,1.0
imagenet_r,m8_analytic,F5,0,0.6905513520162331,1.0
imagenet_r,m8_analytic,F5,0,0.7232633896483533,1.0
imagenet_r,m8_analytic,F5,0,0.7575250258771913,1.0
imagenet_r,m8_analytic,F5,0,0.7934096665797492,1.0
imagenet_r,m8_analytic,F5,0,0.8309941949353395,1.0
imagenet_r,m8_analytic,F5,0,0.8703591361485166,1.0
imagenet_r,m8_analytic,F5,0,0.9115888299750827,1.0
imagenet_r,m8_analytic,F5,0,0.9547716114208056,1.0
imagenet_r,m8_analytic,F5,0,1.0,1.0
