n_clients,client,class,task,round,increment,best_match_cosine,baseline_best_match_cosine,attribution_premium,l2_err_with_counts,l2_err_without_counts
2,0,0,5,5,283,0.8890116231696359,0.8788351803461143,0.010176442823521592,0.0003961916994417666,19243.01308451608
2,0,1,9,9,3,0.880858071916111,0.759811348178121,0.12104672373798997,6.256326455451196e-06,156.558591606553
2,0,2,6,6,14,0.8397456427076904,0.7764215951697006,0.06332404753798981,2.4549684128488887e-05,754.5915475632329
2,0,3,4,4,229,0.8286097807767147,0.8189020878970363,0.00970769287967832,0.0003195450432983345,14142.057595882865
2,0,4,8,8,374,0.8497617702444712,0.8294084501630469,0.02035332008142432,0.00040738772723446855,22978.36965783222
2,0,5,9,9,387,0.8435213291210989,0.8065224168098807,0.03699891231121821,0.0005484258688615972,22197.40326591087
2,0,6,7,7,52,0.8521484316349464,0.8487926637441902,0.0033557678907562005,0.00010401271827812832,3568.8151767458016
2,0,7,6,6,157,0.8237142079106378,0.8218383969901893,0.0018758109204484175,0.0003179740140328508,10148.746106549414
2,0,8,4,4,63,0.8474099655904949,0.8281997966545275,0.019210168935967387,6.835351668389467e-05,3247.2534690006146
2,0,9,7,7,138,0.8581879586675051,0.8253025518498165,0.03288540681768859,0.0002464257721247938,8324.92722675292
2,0,10,1,1,217,0.8197780667368356,0.7739432260734324,0.045834840663403265,0.00024596854779951793,11200.022549438285
2,0,11,0,0,299,0.7878958840758096,0.7908800109594069,-0.0029841268835972823,0.0003515789713476644,15391.16600676312
2,0,12,0,0,30,0.792181615192676,0.8158037032191414,-0.02362208802646537,4.398494444597814e-05,1559.5775739505345
2,0,13,2,2,188,0.8370443969366937,0.8192429904138246,0.0178014065228691,0.0002535127926855975,10294.268792858717
2,0,14,3,3,370,0.8372157812678962,0.8062904104889875,0.030925370778908667,0.0005659471232178481,22264.249437813753
2,0,15,4,4,306,0.8816817175917242,0.8429627977682284,0.038718919823495845,0.0005554939603424762,19301.690364370905
2,0,16,6,6,211,0.7944454975979646,0.787232882515855,0.007212615082109575,0.00030433327113154354,11489.749075928194
2,0,17,7,7,347,0.8528082959162365,0.8069751689397442,0.04583312697649233,0.0005051980911042497,19304.63300552492
2,0,18,2,2,223,0.8860480131881263,0.8354208304218385,0.05062718276628786,0.00021203292862007636,13618.906490287296
2,0,19,5,5,3,0.8616230047781791,0.7451006267337689,0.11652237804441024,6.260577267469256e-06,151.97489969720002
2,0,20,1,1,202,0.8505053867428051,0.8632998813533774,-0.01279449461057236,0.0003135454009674079,12587.723600016923
2,0,21,8,8,122,0.8923917849455799,0.8942272307279687,-0.0018354457823888115,0.00021362295280670429,7789.919216123377
2,0,22,4,4,264,0.7904599311410923,0.7629703240331547,0.027489607107937575,0.0003523723733855085,14021.845154900368
2,0,23,3,3,397,0.8774454097637013,0.8430418101931525,0.03440359957054884,0.0004844183970807642,19900.30624009937
2,0,24,5,5,367,0.9041597505078588,0.8768511362655426,0.02730861424231623,0.0008177405638004052,27360.35363472428
2,0,25,7,7,399,0.8323655461790472,0.6406880684524,0.19167747772664723,0.0005584854917179108,22322.49449231381
2,0,26,4,4,384,0.8357539787903931,0.8058214730260626,0.029932505764330597,0.00044559739195380095,22062.380694450247
2,0,27,8,8,25,0.8239198544977513,0.8004019511118157,0.023517903385935623,2.613647828040809e-05,1387.5499031623472
2,0,28,0,0,1,0.9999999537078582,0.5193804697804758,0.4806194839273824,0.0,0.0
2,0,29,2,2,399,0.8182607813668954,0.4573054679102123,0.3609553134566831,0.0005507670275206228,22014.693692895646
2,0,30,0,0,395,0.8926074541780458,0.8826529252319067,0.009954528946139019,0.0007394973328398556,26654.014915095515
2,0,31,1,1,141,0.8778939882411776,0.875277424829632,0.0026165634115455916,0.0002126681274796444,8530.927537280013
2,0,32,3,3,367,0.8424898578892985,0.8040925804862943,0.03839727740300425,0.0004895921784504818,20672.500723056888
2,0,33,1,1,96,0.8444938782627753,0.8329572591503447,0.011536619112430646,0.00012171288401095137,4682.6449312858485
2,0,34,9,9,193,0.8697735298135661,0.8613449787737418,0.008428551039824317,0.00024191240002625458,11874.727268817589
2,0,35,4,4,239,0.8221936734932848,0.8080123278096362,0.014181345683648594,0.0002764648343252471,13150.423680024775
2,0,36,9,9,309,0.8854419825560357,0.8833046226405223,0.002137359915513337,0.0005157116893152707,19862.1465828285
2,0,37,7,7,377,0.8377107590522358,0.8131570241885425,0.024553734863693277,0.0004231878587569945,19152.867799153064
2,0,38,8,8,239,0.874380662438271,0.8764882466917453,-0.0021075842534743483,0.00033484980971881085,15110.099946054044
2,0,39,7,7,226,0.8926067275546902,0.8999982759114783,-0.007391548356788125,0.00034549500205382626,13752.161637301586
2,0,40,5,5,376,0.7969421592620949,0.7266521245010812,0.0702900347610137,0.0005791700949409841,18968.34875913958
2,0,41,9,9,159,0.8832443428953722,0.8884307525134983,-0.005186409618126109,0.00028079828540392957,9583.355420916107
2,0,42,4,4,180,0.8384721887190313,0.8244580874930025,0.014014101226028752,0.0003857686338465311,10740.430004143876
2,0,43,3,3,389,0.894456065022903,0.8565041551709438,0.037951909851959176,0.0006739106963945886,25865.212667685762
2,0,44,0,0,391,0.82286094897503,0.7574210551168719,0.06543989385815818,0.00041377506351959455,21896.675335409906
2,0,45,5,5,299,0.8028439786512991,0.7889401488969863,0.013903829754312813,0.00031003626985005655,15463.73331209565
2,0,46,6,6,78,0.7713937825932802,0.774043077280876,-0.0026492946875957823,0.00013020611288244748,4380.7069121818095
2,0,47,8,8,83,0.8257133627366194,0.8256596888912008,5.367384541865583e-05,0.00013090925712802708,4460.449492414067
2,0,48,1,1,25,0.8139795155617562,0.7957648640588726,0.018214651502883594,3.686972361938195e-05,1383.1745665627907
2,0,49,5,5,94,0.8905621949553155,0.8897801084934326,0.000782086461882936,0.00014409881585672005,5688.102610605721
2,0,50,1,1,46,0.837880022769506,0.8033219920346163,0.03455803073488972,8.977830378779595e-05,2848.2515437331094
2,0,51,2,2,399,0.8830017899351563,0.6236291625079089,0.2593726274272474,0.0005617191863410899,25686.43023840292
2,0,52,0,0,203,0.8985463755079943,0.8979200692687876,0.0006263062392066754,0.00028926643074409116,12215.111961133403
2,0,53,3,3,228,0.8849160974991661,0.8791078665139195,0.005808230985246632,0.0003108070210747545,15179.649421010685
2,0,54,3,3,321,0.8634019271354877,0.8613853010563922,0.0020166260790954738,0.0005288277388235758,20120.810546924626
2,0,55,8,8,38,0.810365148450508,0.7901010927551229,0.02026405569538514,5.781506285474053e-05,2093.1502284540043
2,0,56,3,3,308,0.8489910669843249,0.8141796094814596,0.034811457502865295,0.00045514191057001826,16425.61451743227
2,0,57,6,6,107,0.8542703156831154,0.8464374079982316,0.007832907684883761,0.00016587334939725974,6546.648560396654
2,0,58,8,8,37,0.8020964311793893,0.7900536111051304,0.012042820074258942,5.120686973464471e-05,1982.1961799517692
2,0,59,8,8,173,0.844773622060515,0.8552734883553332,-0.01049986629481825,0.00022977603394639545,8797.61523270342
2,0,60,6,6,336,0.8427105328471839,0.8431879958536824,-0.00047746300649853524,0.00042941702047874167,18013.628107047472
2,0,61,7,7,313,0.8213931550670073,0.7813290875272036,0.04006406753980363,0.0003749435321539971,17374.284892991454
2,0,62,7,7,83,0.8429881673938595,0.8533803295915658,-0.010392162197706334,0.00012421697288072424,4977.880003607256
2,0,63,1,1,319,0.839672606737089,0.8285470281053584,0.011125578631730582,0.0005489893390980648,19526.924871098305
2,0,64,0,0,138,0.9063563068395124,0.9057399019500205,0.0006164048894918839,0.0003079541891808511,8642.361969018266
2,0,65,5,5,146,0.8083733399950335,0.7982137189487147,0.010159621046318734,0.00021065265295651563,8018.10273232267
2,0,66,3,3,158,0.9086762663557186,0.8890871761342057,0.019589090221512895,0.0002254812268649319,9828.99588002346
2,0,67,6,6,131,0.8613473643105456,0.8166222848324367,0.04472507947810889,0.00017078412444652776,8005.639025216258
2,0,68,3,3,246,0.8747699305339789,0.86852932030844,0.006240610225538901,0.0003464422361233496,14451.763990563059
2,0,69,4,4,361,0.875694635484607,0.8278745010225175,0.04782013446208955,0.00044818582807690683,20848.63817397724
2,0,70,9,9,177,0.8550101442977708,0.8458918032428043,0.00911834105496645,0.0002952945148668824,10169.104025354636
2,0,71,3,3,59,0.8300250383100144,0.8593006305082384,-0.029275592198223954,7.993531903693459e-05,3209.0149758988664
2,0,72,2,2,254,0.8546623594219603,0.8367597415133265,0.01790261790863379,0.00034493246183381717,15255.575091359411
2,0,73,1,1,396,0.8769026790585644,0.7061460580112391,0.17075662104732536,0.000670628532229088,25528.027495080183
2,0,74,6,6,261,0.8797458397852819,0.8534857829052429,0.026260056880038962,0.0005320122972501528,16746.83535010374
2,0,75,4,4,337,0.900360838481427,0.9212295247855333,-0.02086868630410632,0.0005121896367737824,22427.504197053466
2,0,76,7,7,177,0.8766280910391778,0.8370314106017611,0.03959668043741671,0.000293200858866291,9995.86345996256
2,0,77,8,8,2,0.8267185625938573,0.5702161604566587,0.25650240213719866,0.0,68.15032441550373
2,0,78,2,2,19,0.8173137406106564,0.7941974013603273,0.023116339250329077,3.180518331768908e-05,1119.1080305315108
2,0,79,5,5,116,0.8478204806134361,0.85447723824726,-0.006656757633823895,0.00018822857837514848,6656.050564533256
2,0,80,0,0,292,0.8787964022026152,0.8544688773028064,0.024327524899808828,0.0003725435779733222,16929.709508314074
2,0,81,6,6,67,0.82327536566606,0.8187437910514151,0.004531574614644818,9.385015507084485e-05,3585.2951672898107
2,0,82,0,0,7,0.8807398409589346,0.8374746881888554,0.04326515277007925,1.1065181755021537e-05,402.4671215928593
2,0,83,4,4,14,0.8168404742482346,0.832256096109327,-0.015415621861092466,1.751598801716442e-05,813.4662749728138
2,0,84,0,0,29,0.7715255439331258,0.743424718862594,0.0281008250705318,3.886572812781521e-05,1448.449159735438
2,0,86,6,6,359,0.8809627271491387,0.8518840067891109,0.029078720360027788,0.0006223825279109541,23319.14839435807
2,0,87,1,1,197,0.8263895901633493,0.8292572200378688,-0.002867629874519495,0.0002543783244107776,11533.502115814063
2,0,89,9,9,12,0.8151777410529583,0.7872348600915757,0.027942880961382532,1.6843376921903602e-05,633.3177341727517
2,0,90,2,2,307,0.8206547205851229,0.8132428840682954,0.00741183651682753,0.00037722295743354176,16100.889406487117
2,0,91,8,8,271,0.8447192214514003,0.8433106883344941,0.001408533116906252,0.00042142960391184975,17039.557602029967
2,0,92,1,1,355,0.842545149657644,0.8139055912045716,0.028639558453072422,0.00046299454556381395,20889.090808674016
2,0,93,2,2,6,0.8178054281154633,0.7445438999463762,0.07326152816908715,7.769677679377673e-06,328.3002805526796
2,0,94,9,9,254,0.8593224670305251,0.8180247142223119,0.04129775280821313,0.0003387844529783913,14567.129755796506
2,0,95,2,2,159,0.8729651687460654,0.8769038460277829,-0.003938677281717484,0.0002548610522424931,10323.500316745396
2,0,97,2,2,392,0.903238097914907,0.8399004065045738,0.06333769141033319,0.0005922158825662237,26291.917468938773
2,0,98,5,5,208,0.8099306956537927,0.8314043935145025,-0.02147369786070974,0.0003133601058381667,11804.728534092364
2,0,99,9,9,80,0.837239420168766,0.8354896029271442,0.0017498172416217095,0.00011723500035441883,4532.28637546614
2,1,0,5,5,117,0.8817750182464753,0.8889253814306344,-0.00715036318415907,0.00020340320732376905,7827.820690274698
2,1,1,9,9,397,0.8493848796187221,0.7822968871430043,0.06708799247571784,0.000630233073253708,25144.77095864076
2,1,2,6,6,386,0.8420044257600462,0.8168098518880182,0.025194573872027948,0.0006090892977283059,21370.416224750094
2,1,3,4,4,171,0.8199631094450159,0.8173181684346085,0.0026449410104074644,0.0001886996756649812,10326.607514503341
2,1,4,8,8,26,0.8253060742256974,0.7806992872982272,0.04460678692747011,3.67598422634217e-05,1503.4080865021929
2,1,5,9,9,13,0.8361937519613168,0.8248896039021288,0.011304148059188002,2.000215919610086e-05,709.4094063192675
2,1,6,7,7,348,0.8643938646468737,0.8568436183132081,0.007550246333665633,0.0007832407133597013,23748.211039622787
2,1,7,6,6,243,0.8314828422609436,0.8303924136889509,0.0010904285719927076,0.00039463337881175933,15682.268291847025
2,1,8,4,4,337,0.847703865822225,0.8230983073528784,0.024605558469346644,0.0004047560269023738,17317.244020482016
2,1,9,7,7,262,0.8331090970363444,0.8441223945537806,-0.011013297517436182,0.0003416385602560664,16193.903002199118
2,1,10,1,1,183,0.7831969946354854,0.8252151949491703,-0.04201820031368486,0.00023819938587167077,9533.43152865858
2,1,11,0,0,101,0.804821631790345,0.7515693558912636,0.053252275899081436,0.00012797582593137723,5447.05517601862
2,1,12,0,0,370,0.8451758771156943,0.7783824055905663,0.06679347152512805,0.0004940375267611496,19435.450315611
2,1,13,2,2,212,0.8148892087005242,0.8178720948340281,-0.002982886133503948,0.0003091341447839731,11504.092948422758
2,1,14,3,3,30,0.8203490188859712,0.8297122513288359,-0.009363232442864633,4.486217113535034e-05,1878.93077444036
2,1,15,4,4,94,0.8418960837364637,0.8631149504782997,-0.02121886674183593,0.00015446201537249504,5632.81405966729
2,1,16,6,6,189,0.7921378276559238,0.7848044802434515,0.007333347412472269,0.00019644460978130698,10526.242345240125
2,1,17,7,7,53,0.8092811576699417,0.8441957610149938,-0.03491460334505214,7.342655932178447e-05,2940.073291323317
2,1,18,2,2,177,0.8267423323881941,0.8759845802684422,-0.04924224788024811,0.00029858583121616483,10295.737626699623
2,1,19,5,5,397,0.847516592970723,0.7596043548010798,0.08791223816964322,0.0006690511132689443,24745.472989251382
2,1,20,1,1,198,0.8646960963743215,0.8590327023362966,0.00566339403802496,0.0002829900727039144,12304.756264320475
2,1,21,8,8,278,0.896169632406056,0.8907594071852478,0.00541022522080814,0.0004927399818131872,17917.970544096162
2,1,22,4,4,136,0.7640375706243369,0.7733646722788587,-0.009327101654521885,0.0001654877605713349,7192.483966361507
2,1,23,3,3,3,0.8443324747883564,0.7836455417485184,0.060686933039837965,4.441139499390245e-06,131.76680006179748
2,1,24,5,5,33,0.875741402638915,0.8876230462491356,-0.011881643610220594,4.663615293128204e-05,2374.924274869136
2,1,25,7,7,1,0.9999999509108138,0.34202928259398796,0.6579706683168258,0.0,0.0
2,1,26,4,4,16,0.8039460094764258,0.8148902374203445,-0.010944227943918694,0.0,1002.0598081227189
2,1,27,8,8,375,0.8444926906744035,0.8165843845516982,0.02790830612270523,0.0006512945789084781,22769.406103880432
2,1,28,0,0,399,0.8363285979669226,0.7031981919233169,0.1331304060436057,0.00050929613768231,23493.38870514685
2,1,29,2,2,1,0.9999999671760136,0.2682557203730351,0.7317442468029784,0.0,0.0
2,1,30,0,0,5,0.9252947901797006,0.7974154382656409,0.12787935191405975,1.1987464749933405e-05,329.60248572058015
2,1,31,1,1,259,0.8850228562746932,0.8884670118781733,-0.0034441556034801035,0.0004974771272919786,15702.9612945385
2,1,32,3,3,33,0.8118912201456037,0.802379928884979,0.009511291260624666,4.8735055282420474e-05,1779.0703554527204
2,1,33,1,1,304,0.8371296247399639,0.8139254592797758,0.02320416546018811,0.00043968041711448175,14613.739141356116
2,1,34,9,9,207,0.8690844394919339,0.8729996269540864,-0.00391518746215247,0.00037609218542582033,13099.893479741997
2,1,35,4,4,161,0.8101036433633597,0.8065953707556184,0.003508272607741336,0.00033118468959943495,8906.781888161608
2,1,36,9,9,91,0.8736417274574914,0.8572048534933682,0.01643687396412319,0.00015507525549457094,5667.190541465571
2,1,37,7,7,23,0.8138411897211865,0.8134805592937085,0.00036063042747791485,2.790579391261786e-05,1112.9866275941513
2,1,38,8,8,161,0.8852218763637406,0.8794765853200773,0.005745291043663281,0.00027415531957256486,10185.06903072792
2,1,39,7,7,174,0.8952134787947635,0.8802182809871678,0.014995197807595728,0.00027076472435607013,10463.507867612196
2,1,40,5,5,24,0.7401561010148662,0.6904485284043049,0.049707572610561246,3.377164873632207e-05,1177.3416049804648
2,1,41,9,9,241,0.8808146321769695,0.8753667839081417,0.005447848268827826,0.0003465851437884084,14406.547592937512
2,1,42,4,4,220,0.8252834057005629,0.8231353846333332,0.0021480210672296662,0.00034548238436032686,12935.716390052818
2,1,43,3,3,11,0.8169668528240961,0.7624115201714706,0.054555332652625466,1.7059832941757797e-05,625.5786191968211
2,1,44,0,0,9,0.8097629433439313,0.6994768500489125,0.11028609329501882,1.2204227922776566e-05,477.66644424266184
2,1,45,5,5,101,0.7854099228516476,0.7712445753509753,0.01416534750067222,0.0001245359788864698,5100.528136662749
2,1,46,6,6,322,0.801750416912999,0.7783042784037291,0.02344613850926991,0.0005219135091627409,17653.8228900104
2,1,47,8,8,317,0.8683226245876324,0.831540453865298,0.03678217072233447,0.0004904441667282232,17170.664684304134
2,1,48,1,1,375,0.8462376948269698,0.7928543529154689,0.05338334191150085,0.0005155336890299295,21774.600507533567
2,1,49,5,5,306,0.8979570100554215,0.8863722564693691,0.011584753586052376,0.0005099000868680622,18262.582650126395
2,1,50,1,1,354,0.8423144561614808,0.8320079161885587,0.01030653997292208,0.0007456453030110541,22177.676421607302
2,1,51,2,2,1,0.9999999912548949,0.3541533510385118,0.6458466402163832,0.0,0.0
2,1,52,0,0,197,0.8898617704260232,0.8927021485485861,-0.002840378122562881,0.000325983953763614,11414.486139433599
2,1,53,3,3,172,0.8831737054431378,0.8720985312221063,0.011075174221031436,0.0002886635523544332,11378.60993771155
2,1,54,3,3,79,0.8627961323019291,0.8604945846618371,0.002301547640091939,0.00011375413459681988,4901.202954939402
2,1,55,8,8,362,0.8563873587902165,0.7872033231725761,0.06918403561764042,0.00045731150998379636,20287.61704272409
2,1,56,3,3,92,0.8044018821258784,0.8547137959499371,-0.05031191382405875,0.00012926911864839986,4829.051494303502
2,1,57,6,6,293,0.8563497936588833,0.861247418925131,-0.004897625266247707,0.0004297655064348219,17511.937041896792
2,1,58,8,8,363,0.795573743141643,0.7988876286148415,-0.0033138854731985523,0.00045753661775867405,19757.45777579983
2,1,59,8,8,227,0.8440283773940724,0.8341348444271718,0.009893532966900653,0.00031495717056377273,11459.362491281236
2,1,60,6,6,64,0.8577618240377634,0.8589220417800473,-0.00116021774228392,0.0,3543.453493155725
2,1,61,7,7,87,0.7872992429876345,0.8000835019054048,-0.012784258917770241,0.00010911866753207877,4751.468217340116
2,1,62,7,7,317,0.8728967433242449,0.8571326953339562,0.015764047990288743,0.0003949424699030695,19833.86979097048
2,1,63,1,1,81,0.8600208701092348,0.8299015849625093,0.03011928514672546,0.00011287488433358107,5262.020810772999
2,1,64,0,0,262,0.9039230907869144,0.898069698750264,0.005853392036650362,0.0003229444911084462,16355.532528004378
2,1,65,5,5,254,0.7973546884252889,0.7970369448690062,0.00031774355628266804,0.00028597361695190137,13804.016564003894
2,1,66,3,3,242,0.8933019259867659,0.9108397635955332,-0.01753783760876726,0.00036501606899477085,15064.468434437333
2,1,67,6,6,269,0.8475399450721589,0.8536843867505988,-0.00614444167843986,0.0003587633588680196,15820.551338250227
2,1,68,3,3,154,0.8757261778541727,0.8713667805490433,0.004359397305129464,0.0002131370762781599,8747.627928590307
2,1,69,4,4,39,0.8410617295885328,0.8506935209038152,-0.009631791315282467,5.52244505535381e-05,2252.886697634177
2,1,70,9,9,223,0.8582123254123607,0.8531809697909175,0.00503135562144319,0.00030783774228675993,12680.507724851252
2,1,71,3,3,341,0.8660295877958344,0.842527522381973,0.02350206541386135,0.000406286775345852,18925.05678280219
2,1,72,2,2,146,0.8303527790733776,0.8411882448518766,-0.010835465778499032,0.00018668214036544423,8591.862623126355
2,1,73,1,1,4,0.7982000005433525,0.7154009293454497,0.08279907119790275,0.0,206.9945939820498
2,1,74,6,6,139,0.8656617267071489,0.8663006612641142,-0.0006389345569652871,0.00022875694717356288,9066.792464961269
2,1,75,4,4,63,0.9232996424808038,0.8942902737760245,0.029009368704779215,0.00014827989272787033,4226.106820490285
2,1,76,7,7,223,0.8345010249456575,0.8596521706099143,-0.025151145664256802,0.00035014108128604945,12364.411264760744
2,1,77,8,8,398,0.8764619248350398,0.7334462270680513,0.14301569776698853,0.000655657348079791,24357.24457383563
2,1,78,2,2,381,0.8339132833958811,0.7939944092443387,0.03991887415154238,0.000501779345694349,23234.72462313613
2,1,79,5,5,284,0.8571407775963151,0.8446106281155009,0.012530149480814212,0.0005466545799898012,16020.710353995337
2,1,80,0,0,108,0.8598075572559454,0.880939642493537,-0.02113208523759158,0.00013141741025330425,6480.913233911881
2,1,81,6,6,333,0.8468277803926774,0.8249531378419801,0.021874642550697265,0.0004048222475863654,17839.903975487177
2,1,82,0,0,393,0.8986096714484514,0.8252056859258268,0.07340398552262462,0.000615751998831437,24933.95130775549
2,1,83,4,4,386,0.8945419627209165,0.808393190592819,0.08614877212809746,0.0005322751210325866,24401.597122866773
2,1,84,0,0,371,0.8166072748112084,0.7799731027289372,0.036634172082271266,0.00043786283961480093,18693.728491122827
2,1,85,5,5,400,0.852310184602566,nan,nan,0.0005826544227985119,22572.779234367135
2,1,86,6,6,41,0.8508046697332808,0.8417987306821832,0.009005939051097589,5.696729983830247e-05,2544.571008206305
2,1,87,1,1,203,0.8362814528551303,0.8264905360118351,0.00979091684329525,0.00035418193376907434,11585.630343775452
2,1,88,9,9,400,0.8866448234183415,nan,nan,0.0008069740839126601,24606.434625274487
2,1,89,9,9,388,0.8250029227421188,0.7908236897232076,0.03417923301891124,0.00048456789817906095,20710.619765611114
2,1,90,2,2,93,0.8041264183844642,0.8140911589169243,-0.009964740532460103,0.00012589379987339264,4822.046902041108
2,1,91,8,8,129,0.8473728877122946,0.8378159640779554,0.009556923634339132,0.00023079423259650698,8136.327295055878
2,1,92,1,1,45,0.810891431781076,0.8100663804990961,0.0008250512819799605,6.1033082426516076e-05,2593.2034799626435
2,1,93,2,2,394,0.8696614879166872,0.7573695676893545,0.1122919202273327,0.0005410237133027021,24069.525809321138
2,1,94,9,9,146,0.8184384059243944,0.8415414069627147,-0.023103001038320303,0.00021111095946780816,8469.300624665579
2,1,95,2,2,241,0.8708580354434766,0.8603709568621677,0.010487078581308928,0.00037980212690737273,15802.48726030526
2,1,96,7,7,400,0.8974267902494839,nan,nan,0.0005280146975256647,20480.83043127645
2,1,97,2,2,8,0.8399446370158667,0.808337611765197,0.03160702525066972,0.0,503.7673444965689
2,1,98,5,5,192,0.8427423387993588,0.8054927291697557,0.03724960962960311,0.00021005697337545237,11471.423184491341
2,1,99,9,9,320,0.8398779960518686,0.8299435433449154,0.009934452706953256,0.00041871609002070754,17802.574605837937
5,0,0,5,5,134,0.8712124420853535,0.8628246313647288,0.008387810720624778,0.00021206301700622774,9106.460514063427
5,0,1,9,9,1,0.9999999821964897,0.45716092698436483,0.5428390552121248,0.0,0.0
5,0,2,6,6,14,0.8397456427076904,0.7581355011108364,0.08161014159685398,2.4549684128488887e-05,754.5915475632329
5,0,3,4,4,109,0.8254625516413919,0.8217246701124541,0.0037378815289378364,0.0001463686453974985,6696.1758285052865
5,0,4,8,8,67,0.823139595365207,0.8345175933504528,-0.011377997985245858,0.00010561596665408941,3945.6793604233867
5,0,5,9,9,105,0.8375292178180197,0.8354763364583402,0.002052881359679515,0.00014988949188410466,6044.082006738814
5,0,6,7,7,36,0.84624163296805,0.8430696862031786,0.003171946764871425,4.6661827910328055e-05,2430.543053092382
5,0,8,4,4,10,0.7691305576713321,0.804705056615186,-0.035574498943853894,1.4174514261559772e-05,507.9233609779004
5,0,9,7,7,12,0.8240905729469493,0.763003475774091,0.06108709717285832,1.7294260902072744e-05,704.7506129470587
5,0,10,1,1,66,0.7847833283296326,0.8060453574720721,-0.021262029142439465,9.72099064429021e-05,3396.750127368055
5,0,11,0,0,143,0.7611147671686249,0.7356242762767631,0.02549049089186184,0.00017700052784438107,7368.538800932144
5,0,12,0,0,10,0.788598821320331,0.7319969405815983,0.056601880738732735,1.3513256026100227e-05,517.0531588641982
5,0,13,2,2,84,0.830257385470814,0.8314959604379544,-0.0012385749671404156,0.00012179896128002814,4538.957913833236
5,0,14,3,3,96,0.8427133521046106,0.8322530624460269,0.010460289658583699,0.00016269218259675722,5650.554876059499
5,0,15,4,4,165,0.8801639698658872,0.8702205792725425,0.009943390593344703,0.0002863621684223695,10378.345334263608
5,0,16,6,6,9,0.797787879088763,0.7044138803914679,0.09337399869729512,1.1150567271352039e-05,497.6948849240316
5,0,17,7,7,22,0.8519959752055376,0.7871497512541643,0.0648462239513733,2.8903146166755326e-05,1239.973109126299
5,0,19,5,5,203,0.8438616858357118,0.8429221558964618,0.0009395299392499501,0.0003444751187726072,12523.622422777931
5,0,20,1,1,123,0.8660123106856887,0.8341892002412803,0.03182311044440844,0.00019355085701363968,7606.155717597473
5,0,22,4,4,83,0.7619841007919917,0.7715788174325454,-0.009594716640553669,0.00012180302367591346,4487.221435362966
5,0,23,3,3,24,0.8349359446289139,0.8588243489977112,-0.023888404368797356,2.5809992050330545e-05,1211.634340333217
5,0,24,5,5,212,0.8962752999932249,0.9004468890126193,-0.004171589019394406,0.00035864449498892157,15481.739965995203
5,0,25,7,7,219,0.8316725711189215,0.8268069267356717,0.0048656443832497676,0.00037203323912855525,12223.962711035769
5,0,26,4,4,43,0.8187759074365459,0.8338414107583064,-0.015065503321760487,5.960134217766543e-05,2462.5769138694764
5,0,28,0,0,56,0.7953506468938554,0.7840734747135248,0.01127717218033053,6.213759262645612e-05,3136.555441802048
5,0,29,2,2,12,0.7721766622789835,0.7090701339341917,0.0631065283447918,1.501394641189511e-05,675.0580459916835
5,0,31,1,1,14,0.8867580560781202,0.8573058955430605,0.029452160535059724,1.91668410645534e-05,857.4889209394104
5,0,32,3,3,307,0.8391981692479814,0.8238690554722552,0.01532911377572621,0.000414807567216902,17067.564524007776
5,0,33,1,1,14,0.7706981260172455,0.7585276714472112,0.012170454570034295,2.102554634957994e-05,656.0279954073493
5,0,34,9,9,3,0.862498130294667,0.7463658510677714,0.11613227922689562,4.398385689023078e-06,146.86914101163094
5,0,35,4,4,17,0.7551564816699311,0.7659400525782109,-0.01078357090827975,3.840234712066565e-05,936.4349557321073
5,0,36,9,9,111,0.8762653169727631,0.8773780903403758,-0.0011127733676127294,0.00016670459393570508,6982.149972662908
5,0,37,7,7,31,0.7811390991205439,0.7590845669651137,0.022054532155430184,4.41484801739066e-05,1561.6774098395053
5,0,38,8,8,309,0.8802964764199964,0.8777566572951038,0.0025398191248926505,0.00040102506155447615,19509.318146284768
5,0,39,7,7,16,0.9080780662546425,0.8602914066191985,0.04778665963544404,0.0,962.0581313440978
5,0,40,5,5,56,0.7241614918815265,0.7465234866755098,-0.022361994793983375,6.772899759217122e-05,2674.411402653777
5,0,41,9,9,12,0.8387440395332452,0.826613733665084,0.012130305868161217,1.644430370433685e-05,685.6955111991701
5,0,42,4,4,10,0.8368465037783477,0.7610107744287383,0.07583572934960936,2.091427859021362e-05,580.0695049938595
5,0,43,3,3,84,0.8921452123944025,0.8949245893327431,-0.0027793769383406275,0.00014383582029350948,5546.557422815259
5,0,44,0,0,11,0.7884637336763001,0.7442381543295159,0.04422557934678417,1.6198479635517345e-05,596.4519746159835
5,0,45,5,5,199,0.8120329098592955,0.7962687139318478,0.01576419592744771,0.00023776257509445302,10236.166325737338
5,0,46,6,6,65,0.7833664177771833,0.7769556241949626,0.006410793582220742,8.243751998457441e-05,3779.343960466367
5,0,47,8,8,226,0.8632223386346566,0.859551068219376,0.003671270415280592,0.00031802043350388017,12155.860572826698
5,0,48,1,1,172,0.8358757822544083,0.8404673821629438,-0.004591599908535526,0.0002330778826944569,9879.071997076442
5,0,49,5,5,17,0.8636378677136349,0.8195337997201558,0.0441040679934791,2.564577553960765e-05,951.6911617010146
5,0,50,1,1,5,0.8400364474839341,0.7025711212045667,0.13746532627936747,7.84393584302361e-06,298.7443622178413
5,0,51,2,2,6,0.750293764022462,0.694138721946599,0.05615504207586297,8.970415996308963e-06,271.0900453801073
5,0,52,0,0,46,0.898683655658075,0.8703254423015635,0.028358213356511452,7.406708074924458e-05,2756.0682043075244
5,0,53,3,3,60,0.8609519071699662,0.8491517390077751,0.011800168162191094,9.050298001008317e-05,3835.496287568576
5,0,54,3,3,211,0.8627862980751813,0.8607967506642499,0.0019895474109313804,0.0004370647666976744,13282.836460738094
5,0,55,8,8,70,0.8459407886775969,0.8090055553195089,0.036935233358088015,8.094141037673456e-05,3843.839347192497
5,0,56,3,3,124,0.8270321546618196,0.8418203995373671,-0.01478824487554753,0.00015049689056906236,6537.558367464682
5,0,57,6,6,140,0.8420637855268623,0.8459813121555132,-0.003917526628650858,0.0002088299248331095,8455.201967159284
5,0,58,8,8,23,0.7979610552416364,0.7721993338838571,0.02576172135777932,3.1470260852631327e-05,1250.6336453549097
5,0,60,6,6,37,0.8443331253960197,0.8176713873637967,0.026661738032222937,5.0923997623941566e-05,1982.142790587026
5,0,61,7,7,47,0.786839937136712,0.7798294475382829,0.007010489598429093,6.459350227729237e-05,2592.5136445361236
5,0,62,7,7,156,0.8486513382724912,0.8642959986577547,-0.015644660385263576,0.00025927310639203496,9707.87666907884
5,0,63,1,1,78,0.8200620785053208,0.8334494216573796,-0.013387343152058806,9.79662699130695e-05,4828.989083932908
5,0,64,0,0,21,0.8776682003250028,0.8718149097344751,0.005853290590527749,4.1569368332637924e-05,1317.077256020503
5,0,65,5,5,4,0.7779746170059755,0.5573278477496958,0.22064676925627968,0.0,188.00151349499615
5,0,66,3,3,26,0.8679649547295644,0.8688835662789575,-0.0009186115493931002,4.09099831650024e-05,1578.313346502359
5,0,67,6,6,365,0.8569963220521188,0.8261781654066463,0.030818156645472494,0.0005182102616321032,21823.97212014138
5,0,68,3,3,2,0.8913246938508576,0.6124488948350651,0.2788757990157924,0.0,74.3294669058815
5,0,69,4,4,11,0.8239719315842358,0.7451284486423114,0.07884348294192434,1.669017813135406e-05,576.7994313316827
5,0,70,9,9,7,0.8086825511363306,0.7231180397568415,0.08556451137948906,1.080270482663254e-05,375.2010352585233
5,0,71,3,3,6,0.8354272132020791,0.7186394041099259,0.11678780909215325,7.504634767678192e-06,275.02396437155204
5,0,72,2,2,204,0.8514653099668531,0.8326428561477118,0.01882245381914127,0.0003197464875761599,12159.222069471698
5,0,73,1,1,14,0.8375692263281359,0.7979438467868897,0.03962537954124623,2.3988190301628776e-05,817.9491523559437
5,0,74,6,6,142,0.8668135655045988,0.8607258765931886,0.006087688911410205,0.00027962042348985555,9256.772797059204
5,0,75,4,4,57,0.8809757915816625,0.8997224764448262,-0.018746684863163665,8.42770689043426e-05,3693.74006963536
5,0,76,7,7,335,0.8691384671602657,0.8201110063645823,0.04902746079568332,0.00044990002872232393,18732.54857686134
5,0,77,8,8,7,0.798344027477118,0.7833723674827385,0.014971659994379438,8.97444467167403e-06,396.006348351111
5,0,78,2,2,163,0.8185177200418894,0.828664741784852,-0.01014702174296267,0.0002064597148334793,9564.044521898128
5,0,79,5,5,15,0.8250590465827516,0.7939834550857809,0.0310755914969707,2.5626652082914316e-05,852.6987825959673
5,0,80,0,0,5,0.8024306400095592,0.7527414060506076,0.04968923395895164,8.011325607674439e-06,260.747940319449
5,0,81,6,6,8,0.7920348375180682,0.7225456089845296,0.06948922853353867,0.0,408.8591831528675
5,0,82,0,0,35,0.868677306286481,0.8362545865801367,0.03242271970634425,5.634970237285461e-05,2102.826750287768
5,0,83,4,4,58,0.8637352196930477,0.8567128666764905,0.007022353016557181,7.84450354051668e-05,3591.5209639544505
5,0,84,0,0,35,0.7907393073807711,0.7896497659453745,0.0010895414353966348,4.1365015068514654e-05,1625.4601242411827
5,0,85,5,5,207,0.8541067409242238,0.8523148924330446,0.0017918484911791932,0.00030260493607159154,11636.08226949892
5,0,86,6,6,4,0.8838660881137375,0.7629495410241819,0.12091654708955557,0.0,211.8307811755302
5,0,87,1,1,214,0.8263428240886618,0.8300250497475251,-0.003682225658863336,0.0003452609512196038,12382.016492990551
5,0,88,9,9,69,0.8725641888481545,0.8900662302080858,-0.017502041359931386,9.102187214682517e-05,4399.842987629656
5,0,89,9,9,19,0.7386601321407148,0.7693858898563861,-0.03072575771567132,2.43140084324927e-05,945.1899688702309
5,0,90,2,2,48,0.8269669454783884,0.814170354312796,0.012796591165592397,6.653802978727847e-05,2409.164525067417
5,0,91,8,8,83,0.8238238105507744,0.8344297732702155,-0.010605962719441142,0.00010244048227287737,5208.2206362232955
5,0,92,1,1,3,0.8084856008880976,0.6869428817256047,0.12154271916249293,3.950530946085135e-06,124.14649043703818
5,0,94,9,9,380,0.8550304142636638,0.7982831836539878,0.056747230609676014,0.0006288879312311715,21947.394190037885
5,0,95,2,2,7,0.8428519414378225,0.8111226696185455,0.03172927181927698,1.1285533645798215e-05,398.6380728258837
5,0,96,7,7,187,0.8469012842949506,0.8905642852375402,-0.04366300094258957,0.00020791616696773962,9656.697159016614
5,0,97,2,2,6,0.860979288862661,0.7519468934654642,0.10903239539719678,8.747560703391892e-06,360.2610176058666
5,0,98,5,5,65,0.7791046594821276,0.7953553730975381,-0.016250713615410528,8.289831331170509e-05,3515.6979755818224
5,0,99,9,9,106,0.8226830040674624,0.828211590134817,-0.005528586067354624,0.0001510571580774855,5925.555218909583
5,1,0,5,5,55,0.8836418470870748,0.8754679413833519,0.008173905703722895,8.647295768797537e-05,3596.391411097655
5,1,1,9,9,163,0.8558825875275666,0.8461543813682842,0.009728206159282382,0.0003386892611191744,10544.619837700988
5,1,2,6,6,365,0.8407339306884677,0.8142513817781256,0.026482548910342074,0.0004977362651441643,20291.12250589776
5,1,3,4,4,82,0.8289062306421556,0.8149196783524953,0.013986552289660281,9.60015676714569e-05,5080.036222158534
5,1,4,8,8,5,0.8381341876633683,0.785342423915859,0.05279176374750938,9.038163637215708e-06,299.6734483327517
5,1,5,9,9,147,0.8341418211369391,0.8428793735990827,-0.008737552462143583,0.00022384937210106868,8326.03931117878
5,1,6,7,7,240,0.866123832056494,0.8561560745917735,0.009967757464720561,0.000514379497084459,16352.888095154993
5,1,7,6,6,106,0.8268330230933547,0.8092037435552983,0.017629279538056375,0.00021558709422777968,6937.8023209705125
5,1,8,4,4,53,0.824037222550459,0.8052901653197638,0.01874705723069514,7.62192923706163e-05,2748.3229443511623
5,1,9,7,7,14,0.8361819007467256,0.8103304171931359,0.025851483553589683,2.1569453010333892e-05,813.002973721379
5,1,10,1,1,57,0.7908583749790667,0.767060161032935,0.023798213946131797,8.69085298880315e-05,2930.708936545583
5,1,11,0,0,48,0.781125516228047,0.7732815956128419,0.007843920615205113,5.6912564835761916e-05,2530.8393691240103
5,1,12,0,0,131,0.8516439477262852,0.8111083435363999,0.04053560418988522,0.00020418553008342855,7006.577470427975
5,1,13,2,2,94,0.8321296245103089,0.8201967231858656,0.011932901324443357,0.00012448453930496387,5135.692149959252
5,1,14,3,3,8,0.7876002301339398,0.7100744528900701,0.07752577724386966,0.0,422.61727285168064
5,1,15,4,4,10,0.8385393247293987,0.8112459726608482,0.027293352068550547,1.6196247331196063e-05,558.88808932717
5,1,16,6,6,177,0.7913478655812118,0.7870442794570791,0.00430358612413273,0.00026101545995976664,9723.090382315595
5,1,17,7,7,8,0.8021690164930235,0.7567755232220299,0.04539349327099362,0.0,425.4029742751382
5,1,18,2,2,133,0.882227251200166,0.8463543544618071,0.03587289673835892,0.00017460367980594478,8097.9193912677365
5,1,19,5,5,17,0.8225900253158365,0.8349153334057408,-0.012325308089904286,2.4564527532663996e-05,986.1235339941205
5,1,20,1,1,120,0.8582612742205656,0.8659559901946883,-0.0076947159741226345,0.00018273219003925819,7570.304881768561
5,1,21,8,8,18,0.898285857398109,0.8493607763073411,0.048925081090767875,3.665343439369821e-05,1207.5272825743177
5,1,22,4,4,149,0.7946477816426708,0.7504124656282148,0.04423531601445596,0.00017978810978397714,7684.040038537377
5,1,23,3,3,72,0.8808550045118632,0.858734225493166,0.022120779018697134,9.24357650608729e-05,3618.8489401535594
5,1,24,5,5,117,0.89603671448824,0.8994773061330936,-0.0034405916448536633,0.00023310408091859283,8765.46229073307
5,1,25,7,7,18,0.770552486275765,0.754431286471682,0.016121199804082997,2.368040504760229e-05,934.1236880963858
5,1,26,4,4,31,0.8079930561116019,0.7885938578146876,0.019399198296914277,4.4385689020859177e-05,1807.0660000184255
5,1,27,8,8,310,0.8428856018712999,0.8435512977470525,-0.0006656958757526032,0.0006208258386971791,18707.395732602097
5,1,28,0,0,8,0.8093423892579975,0.6523109061092426,0.15703148314875492,0.0,414.9202701623312
5,1,29,2,2,300,0.8148176927115077,0.7918686441307122,0.022949048580795495,0.00043394901601978504,16535.742120747782
5,1,30,0,0,390,0.8923021412394532,0.8669037179088384,0.025398423330614817,0.0006530941450897084,26353.12168805861
5,1,31,1,1,1,0.9999999746514727,0.3901948441947919,0.6098051304566808,0.0,0.0
5,1,32,3,3,31,0.8206913921170303,0.7672140256418736,0.05347736647515677,3.4209269309541495e-05,1730.653779052041
5,1,33,1,1,141,0.8295321685840641,0.8252436732001042,0.004288495383959923,0.00017397085829738698,6713.629620827039
5,1,34,9,9,116,0.8653866339930044,0.8706529802945521,-0.005266346301547653,0.0001511345804392449,7007.073142752476
5,1,35,4,4,67,0.834529554690299,0.7774470628156871,0.057082491874611896,0.0001266454186581417,3681.1350617722956
5,1,36,9,9,19,0.845417147083889,0.8263662671475838,0.019050879936305276,3.161825630652865e-05,1110.908321743986
5,1,37,7,7,8,0.803217050080894,0.7167533472915016,0.0864637027893923,0.0,404.03508987079863
5,1,39,7,7,18,0.8490807594685944,0.8733227816701739,-0.02424202220157945,3.409563840785406e-05,1114.690809141711
5,1,40,5,5,209,0.7754577700770335,0.7917496282764648,-0.01629185819943124,0.00033259582387350244,10596.462969903529
5,1,41,9,9,75,0.8865291979909096,0.8870976850638295,-0.0005684870729198988,0.00010832053350671295,4441.927466676276
5,1,42,4,4,90,0.8216156241383393,0.8162813859006491,0.005334238237690192,0.00011077301618928176,5253.156550820827
5,1,43,3,3,299,0.8925055363593974,0.881808050848856,0.010697485510541394,0.00047479332981756317,19750.830344482783
5,1,44,0,0,203,0.819675694789949,0.8151209782846839,0.004554716505265066,0.00028289643045925633,11378.012318288365
5,1,45,5,5,3,0.800742470575318,0.6717546699570166,0.1289878006183014,6.830315508164476e-06,152.39541415720237
5,1,46,6,6,13,0.7362866513158927,0.6918476075912203,0.044439043724672334,1.7100833023289206e-05,666.3059902401602
5,1,47,8,8,68,0.8712065931957658,0.8546409992075992,0.016565593988166594,9.063056787237856e-05,3685.356923191683
5,1,48,1,1,3,0.8332890040576422,0.7232060266262722,0.11008297743136997,4.338075866092322e-06,136.24750379668103
5,1,49,5,5,58,0.8662835698985878,0.8580963973052622,0.008187172593325576,9.48113430919191e-05,3446.902736429436
5,1,50,1,1,391,0.8421592592123008,0.8128333419457715,0.029325917266529333,0.000588030588823724,24439.049583513133
5,1,51,2,2,37,0.8311966246753337,0.807502323256971,0.023694301418362707,5.1404266760288546e-05,2361.55935802716
5,1,52,0,0,18,0.8718318298355149,0.8623405722015762,0.009491257633938655,2.742271833516409e-05,1017.1775906805078
5,1,53,3,3,121,0.8651879966576528,0.8804145281108257,-0.015226531453172876,0.00021221368203576838,8164.510512061185
5,1,54,3,3,1,1.0000000308453136,0.3386387451220599,0.6613612857232538,0.0,0.0
5,1,55,8,8,108,0.8510335900842281,0.8401988338434172,0.010834756240810872,0.0001485647071327972,5903.263857729735
5,1,56,3,3,19,0.8182617322029144,0.8166973194759031,0.001564412727011355,2.824286172488758e-05,1037.876818981915
5,1,58,8,8,180,0.7913897984319106,0.8045446986739265,-0.013154900242015932,0.00022928846716398682,9703.751706137757
5,1,59,8,8,191,0.8388264485395337,0.8472097762252626,-0.008383327685728914,0.00025543601538897433,9611.387087829356
5,1,60,6,6,62,0.826229655494485,0.8189479406148397,0.007281714879645351,7.572617413729158e-05,3332.2715418220414
5,1,61,7,7,17,0.8058973417135191,0.7769916714104758,0.028905670303043363,2.456129469894184e-05,1014.7732551849195
5,1,62,7,7,50,0.8491569504513172,0.8666531897046098,-0.017496239253292578,9.234502104141245e-05,3177.4409975240656
5,1,63,1,1,210,0.832872699197391,0.8317479911841058,0.001124708013285236,0.00045925480891214845,12774.322045959696
5,1,64,0,0,88,0.8914870026764483,0.8965047965865238,-0.005017793910075508,0.00012025943027405952,5546.137334492022
5,1,65,5,5,103,0.8041084998308655,0.7965283243840287,0.007580175446836868,0.00015466881587356104,5732.885575592078
5,1,66,3,3,5,0.7867717564619506,0.6540325557732805,0.13273920068867018,6.192669514795339e-06,243.0987740578857
5,1,67,6,6,21,0.8286954596476723,0.7884073267187884,0.04028813292888389,3.4444695106037505e-05,1176.8807699637757
5,1,68,3,3,38,0.8654405754537778,0.8497195874974702,0.015720987956307608,5.669207988436214e-05,2214.1784082705735
5,1,69,4,4,75,0.8691716594224744,0.8437511559607753,0.025420503461699107,0.00011466345134958994,4387.800049956254
5,1,70,9,9,58,0.8253094459239748,0.8393929243196342,-0.014083478395659377,8.737952559080676e-05,3335.8450168236595
5,1,71,3,3,76,0.8443316736374598,0.8177463996201508,0.026585274017308924,9.296936757117293e-05,4342.785592331319
5,1,72,2,2,71,0.827277857799081,0.8491635198376506,-0.021885662038569564,0.00010624106649456321,4177.5243191828595
5,1,73,1,1,206,0.8611506300937148,0.8679111391111448,-0.006760509017429972,0.00038036266624270285,13280.438553058222
5,1,74,6,6,3,0.7735584760079558,0.4323800505434466,0.3411784254645092,3.469122617066881e-06,109.98405798726338
5,1,75,4,4,5,0.7820727379056087,0.6285971573063063,0.15347558059930244,6.262189237680498e-06,223.8080290336349
5,1,76,7,7,32,0.8162946963985537,0.7822743961830105,0.03402030021554314,0.0,1759.1755218401904
5,1,78,2,2,5,0.8296922619784071,0.676637080689754,0.15305518128865303,7.5092630007559005e-06,288.6901561674978
5,1,79,5,5,3,0.8534363491845581,0.7177292786529698,0.13570707053158837,5.533846806081095e-06,155.61950309923017
5,1,80,0,0,73,0.8703637024221705,0.8676865337447565,0.002677168677414077,9.441402876120171e-05,4198.969808918434
5,1,81,6,6,195,0.8407114054401764,0.8236532310520305,0.01705817438814594,0.00023924539654154623,10424.192344679299
5,1,82,0,0,178,0.8859151182776752,0.8996334139059301,-0.013718295628254884,0.0003058772658577113,11286.108156867094
5,1,83,4,4,14,0.825442485419324,0.8159262727000364,0.009516212719287598,1.7420957749391838e-05,822.1445041304552
5,1,84,0,0,280,0.8138916998361946,0.789486603598915,0.0244050962372796,0.0004150856697781151,14290.294078935161
5,1,85,5,5,48,0.8522642648414981,0.8344394428390445,0.01782482200245361,7.025495543737777e-05,2653.474178050581
5,1,86,6,6,206,0.8755997847792095,0.8546635602913181,0.020936224487891453,0.00031885962381473604,13319.986652158843
5,1,87,1,1,3,0.8911211359101522,0.6205580070509759,0.2705631288591763,6.348151291412795e-06,171.14291861657514
5,1,88,9,9,80,0.879122118976659,0.8728639893567051,0.006258129619953978,0.00011540886743234452,4861.821536269866
5,1,89,9,9,248,0.8235295783879855,0.8104774084984419,0.013052169889543608,0.0002803158982930614,13281.428069703788
5,1,90,2,2,22,0.819101297894876,0.7345318655561663,0.08456943233870962,2.7615768950115583e-05,1144.7553051137063
5,1,91,8,8,13,0.8012342468979904,0.7791488653273735,0.022085381570616902,2.1662483276349603e-05,764.0321977541016
5,1,92,1,1,66,0.8186858655438966,0.8203000542516137,-0.0016141887077171235,8.945676045782588e-05,3831.6680671273566
5,1,93,2,2,54,0.8326630008107664,0.8504699132205848,-0.017806912409818465,8.157221069691022e-05,3281.894930022501
5,1,94,9,9,5,0.8300133374158544,0.7234673793663355,0.10654595804951883,6.0147096282190105e-06,247.4928117377088
5,1,95,2,2,64,0.8612808972528999,0.8620788651199498,-0.0007979678670498869,0.0,4078.8191085619364
5,1,96,7,7,3,0.7188299400137992,0.46921754930591836,0.24961239070788083,4.296083131084754e-06,101.0997839163602
5,1,97,2,2,86,0.8691191148962902,0.869851754009697,-0.0007326391134068189,0.00012075550149984421,5754.749097236808
5,1,98,5,5,4,0.7879979818707173,0.6485978325477325,0.13940014932298483,0.0,196.6925547503481
5,1,99,9,9,181,0.8369701008702534,0.8214824269498715,0.015487673920381861,0.00026243432680134117,9951.272050124639
5,2,0,5,5,48,0.8599146387341159,0.8532639232422069,0.006650715491908987,6.236376696857011e-05,3259.192124763593
5,2,1,9,9,10,0.807075489215855,0.7615821203847529,0.04549336883110211,1.610388002785108e-05,558.9472355401683
5,2,2,6,6,6,0.8116657309024583,0.7730379271041296,0.03862780379832875,6.484030496402691e-06,265.7103062873277
5,2,3,4,4,3,0.8406405596716755,0.7049881845006497,0.1356523751710258,4.247891131938487e-06,128.15841290172523
5,2,4,8,8,133,0.8428260786620718,0.8379388429785053,0.0048872356835665265,0.00017020998234215418,8180.777461614282
5,2,5,9,9,2,0.9336354994910937,0.7663365338465244,0.16729896564456925,0.0,71.30139084090096
5,2,6,7,7,1,0.999999947562803,0.5590089293856932,0.44099101817710973,0.0,0.0
5,2,7,6,6,11,0.8350759126485003,0.7761272137615743,0.058948698886926,2.3435201985503154e-05,693.4404563677465
5,2,8,4,4,38,0.8240021946265651,0.803247424531608,0.020754770094957076,5.924585417680652e-05,2042.305096046274
5,2,9,7,7,281,0.8504956313790623,0.834322883780792,0.016172747598270254,0.0004710334995587891,17357.030987399197
5,2,10,1,1,231,0.8288302849953619,0.7892398629818065,0.03959042201355545,0.00023999443884604993,11962.932257158616
5,2,11,0,0,98,0.7321892482954302,0.7704107960170397,-0.03822154772160946,0.00013220349703676074,4988.109316412449
5,2,12,0,0,121,0.8155161328195768,0.8158337213783575,-0.0003175885587807237,0.00014670504920310097,6415.293618509067
5,2,13,2,2,163,0.8169081379661636,0.81988448152547,-0.002976343559306427,0.00020781749011541172,8872.206620976673
5,2,14,3,3,1,1.0000001085572052,0.4618905496531297,0.5381095589040755,0.0,0.0
5,2,15,4,4,3,0.8474911216341683,0.7595492458725394,0.08794187576162893,4.775594593402485e-06,129.32631435404414
5,2,17,7,7,6,0.8084642163856441,0.7994166214765592,0.00904759490908491,8.742244408505226e-06,289.65737935223467
5,2,18,2,2,64,0.8235949379239484,0.8108687623686399,0.012726175555308528,0.0,3671.6392529805307
5,2,19,5,5,29,0.8640559822392284,0.8605892977130061,0.003466684526222341,5.0719821748438725e-05,1907.573297600241
5,2,20,1,1,15,0.8031968562686524,0.8103482065410135,-0.007151350272361023,1.9236489878488598e-05,819.9717512991817
5,2,21,8,8,176,0.8954866797460215,0.8941540240876573,0.001332655658364157,0.00025478415410451336,11200.67493899501
5,2,22,4,4,52,0.7655341991522507,0.763130476605159,0.002403722547091758,7.64449768340704e-05,2863.4702933580884
5,2,23,3,3,298,0.8778559321380249,0.8740981845973482,0.0037577475406767036,0.0003086454820190365,14905.645387610164
5,2,24,5,5,29,0.8722957291696584,0.8798039483107104,-0.007508219141052042,5.937934754987156e-05,2213.8928058513907
5,2,25,7,7,73,0.8049667367506057,0.8145586157544915,-0.009591879003885806,0.00010944171074886883,4076.957180008676
5,2,26,4,4,13,0.8226089357205026,0.7760365058251141,0.04657242989538857,1.615224340729412e-05,708.9498710194422
5,2,28,0,0,307,0.8387853999666325,0.8010208592159924,0.03776454075064006,0.0004678760577808236,18291.650495989914
5,2,29,2,2,9,0.8138415119459007,0.7619926861785704,0.0518488257673303,1.3059624714280574e-05,504.1941905946225
5,2,30,0,0,3,0.8690132311326937,0.792734748007517,0.07627848312517671,5.498179800261545e-06,163.36320970412967
5,2,31,1,1,157,0.8763786087503197,0.876886060648526,-0.0005074518982063347,0.0002357265256838561,9319.303029499799
5,2,32,3,3,2,0.9106887830428311,0.7795622826436638,0.1311265003991673,0.0,81.07116577849881
5,2,33,1,1,1,0.9999999875197801,0.6761843252786099,0.3238156622411702,0.0,0.0
5,2,34,9,9,5,0.8713149041167935,0.7784232882787459,0.09289161583804761,7.45104272238694e-06,273.5134111686142
5,2,35,4,4,65,0.7779817550915573,0.782074190670123,-0.004092435578565645,8.412611685497382e-05,3490.3847710624805
5,2,36,9,9,8,0.8766062838778631,0.8423645775990307,0.034241706278832384,0.0,466.4689613184528
5,2,37,7,7,9,0.8380172262014436,0.7595851716759937,0.07843205452544988,1.3075132569814677e-05,430.892419942199
5,2,38,8,8,23,0.8624352469007613,0.8170780810643758,0.045357165836385493,4.0047228998028064e-05,1363.2915637270974
5,2,39,7,7,287,0.8662259240843061,0.897398988702932,-0.0311730646186259,0.0004343906432975957,17264.44576108064
5,2,40,5,5,22,0.7611761764916277,0.7662006480084985,-0.005024471516870799,2.8074685399228817e-05,1141.2657010984317
5,2,41,9,9,267,0.8839233813296284,0.8826836507478996,0.0012397305817288817,0.0004086472657783619,16168.885735188964
5,2,42,4,4,19,0.8083980999955729,0.779087372120289,0.029310727875283882,2.6293944584648415e-05,1026.5432886353785
5,2,43,3,3,11,0.8719528948174888,0.8648850784433408,0.007067816374147995,2.241874254190908e-05,745.454377816696
5,2,44,0,0,39,0.8110502958744104,0.812425487926603,-0.0013751920521926086,5.515368798307301e-05,2262.5901513891804
5,2,46,6,6,260,0.798941687546474,0.779727399893114,0.019214287653359974,0.0005521114604908692,14237.972238741208
5,2,47,8,8,55,0.8665404328701525,0.8280403738017826,0.03850005906836984,8.087298082171541e-05,3001.6629205766953
5,2,48,1,1,54,0.8423375321143959,0.8557028290821057,-0.013365296967709828,9.288244671870017e-05,3243.751742168508
5,2,49,5,5,31,0.8852943951692572,0.8693389721060292,0.015955423063228058,4.747177774892935e-05,1844.5829526193222
5,2,50,1,1,2,0.854929692267463,0.5738650617359455,0.2810646305315174,0.0,80.58335677989776
5,2,51,2,2,1,1.0000000802913669,0.4091965053079883,0.5908035749833787,0.0,0.0
5,2,52,0,0,64,0.8752717120657822,0.8867809885622081,-0.011509276496425858,0.0,3781.664423606827
5,2,53,3,3,19,0.8498924370586528,0.8539630753531902,-0.004070638294537354,3.106468849322356e-05,1232.4415209406661
5,2,54,3,3,4,0.79466460242354,0.7120994368849184,0.08256516553862159,0.0,211.53607320542298
5,2,55,8,8,205,0.8289110209159014,0.8591451385598801,-0.030234117643978653,0.00022267722145573847,11674.835548086718
5,2,56,3,3,4,0.8668776832026963,0.708303149820106,0.1585745333825903,0.0,194.18275324496952
5,2,57,6,6,1,0.9999999900603482,0.3882131084527983,0.61178688160755,0.0,0.0
5,2,58,8,8,7,0.7498584660129572,0.7777139051278498,-0.027855439114892522,1.072290328406458e-05,354.6586313825492
5,2,59,8,8,14,0.7606179830027332,0.8303390339843827,-0.06972105098164949,1.804029150335593e-05,676.3726881504385
5,2,60,6,6,220,0.8255119993459648,0.8427181083256802,-0.017206108979715418,0.0003146776405054002,11832.522733559255
5,2,61,7,7,1,1.0000000146027033,0.5352452952012763,0.464754719401427,0.0,0.0
5,2,62,7,7,48,0.8682238725794855,0.8565306671387113,0.011693205440774235,8.643862717569841e-05,2959.7799455012528
5,2,63,1,1,110,0.8419767685920566,0.8405742665312761,0.0014025020607805194,0.0001937485965598876,7022.646326033809
5,2,64,0,0,14,0.8735998110745001,0.8740811360524787,-0.0004813249779785922,3.3565400375034024e-05,928.5565531661604
5,2,65,5,5,14,0.8182621949663393,0.7712217840174853,0.04704041094885403,2.0909252692735696e-05,754.4159121348536
5,2,66,3,3,197,0.9123017035300826,0.8940930082295381,0.018208695300544475,0.00030579746104244675,12291.171900557483
5,2,67,6,6,4,0.9153150891974651,0.7110729243929826,0.20424216480448243,0.0,205.88380475043203
5,2,68,3,3,2,0.8903763279615321,0.6600432007372417,0.23033312722429045,0.0,77.04798000204964
5,2,69,4,4,25,0.8381727723782534,0.8228633012313338,0.015309471146919607,3.0351196935787737e-05,1394.8128829245843
5,2,70,9,9,98,0.8628694079654198,0.8542201569496577,0.008649251015762083,0.00014302945291281367,5659.7820363794835
5,2,71,3,3,16,0.8601870156886585,0.8205641308874742,0.039622884801184366,0.0,916.7948590769664
5,2,72,2,2,45,0.8078446927139182,0.8187038341931173,-0.010859141479199086,5.919103920883638e-05,2588.572869867069
5,2,73,1,1,28,0.8790734124901345,0.8364434177488984,0.04262999474123608,4.77387657004666e-05,1770.3299390717277
5,2,74,6,6,118,0.8672673028140173,0.8794815167542088,-0.01221421394019151,0.00022300782523464034,7612.510704712941
5,2,75,4,4,175,0.9171601563341856,0.8921099070123731,0.025050249321812434,0.0002366766018585982,11577.1222019707
5,2,76,7,7,2,0.8386487433850806,0.5094416055167699,0.3292071378683107,0.0,66.23325916946305
5,2,77,8,8,236,0.8763318447649234,0.8712934596811639,0.005038385083759533,0.0003088334818319147,14407.27989115806
5,2,78,2,2,126,0.8423154156673441,0.8249003195648948,0.01741509610244929,0.000271156378302932,7948.101698077485
5,2,79,5,5,105,0.8558927846174611,0.8276312431580874,0.02826154145937365,0.0001673202914403342,5934.776678420597
5,2,80,0,0,117,0.8636096384849343,0.8729379853889582,-0.009328346904023843,0.0002536052620402541,6691.566087388205
5,2,81,6,6,51,0.7880250374728531,0.8173593443537568,-0.02933430688090366,7.070178207582202e-05,2698.401343850256
5,2,82,0,0,65,0.9013166179476063,0.8615421009609262,0.03977451698668011,0.00011261699659430271,4040.077276342742
5,2,83,4,4,43,0.8561913329377726,0.8616148070877878,-0.005423474150015206,6.786246869965731e-05,2664.7186624967126
5,2,84,0,0,30,0.7474175166110664,0.7608361984401142,-0.013418681829047818,4.234498297076813e-05,1438.1910273613687
5,2,85,5,5,29,0.8541029038260972,0.8044234613452851,0.04967944248081213,4.0751446607597424e-05,1725.709691144707
5,2,86,6,6,127,0.8635317158261155,0.8557511695305692,0.0077805462955463645,0.0002023434076374596,8198.142388906037
5,2,87,1,1,119,0.804973099402183,0.8311373363558915,-0.02616423695370851,0.00015936678942901226,6883.108179437984
5,2,88,9,9,53,0.866314974823827,0.8664951069334514,-0.00018013210962442017,7.19792187177577e-05,3131.2081266452938
5,2,89,9,9,3,0.8120945987180199,0.6435895322574708,0.16850506646054908,4.022444335524349e-06,122.64401452237304
5,2,90,2,2,81,0.8230665925191119,0.8021156055380383,0.02095098698107356,0.00010422642164669365,4211.258058444342
5,2,91,8,8,30,0.8354228226155422,0.8261974345777628,0.009225388037779392,4.748080657673237e-05,1852.379631889597
5,2,92,1,1,227,0.8406241300364724,0.8424626790199637,-0.0018385489834913393,0.00035616313524211606,13353.8591720484
5,2,93,2,2,195,0.8508024312900837,0.8691307635413335,-0.018328332251249746,0.00032328915315253334,11850.479233249334
5,2,94,9,9,11,0.8444930818055706,0.806524034202735,0.03796904760283559,1.662040919042067e-05,603.1101505813675
5,2,95,2,2,246,0.8657098747701615,0.8710423656912694,-0.00533249092110788,0.0004244417583958601,16089.17354602056
5,2,96,7,7,154,0.8982322923480816,0.8698732153038148,0.028359077044266767,0.00017836336585645007,7763.62091782075
5,2,97,2,2,124,0.8945086785812909,0.9029175311715296,-0.008408852590238713,0.0002143541037587562,8298.65742028719
5,2,98,5,5,73,0.8147622009204536,0.8140326107105998,0.0007295902098537477,0.00011686152422559558,4239.195380905177
5,2,99,9,9,2,0.8577190250621228,0.4162777751297174,0.4414412499324054,0.0,80.41147428306462
5,3,0,5,5,112,0.8681484430329832,0.8753673137836351,-0.007218870750651862,0.0002151723785101145,7486.746126106099
5,3,1,9,9,10,0.7920737304544135,0.7662731535428636,0.02580057691154991,1.5944253059851833e-05,581.2348987997353
5,3,2,6,6,10,0.8280432711876802,0.7736414169955438,0.05440185419213639,1.26886511531975e-05,550.0336798319943
5,3,3,4,4,152,0.8273081045469334,0.828836073372939,-0.001527968826005588,0.00023595721067952118,9311.255558676625
5,3,4,8,8,83,0.8593527254372637,0.8528513635048565,0.006501361932407246,0.00018649378539831453,5019.62612423533
5,3,5,9,9,126,0.8452058216568251,0.8416988362877821,0.0035069853690430364,0.00018611596996218201,7214.797747501944
5,3,6,7,7,64,0.854045275431833,0.8224533387027176,0.03159193672911531,0.0,4453.094744771988
5,3,7,6,6,263,0.8313220010547855,0.8275822918796831,0.003739709175102357,0.0006297984976048138,16852.336135272366
5,3,8,4,4,283,0.8447710900142275,0.8097800724945692,0.034991017519658274,0.0003770495182389855,14396.256377414891
5,3,9,7,7,92,0.8149012448427985,0.8078669847990313,0.007034260043767171,0.00015233781083922866,5527.520402837549
5,3,10,1,1,34,0.73837930751126,0.7676830726199435,-0.02930376510868349,4.097041714843879e-05,1772.00514745
5,3,11,0,0,100,0.8029025464247797,0.8068740793237463,-0.003971532898966679,0.0001007523744980759,5329.275016079121
5,3,12,0,0,114,0.8062789138731881,0.831808045162263,-0.02552913128907497,0.00014669368767231944,5747.30708262641
5,3,13,2,2,53,0.7890273251065518,0.7810128951690255,0.008014429937526324,7.261426474510989e-05,2871.4294084568483
5,3,14,3,3,2,0.8900227461449811,0.7003870996917676,0.1896356464532135,0.0,86.21505537753568
5,3,15,4,4,221,0.8769135891853984,0.8826583291819459,-0.005744739996547454,0.00041130275548745206,13711.119822719831
5,3,16,6,6,86,0.7786734438803822,0.7886623692718348,-0.009988925391452574,0.00011497340494357464,4640.794380204277
5,3,17,7,7,147,0.8322943646255585,0.8556954411180004,-0.02340107649244194,0.00023531612046672333,8125.775262070426
5,3,18,2,2,25,0.8080033706356312,0.815028879995072,-0.007025509359440796,2.8518169672178356e-05,1501.925617133562
5,3,19,5,5,48,0.8318802094443696,0.8487913202319864,-0.016911110787616868,6.629464484813443e-05,3011.0770605013654
5,3,20,1,1,1,0.9999999526200632,0.6340933897792677,0.3659065628407956,0.0,0.0
5,3,21,8,8,54,0.8730448693470002,0.8727641361819295,0.00028073316507071233,7.76649199893527e-05,3417.4716192507863
5,3,22,4,4,56,0.7750168144339125,0.7757098095681838,-0.0006929951342713458,6.856155655711403e-05,2971.1519266491982
5,3,23,3,3,5,0.847455681177586,0.8195320893409864,0.027923591836599537,6.787206221907305e-06,216.72575486505755
5,3,24,5,5,5,0.817337046035817,0.7800070311435741,0.03733001489224297,7.59342856219207e-06,260.5329571569315
5,3,25,7,7,76,0.8229150817549027,0.8306960674829384,-0.007780985728035761,0.00012252491838820383,4308.011038604173
5,3,26,4,4,94,0.8222815787935039,0.8096935578469115,0.012588020946592393,0.00011380090868785612,5492.668239605276
5,3,27,8,8,30,0.8279055741502758,0.7783777936521743,0.04952778049810147,5.184430916346497e-05,1805.0388909112608
5,3,28,0,0,27,0.8088527999627153,0.8101126563741904,-0.0012598564114750799,4.2154939579321915e-05,1521.1325618118453
5,3,29,2,2,7,0.7588042084744027,0.6960254544692853,0.06277875400511734,1.0697426142156868e-05,336.9417069676235
5,3,30,0,0,6,0.8917785661834431,0.8794495133148648,0.012329052868578327,1.0760443000653536e-05,351.68079842649286
5,3,31,1,1,166,0.8856198852171042,0.8886101391468935,-0.002990253929789244,0.0002630396430155049,10182.095072216345
5,3,32,3,3,5,0.7991003139926885,0.6883897099176889,0.11071060407499966,6.452133969297106e-06,261.20740357691204
5,3,33,1,1,200,0.8187600805680959,0.839468660807821,-0.020708580239725105,0.00026114755591685003,9679.325671774028
5,3,34,9,9,3,0.8313740290606774,0.6998646773188028,0.1315093517418746,4.4055603825828886e-06,131.21303041781124
5,3,35,4,4,234,0.8098044577975632,0.8089532088662065,0.0008512489313566851,0.00026741694195737476,13034.644949532425
5,3,36,9,9,219,0.8789492122507115,0.884673057349362,-0.005723845098650426,0.00038891841380707626,14162.662913157536
5,3,37,7,7,349,0.8379029821000009,0.8147023822842218,0.023200599815779155,0.0005369397490739366,17689.695732654043
5,3,38,8,8,63,0.8854749406476671,0.8618748525010361,0.02360008814663095,0.00012152953668529855,4071.2331289353897
5,3,40,5,5,36,0.7500932444963628,0.728410273615077,0.02168297088128579,5.620227353215783e-05,1863.5886133006602
5,3,41,9,9,35,0.8758417150748471,0.8692414491286847,0.006600265946162365,4.5949749558454296e-05,1944.5260946775657
5,3,42,4,4,173,0.8284444959701157,0.8284629712500798,-1.8475279964125235e-05,0.000280426239032193,10301.66281470092
5,3,43,3,3,3,0.8500349856845015,0.6511088406542878,0.19892614503021377,4.219482658935317e-06,141.19058463929497
5,3,44,0,0,1,0.9999999669802713,0.46491640451461763,0.5350835624656536,0.0,0.0
5,3,45,5,5,24,0.7748375653824112,0.7401685766281847,0.034668988754226526,2.6366946578057136e-05,1227.48273739671
5,3,46,6,6,3,0.7042906999362506,0.3830502695109937,0.3212404304252569,3.829603538741882e-06,108.14563019898031
5,3,47,8,8,28,0.8428461609039085,0.796823067105202,0.046023093798706505,3.8782974090282084e-05,1480.5059282738005
5,3,48,1,1,17,0.80856017786691,0.8073152659560867,0.0012449119108233209,2.5963230624475214e-05,949.8313836963368
5,3,49,5,5,6,0.9047166913945129,0.7211303922187817,0.18358629917573122,8.649350405472646e-06,320.2696825254524
5,3,51,2,2,26,0.8259779322187711,0.8434257693017684,-0.017447837082997242,5.12422850394358e-05,1639.2040149742759
5,3,52,0,0,250,0.8970888476274987,0.8994771213346876,-0.0023882737071888593,0.0003659024443901487,14724.577743164391
5,3,53,3,3,168,0.8852623961023949,0.8678214778637987,0.01744091823859617,0.000296924214876264,11186.579508543442
5,3,54,3,3,88,0.8386920842530516,0.8479959658653289,-0.009303881612277243,0.00014594753737619669,5369.588264557023
5,3,55,8,8,9,0.8581413748683886,0.6999587926830901,0.15818258218529846,1.5239951770403004e-05,498.6466607203611
5,3,56,3,3,236,0.850869312488749,0.8387485566817858,0.012120755806963146,0.0003130558053804193,12498.126016870312
5,3,57,6,6,239,0.8602573727161079,0.8560797759496023,0.004177596766505642,0.00043794640699650023,14457.247581929134
5,3,58,8,8,158,0.8009635777304026,0.7895281844390307,0.011435393291371887,0.00020669216373391566,8604.126967958573
5,3,59,8,8,169,0.8296916117005078,0.8249008423801415,0.004790769320366262,0.00021330849933225767,8616.41947234838
5,3,60,6,6,72,0.8486191192815494,0.844410017286334,0.004209101995215403,9.189160712528263e-05,3852.1805117961753
5,3,61,7,7,168,0.8113208971199518,0.8078393964412411,0.0034815006787106695,0.00020457513814742964,9085.087429453259
5,3,62,7,7,8,0.8159570815660934,0.7443300361586501,0.07162704540744325,0.0,424.8906427156623
5,3,64,0,0,130,0.908819472046347,0.9065357905636108,0.0022836814827362772,0.00020764196543576375,7838.003156803756
5,3,65,5,5,260,0.8001732310739603,0.7996003809505392,0.0005728501234211203,0.00037582980566003277,14126.095303243186
5,3,66,3,3,34,0.8642478595069778,0.8553895803220051,0.008858279184972728,4.904231377493515e-05,2052.6325688158163
5,3,67,6,6,9,0.7704019369152946,0.7081875945619969,0.0622143423532977,1.5295073867560294e-05,492.7676555001227
5,3,68,3,3,291,0.8723870570337589,0.8652399509735025,0.00714710606025637,0.00041807869250553854,16810.360311554065
5,3,69,4,4,266,0.87488613434773,0.8627131344587666,0.012172999888963365,0.00043892840075086,15397.512787129797
5,3,70,9,9,132,0.8253321942789349,0.8407088554713731,-0.01537666119243819,0.0001923425934613238,7440.6842760138725
5,3,71,3,3,130,0.8694435350910384,0.8412243621207716,0.02821917297026688,0.00016029430822091237,7216.286233733949
5,3,72,2,2,79,0.8314157950767731,0.8241798131243534,0.007235981952419701,0.00011722166127946219,4792.937422910159
5,3,74,6,6,3,0.8124379704930444,0.7027902589227225,0.10964771157032194,5.718357736806565e-06,137.0873086731863
5,3,75,4,4,17,0.8958209469326042,0.8610168146833269,0.03480413224927725,3.911362697954931e-05,1144.0140579695383
5,3,76,7,7,21,0.8131819408657731,0.7823871316045077,0.030794809261265432,3.081398614598838e-05,1182.7913120841804
5,3,77,8,8,115,0.8741899291935091,0.8779969534514436,-0.0038070242579344438,0.00017858874218335222,7034.2344415478065
5,3,78,2,2,99,0.8126003676909033,0.8281005330829755,-0.015500165392072218,0.00015133858766144115,6055.428304719419
5,3,79,5,5,11,0.839518921746398,0.7758902229425824,0.06362869880381561,1.535590070535579e-05,624.2001075802026
5,3,80,0,0,109,0.8707124886414829,0.85732065269361,0.013391835947872854,0.0002118110049947418,6367.566404505409
5,3,81,6,6,92,0.8328480169094244,0.8462476744840556,-0.01339965757463113,0.00011607878595691303,4987.653343922293
5,3,82,0,0,121,0.8793314258512771,0.8913170272791197,-0.011985601427842552,0.00019658153133517237,7768.100748027659
5,3,83,4,4,283,0.8973681986880472,0.8621151224249615,0.035253076263085714,0.00048670986163991707,17935.121647727123
5,3,84,0,0,29,0.7707426818649036,0.7760228146692388,-0.005280132804335258,4.36756954058727e-05,1462.6459205438432
5,3,85,5,5,7,0.8380165225192017,0.7809382823114812,0.057078240207720454,1.1253927041115057e-05,362.4645791958111
5,3,86,6,6,23,0.8374260499137687,0.8732392504404417,-0.03581320052667303,4.1522507918109955e-05,1442.9476531345945
5,3,87,1,1,36,0.7838729498363071,0.7532401183919023,0.030632831444404762,5.188479696617029e-05,2089.731549449089
5,3,88,9,9,174,0.881116009574323,0.864343790470615,0.016772219103707964,0.00028749147902679183,10601.855432544433
5,3,89,9,9,33,0.8383814306848909,0.8003859953978468,0.03799543528704408,4.5351915265946956e-05,1830.2615023155279
5,3,90,2,2,4,0.8208602913324645,0.7476359737242886,0.07322431760817594,0.0,184.45585709090076
5,3,91,8,8,267,0.8455195758297781,0.8356383481849999,0.009881227644778168,0.0005045891638586892,16822.223694743003
5,3,92,1,1,83,0.8355349897327793,0.8248796663226265,0.01065532341015274,0.0001395655660102851,4933.432763350724
5,3,93,2,2,135,0.8625137834979744,0.8402334955429208,0.022280287955053546,0.00027440081790388747,8202.72111647013
5,3,95,2,2,34,0.8899911961945858,0.8651401574399022,0.02485103875468353,5.930035533682313e-05,2278.782911152457
5,3,96,7,7,53,0.8523837796262503,0.8174194108826631,0.034964368743587215,8.504647156740342e-05,2778.1185268293416
5,3,97,2,2,19,0.8673420396951897,0.8404655906672958,0.02687644902789399,2.700918400366898e-05,1219.8845762812875
5,3,98,5,5,230,0.8362648085959857,0.8105017585727644,0.025763050023221323,0.0002958682462791733,13502.824447671983
5,3,99,9,9,49,0.8158150578375346,0.7994572627051136,0.01635779513242097,7.255913909261001e-05,2866.309185536247
5,4,0,5,5,51,0.8941566889828783,0.9031143468320829,-0.008957657849204659,0.00010105812587632029,3507.3923314219137
5,4,1,9,9,216,0.8351604128683604,0.8450798400795735,-0.009919427211213083,0.0003188763238168382,13512.21597219759
5,4,2,6,6,5,0.7458514883265414,0.6270412939488903,0.11881019437765106,6.608328679226904e-06,206.95776284383842
5,4,3,4,4,54,0.8035742458582615,0.8094897603744771,-0.005915514516215525,8.300971988666131e-05,3166.336521083737
5,4,4,8,8,112,0.844847460017692,0.8471427001589078,-0.0022952401412158485,0.00019128505473055152,6914.880090286276
5,4,5,9,9,20,0.8004510496494603,0.8180491295484871,-0.01759807989902673,3.231581409071424e-05,1135.304807200872
5,4,6,7,7,59,0.8429306021601979,0.8090934289012681,0.033837173258929765,8.491048167878071e-05,3921.3511737184112
5,4,7,6,6,20,0.815310789383265,0.8070671867616352,0.008243602621629709,2.737623457385682e-05,1265.3972354211282
5,4,8,4,4,16,0.7926502853395174,0.7885968555811644,0.004053429758352989,0.0,806.438594842349
5,4,9,7,7,1,1.0000000166906435,0.4857523037962247,0.5142477128944188,0.0,0.0
5,4,10,1,1,12,0.7432367088413878,0.6709489480665988,0.07228776077478904,1.8170532378255592e-05,652.5548567536404
5,4,11,0,0,11,0.7996336930275383,0.7095335306085991,0.09010016241893914,2.3152116723853755e-05,598.6921522021386
5,4,12,0,0,24,0.7756922256097313,0.7993907852785028,-0.023698559668771546,3.1633209946994516e-05,1266.8530233249217
5,4,13,2,2,6,0.8284259614122725,0.7611379498582482,0.06728801155402431,7.930418820474868e-06,296.96580059872707
5,4,14,3,3,293,0.8318374229529026,0.8344174183078779,-0.0025799953549752175,0.0003599497650909363,17829.349977564718
5,4,15,4,4,1,1.0000000540685543,0.3481136153935793,0.651886438674975,0.0,0.0
5,4,16,6,6,128,0.7893188459488845,0.7838073971003787,0.00551144884850574,0.0,7103.56122563577
5,4,17,7,7,217,0.8459981111435052,0.838548374170353,0.00744973697315221,0.0003062986726187649,12076.546961181984
5,4,18,2,2,178,0.8542548599238878,0.8812682558471773,-0.02701339592328944,0.00030229328028352927,10591.616139305921
5,4,19,5,5,103,0.8412843633389815,0.8344066641584804,0.006877699180501073,0.00013764299365170098,6371.344226151901
5,4,20,1,1,141,0.8572359620151608,0.8593203391968881,-0.0020843771817272705,0.00022898017748143866,8762.098428732055
5,4,21,8,8,152,0.8983091842431549,0.8934054508058163,0.00490373343733852,0.0002623191532111327,9795.263947499565
5,4,22,4,4,60,0.7652804717449897,0.774683469108604,-0.009402997363614274,7.647708255194169e-05,3167.2696992955107
5,4,23,3,3,1,1.0000000680922436,0.28566946021710826,0.7143306078751354,0.0,0.0
5,4,24,5,5,37,0.9165567252258682,0.8846593704893911,0.031897354736477035,9.293276502157586e-05,2864.9778640588984
5,4,25,7,7,14,0.8180494226318366,0.7647835134951687,0.053265909136667844,1.8192365873293164e-05,773.2340514487754
5,4,26,4,4,219,0.838420052149118,0.8127884882681768,0.02563156388094112,0.0003114829487122736,12513.865403989383
5,4,27,8,8,60,0.8447139327686435,0.8210734103248855,0.023640522443758027,0.00012164697548681451,3604.8048780340387
5,4,28,0,0,2,0.8295170303276532,0.5321656358969753,0.29735139443067793,0.0,74.72066477916336
5,4,29,2,2,72,0.8036665457378241,0.819843987215765,-0.016177441477940868,0.00010077020421352535,3921.3296134165294
5,4,30,0,0,1,0.9999999625006167,0.49813964154850143,0.5018603209521153,0.0,0.0
5,4,31,1,1,62,0.8759407072366027,0.8588034400554466,0.017137267181156046,0.00010295069468245671,3746.2936029089583
5,4,32,3,3,55,0.8228662259191071,0.8250172088560238,-0.0021509829369167344,8.237551402589208e-05,3198.7676244108884
5,4,33,1,1,44,0.7916346863283021,0.802251098233088,-0.010616411904785905,5.060922460085853e-05,2132.797692118074
5,4,34,9,9,273,0.872253746102057,0.862848058851547,0.009405687250509942,0.00045482345889655,17290.668983792613
5,4,35,4,4,17,0.760817071893879,0.7315550670278547,0.02926200486602437,2.3656045524934075e-05,889.8035177251691
5,4,36,9,9,43,0.875920587477313,0.8452724863537959,0.030648101123517124,6.824656985085465e-05,2688.4674974737686
5,4,37,7,7,3,0.8140415041321355,0.7199450813509515,0.09409642278118402,4.628057026150267e-06,127.45531619192408
5,4,38,8,8,5,0.8398693494130897,0.7226914542134486,0.11717789519964106,7.000343762594074e-06,283.95323321032095
5,4,39,7,7,79,0.8688179639519864,0.8477650651326224,0.021052898819364008,9.991933604926783e-05,4798.377834405616
5,4,40,5,5,77,0.7953001779917246,0.7585614851645017,0.03673869282722286,0.00012252933753202194,3879.229868822552
5,4,41,9,9,11,0.8719424914764731,0.8549514935661106,0.016990997910362515,1.7813385156069202e-05,635.6412740435956
5,4,42,4,4,108,0.8305151832852411,0.8297251082852675,0.0007900749999736334,0.00013517196582398636,6433.416183334231
5,4,43,3,3,3,0.8987130733720579,0.8067091129997007,0.09200396037235714,6.151137717662869e-06,159.84572938185454
5,4,44,0,0,146,0.8133287069254546,0.8056274798526821,0.007701227072772432,0.00022760036531632637,8053.405545058099
5,4,45,5,5,174,0.8102552036083774,0.7830466007222745,0.02720860288610294,0.00024998944666213983,8887.50702730816
5,4,46,6,6,59,0.7873673413381902,0.7916020441063029,-0.004234702768112664,0.00012195488468054223,3229.8512342477698
5,4,47,8,8,23,0.8748130568872816,0.8203439673094984,0.05446908957778318,3.087626704671981e-05,1229.65339951312
5,4,48,1,1,154,0.8431678322340324,0.820735772150444,0.022432060083588334,0.000282888138133531,8838.278609583049
5,4,49,5,5,288,0.8988550513100649,0.8857548210152347,0.013100230294830206,0.0004213527518854461,17288.617983776712
5,4,50,1,1,2,0.8885631285265589,0.5823387130561665,0.3062244154703925,0.0,79.04421956388286
5,4,51,2,2,330,0.8846152502901669,0.8336768465980546,0.05093840369211222,0.0005828693056347358,21324.725182916427
5,4,52,0,0,22,0.8544668559337263,0.867381007038729,-0.012914151105002714,3.1033205115343255e-05,1213.70184505954
5,4,53,3,3,32,0.8597483942954143,0.8819856044105491,-0.022237210115134798,0.0,2025.037724909304
5,4,54,3,3,96,0.8653908163681339,0.8643349375517008,0.0010558788164330979,0.00017260469598487913,6079.262261281091
5,4,55,8,8,8,0.7875160204168877,0.6375255529427002,0.14999046747418754,0.0,402.9615354643008
5,4,56,3,3,17,0.8067130587512034,0.7897912317891679,0.01692182696203548,2.5237826988099924e-05,871.733877764729
5,4,57,6,6,20,0.8752397050598054,0.829378404274229,0.045861300785576375,3.019621490547175e-05,1087.5373837163577
5,4,58,8,8,32,0.8101354866910317,0.7887899092178001,0.021345577473231625,0.0,1772.5711167666311
5,4,59,8,8,26,0.835383200850256,0.7867948836601665,0.04858831719008949,3.3034141376582786e-05,1312.6631238053708
5,4,60,6,6,9,0.8433337050564839,0.8283356084151591,0.014998096641324787,1.366273366510991e-05,479.72600060864596
5,4,61,7,7,167,0.8109426002231087,0.8173815562525159,-0.006438956029407139,0.0001982044150746792,9346.838339989416
5,4,62,7,7,138,0.8747774877202752,0.8553637038879526,0.019413783832322618,0.00026852111895855674,8440.541186679682
5,4,63,1,1,2,0.88361121402083,0.6242631046063701,0.25934810941445985,0.0,78.34263326634527
5,4,64,0,0,147,0.90643261020189,0.9055126817006433,0.0009199285012467806,0.00027278834481072033,9256.54539602365
5,4,65,5,5,19,0.8154307460597064,0.7506548634213459,0.06477588263836054,2.3040439880446842e-05,980.9243873325917
5,4,66,3,3,138,0.892516202146652,0.8821554540069466,0.010360748139705334,0.00026250068593436897,8640.167638421213
5,4,67,6,6,1,0.9999999668542313,0.5673177259085885,0.4326822409456428,0.0,0.0
5,4,68,3,3,67,0.862708742817533,0.8654871290746364,-0.002778386257103471,9.897847487783051e-05,3897.864915316554
5,4,69,4,4,23,0.8139322828425813,0.8056643480616178,0.008267934780963548,2.811024218100371e-05,1283.659109963341
5,4,70,9,9,105,0.8567226494008062,0.8373403817776978,0.019382267623108462,0.00015100393532695025,5979.299915706997
5,4,71,3,3,172,0.8459348315093849,0.8529736495749757,-0.007038818065590813,0.00025743285380298457,9314.823180455596
5,4,72,2,2,1,1.0000000160727072,0.5244564133000176,0.4755436027726896,0.0,0.0
5,4,73,1,1,152,0.8698875012875364,0.8770548916959294,-0.007167390408392982,0.00027195046912889363,9794.278529864372
5,4,74,6,6,134,0.8866962251661966,0.8662312455795005,0.02046497958669613,0.0002510442765387128,8597.869743709247
5,4,75,4,4,146,0.9075704874080414,0.9026232320558849,0.004947255352156454,0.00024473075500909796,9938.279059071265
5,4,76,7,7,10,0.8216598930440878,0.8212217650312025,0.00043812801288534153,1.66490286095904e-05,560.1082702085642
5,4,77,8,8,42,0.8316431464680275,0.85208185780083,-0.020438711332802506,8.994715891355381e-05,2518.6232367447815
5,4,78,2,2,7,0.7732183507191567,0.6860250434150126,0.0871933073041441,1.1608864437379972e-05,399.59252110257654
5,4,79,5,5,266,0.8560404641049918,0.8535722326296697,0.002468231475322047,0.0004355598896631769,15012.87690470127
5,4,80,0,0,96,0.8593375984815361,0.8771793784942795,-0.01784178001274339,0.00015792506535067596,5788.5881786935415
5,4,81,6,6,54,0.8390394292035294,0.8095189334102525,0.02952049579327687,7.268787616908641e-05,2835.1180260624137
5,4,82,0,0,1,1.000000028674636,0.4722149864339643,0.5277850422406717,0.0,0.0
5,4,83,4,4,2,0.893864693647558,0.6983705710481495,0.19549412259940857,0.0,82.50966813226894
5,4,84,0,0,26,0.7901450941375212,0.7578633595476408,0.03228173458988037,2.79526224570571e-05,1308.7258840702807
5,4,85,5,5,109,0.840898117983552,0.8427624432274292,-0.0018643252438772517,0.00014412215227198728,6089.3112228357895
5,4,86,6,6,40,0.866182080181359,0.8586930814830523,0.007488998698306659,6.690206250493573e-05,2566.5010127583896
5,4,87,1,1,28,0.8377416565285711,0.7810120029210028,0.05672965360756832,4.2492047991483846e-05,1521.5065752207297
5,4,88,9,9,24,0.8562688210039194,0.8565716671604232,-0.00030284615650377766,3.8138622581004504e-05,1454.3930296264903
5,4,89,9,9,97,0.8187664228539588,0.8051356652739762,0.013630757579982666,0.0001354850793245615,5133.923140790994
5,4,90,2,2,245,0.8125114429472736,0.8214379220330101,-0.008926479085736516,0.00032848702461737273,12889.314851897207
5,4,91,8,8,7,0.8577919659060651,0.7421539869083948,0.11563797899767025,1.1411669347709972e-05,420.0966669493872
5,4,92,1,1,21,0.8042605139116966,0.7920955015840777,0.012165012327618907,2.795029996819151e-05,1158.1503284995445
5,4,93,2,2,16,0.7995679950410519,0.7823704743709016,0.017197520670150346,0.0,1000.9686715895991
5,4,94,9,9,4,0.8911807341882688,0.6145409723658615,0.27663976182240735,0.0,191.0064561963536
5,4,95,2,2,49,0.8708226628250447,0.8477985753712356,0.023024087453809128,8.504894024472041e-05,3137.7981907925528
5,4,96,7,7,3,0.8854112751847862,0.4960479426888892,0.38936333249589705,4.315510522073292e-06,129.64089208355955
5,4,97,2,2,165,0.9045947998216479,0.8723545191335036,0.03224028068814433,0.0002550537913917784,11040.468693759358
5,4,98,5,5,28,0.8152076004415068,0.7776003301000627,0.037607270341444066,3.789102319405611e-05,1754.8616775623993
5,4,99,9,9,62,0.8027827585289462,0.8034269157954673,-0.000644157266521117,7.152012629853812e-05,3423.0789435910538
10,0,0,5,5,120,0.8672638371306731,0.8823897171178029,-0.015125879987129776,0.00022594304273314327,8125.48046057415
10,0,2,6,6,10,0.8265857543011472,0.7543646499938123,0.07222110430733497,1.4617420372413546e-05,542.672885024204
10,0,3,4,4,63,0.8224901053797676,0.8173215771722946,0.005168528207473044,0.00010069625396659505,3885.6444188533865
10,0,4,8,8,33,0.8188642056229638,0.8304971488040156,-0.011632943181051791,5.878379085549354e-05,1918.2186054084427
10,0,5,9,9,8,0.8724343613178046,0.7810928003301946,0.09134156098761004,0.0,414.3730154721238
10,0,6,7,7,21,0.8608346743398501,0.7712879933356952,0.08954668100415486,3.076665812172219e-05,1488.045598263122
10,0,7,6,6,6,0.8217501809522457,0.7452758347780982,0.0764743461741475,7.931978140591678e-06,358.9993357537965
10,0,8,4,4,14,0.7843455748257052,0.8051198491115481,-0.020774274285842886,2.1567458956038835e-05,707.9668011924615
10,0,9,7,7,35,0.8477209736739303,0.7880552423854432,0.05966573128848707,4.661119674675854e-05,2107.0957398401356
10,0,10,1,1,29,0.7949842615855894,0.7247568338811109,0.07022742770447854,3.9180834111349897e-05,1450.9153181180486
10,0,11,0,0,97,0.7620524107018579,0.7376954592321069,0.02435695146975103,0.00013630980604397322,4936.8806576319275
10,0,12,0,0,42,0.7990356005168989,0.7728971250668406,0.02613847545005832,5.1657522252938056e-05,2240.2405205353543
10,0,13,2,2,52,0.8315352912255104,0.8119088489848144,0.019626442240695985,6.303959955359379e-05,2798.0225183122725
10,0,14,3,3,14,0.8387093102281405,0.7989618525478459,0.03974745768029464,2.94595689465089e-05,876.9682812798939
10,0,15,4,4,21,0.8732769848965196,0.834461121041431,0.03881586385508862,3.408232167570238e-05,1299.7997509427935
10,0,16,6,6,54,0.8115494555569608,0.7620474251763867,0.0495020303805741,8.272851555984061e-05,2872.78045301575
10,0,17,7,7,47,0.8585692825842204,0.8326626512696907,0.025906631314529638,8.084830774674628e-05,2636.7042218688343
10,0,19,5,5,5,0.8119295883533599,0.7418341345367309,0.07009545381662907,6.852573124614979e-06,251.74728863107018
10,0,20,1,1,195,0.8702594490917858,0.8566098078456695,0.013649641246116229,0.0002746760235042962,12239.379462302504
10,0,21,8,8,38,0.8926115686747883,0.8761701759973878,0.016441392677400524,5.7712395670495465e-05,2337.27365802362
10,0,22,4,4,1,0.9999999399319097,0.46024187720908677,0.5397580627228229,0.0,0.0
10,0,23,3,3,175,0.8747894904227509,0.8607070790811531,0.014082411341597822,0.00018706849465335452,8773.603321596685
10,0,25,7,7,2,0.8787948909738529,0.6248823657984253,0.2539125251754276,0.0,78.06160195178573
10,0,26,4,4,61,0.8220099659885948,0.784788702294544,0.037221263694050766,7.96092109815046e-05,3562.609649031244
10,0,27,8,8,15,0.8262630968054171,0.8062979541586888,0.01996514264672833,3.217228827112285e-05,885.2300585807875
10,0,28,0,0,3,0.8360223968605196,0.6094886110064034,0.2265337858541162,5.38641006887814e-06,158.10737333247425
10,0,29,2,2,43,0.7790061409243197,0.7760858573137104,0.0029202836106093644,6.154080936896568e-05,2203.0019237861384
10,0,30,0,0,25,0.8761258100368139,0.8761825763242144,-5.676628740047818e-05,4.304464723255474e-05,1624.2753970175913
10,0,32,3,3,13,0.7953868899393977,0.7364196807138911,0.05896720922550658,1.5095604018421328e-05,647.5657208839126
10,0,33,1,1,128,0.8290982897453295,0.8175198664430192,0.011578423302310292,0.0,6086.617608470401
10,0,34,9,9,79,0.864501205080149,0.8666563996849741,-0.0021551946048250503,0.000128609805901989,4937.86290060149
10,0,35,4,4,15,0.823725814636848,0.7274738958388814,0.09625191879796657,2.1406001762734525e-05,760.8868094344857
10,0,36,9,9,33,0.8315481830691774,0.8442181610900007,-0.012669978020823258,4.417235618146398e-05,1919.9156965552315
10,0,38,8,8,52,0.8835484020573632,0.8647817158444081,0.018766686212955075,8.941090012942418e-05,3381.170962587656
10,0,39,7,7,31,0.8715865139725075,0.851938488436773,0.019648025535734526,4.794210250664584e-05,1854.4784078161379
10,0,40,5,5,73,0.788534640641224,0.7679677947109549,0.02056684593026914,7.242790648436708e-05,3654.043369741075
10,0,41,9,9,20,0.8220581483375343,0.837750919510668,-0.015692771173133724,3.4952346849058135e-05,1111.6734823880606
10,0,42,4,4,16,0.8056343944826642,0.7906799958703526,0.014954398612311515,0.0,934.9926707897465
10,0,44,0,0,27,0.8103810791809407,0.7978950529713447,0.012486026209596046,3.99201745321827e-05,1630.2246769783608
10,0,45,5,5,3,0.8167882262278136,0.6345928425818682,0.18219538364594534,4.6499514118449225e-06,139.63279604244553
10,0,46,6,6,10,0.7711122907036113,0.7203620376611741,0.05075025304243719,1.8396675238787808e-05,525.2653830372184
10,0,47,8,8,16,0.8711366578748669,0.7873774725181633,0.08375918535670368,0.0,910.9596630771367
10,0,48,1,1,37,0.8225445844778124,0.8191710047847184,0.003373579693094042,5.102721692784611e-05,2123.902550102184
10,0,49,5,5,7,0.8487088180338653,0.7749762609470222,0.07373255708684312,1.0678492006796471e-05,394.37563991238034
10,0,50,1,1,130,0.8277356055161951,0.8401280435099178,-0.012392437993722694,0.000273920931270296,8320.498360153022
10,0,51,2,2,190,0.849518435464577,0.878463369060579,-0.02894493359600203,0.0003130193697253911,12273.633944155747
10,0,52,0,0,89,0.8829312858794575,0.8818132311536276,0.0011180547258298201,0.00017119189777193625,5215.964793855198
10,0,53,3,3,66,0.8598376345895189,0.8668836076692974,-0.0070459730797785,8.637372143585357e-05,4261.545676473633
10,0,54,3,3,77,0.8334372088423774,0.8519513060871402,-0.018514097244762828,9.944758105364712e-05,4732.748077222879
10,0,55,8,8,7,0.7939295110526484,0.7236074877183472,0.07032202333430126,1.4208439621196702e-05,365.8728776117623
10,0,56,3,3,97,0.8255751891243108,0.8356053277652596,-0.010030138640948816,0.00011666113703449828,5043.491233283603
10,0,57,6,6,14,0.8302037030115976,0.8075481891909534,0.022655513820644235,2.5343859265894692e-05,825.9816220641808
10,0,58,8,8,86,0.788808666861101,0.7936924865544255,-0.00488381969332452,0.000123336053351927,4765.837802238265
10,0,59,8,8,4,0.8607421991797203,0.6827648224268104,0.17797737675290992,0.0,182.8419452504305
10,0,60,6,6,4,0.8170323288427592,0.7096157890074973,0.10741653983526189,0.0,172.73988875709193
10,0,61,7,7,34,0.7757933507366906,0.781111958906963,-0.00531860817027241,4.344260291217377e-05,1854.8043686794024
10,0,62,7,7,23,0.8423881855662255,0.8364921358456282,0.005896049720597318,3.08446555144859e-05,1470.3860723124567
10,0,63,1,1,21,0.8257720918362282,0.7997378394251062,0.026034252411122005,4.387175411345542e-05,1284.9860487665105
10,0,65,5,5,1,1.0000000327326437,0.5736637737451864,0.4263362589874573,0.0,0.0
10,0,66,3,3,5,0.9054348576300475,0.8638326291220461,0.04160222850800144,9.063337573579788e-06,315.8208908650463
10,0,67,6,6,93,0.8476408889675887,0.8378767895827876,0.009764099384801161,0.00010833982818020484,5627.416510270543
10,0,68,3,3,1,0.9999999659951134,0.40256641125948206,0.5974335547356313,0.0,0.0
10,0,69,4,4,4,0.8605748823904136,0.7658927185119563,0.09468216387845729,0.0,195.36804146962893
10,0,71,3,3,5,0.8015303808561901,0.7579552008344757,0.043575180021714455,6.956651998129042e-06,230.27817206160566
10,0,72,2,2,35,0.8429334035955401,0.7893216808281107,0.053611722767429426,4.9281865045952334e-05,2004.8879837696218
10,0,73,1,1,6,0.8665313542108647,0.8069113714492729,0.05961998276159175,1.2024599525399074e-05,383.2223983378807
10,0,74,6,6,128,0.8609872467404464,0.8590183097116401,0.0019689370288062946,0.0,8392.60780012888
10,0,75,4,4,49,0.9048471203713938,0.9240871250474235,-0.01924000467602971,6.994012721876418e-05,3423.2928453167856
10,0,76,7,7,3,0.8670949115406058,0.49466351349666876,0.37243139804393705,4.645602146563592e-06,131.25714077372393
10,0,77,8,8,115,0.866228994969392,0.865550732143814,0.0006782628255780354,0.0002455263790313862,7018.4375804517595
10,0,79,5,5,1,1.0000000149012358,0.4213151071302237,0.5786849077710121,0.0,0.0
10,0,80,0,0,2,0.8540188960123896,0.6307897347623747,0.2232291612500149,0.0,76.466018200833
10,0,81,6,6,3,0.7660125623180788,0.6145996899829334,0.15141287233514544,4.1703263657308195e-06,110.27825556793336
10,0,83,4,4,41,0.8769609553895951,0.8702691258878801,0.006691829501714985,5.717942733133692e-05,2606.253604584393
10,0,84,0,0,58,0.8073330995749508,0.8025263999389016,0.004806699636049183,8.473109529072735e-05,2924.651740117912
10,0,85,5,5,1,0.9999999715908462,0.43636696442274586,0.5636330071681004,0.0,0.0
10,0,86,6,6,29,0.8536823862272975,0.8412989539204578,0.012383432306839692,3.8628277027975324e-05,1731.753127105822
10,0,88,9,9,56,0.8831681511314518,0.8761973249803927,0.00697082615105904,0.00012964140048106465,3578.0090228474514
10,0,89,9,9,5,0.8123436974027284,0.5718802080473444,0.24046348935538397,8.582772006979416e-06,267.4531647940389
10,0,91,8,8,7,0.7988913766645185,0.7325053302222821,0.06638604644223633,1.1560277997915352e-05,386.981373871854
10,0,92,1,1,16,0.8041061782509864,0.7386458109213531,0.06546036732963334,0.0,896.9937316803148
10,0,93,2,2,115,0.8585921812834894,0.8732617680984806,-0.014669586814991198,0.00015927965553494896,7129.318184296821
10,0,94,9,9,2,0.8365961489765766,0.49303916440563533,0.3435569845709413,0.0,62.63868246362172
10,0,95,2,2,54,0.8537266361475528,0.8436648159336794,0.010061820213873474,8.393793005405487e-05,3430.7155229220284
10,0,96,7,7,2,0.8308155003948051,0.6123912165891496,0.21842428380565548,0.0,68.7272802320782
10,0,97,2,2,31,0.8889155366944113,0.852589809262823,0.03632572743158824,5.048849022478774e-05,2058.4021752993963
10,0,98,5,5,2,0.8444506659896286,0.6625033654257211,0.1819473005639075,0.0,80.02813000313206
10,1,0,5,5,50,0.8933552870739446,0.857268791962249,0.03608649511169559,9.488862946906563e-05,3361.4096273503037
10,1,1,9,9,100,0.8526306335877171,0.845660134151295,0.0069704994364220285,0.00013590788324868515,6504.056434047712
10,1,2,6,6,271,0.842829639335816,0.8090165746208918,0.03381306471492418,0.0004242280770018304,15078.320137194938
10,1,3,4,4,47,0.8394054997070978,0.8236786869857297,0.01572681272136811,9.993615833548417e-05,2853.5131015385105
10,1,4,8,8,2,0.9224279213169025,0.7016789410966768,0.2207489802202257,0.0,75.17693565072496
10,1,5,9,9,137,0.8313722125193834,0.8381663498608115,-0.006794137341428086,0.00018098792368103698,7908.62522496921
10,1,6,7,7,140,0.8665358881116887,0.8575484060363946,0.008987482075294095,0.000324789510318319,9612.767514471148
10,1,7,6,6,140,0.8236575514508329,0.8286381561183565,-0.0049806046675235915,0.00023499296353159804,8850.403654030251
10,1,8,4,4,9,0.7978578127158532,0.7898468437467264,0.008010968969126786,1.0941506083299e-05,434.3352977253025
10,1,9,7,7,3,0.8887782715936321,0.5868704046712062,0.3019078669224259,6.043830962507913e-06,146.0070204956291
10,1,10,1,1,24,0.7462532222216589,0.7109035813457825,0.03534964087587644,2.631927891143005e-05,1208.8653142035414
10,1,11,0,0,32,0.7586600297195277,0.7840475027442769,-0.025387473024749196,0.0,1658.3249578311027
10,1,12,0,0,69,0.7826770614178528,0.8468426274080788,-0.06416556599022605,9.37712886659872e-05,3701.519927359648
10,1,13,2,2,59,0.8156772695234138,0.7884949818091276,0.027182287714286213,8.174932026205775e-05,3208.2300932158196
10,1,14,3,3,1,1.000000022449459,0.17768814437244912,0.8223118780770098,0.0,0.0
10,1,15,4,4,5,0.8863871710487046,0.7718057013656926,0.11458146968301197,9.339362785111325e-06,265.8430381034108
10,1,16,6,6,82,0.7924922287612044,0.771591269624971,0.020900959136233355,0.00011098775247346716,4556.964735837206
10,1,17,7,7,8,0.856033862993352,0.7787271888081772,0.0773066741851749,0.0,407.86804753429266
10,1,18,2,2,6,0.8493701326129319,0.7008444580514147,0.14852567456151722,1.0444576563181642e-05,343.6970932093889
10,1,19,5,5,46,0.8236678128069599,0.8328405267005037,-0.009172713893543794,7.736311114350033e-05,2884.6167297361603
10,1,20,1,1,2,0.8830644523564348,0.6499042778618083,0.23316017449462656,0.0,82.20797403673708
10,1,22,4,4,29,0.7251190377324752,0.7169117300341536,0.008207307698321564,4.104942669151689e-05,1489.2479463627526
10,1,23,3,3,2,0.7735962573588675,0.6810630380902193,0.09253321926864821,0.0,61.520979874857694
10,1,24,5,5,5,0.8499624462478665,0.7940389732906914,0.05592347295717515,8.835638138601449e-06,281.32944733557963
10,1,25,7,7,99,0.8307446976534192,0.8159046299072735,0.014840067746145658,0.0001428405313411672,5468.871841160764
10,1,26,4,4,2,0.8453620246208332,0.6511656438409263,0.19419638077990686,0.0,78.28233912418965
10,1,27,8,8,12,0.7855190952220151,0.7973804721793614,-0.011861376957346237,1.4203808331590642e-05,609.0716799174149
10,1,28,0,0,69,0.7978838627826655,0.8074125472197741,-0.009528684437108526,0.00010257522616378777,4071.9768352458523
10,1,29,2,2,15,0.7530455029151623,0.7296909619181994,0.02335454099696288,2.4702398853252013e-05,841.5739062423537
10,1,30,0,0,66,0.8897162642122761,0.8798434232308715,0.009872840981404618,0.00011161232175601768,4395.879836860873
10,1,31,1,1,57,0.8672250315521403,0.8792196427244073,-0.011994611172267078,8.100616072680702e-05,3472.4855258534903
10,1,33,1,1,50,0.7777826360674086,0.7904500023235927,-0.012667366256184143,6.085432503902496e-05,2414.6199709888647
10,1,34,9,9,5,0.8507901045614733,0.7594957308055552,0.09129437375591809,8.763955058803846e-06,276.4725958895033
10,1,35,4,4,17,0.7714191068553649,0.7996803333300803,-0.028261226474715406,2.1819136609772803e-05,928.3876575738203
10,1,36,9,9,4,0.8827662124620012,0.8301404285861171,0.052625783875884014,0.0,227.00435535039617
10,1,37,7,7,23,0.8067435561056701,0.8212405142412094,-0.014496958135539306,2.9079248127574376e-05,1188.9351775780117
10,1,38,8,8,25,0.836031257828765,0.8406011823943091,-0.00456992456554417,4.274817814380074e-05,1544.1974037992536
10,1,40,5,5,100,0.7537583671970417,0.7894258099714752,-0.035667442774433455,0.0001175237795548799,5041.740286702728
10,1,41,9,9,5,0.8376215620291475,0.7562236045396312,0.08139795748951628,8.410149188409548e-06,261.62810492794176
10,1,42,4,4,85,0.8225653301977566,0.8135036282961376,0.009061701901618924,0.00012443291535119431,4895.1074908460705
10,1,43,3,3,5,0.8720963616420141,0.7876635267679818,0.0844328348740323,1.1515005272782942e-05,298.43487966908503
10,1,44,0,0,1,1.0000000329683205,0.5023908748026165,0.49760915816570406,0.0,0.0
10,1,45,5,5,11,0.8267835166555981,0.7611271896900365,0.06565632696556167,1.873613158391941e-05,605.9723752872934
10,1,47,8,8,46,0.86262816890788,0.8360906473617985,0.026537521546081466,6.518113039769045e-05,2431.619263994958
10,1,48,1,1,39,0.8290630979323702,0.7815069939338622,0.04755610399850796,6.232454201624918e-05,2212.580996620558
10,1,49,5,5,2,0.8964025693138374,0.6466397105873254,0.24976285872651205,0.0,70.5747537896452
10,1,50,1,1,14,0.81041608761697,0.751646645686363,0.05876944193060707,2.4680315291399557e-05,842.5661010425623
10,1,51,2,2,4,0.887882265858564,0.733663775440148,0.15421849041841595,0.0,233.4739518666947
10,1,52,0,0,86,0.9056529280708993,0.8757701790084851,0.02988274906241417,0.00012170443696575901,5070.9018336606605
10,1,53,3,3,3,0.8270656676100407,0.7450019388031479,0.08206372880689283,5.202670690576458e-06,152.18599587410114
10,1,54,3,3,120,0.86090251260304,0.860931937422341,-2.9424819301016036e-05,0.00021453602293778495,7571.225528503867
10,1,55,8,8,160,0.8220144877953924,0.8408043463789929,-0.018789858583600494,0.0002592906577482287,8940.843184768062
10,1,56,3,3,33,0.8107169788433947,0.7942325389747211,0.01648443986867354,4.2718121081154793e-05,1776.901023416472
10,1,57,6,6,43,0.8386647629951509,0.8185195130613073,0.02014524993384359,6.920514721344415e-05,2378.0562931175305
10,1,58,8,8,8,0.7507249825173488,0.7064941057288213,0.04423087678852744,0.0,381.9476853000301
10,1,59,8,8,24,0.8413110623607906,0.8286217489628966,0.01268931339789392,3.593533356617379e-05,1274.5054913366291
10,1,60,6,6,14,0.7914332852551031,0.7355898871777973,0.05584339807730587,1.6910493830427406e-05,656.2499848272632
10,1,61,7,7,129,0.8208447404382401,0.7970520541776428,0.023792686260597273,0.00018865367702785205,7276.871624908964
10,1,62,7,7,20,0.8388137063734745,0.7665735091424865,0.07224019723098807,2.919608295016799e-05,1253.0082426130575
10,1,63,1,1,82,0.8312467160370162,0.8119758752847357,0.01927084075228047,0.0001038986677128979,5051.585398418638
10,1,64,0,0,2,0.8953294180197477,0.6267898845106847,0.268539533509063,0.0,63.9323776813829
10,1,65,5,5,7,0.7986270711813754,0.6769516932764843,0.12167537790489114,9.463649043688658e-06,351.4622451418912
10,1,66,3,3,10,0.8275668378466214,0.7699462606772638,0.057620577169357645,1.2166290685238067e-05,568.7507154267307
10,1,68,3,3,19,0.8328479340988612,0.8177951409822826,0.015052793116578589,2.4965541508705212e-05,1042.982315267942
10,1,69,4,4,9,0.8582411140083254,0.6866361521120827,0.17160496189624264,1.2803531189185644e-05,499.9576379646772
10,1,70,9,9,3,0.9082425174904284,0.8321057683939377,0.07613674909649071,4.554828696644404e-06,154.61343948843154
10,1,71,3,3,3,0.8883358462839701,0.7439870900590203,0.1443487562249498,5.30155209949575e-06,151.230835552414
10,1,72,2,2,2,0.89094888578884,0.568393737157109,0.32255514863173107,0.0,80.12538550109507
10,1,73,1,1,5,0.7905899788676051,0.7074053911560234,0.08318458771158166,8.964437774063974e-06,274.7356113698653
10,1,74,6,6,4,0.8627749050041101,0.7367820368349407,0.12599286816916944,0.0,200.89627634162812
10,1,75,4,4,84,0.912878419537204,0.8882827315909878,0.024595687946216138,0.00010742805438785508,5666.487670436677
10,1,76,7,7,41,0.8703541232118694,0.8256975184442815,0.044656604767587926,6.217615533636356e-05,2344.2614870184843
10,1,77,8,8,17,0.8523400337607364,0.8544746431300101,-0.0021346093692736767,2.6013922514053456e-05,920.003331118944
10,1,78,2,2,83,0.8241789226894111,0.7991289365290498,0.02504998616036125,0.0001318337655339973,4917.840207567427
10,1,79,5,5,1,1.0000000416500388,0.2369532349833508,0.763046806666688,0.0,0.0
10,1,80,0,0,12,0.8334858894727968,0.7266204014804047,0.10686548799239204,2.1793310846863047e-05,678.5390770714289
10,1,81,6,6,16,0.8163054066370482,0.7843211403991441,0.03198426623790407,0.0,844.0162553459141
10,1,82,0,0,7,0.8927657624809548,0.7698486113602101,0.12291715112074475,1.2130894936330506e-05,402.5408413478306
10,1,83,4,4,92,0.886780062889031,0.8518600442728945,0.03492001861613647,0.00011241537942522358,5680.378906510602
10,1,84,0,0,148,0.816131576098992,0.8023972820971176,0.013734294001874425,0.00017632998602905116,7451.15954097004
10,1,85,5,5,26,0.8468961422085338,0.8423833117757058,0.004512830432828019,3.863909804735766e-05,1475.2115735653688
10,1,86,6,6,19,0.8482238238137587,0.8077334176860882,0.04049040612767052,3.2954146453395435e-05,1130.4631127219764
10,1,87,1,1,113,0.8320948066123178,0.7960644298447226,0.03603037676759524,0.0001487153689372542,6498.794859356625
10,1,88,9,9,4,0.8488061407009202,0.6621813831425158,0.18662475755840435,0.0,193.8521379443663
10,1,89,9,9,28,0.7964550158075752,0.800691055697348,-0.004236039889772836,4.505469743436947e-05,1517.7987313535307
10,1,90,2,2,6,0.7909006212886197,0.7514274045756548,0.03947321671296489,7.573479789159703e-06,293.4464293560633
10,1,91,8,8,103,0.8281274657304465,0.8401782670340913,-0.012050801303644776,0.0002095341658047702,6161.8163822090455
10,1,92,1,1,14,0.8217559601912324,0.8341296590060925,-0.012373698814860057,1.6814173128189165e-05,801.6744824317643
10,1,93,2,2,12,0.8329204107575545,0.7931323807725945,0.039788029984960005,1.5772089932341272e-05,650.517352163868
10,1,95,2,2,53,0.8643856276962953,0.8485252377898155,0.015860389906479866,8.23773225403674e-05,3522.9681659042485
10,1,96,7,7,15,0.764980635226119,0.744501327135292,0.020479308090826986,1.8534206988640362e-05,740.4228224769244
10,1,97,2,2,18,0.9009657403493122,0.865587709935694,0.0353780304136182,3.304479521588139e-05,1279.6208081537247
10,1,98,5,5,1,0.9999999207019606,0.4717641449663186,0.5282357757356421,0.0,0.0
10,2,0,5,5,44,0.8642291605619449,0.8684385749452728,-0.004209414383327892,7.183203985529602e-05,2882.9794882046244
10,2,1,9,9,6,0.8034048882694619,0.8074092816667165,-0.004004393397254669,8.372295523321569e-06,319.58276526300523
10,2,2,6,6,5,0.8206890943083678,0.704368967038828,0.11632012726953977,7.503408173566027e-06,254.6291486888369
10,2,3,4,4,3,0.8045659365725003,0.6586410699177738,0.14592486665472648,4.899411391061258e-06,137.99736521706927
10,2,4,8,8,66,0.8175269544322161,0.8245759247139469,-0.007048970281730793,0.00013162059916604834,3959.214984444447
10,2,5,9,9,39,0.8299051529568653,0.8363720364745805,-0.006466883517715183,5.455897224800725e-05,2278.5777889622873
10,2,7,6,6,10,0.8207842131003288,0.7974455733329218,0.02333863976740702,1.5121936237504874e-05,568.0119956090971
10,2,8,4,4,9,0.7437762336988499,0.8013745384882142,-0.05759830478936423,1.160886835001823e-05,412.9669079016506
10,2,9,7,7,31,0.8198849184016805,0.7817113028129915,0.038173615588689036,4.7661759774323286e-05,1808.4058387763207
10,2,10,1,1,101,0.8180838709371727,0.8066055259224248,0.01147834501474787,0.00012198819960992041,5178.597863138448
10,2,11,0,0,67,0.7882893752779818,0.7676629248481616,0.020626450429820253,9.258688986830224e-05,3562.8732429621346
10,2,13,2,2,102,0.8307171519544363,0.8182630708840972,0.012454081070339074,0.0001575125046967091,5648.1801376662
10,2,15,4,4,34,0.835851559568549,0.8351109571304672,0.0007406024380817167,4.9591314208404344e-05,2055.445351263271
10,2,16,6,6,4,0.7620020956616104,0.6405984730171744,0.12140362264443594,0.0,181.7417387813923
10,2,17,7,7,115,0.8439085893983882,0.8206381777712439,0.023270411627144272,0.0001512776277057184,6347.607515434356
10,2,18,2,2,4,0.8060599038005453,0.7358674307923948,0.07019247300815046,0.0,200.34438613377614
10,2,19,5,5,11,0.8187165421661259,0.8037619839135038,0.014954558252622041,1.9294010583848748e-05,633.6421138268419
10,2,20,1,1,6,0.8266597676543469,0.7765124195569383,0.05014734809740862,9.298657783452152e-06,330.7262609577633
10,2,21,8,8,4,0.8249525554062642,0.7559403746693041,0.06901218073696014,0.0,195.50039494458525
10,2,22,4,4,70,0.7964384236510059,0.7719720491230668,0.024466374527939094,8.860977930015309e-05,3802.244326729757
10,2,23,3,3,1,0.9999999727671276,0.49137276513393974,0.5086272076331879,0.0,0.0
10,2,24,5,5,83,0.9033006834141762,0.889889153926304,0.013411529487872276,0.00015057437496669468,6168.227243653842
10,2,25,7,7,28,0.80211522988911,0.8147645073499793,-0.012649277460869301,4.0908054239322156e-05,1508.3166650457592
10,2,26,4,4,189,0.8218783966890395,0.8423969485838798,-0.02051855189484031,0.00032235054578322005,10989.816897476503
10,2,27,8,8,59,0.8340174324008301,0.8457295547532618,-0.011712122352431686,7.105868128325145e-05,3568.682444730703
10,2,28,0,0,12,0.8052123948782203,0.7662304550607154,0.03898193981750486,1.8490840087203125e-05,726.2062685185676
10,2,29,2,2,15,0.8030202409180708,0.7871817244627384,0.015838516455332408,2.0853182356455885e-05,821.6279272867646
10,2,30,0,0,2,0.8964482632645019,0.7047278744283565,0.1917203888361454,0.0,70.96735503767609
10,2,31,1,1,82,0.8711440031625971,0.8770433143507361,-0.0058993111881390226,0.000131787182574403,4956.317981835962
10,2,32,3,3,65,0.8212547827934136,0.8290399689913581,-0.007785186197944549,7.27450369939644e-05,3558.11184111815
10,2,33,1,1,25,0.7820741304605481,0.7744414016770593,0.007632728783488751,2.8422948442010062e-05,1218.2605692762606
10,2,34,9,9,113,0.8665591904395628,0.8670453332519633,-0.00048614281240055846,0.0001494408475290905,7048.918838482321
10,2,35,4,4,37,0.7648479679253072,0.7514993654648323,0.013348602460474868,3.656436232694892e-05,1953.5670083000373
10,2,36,9,9,1,0.9999999789666915,0.620008402230092,0.37999157673659945,0.0,0.0
10,2,37,7,7,70,0.8468473173475848,0.7930377014212024,0.05380961592638234,0.00010352846334791382,3494.5756042997687
10,2,38,8,8,1,1.0000000852481503,0.48513415478032557,0.5148659304678247,0.0,0.0
10,2,39,7,7,99,0.8948778932260886,0.8733933860540125,0.02148450717207606,0.00014591615384746507,6068.5931671370145
10,2,40,5,5,17,0.7496644422572505,0.7063023057781436,0.043362136479106916,1.9939116682263274e-05,843.7847943099044
10,2,41,9,9,62,0.8955185215228795,0.9042313876786335,-0.008712866155754062,0.0001112694379080106,3893.977723610096
10,2,42,4,4,26,0.7937831131055032,0.8162162403357234,-0.022433127230220173,4.1399158246877944e-05,1545.4803835807945
10,2,43,3,3,1,1.0000000302772272,0.6033524171123261,0.39664761316490105,0.0,0.0
10,2,44,0,0,50,0.7780665844964089,0.7764427963512731,0.0016237881451357516,5.977134157779962e-05,2710.548440891913
10,2,45,5,5,50,0.7894878808748907,0.7748723280482889,0.014615552826601874,7.16560418447273e-05,2561.8811592247157
10,2,46,6,6,37,0.7595662915620579,0.7325988731429666,0.026967418419091338,4.822784123966922e-05,1963.5085680484312
10,2,47,8,8,35,0.8197206618791595,0.8523674999442808,-0.032646838065121364,5.896157924392317e-05,1953.8710156424618
10,2,48,1,1,222,0.830676537959113,0.8384936865762597,-0.007817148617146663,0.00031962882394951216,12730.657047524572
10,2,49,5,5,6,0.8610666169905353,0.6946491249292808,0.16641749206125456,8.68448328379283e-06,326.34886021584344
10,2,50,1,1,64,0.8427086240161882,0.8053301438100862,0.037378480206102016,0.0,3807.237884606303
10,2,51,2,2,26,0.8485703823351031,0.8019414898179347,0.0466288925171684,4.1356408957208574e-05,1625.7448186668767
10,2,52,0,0,51,0.8730986181962247,0.8579766586530126,0.015121959543212049,7.451636904770116e-05,3045.775025059379
10,2,53,3,3,15,0.8514500643308623,0.8005155200894014,0.05093454424146093,2.7659627674158418e-05,925.4107018873857
10,2,54,3,3,16,0.8663284808027935,0.8626112426979559,0.0037172381048375946,0.0,993.84898589392
10,2,55,8,8,64,0.8228912464335146,0.8071339084610367,0.015757337972477914,0.0,3614.6386213239575
10,2,56,3,3,91,0.846968072877874,0.837566743218774,0.00940132965910001,0.0001452833793144519,4798.308772096815
10,2,57,6,6,21,0.8213677849720025,0.8139404779526338,0.0074273070193686674,2.8523609958710935e-05,1195.3649076161635
10,2,58,8,8,6,0.7668104858669675,0.7773584546123965,-0.01054796874542896,8.240167252214215e-06,271.12629629548684
10,2,59,8,8,1,0.9999999989389938,0.31165342568071314,0.6883465732582807,0.0,0.0
10,2,60,6,6,18,0.8090471101811426,0.7678112263159663,0.04123588386517629,2.1677123425662163e-05,930.9629145471463
10,2,61,7,7,18,0.8101835085996772,0.7544213363066066,0.05576217229307068,2.382514245018731e-05,992.5205075435777
10,2,62,7,7,42,0.8243947326932923,0.8303579748601467,-0.005963242166854399,5.0993223080630883e-05,2348.938943935997
10,2,63,1,1,3,0.8891451152165823,0.6560194079550153,0.233125707261567,5.724642068434705e-06,153.0495445984345
10,2,64,0,0,102,0.8939243724574001,0.9005627732037339,-0.006638400746333817,0.00017501310727962798,6547.381709482439
10,2,65,5,5,59,0.8110992669598349,0.7740441784372789,0.03705508852255601,6.812906113061268e-05,3224.502565185896
10,2,66,3,3,71,0.916866145367192,0.8857920852480715,0.031074060119120506,0.00012175459470781912,4529.257310138156
10,2,67,6,6,19,0.8434437437634543,0.7755581769877417,0.06788556677571267,2.715915566781041e-05,1180.053300642464
10,2,68,3,3,7,0.8414827170514352,0.7674384642360714,0.07404425281536375,1.0521313159637028e-05,406.29941219328737
10,2,69,4,4,10,0.7937368420710889,0.7592894419759322,0.03444740009515668,1.4669102293718863e-05,515.5429089811696
10,2,70,9,9,176,0.8528647448868322,0.8486890473493216,0.00417569753751057,0.00025874816387956313,9968.645176531541
10,2,71,3,3,246,0.8419683768580282,0.8630009278659592,-0.021032551007931,0.0002841944104482516,13550.895829319119
10,2,72,2,2,63,0.8558399056429299,0.826396062760005,0.029443842882924898,0.00010218207201057908,3831.5379057298824
10,2,73,1,1,2,0.9543011829736725,0.6801887686124038,0.27411241436126865,0.0,72.77817568684827
10,2,74,6,6,32,0.879135846184337,0.8241160868398886,0.05501975934444847,0.0,2161.059931501018
10,2,76,7,7,9,0.8004542470950617,0.7970952506530168,0.003358996442044959,1.216459554140731e-05,435.13223403349974
10,2,77,8,8,15,0.8246918218573229,0.8128031619463529,0.01188865991096999,2.2897924468745176e-05,994.1208747039813
10,2,78,2,2,51,0.8195521536245484,0.8324209805594774,-0.012868826934929078,8.337206366393377e-05,3115.3932876887075
10,2,79,5,5,9,0.8554959905475269,0.7944654734853579,0.061030517062169,1.9315971183637024e-05,528.6738719281559
10,2,80,0,0,157,0.8801395785778288,0.8574200866332113,0.02271949194461742,0.0002601965420221452,9308.261081429013
10,2,81,6,6,23,0.8172299843558111,0.7328493430732952,0.08438064128251588,3.1963418931928704e-05,1237.2952510105304
10,2,83,4,4,1,1.0000000005736802,0.5126163264968012,0.487383674076879,0.0,0.0
10,2,86,6,6,10,0.8638632434314026,0.8445372830275586,0.019325960403844045,1.6705477856415506e-05,628.5346838621132
10,2,87,1,1,111,0.8235192825127452,0.8174297986200172,0.006089483892728009,0.00017298592892978402,6532.022069619235
10,2,88,9,9,65,0.8535893318515005,0.8540269692535856,-0.00043763740208502266,9.257715316695888e-05,3930.7374140771644
10,2,89,9,9,86,0.7931959439234454,0.79354836782123,-0.0003524238977845595,0.00012155218067995858,4605.72566511043
10,2,90,2,2,34,0.7960441495977015,0.792665288810541,0.0033788607871605425,4.544894452234335e-05,1749.2686941804582
10,2,91,8,8,15,0.8236331077428738,0.8000205089478714,0.023612598795002437,1.9503752355332422e-05,992.6082057904027
10,2,92,1,1,5,0.8257572476107212,0.618860994743714,0.2068962528670072,7.70048420027219e-06,255.52599795188422
10,2,93,2,2,12,0.8118162930381436,0.7572626411539951,0.05455365188414851,2.3403342606758067e-05,718.8420161872446
10,2,94,9,9,25,0.8309987576733908,0.8232665769145999,0.007732180758790896,3.3056863051057476e-05,1467.4659273167292
10,2,95,2,2,126,0.880810812353319,0.8735740987659698,0.0072367135873492305,0.00017396954958131782,8214.94303566308
10,2,96,7,7,1,1.000000028146764,-0.023574820089451776,1.023574848236216,0.0,0.0
10,2,97,2,2,87,0.8813552799193392,0.8994090719215324,-0.01805379200219326,0.00014186935063386266,5777.013496090761
10,2,98,5,5,7,0.7788926642166053,0.764324804848806,0.014567859367799252,1.5230568767579348e-05,368.314905565682
10,2,99,9,9,47,0.8025762482150574,0.775105065193025,0.02747118302203233,6.533211383782525e-05,2668.9829901745265
10,3,0,5,5,101,0.8747445670484807,0.8878024476642258,-0.013057880615745088,0.00018301383479164625,6814.139476823064
10,3,1,9,9,7,0.7959334531948331,0.730750533991848,0.06518291920298513,1.186904345428158e-05,402.676981322988
10,3,2,6,6,7,0.7728573245587863,0.7234813351966433,0.04937598936214305,1.4015701431903375e-05,353.80669016955386
10,3,3,4,4,87,0.8245470095437697,0.8105082645701813,0.014038744973588368,0.00011757356505649513,5369.472545525481
10,3,4,8,8,40,0.8344286675023928,0.828231571298081,0.006197096204311747,7.866585587553278e-05,2474.627221970573
10,3,5,9,9,12,0.7871203917915466,0.7568896328937796,0.03023075889776694,1.2504293012365337e-05,613.4234895705152
10,3,6,7,7,38,0.8579814519708729,0.8616592912447207,-0.003677839273847794,8.087210410933962e-05,2574.656468374867
10,3,7,6,6,3,0.8429030179556061,0.7157495567489021,0.127153461206704,5.7456124787284156e-06,158.8286818230512
10,3,8,4,4,32,0.8415161754300804,0.8525398948728589,-0.011023719442778468,0.0,1632.1573671439048
10,3,9,7,7,10,0.8212957296708412,0.6932874926603665,0.1280082370104747,1.4947907841396785e-05,579.3659626043998
10,3,10,1,1,15,0.7406532810981686,0.6691449211061892,0.07150835999197946,1.5717869407909017e-05,744.9994796533193
10,3,11,0,0,68,0.7254548724800385,0.7766679818229745,-0.05121310934293599,7.237126202333207e-05,3444.4147981468623
10,3,12,0,0,39,0.8402256933375092,0.7860799691156389,0.05414572422187025,5.238811845807357e-05,2077.9675500594994
10,3,13,2,2,33,0.781566780365296,0.8085702296429266,-0.027003449277630542,4.279098827552413e-05,1746.5968679792359
10,3,14,3,3,1,1.000000034474324,0.5495132634247183,0.45048677104960577,0.0,0.0
10,3,15,4,4,22,0.8506443153639859,0.8509130587095184,-0.00026874334553250723,4.233245777746477e-05,1325.9360604581123
10,3,16,6,6,8,0.7565717185886918,0.6862299387851444,0.07034177980354739,0.0,419.62698986903297
10,3,17,7,7,7,0.7974742525550192,0.7448832144694413,0.05259103808557797,1.1134233540227901e-05,347.378610885367
10,3,18,2,2,1,1.000000013430945,0.5427661045735007,0.4572339088574443,0.0,0.0
10,3,19,5,5,25,0.8146861684464063,0.8150722636641189,-0.0003860952177126009,5.1856396154438314e-05,1506.5956556235067
10,3,20,1,1,10,0.7755166365462245,0.7781986149031103,-0.0026819783568857725,1.755411002947075e-05,532.2640192566254
10,3,21,8,8,93,0.8803637114376238,0.8947692074563772,-0.014405496018753405,0.00015248464557199095,6015.155266356918
10,3,22,4,4,28,0.7680116528887693,0.7347348509352984,0.033276801953470825,4.689674398163337e-05,1483.0660281318756
10,3,24,5,5,84,0.8952461248896414,0.8894390687837765,0.0058070561058648495,0.00016383845299469205,6208.845077209537
10,3,25,7,7,89,0.8340627975634181,0.8277139435043283,0.0063488540590898035,0.00013513745169641317,5160.896239580405
10,3,26,4,4,1,1.0000000286345188,0.30070412942700747,0.6992958992075113,0.0,0.0
10,3,27,8,8,48,0.8378448369619782,0.8222109040123552,0.01563393294962301,6.689983980863935e-05,3101.6133256802755
10,3,28,0,0,17,0.7692172742458903,0.8052293387215519,-0.03601206447566163,2.3246930867472657e-05,918.4657215261116
10,3,29,2,2,128,0.8091079399802346,0.8134437965972294,-0.004335856616994871,0.0,7014.5230354757505
10,3,30,0,0,14,0.8664327680188698,0.8401225144629206,0.02631025355594918,2.2706364762257887e-05,880.6729957055801
10,3,31,1,1,4,0.7729457537547731,0.7188163989630957,0.054129354791677464,0.0,192.04840837314472
10,3,32,3,3,38,0.7910097934291419,0.8126248611270989,-0.021615067697956958,5.875134459099396e-05,2165.9443866778265
10,3,33,1,1,6,0.8599791355263928,0.6530477671532093,0.2069313683731835,6.221071414004209e-06,283.6313891098893
10,3,34,9,9,7,0.8705880079998769,0.8371311636389032,0.033456844360973736,9.350304541244643e-06,402.3937163748975
10,3,35,4,4,109,0.8221373459312552,0.7958652007539425,0.02627214517731269,0.0001727739054030042,5987.831298461953
10,3,36,9,9,4,0.8651499662453628,0.808395832577038,0.056754133668324824,0.0,218.1931281062621
10,3,37,7,7,213,0.8203345698373566,0.8377744042503672,-0.017439834413010558,0.00025543149798166223,10817.044252565544
10,3,38,8,8,16,0.8614343484078422,0.8371873938695857,0.024246954538256427,0.0,920.8904754984383
10,3,39,7,7,2,0.9421579111422828,0.48168293789163547,0.4604749732506473,0.0,79.60311571006467
10,3,40,5,5,57,0.7848431782427059,0.7258391373412882,0.05900404090141764,7.796162668812836e-05,2788.8780954694334
10,3,41,9,9,26,0.8495810131102514,0.8587408178701984,-0.009159804759947043,4.008546840832995e-05,1465.1584779304753
10,3,42,4,4,16,0.8110351357377199,0.7884675312387707,0.022567604498949234,0.0,916.0420672848578
10,3,43,3,3,6,0.8635948507638199,0.8134715104690957,0.050123340294724206,8.888360794021502e-06,335.91220135501163
10,3,44,0,0,19,0.8063370802033568,0.7576533944793562,0.048683685724000614,3.2600928570838364e-05,995.837182150607
10,3,45,5,5,17,0.7995455703231373,0.7300821011976854,0.06946346912545198,2.4716847554065957e-05,843.5126265800451
10,3,46,6,6,131,0.7800237539537233,0.7927570132218016,-0.012733259268078334,0.00015283481250378777,7275.924771183439
10,3,47,8,8,145,0.8634324315555991,0.8588858437559761,0.004546587799623025,0.00026330473089354985,7850.999740049419
10,3,48,1,1,21,0.8562365063415922,0.8166815221098718,0.039554984231720436,3.600484130310478e-05,1278.1570243725407
10,3,49,5,5,33,0.8746694173706544,0.8579849255577487,0.016684491812905655,5.004216333991901e-05,2078.604783035574
10,3,50,1,1,84,0.8386005982494962,0.8406666861042971,-0.002066087854800891,0.00011870310020984484,5243.439333249969
10,3,51,2,2,2,0.8641492956204339,0.588865592101635,0.27528370351879883,0.0,81.4709082547396
10,3,52,0,0,40,0.8453328635350563,0.8701537280624336,-0.024820864527377307,6.866682208038373e-05,2277.533123918868
10,3,53,3,3,5,0.8538699905187924,0.7851233269957665,0.06874666352302594,7.84140951404138e-06,288.48216889694476
10,3,54,3,3,84,0.8592449688018143,0.8506457481684595,0.008599220633354832,0.0001621924793047053,5192.914369339327
10,3,55,8,8,3,0.8248680688048562,0.6161325618110264,0.2087355069938298,3.893246068065224e-06,134.3390663978953
10,3,56,3,3,15,0.8224777573101328,0.805455633959286,0.01702212335084685,1.8892874618832912e-05,754.4932136465807
10,3,57,6,6,2,0.8776138838825276,0.7296405315194615,0.14797335236306608,0.0,79.16947619607488
10,3,58,8,8,3,0.8157253154424968,0.6058458440217156,0.20987947142078123,4.34812768004408e-06,122.94095580615723
10,3,59,8,8,1,0.9999999276825962,0.27748017289224036,0.7225197547903558,0.0,0.0
10,3,60,6,6,3,0.7182643992449856,0.525429092266107,0.19283530697887863,3.928370837917987e-06,112.40396214242298
10,3,61,7,7,79,0.8008235027980969,0.7860885798696038,0.0147349229284931,0.00011363572510205409,4297.981031506516
10,3,62,7,7,62,0.8340308139900875,0.8601234157852737,-0.026092601795186243,8.967914637623377e-05,3729.3341064422398
10,3,63,1,1,5,0.8003280998766349,0.6606201150005527,0.13970798487608216,7.666065674956275e-06,264.9504923481502
10,3,64,0,0,4,0.9125165602148435,0.8437110543396227,0.06880550587522083,0.0,181.28369264538458
10,3,65,5,5,16,0.8103461051521605,0.7457188250753325,0.06462728007682805,0.0,930.0093160919404
10,3,66,3,3,1,1.0000000328239336,0.7257818534154322,0.27421817940850135,0.0,0.0
10,3,68,3,3,35,0.8257535966123545,0.8619424530284449,-0.036188856416090376,4.911754307295264e-05,1948.100358735406
10,3,70,9,9,31,0.8222986492002841,0.8407295191136853,-0.01843086991340126,4.7714664553532305e-05,1765.181786244957
10,3,72,2,2,34,0.8121020366819757,0.7510441973287907,0.061057839353184984,4.866746817843379e-05,2010.5780076780957
10,3,73,1,1,55,0.8699670662505066,0.8467645141718045,0.023202552078702032,0.00011209007677438942,3549.2001940263453
10,3,74,6,6,11,0.8748749650417655,0.736146576314406,0.1387283887273595,1.476113851443276e-05,765.5845087615414
10,3,75,4,4,2,0.7624367026741625,0.615475642506319,0.1469610601678435,0.0,64.44310271411373
10,3,76,7,7,37,0.8607363494319912,0.8208523585662072,0.03988399086578398,4.761883074187004e-05,2125.7909504240615
10,3,77,8,8,39,0.8793486661702536,0.8825826566320396,-0.0032339904617859627,8.214772428434913e-05,2386.046525049383
10,3,78,2,2,1,0.9999998751958151,0.5765262737742437,0.4234736014215714,0.0,0.0
10,3,79,5,5,23,0.8012450815055447,0.8303535546761368,-0.029108473170592064,2.9119498535555686e-05,1323.0001333570876
10,3,80,0,0,10,0.8371423215126829,0.7422750973493503,0.0948672241633326,2.1048627324813565e-05,602.7800205384704
10,3,81,6,6,17,0.7956888080794106,0.7815242494016953,0.014164558677715267,2.3161621995762198e-05,848.8008841836271
10,3,82,0,0,3,0.8838754455213036,0.720686535077145,0.16318891044415862,4.835705640162603e-06,134.470810539789
10,3,84,0,0,10,0.8051240914309384,0.6986781547311441,0.1064459366997943,1.4467355945626027e-05,506.8248139675661
10,3,85,5,5,1,0.9999999892868686,0.6726884909883415,0.3273114982985271,0.0,0.0
10,3,86,6,6,11,0.8365075106455612,0.8262100394871655,0.010297471158395632,1.65979657488764e-05,669.126844725763
10,3,87,1,1,106,0.8292522011555638,0.812489354097189,0.01676284705837472,0.0001894551917341787,6102.269115300956
10,3,88,9,9,3,0.8257535125493825,0.5991773716789068,0.22657614087047562,4.57681534897742e-06,124.21839605388236
10,3,89,9,9,33,0.8323640117404412,0.7813438153070755,0.05102019643336564,5.575801068422665e-05,1837.8356329210405
10,3,90,2,2,17,0.7989448554894285,0.7917453723824328,0.007199483106995697,2.3953879032566554e-05,903.9284332444896
10,3,91,8,8,38,0.8497057692816417,0.8108584517704847,0.038847317511157,5.5277765694185776e-05,2409.222454827837
10,3,93,2,2,18,0.8045605225194081,0.7679133268878745,0.036647195631533624,2.645886011764848e-05,964.6259657340072
10,3,94,9,9,69,0.8187565788674461,0.8533294306488652,-0.03457285178141911,0.00010076051433951849,3903.2505296440922
10,3,95,2,2,3,0.8915960314381723,0.8158334884006812,0.07576254303749119,5.0403506432401955e-06,149.47785162124381
10,3,96,7,7,32,0.8336444636774849,0.8310892497303196,0.0025552139471652913,0.0,1571.527716206647
10,3,97,2,2,1,0.9999999336715204,0.3234617846841516,0.6765381489873687,0.0,0.0
10,3,98,5,5,12,0.7583357994572464,0.7537212317020825,0.00461456775516389,1.7525551602987983e-05,619.8929275181928
10,3,99,9,9,23,0.7704123929587872,0.7569976423686782,0.013414750590108993,3.131785373073556e-05,1324.2105017325607
10,4,0,5,5,45,0.872658551660357,0.867434150111099,0.005224401549257962,7.84576966805272e-05,3045.0760591757853
10,4,1,9,9,131,0.8416390832988269,0.8429695426902147,-0.0013304593913878726,0.00017344575161364702,8201.829467240226
10,4,2,6,6,4,0.8588859352654169,0.6116979316135472,0.24718800365186966,0.0,208.8079276120916
10,4,3,4,4,31,0.8321728399125689,0.8257060254361305,0.006466814476438376,3.91219421413453e-05,1899.7996331258819
10,4,4,8,8,55,0.8419260256189197,0.8294641014808531,0.012461924138066571,8.468665293109479e-05,3460.3124467883795
10,4,5,9,9,1,1.000000024883872,0.33678256666123624,0.6632174582226358,0.0,0.0
10,4,6,7,7,34,0.8177012604427545,0.8216833841477601,-0.0039821237050056135,6.199992915812858e-05,2172.7657322267282
10,4,7,6,6,25,0.805839310038877,0.8015338940662825,0.004305415972594484,3.074352048637607e-05,1616.7334135484143
10,4,8,4,4,16,0.8134016923448135,0.7766474251221057,0.036754267222707804,0.0,890.8529120356543
10,4,9,7,7,2,0.7927959092065932,0.6126851003728714,0.18011080883372177,0.0,75.65587743013711
10,4,10,1,1,5,0.7590631446356871,0.5448605946886179,0.21420254994706922,7.562566087445326e-06,231.1300083393557
10,4,11,0,0,7,0.7305993310852487,0.6516741097655236,0.07892522131972501,1.114623203037e-05,313.56038045047416
10,4,12,0,0,67,0.8256722258212201,0.7856122292960087,0.040059996525211417,8.786423683646721e-05,3654.7203591033453
10,4,13,2,2,3,0.8766307316000946,0.6106746020407826,0.265956129559312,5.674735247373002e-06,139.1310358274647
10,4,14,3,3,43,0.8378574743426676,0.7844070081320823,0.053450466210585246,7.107425602974087e-05,2436.879484467637
10,4,15,4,4,8,0.864573982959862,0.8333319275798783,0.031242055379983702,0.0,486.71072878937537
10,4,16,6,6,23,0.7713036756707891,0.7587156118565315,0.012588063814257588,3.655869111270116e-05,1253.8670323677666
10,4,18,2,2,9,0.8736891488123221,0.6781980619553515,0.1954910868569706,1.8664250274381863e-05,527.0388865353053
10,4,19,5,5,7,0.7901228124122791,0.6494789079579415,0.1406439044543376,1.1172017708596097e-05,380.52378352033907
10,4,21,8,8,88,0.8969406781257525,0.8894003809671678,0.00754029715858473,0.000125224234247401,5652.197315905565
10,4,22,4,4,4,0.8437535152255492,0.6613109688474038,0.1824425463781454,0.0,215.7715012770748
10,4,23,3,3,32,0.8466292842742931,0.8025413599686836,0.04408792430560948,0.0,1562.5681070780581
10,4,25,7,7,21,0.7883882473550925,0.7743941007419202,0.013994146613172331,3.083087252141753e-05,1093.7165035520845
10,4,26,4,4,92,0.8002212824969772,0.8247749060950372,-0.024553623598060015,0.0001374569302913975,5170.67906723782
10,4,27,8,8,11,0.8199437024806312,0.7786976053027391,0.04124609717789207,1.2407923586275104e-05,663.9563282812466
10,4,28,0,0,70,0.8092883585407705,0.7982221746119041,0.01106618392886638,0.00010311068709012347,4048.920407758603
10,4,29,2,2,11,0.7429556661199405,0.694467068393565,0.04848859772637548,1.4900880864934835e-05,558.312329136004
10,4,30,0,0,115,0.8932972711057349,0.8887413251368137,0.004555945968921171,0.0002297643825923231,7862.771850917733
10,4,31,1,1,42,0.8765596120245318,0.8748380511410835,0.0017215608834483254,7.17269295380575e-05,2394.90063918652
10,4,32,3,3,12,0.8066758798277174,0.699657169694751,0.10701871013296638,1.5060681787918316e-05,614.4170954495562
10,4,33,1,1,145,0.8210782038553902,0.8325822642848832,-0.011504060429493035,0.00017275980951792267,6950.587673139106
10,4,34,9,9,9,0.8842591335765296,0.8485275255004726,0.03573160807605702,1.853892591539878e-05,590.5839183453593
10,4,35,4,4,31,0.7926625967688781,0.7741388470615963,0.018523749707281767,6.048778174865342e-05,1766.350016091383
10,4,36,9,9,59,0.8832838110117985,0.8694929184822029,0.013790892529595644,9.478017560290849e-05,3835.3577452600375
10,4,37,7,7,39,0.8203889761580491,0.8053276706554435,0.015061305502605538,4.531488578038939e-05,1957.4439022921258
10,4,38,8,8,117,0.8770121056229543,0.8741606443466678,0.0028514612762864378,0.00015243197226798343,7211.650809554414
10,4,39,7,7,53,0.874964059295359,0.8763051771533337,-0.0013411178579746386,8.417945396649408e-05,3177.118267837987
10,4,40,5,5,1,0.9999999454186751,0.19591432652740487,0.8040856188912702,0.0,0.0
10,4,41,9,9,76,0.8966301581115109,0.8928764279346643,0.003753730176846659,0.00011571440113510328,4836.314892326212
10,4,42,4,4,183,0.8344528268412617,0.8218721404764813,0.01258068636478038,0.00029441778373428407,10803.556957865423
10,4,43,3,3,44,0.8886611840589435,0.8612856409316391,0.02737554312730439,7.245134665496454e-05,2900.9231598856472
10,4,44,0,0,203,0.8189461781352912,0.8001594508503197,0.01878672728497155,0.0002778831292390309,11163.399582370006
10,4,45,5,5,3,0.788616876668102,0.6011807981618097,0.1874360785062923,4.3799087762615314e-06,132.35388900974314
10,4,46,6,6,10,0.7534988986763974,0.6724017677390794,0.08109713093731796,1.6715811163299065e-05,533.37647779432
10,4,47,8,8,19,0.8033525348026904,0.8177892716426168,-0.014436736839926412,2.6176604594434028e-05,997.4504922548911
10,4,49,5,5,3,0.8542214850612437,0.6629941628461287,0.19122732221511507,4.634114867023431e-06,132.9182507583584
10,4,50,1,1,31,0.8503137861183001,0.7937867316433068,0.05652705447499329,5.065258709159643e-05,1956.8137587358706
10,4,52,0,0,8,0.8266029370786152,0.8343000827126339,-0.007697145634018687,0.0,450.40394509464136
10,4,53,3,3,4,0.8451496835822135,0.7667975093779825,0.07835217420423102,0.0,210.41859959008082
10,4,55,8,8,65,0.8436605984368245,0.8202988715649862,0.02336172687183835,8.669829012902684e-05,3668.7323943136203
10,4,56,3,3,1,0.9999999680088818,0.696306305101478,0.30369366290740385,0.0,0.0
10,4,58,8,8,14,0.8078597530849154,0.7505676694439214,0.05729208364099403,2.1935615473045876e-05,769.6763484742646
10,4,59,8,8,49,0.8207894021244443,0.8175852725285028,0.0032041295959415184,6.595982777703071e-05,2446.4200406574814
10,4,60,6,6,205,0.8499889229404094,0.851184271664834,-0.0011953487244246164,0.00031555024676451957,10994.275848568985
10,4,61,7,7,7,0.7705437396988393,0.7190539496471553,0.05148979005168397,1.086601286123303e-05,359.9789338583556
10,4,62,7,7,9,0.8422023812737821,0.7650987586765082,0.07710362259727388,1.584199341091079e-05,546.3783808012064
10,4,63,1,1,9,0.8535353481373136,0.7787984632329761,0.0747368849043375,1.7960764064126433e-05,571.9884025064341
10,4,64,0,0,112,0.8984909339886283,0.8857015468031381,0.012789387185490275,0.0001774586290445095,6829.716879118873
10,4,65,5,5,12,0.8184761171015701,0.8003554552877534,0.018120661813816663,1.811768529682761e-05,685.4346844089171
10,4,66,3,3,25,0.8754003532226718,0.8766391732632582,-0.001238820040586397,5.798826582550357e-05,1500.1702043930648
10,4,68,3,3,33,0.8319869864985895,0.84273916186096,-0.010752175362370497,5.015899209801992e-05,1759.9631184169136
10,4,69,4,4,172,0.872847734738338,0.8473957337574406,0.025452000980897393,0.00026446212876117645,9818.173354460103
10,4,70,9,9,12,0.8218428194330681,0.7342008216977444,0.08764199773532377,1.633526672882455e-05,644.8200843200914
10,4,71,3,3,9,0.8271329427666795,0.8125589251322768,0.014574017634402692,1.6153305402281978e-05,474.5042284865545
10,4,72,2,2,163,0.827233523061014,0.8488442711168522,-0.02161074805583818,0.00023953621900311875,9694.73821343003
10,4,73,1,1,9,0.8407728739935082,0.8177067967606326,0.02306607723287557,1.643103977125345e-05,550.1656933332746
10,4,74,6,6,9,0.8763585573910826,0.8182664782706461,0.05809207912043646,1.301311929782337e-05,543.332869784794
10,4,75,4,4,31,0.8986528098396352,0.8847200324101276,0.013932777429507603,7.533493438598325e-05,2105.27473530105
10,4,76,7,7,73,0.853314411487197,0.8056672286027327,0.047647182884464345,8.794653210949647e-05,4084.7334364410904
10,4,77,8,8,57,0.8574533099236149,0.8571037295560007,0.00034958036761423283,9.568119392098643e-05,3527.8378403026377
10,4,78,2,2,76,0.8260737634506882,0.8176872464669301,0.00838651698375803,0.00011158060012159364,4610.9332705099605
10,4,79,5,5,185,0.8457280539849387,0.8594349482876933,-0.013706894302754624,0.00026713833715830615,10240.388240094551
10,4,80,0,0,139,0.8788468971573876,0.8740731249213517,0.0047737722360359225,0.00019754787961291575,8039.181891908813
10,4,81,6,6,22,0.8182852588532247,0.8130243369764147,0.005260921876809932,2.7042167886934365e-05,1113.2788035570607
10,4,82,0,0,9,0.8371659921973671,0.8136685033543386,0.02349748884302849,1.3266717801134137e-05,495.48796774767817
10,4,83,4,4,63,0.887776449521864,0.8623840939587977,0.025392355563066293,8.501244562184986e-05,3878.0070007645413
10,4,84,0,0,1,1.0000000509806424,0.6611999930013241,0.3388000579793182,0.0,0.0
10,4,85,5,5,1,1.000000053929045,0.5153468968608318,0.4846531570682132,0.0,0.0
10,4,86,6,6,25,0.8635612056538068,0.8311538533170143,0.03240735233679248,3.94136991647356e-05,1580.8159661190778
10,4,87,1,1,21,0.8189638634377312,0.7606490799195224,0.058314783518208846,2.3788863844286627e-05,1179.8564980944025
10,4,88,9,9,54,0.8713412750098206,0.8729266302861894,-0.0015853552763688272,8.33647379967359e-05,3319.361636592573
10,4,89,9,9,3,0.8614230699725323,0.4746401501653701,0.3867829198071622,5.073920865990782e-06,139.15128210918195
10,4,90,2,2,84,0.8225504625454187,0.8051927449575268,0.017357717587891952,9.92382263114239e-05,4323.594981554351
10,4,91,8,8,97,0.8252596048270989,0.8148885054421732,0.010371099384925753,0.00016066608492107504,6025.172192572245
10,4,92,1,1,144,0.830701353632966,0.8385327687298936,-0.00783141509692753,0.00016014652934860486,8421.565149995853
10,4,93,2,2,8,0.8067360584868887,0.7771343554079079,0.0296017030789808,0.0,456.7736355019757
10,4,94,9,9,3,0.8090846184358861,0.6563501311767311,0.15273448725915495,4.940506066719215e-06,130.69273433565382
10,4,95,2,2,3,0.8179148701412172,0.7398872485101856,0.07802762163103161,4.676037124677471e-06,137.96539263352875
10,4,96,7,7,3,0.7787858174711176,0.6587433993709081,0.12004241810020955,4.024576001019996e-06,128.58833336361897
10,4,97,2,2,2,0.8425730888209629,0.592830121712955,0.24974296710800792,0.0,76.42090406514006
10,4,98,5,5,300,0.8194029274196395,0.8369005747890477,-0.017497647369408176,0.0006278464428439875,17310.97853719352
10,4,99,9,9,28,0.8313502671170004,0.7835542212558425,0.04779604586115793,4.513633908111673e-05,1451.5670816018915
10,5,0,5,5,1,0.9999999387088265,0.7511716617913559,0.24882827691747067,0.0,0.0
10,5,1,9,9,7,0.8068601924526956,0.74544488276005,0.061415309692645526,9.776076943140445e-06,377.3111214034539
10,5,2,6,6,10,0.7601292655350627,0.7336506506732955,0.02647861486176717,1.3190333131825408e-05,512.6702323469649
10,5,3,4,4,1,1.0000000043903554,0.46696387240637455,0.5330361319839809,0.0,0.0
10,5,4,8,8,62,0.843796592941431,0.8273658496522072,0.01643074328922378,0.0001142967020905487,3693.6883175956086
10,5,5,9,9,6,0.8044520954124925,0.750743675862122,0.053708419550370534,1.0731193736271762e-05,325.8580536922732
10,5,6,7,7,48,0.8356256021760861,0.8273194950527677,0.008306107123318363,8.807258715171663e-05,3199.2840414708853
10,5,7,6,6,79,0.8322367108983272,0.8319879116291629,0.0002487992691643237,0.00013582872012390322,5418.583509935655
10,5,8,4,4,7,0.8118827368101426,0.7737747346046425,0.038108002205500036,1.0758585515244122e-05,335.4246648498376
10,5,9,7,7,18,0.782772268111502,0.7799970666758219,0.002775201435680108,2.6108655085927654e-05,1080.5519774024883
10,5,10,1,1,152,0.7928246783812807,0.7911226460576332,0.0017020323236475177,0.00020093154611114218,8045.038496528091
10,5,11,0,0,26,0.7497882836722343,0.741485841519116,0.008302442153118261,3.4845935907865986e-05,1330.0444087271753
10,5,12,0,0,3,0.786955488802808,0.6534446606290562,0.13351082817375182,4.071001718783028e-06,120.17023949096551
10,5,13,2,2,14,0.8498512017874881,0.7539214762603033,0.09592972552718482,2.0386780475189266e-05,728.1595498412753
10,5,14,3,3,44,0.8266210805070554,0.8203392148513098,0.006281865655745622,9.11235340348987e-05,2511.9280680209467
10,5,15,4,4,136,0.877337807111235,0.8657391852627053,0.011598621848529667,0.0002031745208245688,8385.074603047498
10,5,16,6,6,2,0.8635855237561668,0.5100206992153177,0.35356482454084914,0.0,79.04784496445254
10,5,17,7,7,4,0.8095907167118512,0.7127718286689502,0.09681888804290106,0.0,178.8647798130037
10,5,18,2,2,72,0.889246435426055,0.8258945078578267,0.06335192756822827,9.637051915065737e-05,4391.004058515264
10,5,19,5,5,288,0.8485459228832185,0.8508851621347077,-0.002339239251489156,0.0005288936145483827,17995.16443218711
10,5,20,1,1,61,0.8405433160777852,0.8356695380082328,0.004873778069552359,9.966723758964733e-05,3832.3041408684476
10,5,22,4,4,53,0.7786936863789115,0.7794911011260196,-0.0007974147471081494,6.324922033282207e-05,2816.995717479268
10,5,23,3,3,64,0.8457756840966714,0.8362114468474832,0.009564237249188201,0.0,3187.635684036612
10,5,26,4,4,17,0.808473198537937,0.7986846979478517,0.009788500590085292,2.18825419846737e-05,914.1481768128531
10,5,27,8,8,218,0.8434433864373762,0.8294596809422665,0.013983705495109633,0.00032944565884004696,12958.650103394959
10,5,28,0,0,4,0.7922698664572738,0.6741427740459998,0.11812709241127406,0.0,185.21837070314334
10,5,29,2,2,113,0.8316930555515143,0.8262878756957044,0.005405179855809905,0.00019435288550532934,6369.904470746023
10,5,30,0,0,52,0.889172476934267,0.8931825677824119,-0.004010090848144854,0.00010195524350762126,3525.5186621612593
10,5,31,1,1,42,0.8694556491832399,0.8274190272669181,0.04203662191632185,7.817169175588552e-05,2640.6521677947885
10,5,32,3,3,42,0.785447087215336,0.7646333985435804,0.020813688671755592,6.705953590277188e-05,2299.8337048109684
10,5,33,1,1,26,0.7955036167725839,0.7511901808506917,0.044313435921892186,3.5675891212516505e-05,1298.1603336044307
10,5,34,9,9,30,0.8575240940199044,0.8437584863344277,0.013765607685476633,4.8116208341372533e-05,1901.7778291255017
10,5,35,4,4,56,0.8002096598827693,0.815354958577174,-0.01514529869440473,9.584287535344984e-05,3074.74825992983
10,5,36,9,9,130,0.860260757482194,0.881157138549187,-0.020896381066992986,0.0002075500514561025,8252.689260856003
10,5,37,7,7,20,0.7622098556703658,0.7565669271335157,0.005642928536850111,2.4209842525802453e-05,983.2138414452827
10,5,38,8,8,28,0.8476187920408509,0.838794971127622,0.008823820913228864,3.5976466988746795e-05,1662.404603863431
10,5,39,7,7,1,1.0000000156361444,0.6363283764553406,0.3636716391808038,0.0,0.0
10,5,40,5,5,41,0.7494416164702836,0.7420709482861426,0.007370668184141005,4.86472571735749e-05,2121.8201793925973
10,5,41,9,9,3,0.8765480765364603,0.8297220155397972,0.04682606099666309,5.722368203387604e-06,152.72502773258952
10,5,42,4,4,12,0.8421854123268283,0.7691036299331644,0.07308178239366392,1.4071041986280051e-05,701.3443175333714
10,5,43,3,3,17,0.8920875346698774,0.8362568245595601,0.05583071011031737,4.1766724226527605e-05,1108.86928731571
10,5,44,0,0,16,0.8089904942983567,0.7615607665198407,0.04742972777851595,0.0,916.5843632141593
10,5,45,5,5,43,0.7866380393843223,0.7390600781175315,0.047577961266790814,4.596120259496966e-05,2079.4722778343034
10,5,46,6,6,12,0.7945818126453824,0.7373913823504469,0.057190430294935535,1.4105856479536344e-05,607.3602755632621
10,5,47,8,8,45,0.8339245669240716,0.8464598522407175,-0.012535285316645939,5.967266189931716e-05,2371.0618907064704
10,5,48,1,1,36,0.8189761259041471,0.8068600400393833,0.01211608586476387,5.8030065738521673e-05,2101.266755626749
10,5,49,5,5,118,0.8896530456150789,0.8985144893087599,-0.008861443693681026,0.00019517533709570797,6967.748251550236
10,5,50,1,1,19,0.8468425328931419,0.8087309643106751,0.03811156858246678,2.8617875790828694e-05,1214.3653644938668
10,5,51,2,2,14,0.8216998150429798,0.8287272412081043,-0.007027426165124417,2.269008413020942e-05,801.5415296242064
10,5,52,0,0,5,0.8954953381648189,0.8074061604785461,0.08808917768627278,7.364286320227614e-06,245.7252163962556
10,5,53,3,3,270,0.8866690422558637,0.8830361796693185,0.0036328625865452713,0.000443635008415766,17978.76981276758
10,5,54,3,3,23,0.8399614569490429,0.8138123819953751,0.026149074953667806,4.1990984104839336e-05,1408.091113246655
10,5,55,8,8,2,0.8327348339005524,0.5869982051209953,0.24573662877955704,0.0,73.11008756375465
10,5,56,3,3,122,0.8481831841772799,0.8165720994049545,0.03161108477232544,0.0001702630070211267,6539.415652252537
10,5,57,6,6,74,0.8529226994587148,0.8658567634590257,-0.01293406400031094,0.00012967019510511595,4419.429494315171
10,5,58,8,8,75,0.7941369415882996,0.7704784105419797,0.023658531046319875,0.00010026700119496941,3990.9669654396744
10,5,59,8,8,14,0.8416885078799993,0.7411752435573885,0.10051326432261076,1.5714947813491018e-05,685.056536693403
10,5,60,6,6,41,0.7977696227091532,0.7589983705726688,0.03877125213648436,6.107907681504483e-05,2211.094063362138
10,5,61,7,7,47,0.7725807236816504,0.7898779303488236,-0.01729720666717316,5.899963032468289e-05,2589.528594887097
10,5,62,7,7,1,0.99999991711871,0.6198647199118659,0.3801351972068441,0.0,0.0
10,5,63,1,1,10,0.8447464627730477,0.7652944682190933,0.07945199455395435,1.5861720517746103e-05,629.1145898110877
10,5,64,0,0,6,0.8268602273409627,0.7886743542879342,0.03818587305302845,8.113378387898209e-06,312.9780668795816
10,5,65,5,5,7,0.823222812161418,0.7447316574599647,0.07849115470145329,1.3747299124748812e-05,420.86416600850106
10,5,66,3,3,105,0.8891158332612314,0.9087588433047287,-0.019643010043497222,0.00016434236112829962,6473.463047463473
10,5,67,6,6,146,0.8605399482823283,0.8357084165683185,0.024831531714009758,0.00023410063214529797,8790.364531548064
10,5,69,4,4,5,0.8179042914914735,0.7177949962097419,0.10010929528173163,9.626579301833954e-06,269.52690233370333
10,5,70,9,9,6,0.8264530116322246,0.7294986192806296,0.09695439235159498,8.833428900204676e-06,321.5512998557358
10,5,71,3,3,1,0.9999999730467776,0.5675927275054468,0.4324072455413308,0.0,0.0
10,5,72,2,2,15,0.8216837097925127,0.806065507197506,0.01561820259500668,3.362785275046931e-05,904.5283753665004
10,5,73,1,1,1,0.9999999154264092,0.08131552565995998,0.9186843897664492,0.0,0.0
10,5,74,6,6,18,0.8380223358118623,0.8240487245958957,0.01397361121596652,3.7119688438553975e-05,1046.1373139774032
10,5,75,4,4,1,1.0000001185069058,0.53675960945875,0.46324050904815584,0.0,0.0
10,5,76,7,7,85,0.8291293639118145,0.8198548745673889,0.00927448934442554,0.00010780545730777077,4639.549388661179
10,5,78,2,2,19,0.813886508148688,0.7997679167164312,0.0141185914322568,2.7798430574346228e-05,1042.4503926066334
10,5,79,5,5,23,0.7782977688606492,0.7902299947334784,-0.011932225872829272,5.2898803080902384e-05,1297.5850622664132
10,5,80,0,0,20,0.8021260550853002,0.8217646417108719,-0.01963858662557172,3.7537892822049985e-05,1122.9676906120294
10,5,81,6,6,119,0.8210259541179517,0.8173739864529203,0.003651967665031397,0.00015446391977096097,6398.26963238047
10,5,82,0,0,9,0.8581547597470867,0.8161689260791275,0.04198583366795916,1.770955849329306e-05,570.4878441626362
10,5,83,4,4,54,0.8556939276200831,0.8497770092377054,0.005916918382377734,8.099967315802635e-05,3354.592160750443
10,5,84,0,0,62,0.7436056664490173,0.7435945103328051,1.115611621216317e-05,7.515344299375784e-05,3021.2850533418577
10,5,85,5,5,258,0.8499354713835683,0.8521716405687852,-0.002236169185216963,0.0003259709425327034,14462.857102138074
10,5,86,6,6,205,0.877056250092502,0.8576989853348356,0.019357264757666415,0.0003227404735693687,13438.15719568396
10,5,89,9,9,67,0.8118940808547799,0.8118020544985799,9.202635619998123e-05,9.0421089430262e-05,3496.223780763765
10,5,90,2,2,97,0.808929187440132,0.8135927098536692,-0.00466352241353718,0.00013701578779707046,5142.519082748888
10,5,91,8,8,43,0.806886019216001,0.8163871967585503,-0.00950117754254931,7.653783495409094e-05,2669.2020259642736
10,5,92,1,1,15,0.8175010133289631,0.750013160907302,0.06748785242166111,2.3870579307114107e-05,854.4580449636254
10,5,93,2,2,53,0.8528607635538582,0.8324624258524134,0.020398337701444835,8.726544751109579e-05,3122.05712851461
10,5,94,9,9,262,0.8570168273319454,0.8353636928555411,0.021653134476404268,0.0003502757246861369,15035.422763172608
10,5,95,2,2,89,0.8626389917997609,0.8711632044239077,-0.00852421262414682,0.00015286556682202903,5790.773832207612
10,5,96,7,7,27,0.8355335392232031,0.8063963283773072,0.029137210845895822,3.696855362332864e-05,1361.007679210239
10,5,98,5,5,6,0.7973487552241244,0.7672843045539208,0.03006445067020358,1.0777357154469377e-05,330.417909167794
10,5,99,9,9,18,0.7825463812178912,0.7659466982660432,0.016599682951847994,2.3513818594778e-05,997.8487573710546
10,6,0,5,5,10,0.8523935713480876,0.8178000585154864,0.03459351283260115,1.6300373165904152e-05,592.9271785980595
10,6,1,9,9,82,0.8305224787702681,0.8128325474922828,0.017689931277985238,0.0001286261799872453,5101.309169169933
10,6,2,6,6,17,0.8031066600159333,0.7894799650728437,0.013626694943089657,2.5234004712664103e-05,975.5719694736621
10,6,3,4,4,83,0.8124388645391515,0.8235561831969974,-0.011117318657845932,0.00010515063939514841,4970.716146024949
10,6,4,8,8,16,0.8473475866838406,0.7930951387535752,0.0542524479302654,0.0,962.8044888115769
10,6,5,9,9,6,0.7737961510963194,0.7166704145741137,0.05712573652220565,9.759364631636555e-06,316.24829922925977
10,6,6,7,7,35,0.8459581663911531,0.8452187867746684,0.0007393796164846256,7.99530666890696e-05,2378.6743413027857
10,6,8,4,4,64,0.8059414723440008,0.8204684400326219,-0.01452696768862105,0.0,3245.02883965802
10,6,9,7,7,41,0.8462397735065889,0.8203085717565997,0.025931201749989197,5.9653223323032064e-05,2499.9816815083354
10,6,10,1,1,2,0.805068408721093,0.35082165594623604,0.45424675277485693,0.0,68.45037447548606
10,6,11,0,0,35,0.776717012495636,0.7451429736285738,0.031574038867062115,4.457450759355235e-05,1818.7480625492644
10,6,12,0,0,131,0.8029649474960877,0.8343112754558321,-0.03134632795974435,0.00015497857146360593,6772.519848699456
10,6,13,2,2,10,0.7998025510114084,0.7775470901927282,0.02225546081868024,1.4613144922563127e-05,515.9467481206391
10,6,14,3,3,84,0.8248133101538007,0.8292306108867681,-0.004417300732967422,0.00011437617408477321,4958.709438906105
10,6,15,4,4,12,0.8884993969899193,0.8613358947858797,0.027163502204039625,2.1491429554501616e-05,773.5543913436466
10,6,16,6,6,19,0.7427408766036705,0.7554336941009651,-0.012692817497294562,2.522410119938782e-05,962.7652376923321
10,6,17,7,7,19,0.8306849511012385,0.7627615282845256,0.06792342281671293,2.542800784476065e-05,1049.6027909438562
10,6,18,2,2,1,0.9999999234125287,0.500037137523485,0.49996278588904375,0.0,0.0
10,6,20,1,1,9,0.7882455292608491,0.7911968512385602,-0.0029513219777110855,1.4887170826863417e-05,491.3697690769634
10,6,21,8,8,93,0.8834443223787163,0.8924297738412986,-0.008985451462582339,0.000146277568912988,5934.024137173358
10,6,22,4,4,3,0.8036004394909705,0.5394220232053324,0.2641784162856381,4.2126103433646155e-06,138.15477799527994
10,6,23,3,3,24,0.835672164192422,0.8661797755406296,-0.030507611348207675,3.169107675529714e-05,1161.49036304358
10,6,24,5,5,3,0.9465291227530862,0.7827230489389752,0.16380607381411105,5.500705867750658e-06,155.37726691562392
10,6,25,7,7,12,0.7880205022927269,0.696029437427707,0.09199106486501996,1.7971612537573612e-05,661.2754872949065
10,6,27,8,8,17,0.8395564145216715,0.8216694809523719,0.0178869335692996,2.423546737671926e-05,954.9197897912535
10,6,28,0,0,5,0.8339869025950511,0.6603044575351111,0.17368244505994002,8.113768057746906e-06,280.3658064526355
10,6,29,2,2,63,0.8111929556375628,0.8053204855595858,0.005872470077976977,8.781191963775297e-05,3485.2717193552367
10,6,30,0,0,41,0.8844098506815504,0.8813026738078449,0.0031071768737055416,7.0134178021699e-05,2707.0442217331542
10,6,31,1,1,109,0.8754312665733625,0.8890513120793991,-0.013620045506036682,0.00014578908538198068,6590.990465807247
10,6,32,3,3,8,0.7882677500009977,0.7319259088465069,0.05634184115449081,0.0,438.1730713882866
10,6,34,9,9,52,0.8508472127161065,0.8395575238422149,0.01128968887389159,9.687624979525624e-05,3049.744344139062
10,6,35,4,4,38,0.7729876182784642,0.7842839876882323,-0.011296369409768081,4.9847720139893714e-05,2000.8086906818394
10,6,36,9,9,62,0.8715147830151727,0.8810219807928684,-0.009507197777695708,0.00010749000518292819,4034.1516402956563
10,6,37,7,7,8,0.7666710405418474,0.7403396886788959,0.026331351862951546,0.0,380.7724391499628
10,6,38,8,8,9,0.8679451595695494,0.821797356788316,0.04614780278123343,1.3282675207491826e-05,544.2095697207744
10,6,39,7,7,45,0.8420875076542745,0.8508655488621153,-0.008778041207840759,5.6902713029078243e-05,2675.028491130971
10,6,40,5,5,75,0.7404663713583647,0.7405837426209081,-0.00011737126254340868,0.00010724962885917512,3753.7292350087714
10,6,41,9,9,157,0.8636521560069083,0.8657186267604867,-0.0020664707535784643,0.0002368335443494718,9102.124419227155
10,6,42,4,4,35,0.8418153388738691,0.77854156139251,0.0632737774813591,6.982569745322822e-05,2042.3100655880578
10,6,43,3,3,13,0.8267775502767172,0.824028241914344,0.002749308362373193,2.00350535089741e-05,763.0416796474843
10,6,44,0,0,24,0.8136920891843573,0.8540528990823386,-0.0403608098979813,4.2549849873845895e-05,1439.292499438483
10,6,45,5,5,53,0.7637196434240932,0.7690156288549124,-0.005295985430819217,6.874376233462254e-05,2649.664481695908
10,6,46,6,6,17,0.7868949319675183,0.7300952493617568,0.056799682605761403,2.0059479301852672e-05,934.7284351200601
10,6,47,8,8,17,0.7750503163415416,0.7540710491595942,0.020979267181947425,1.890138746889248e-05,824.9693411427819
10,6,48,1,1,2,0.8657066984364059,0.5747186393292477,0.2909880591071582,0.0,76.04235150389442
10,6,49,5,5,168,0.8841553114047215,0.8849671648762399,-0.0008118534715184644,0.0002587000364586086,9895.396382372186
10,6,50,1,1,2,0.8893709504247808,0.6065366233516556,0.28283432707312517,0.0,84.80366956517422
10,6,51,2,2,78,0.8856434057263681,0.8398497959464412,0.04579360977992697,0.00010290175996393297,4952.712359967485
10,6,52,0,0,45,0.8745895477853797,0.8782649981690324,-0.0036754503836526897,7.236098076145369e-05,2618.7246932516096
10,6,53,3,3,18,0.8580160897025947,0.814724117585204,0.043291972117390665,3.424323889371571e-05,1181.5228904123292
10,6,54,3,3,28,0.8414565812268892,0.839494943128741,0.0019616380981481996,5.854524827035527e-05,1735.5935951392516
10,6,56,3,3,20,0.8110451913752708,0.8022528226815274,0.008792368693743335,2.9663409770759496e-05,1059.7016402768254
10,6,57,6,6,148,0.8692368348770262,0.8638672685010427,0.005369566375983514,0.0001908839587654105,9242.704816300371
10,6,58,8,8,143,0.7962661244960724,0.7966007123997766,-0.00033458790370421987,0.00022705771677697004,7804.745091080449
10,6,60,6,6,1,0.9999999368772757,0.5696228980166761,0.43037703886059964,0.0,0.0
10,6,61,7,7,64,0.7951213408994563,0.7633108708188849,0.03181047008057136,0.0,3330.921854780794
10,6,62,7,7,136,0.8731761160045028,0.8716646400059247,0.001511475998578149,0.00019333633345729482,8457.937451788666
10,6,63,1,1,175,0.8392387397206338,0.8319324818716067,0.0073062578490270536,0.00032772045347800974,10641.819487211618
10,6,64,0,0,12,0.8773571086320597,0.8418975151124536,0.03545959351960615,1.988027661852367e-05,750.2989732542843
10,6,65,5,5,33,0.7743825000267338,0.8036363490666977,-0.029253849039963864,3.7030315009588885e-05,1767.7893175134282
10,6,66,3,3,23,0.8729737450806017,0.8341189155169724,0.03885482956362929,3.926806061984986e-05,1225.4355870363668
10,6,67,6,6,133,0.8398348868260652,0.8182084895315352,0.021626397294529975,0.00020983505440775067,7723.566689535792
10,6,68,3,3,43,0.8755250111719548,0.85126080562082,0.024264205551134843,5.6301576805067314e-05,2493.97213311762
10,6,69,4,4,74,0.8777794751345648,0.8719379756979923,0.005841499436572528,0.00010950651662112853,4361.341473385201
10,6,70,9,9,1,1.0000000107189075,0.16943469213463885,0.8305653185842687,0.0,0.0
10,6,71,3,3,4,0.7851359930032966,0.5467083234864824,0.23842766951681427,0.0,198.94518660121898
10,6,72,2,2,18,0.8322670327112132,0.8206103948058102,0.011656637905402945,3.71157800717118e-05,1121.5489795255328
10,6,73,1,1,2,0.8386934243001519,0.6683859885294319,0.17030743577072005,0.0,72.8243877310168
10,6,74,6,6,2,0.872432946886651,0.6478416894904977,0.22459125739615327,0.0,76.24663596804166
10,6,75,4,4,35,0.9000899118554354,0.8794562498271802,0.02063366202825523,5.7975527327594995e-05,2185.049873070153
10,6,76,7,7,12,0.8049534568622269,0.7746789597633821,0.030274497098844777,1.9633825181293508e-05,665.4003595698689
10,6,77,8,8,3,0.888032116526926,0.6470864609691901,0.24094565555773595,5.615671756423772e-06,138.9005636701616
10,6,78,2,2,33,0.8135508181418645,0.7932839881361191,0.020266830005745362,5.550650965790411e-05,1985.1329996239867
10,6,79,5,5,37,0.8328111351895946,0.7985727232619343,0.034238411927660306,8.494596137126497e-05,2093.623273266343
10,6,80,0,0,1,0.9999999089134867,0.1896371883332865,0.8103627205802002,0.0,0.0
10,6,81,6,6,5,0.8352543797828716,0.6487909732548717,0.18646340652799998,8.458148085897429e-06,242.0038136216594
10,6,82,0,0,11,0.8662932838042483,0.8037046163949757,0.0625886674092726,1.556019858338281e-05,651.4318160059918
10,6,84,0,0,27,0.7791428602656619,0.7629696459690929,0.01617321429656904,3.841400770797238e-05,1349.0055570394954
10,6,85,5,5,47,0.8540813451653747,0.8278042282321103,0.0262771169332644,6.38199533986929e-05,2609.580951059391
10,6,86,6,6,22,0.8735476301729893,0.8511584541943134,0.022389175978675957,3.8330680544922066e-05,1420.3559640545227
10,6,87,1,1,1,1.0000000497017205,0.5562114640979828,0.4437885856037377,0.0,0.0
10,6,88,9,9,43,0.8746364477326132,0.8778440196309206,-0.0032075718983074486,7.394474796993396e-05,2635.690599008215
10,6,89,9,9,81,0.8227867206776885,0.8095246681184649,0.013262052559223636,0.00011635837792528125,4231.827708525696
10,6,90,2,2,69,0.7739828451290898,0.789522051955809,-0.015539206826719276,8.762958647543519e-05,3478.4412294702165
10,6,91,8,8,29,0.8523063083493736,0.8502199364947238,0.002086371854649771,4.2229466223435616e-05,1845.2406644883865
10,6,92,1,1,162,0.839300505915883,0.809791899406768,0.02950860650911502,0.000179927722101465,9436.952514772413
10,6,93,2,2,7,0.8649188203687928,0.7544374637982421,0.11048135657055069,1.032981358892703e-05,417.456395311935
10,6,94,9,9,4,0.864387210594282,0.7755870555115366,0.08880015508274541,0.0,212.44404729335042
10,6,95,2,2,6,0.8763242255137798,0.8472241743688673,0.02910005114491243,1.2470039593462643e-05,380.89422794525143
10,6,97,2,2,175,0.8810296829401031,0.8997207849989186,-0.018691102058815523,0.0002597678507456861,11717.064595786713
10,6,98,5,5,1,1.0000000254409802,0.5735342889752497,0.4264657364657305,0.0,0.0
10,6,99,9,9,19,0.8203614862632226,0.7506749462414624,0.06968654002176022,3.280203636574664e-05,1058.230202951786
10,7,1,9,9,39,0.8287927210114227,0.8352801420523651,-0.006487421040942465,6.795741300281359e-05,2436.591246830641
10,7,2,6,6,6,0.7448828977263972,0.7497424219833292,-0.004859524256932035,6.573121070851896e-06,296.42102820097057
10,7,3,4,4,24,0.8269103068562438,0.8120365877616409,0.014873719094602889,4.4649745168759006e-05,1519.7024222903688
10,7,4,8,8,7,0.8509314270302804,0.6850416193847001,0.16588980764558026,1.193168059140047e-05,415.45127595574235
10,7,5,9,9,84,0.8431036447190479,0.8427135954556894,0.0003900492633585051,0.00012580389326265746,4771.794931828749
10,7,6,7,7,21,0.847172431838829,0.8219310546641073,0.025241377174721635,4.1733732744104774e-05,1473.8731743573835
10,7,7,6,6,9,0.838879474480935,0.7056854250751671,0.13319404940576796,1.5621587705078734e-05,548.980070496201
10,7,8,4,4,2,0.9071945280692139,0.5822329440997892,0.32496158396942465,0.0,62.47338193329871
10,7,9,7,7,13,0.8448433464309899,0.7586288419546887,0.08621450447630119,1.987320222353796e-05,759.911544075779
10,7,10,1,1,24,0.7517347295035773,0.8065956000851374,-0.054860870581560084,3.14478911059377e-05,1191.1939959691456
10,7,12,0,0,22,0.7447574670290036,0.733878360887174,0.010879106141829631,2.785182166644068e-05,990.545723422361
10,7,13,2,2,57,0.7939346259208061,0.8037965193435531,-0.009861893422747015,7.6674638401823e-05,3025.483903808163
10,7,14,3,3,45,0.8455630186314321,0.863112674199615,-0.017549655568182887,0.00010158602931725281,2880.1706087901352
10,7,16,6,6,171,0.7909509772426889,0.799155162221749,-0.008204184979060059,0.00020547956222640107,9388.87559075616
10,7,17,7,7,1,1.000000058898705,0.5637859809522204,0.4362140779464846,0.0,0.0
10,7,18,2,2,139,0.8349214119854207,0.859671909165239,-0.024750497179818254,0.0002791572261723707,8491.241108373535
10,7,19,5,5,2,0.850172982422085,0.6501657210794286,0.20000726134265645,0.0,77.73043621718121
10,7,20,1,1,19,0.8106244976630553,0.8281920263125773,-0.017567528649521935,3.0060748115182416e-05,1096.0904243878122
10,7,21,8,8,77,0.895609848852638,0.8845832136035002,0.011026635249137717,0.0001218195249953718,4944.967473649048
10,7,22,4,4,4,0.7504599318637576,0.5519243802112148,0.19853555165254277,0.0,174.66771552863437
10,7,23,3,3,78,0.863965707650652,0.8678700439083934,-0.0039043362577414475,0.0001028965500357601,3941.508637642343
10,7,25,7,7,11,0.8498329440069473,0.7781012847837052,0.0717316592232421,2.100971851878194e-05,604.4677029676695
10,7,26,4,4,10,0.8890651769389943,0.8109413763976069,0.07812380054138746,1.5162070907234868e-05,623.358897042363
10,7,27,8,8,2,0.8648328687615853,0.6356362018034278,0.22919666695815744,0.0,81.4496361640637
10,7,28,0,0,126,0.8215298593425299,0.8340144901281651,-0.01248463078563522,0.0001849805905897787,7452.638688703691
10,7,29,2,2,2,0.8163752636438357,0.5775557549669327,0.23881950867690305,0.0,71.52214796617527
10,7,30,0,0,1,1.0000000648608784,0.7578584800789326,0.2421415847819458,0.0,0.0
10,7,31,1,1,5,0.8010096200080816,0.7240473523107404,0.07696226769734127,8.726011744820818e-06,257.63608769339794
10,7,32,3,3,9,0.8320685192199024,0.7449189968962329,0.08714952232366957,1.5735368562878714e-05,505.329898069109
10,7,33,1,1,11,0.7223014760073054,0.7007052390306889,0.0215962369766165,1.6563780686495888e-05,509.9994686193347
10,7,34,9,9,48,0.8743685320799761,0.8503724973128786,0.02399603476709755,7.39011029720651e-05,2902.56109717972
10,7,35,4,4,62,0.7814881956428691,0.7843120441366653,-0.002823848493796244,7.777955753530089e-05,3431.473542769567
10,7,36,9,9,50,0.8548821238169917,0.8636860586326072,-0.008803934815615477,8.17012970477809e-05,3081.1660520651444
10,7,37,7,7,1,0.9999999600298144,0.41922828247544414,0.5807716775543703,0.0,0.0
10,7,38,8,8,90,0.8791772772924379,0.8770416378583169,0.002135639434120984,0.0001467969445972971,5808.315478024017
10,7,39,7,7,8,0.8123792287088472,0.7724031776645413,0.039976051044305905,0.0,409.5817738174357
10,7,40,5,5,28,0.7908350840116037,0.7463429261477802,0.044492157863823545,4.578031774832836e-05,1474.718088485596
10,7,41,9,9,10,0.8757670164290663,0.8801043342563312,-0.004337317827264875,1.569091287043973e-05,563.7996506322606
10,7,42,4,4,11,0.8342960230406808,0.7456048710570803,0.08869115198360056,1.7443749313460942e-05,666.6462572912368
10,7,43,3,3,260,0.8831567905738119,0.892096318419418,-0.008939527845606143,0.00037038963261833434,17240.908120655055
10,7,44,0,0,53,0.8027814456920755,0.8027844328948975,-2.987202821991275e-06,9.666762643446812e-05,2921.1770508320174
10,7,45,5,5,213,0.8069689982895679,0.7822182108451086,0.024750787444459355,0.0002970722096472462,11155.638421630118
10,7,46,6,6,9,0.7233575477886041,0.7716747623343702,-0.048317214545766096,1.1780070370957673e-05,453.6019629664268
10,7,47,8,8,43,0.8481984891751496,0.82614741075512,0.022051078420029624,6.303982513583569e-05,2326.0569738797135
10,7,48,1,1,6,0.7944786321376985,0.6755287741263376,0.11894985801136093,9.202775885942384e-06,301.41676735296494
10,7,49,5,5,41,0.8841173736219502,0.876665376414917,0.007451997207033156,6.560883132262567e-05,2468.363986467682
10,7,50,1,1,40,0.7999193892031399,0.8042668579399174,-0.004347468736777493,5.3205759954886987e-05,2330.390240030406
10,7,51,2,2,16,0.8458514858517034,0.7828363307393983,0.06301515511230515,0.0,976.0724490576065
10,7,52,0,0,13,0.8662265811939154,0.8312382477796175,0.034988333414297856,1.650263204556354e-05,730.0543488562877
10,7,53,3,3,1,1.0000000867120697,0.4373282499878918,0.5626718367241779,0.0,0.0
10,7,54,3,3,40,0.8745347215934058,0.8504130791216398,0.02412164247176607,8.055156029573195e-05,2497.7957551346767
10,7,55,8,8,45,0.8491950658515227,0.8209320273323719,0.028263038519150796,6.82213227854361e-05,2427.337366034852
10,7,56,3,3,20,0.8151962630772508,0.7668611866892941,0.048335076387956644,2.9127505567296978e-05,1014.1840137669969
10,7,57,6,6,53,0.8576173337651151,0.8151092647521733,0.042508069012941796,7.605886434213965e-05,3070.4479985511466
10,7,58,8,8,4,0.8350575429967901,0.6756156217361846,0.15944192126060552,0.0,192.06692926685687
10,7,59,8,8,158,0.8360912340705196,0.8542992203555245,-0.018207986285004973,0.0002162735268368199,7955.41374049476
10,7,60,6,6,8,0.8044861427612658,0.798187991776184,0.006298150985081796,0.0,425.2476727757004
10,7,61,7,7,2,0.8734475357906119,0.5481920752199023,0.32525546057070953,0.0,77.07562578771649
10,7,62,7,7,11,0.8939147331116933,0.8506433336279474,0.04327139948374592,2.1585590483003037e-05,681.4392694660202
10,7,63,1,1,53,0.8363447832716767,0.794035503840913,0.04230927943076368,6.4819886246232e-05,3334.6544250677816
10,7,64,0,0,2,0.9207921088188908,0.8019943519394462,0.1187977568794446,0.0,90.1443771604821
10,7,65,5,5,165,0.8093030885652793,0.8007397704254816,0.008563318139797715,0.00027633785083586686,8939.072412963496
10,7,66,3,3,48,0.8894501543618172,0.884545031761812,0.004905122600005196,8.682440234612099e-05,3107.868830761414
10,7,67,6,6,2,0.8174209106984195,0.5842154913831229,0.2332054193152966,0.0,64.7347744093306
10,7,69,4,4,1,0.9999999485539065,0.6166266762632686,0.3833732722906379,0.0,0.0
10,7,70,9,9,65,0.8799504374175859,0.8524677970552618,0.027482640362324173,0.00010941047390394884,3951.2837437541702
10,7,71,3,3,28,0.8729310644647365,0.7773340219223883,0.09559704254234813,3.78194312726178e-05,1573.716552916275
10,7,72,2,2,28,0.8085664282681204,0.7670197507993533,0.04154667746876717,3.887350402355798e-05,1557.3612241405438
10,7,73,1,1,52,0.8353670291136022,0.8549743305688344,-0.019607301455232262,9.523679668276447e-05,3384.38994421692
10,7,74,6,6,35,0.8697927843947315,0.807005100127876,0.06278768426685555,6.90148043757018e-05,2178.1896026594045
10,7,75,4,4,107,0.8968000904865845,0.9179825472573979,-0.02118245677081343,0.00017128758809054092,6940.448340247882
10,7,76,7,7,31,0.8262641923740206,0.8201643538206427,0.006099838553377923,4.9094876702810515e-05,1705.7388407456717
10,7,77,8,8,21,0.8761605316879935,0.8296253350824004,0.04653519660559302,2.4670212599580494e-05,1277.5910565481724
10,7,78,2,2,46,0.8101309795521695,0.7992816305288699,0.010849349023299593,6.241788921298408e-05,2943.9141971081735
10,7,79,5,5,2,0.8508670899124495,0.6053555855040544,0.2455115044083951,0.0,72.76648494581276
10,7,80,0,0,29,0.8484962378706329,0.843989612962888,0.004506624907744894,4.15813478772e-05,1626.7233333735742
10,7,81,6,6,176,0.8341952269404364,0.8423423923103559,-0.008147165369919551,0.0002159168104327397,9442.992980123043
10,7,82,0,0,208,0.8695521548134069,0.8988797434809287,-0.02932758866752183,0.0003218511649615275,13087.850276129162
10,7,83,4,4,1,1.0000000899672723,0.7485436372343123,0.25145645273296,0.0,0.0
10,7,84,0,0,8,0.7883221496002096,0.6461507599818679,0.14217138961834175,0.0,424.80854386520457
10,7,85,5,5,1,1.0000000767439416,0.41776863360176747,0.5822314431421742,0.0,0.0
10,7,86,6,6,17,0.83162132005319,0.8152142597102492,0.016407060342940816,2.4393871164381276e-05,1025.929700618687
10,7,87,1,1,2,0.812030067514929,0.6426334757708331,0.16939659174409594,0.0,73.99872416540623
10,7,88,9,9,25,0.8564649727671402,0.8509393125908505,0.005525660176289637,4.113042927268589e-05,1507.6279014630286
10,7,89,9,9,5,0.7990156921264685,0.6588767090216872,0.14013898310478135,7.904708063777137e-06,259.3877907646336
10,7,91,8,8,13,0.8644731963138461,0.7831548863327803,0.08131830998106582,2.1549370740133522e-05,833.12397609589
10,7,92,1,1,4,0.8224808769092792,0.7505282591811822,0.07195261772809702,0.0,220.20553562567304
10,7,93,2,2,75,0.8538878739425192,0.8523299742985211,0.0015578996439981063,0.0001365593878778554,4821.420345920351
10,7,94,9,9,8,0.8145972583644838,0.7606399247354911,0.05395733362899269,0.0,430.1127816142354
10,7,95,2,2,32,0.8602624945376234,0.852588967589752,0.007673526947871379,0.0,2035.0824781687506
10,7,96,7,7,24,0.8602594930130834,0.8649576114107494,-0.004698118397666096,3.2894436105232276e-05,1290.9032490523775
10,7,97,2,2,80,0.9021862596803499,0.8785493561100355,0.02363690357031445,0.00018361280993342,5300.74450071873
10,7,98,5,5,26,0.828159138821632,0.7900641792000485,0.03809495962158349,4.9737400391558465e-05,1551.3265234979538
10,7,99,9,9,142,0.8091432124493362,0.84219088486524,-0.033047672415903784,0.00018360235411429553,7810.590356170554
10,8,0,5,5,28,0.8918623126467696,0.8895754737561844,0.00228683889058523,4.2044370716263554e-05,1902.4486827775002
10,8,1,9,9,18,0.8145188364963921,0.7615009695808738,0.05301786691551835,2.5797696508367726e-05,1111.8531996131367
10,8,2,6,6,17,0.7751913195491851,0.7497996314433544,0.0253916881058307,2.5712299295193928e-05,928.6390075869335
10,8,3,4,4,6,0.8410901412393775,0.7600008940659083,0.08108924717346921,1.220883918012314e-05,342.9443286646419
10,8,4,8,8,21,0.8451656247272741,0.8213405495258946,0.023825075201379442,2.98731181301681e-05,1223.4809768333657
10,8,5,9,9,1,1.0000000902801174,0.5051526416194396,0.49484744866067776,0.0,0.0
10,8,6,7,7,16,0.8120004964087909,0.8243522335298408,-0.012351737121049866,0.0,1008.1401785049746
10,8,7,6,6,121,0.8291652112190728,0.8281514495014087,0.0010137617176640967,0.00025855525889414705,7676.802934269522
10,8,8,4,4,152,0.8495156730215485,0.8323786468133858,0.01713702620816271,0.00019526650199812597,7898.726317182045
10,8,9,7,7,34,0.8153497093633293,0.8233152408702785,-0.00796553150694923,4.9671015112235105e-05,2064.499953827823
10,8,10,1,1,37,0.739553299894786,0.7217327279578264,0.01782057193695963,4.6321989095470985e-05,1959.243614103981
10,8,11,0,0,50,0.804564349890304,0.7528349353563968,0.051729414533907225,9.29765055546222e-05,2711.7460273123875
10,8,12,0,0,25,0.8359542269899127,0.8097432577895014,0.026210969200411327,2.883922270544466e-05,1271.904041757163
10,8,13,2,2,28,0.8135067001266552,0.8033315651936144,0.010175134933040786,4.015172232314531e-05,1528.918918727343
10,8,14,3,3,119,0.819660248133395,0.8311586669520122,-0.01149841881861724,0.00012744551325996327,7105.743782167908
10,8,15,4,4,59,0.86510666061709,0.8673998198540144,-0.0022931592369244136,0.0001161625531419945,3684.9904957077774
10,8,17,7,7,123,0.8333353622532196,0.8362025311188648,-0.0028671688656451977,0.0001701966436475776,6898.147442608903
10,8,18,2,2,72,0.8246159391012503,0.8190421380250519,0.005573801076198426,9.260374169651568e-05,4315.259551174543
10,8,19,5,5,4,0.8812296127174007,0.63864412815662,0.24258548456078077,0.0,200.19530423969783
10,8,20,1,1,49,0.8743301763796112,0.8395435482767984,0.034786628102812744,8.889226549399372e-05,3056.9197711302445
10,8,21,8,8,6,0.874681975635708,0.8259050775886198,0.04877689804708829,9.944049197983762e-06,345.1983031818405
10,8,22,4,4,106,0.75766623114893,0.7585235829504959,-0.0008573518015659864,0.0001489589513942932,5493.94829669751
10,8,23,3,3,7,0.877075987054814,0.7782932096355771,0.09878277741923691,9.162727494084732e-06,367.6359103204871
10,8,24,5,5,223,0.8998894458643614,0.9018749341608338,-0.001985488296472382,0.00034334328597255886,16643.690141422026
10,8,25,7,7,27,0.788354403521757,0.7855911553714915,0.002763248150265518,4.3972748537871246e-05,1437.3116904206363
10,8,26,4,4,17,0.8151125035228856,0.7936713582115359,0.021441145311349663,2.7658626670358277e-05,932.9457552639528
10,8,28,0,0,41,0.7761455526631641,0.786968260152235,-0.010822707489070882,5.6479468637168553e-05,2275.061673265596
10,8,29,2,2,9,0.7516008057664912,0.7059103072726387,0.04569049849385254,1.583346883913574e-05,496.00264492737534
10,8,30,0,0,54,0.8807859330581734,0.8878621751703447,-0.007076242112171283,8.105949240952759e-05,3543.073415154101
10,8,31,1,1,5,0.7904450540005988,0.7614464696287748,0.02899858437182401,7.999488932386539e-06,247.21132276330798
10,8,32,3,3,159,0.831254402341132,0.8310972898706761,0.00015711247045591126,0.0002190495451197644,8987.671031108344
10,8,33,1,1,5,0.7380071939381168,0.6577715925726089,0.08023560136550789,6.364833599084748e-06,206.06297979317338
10,8,34,9,9,25,0.8607921752991261,0.8508483407016332,0.009943834597492929,4.326868208290641e-05,1576.2358651896902
10,8,35,4,4,30,0.8335140872063901,0.7693141521969644,0.06419993500942567,4.245958403315882e-05,1708.7446627368836
10,8,36,9,9,49,0.8757956595247124,0.8889913997941685,-0.013195740269456135,8.813511538503235e-05,3195.773596444688
10,8,37,7,7,19,0.8109089208165801,0.7425669045251462,0.06834201629143388,2.9869897587271102e-05,976.0694477142911
10,8,39,7,7,96,0.8982251657809394,0.8519820685761769,0.046243097204762496,0.00013735572656105698,5876.7109942519855
10,8,40,5,5,6,0.7956306842635705,0.5329864371835615,0.262644247080009,6.268271483408725e-06,283.1007309326435
10,8,41,9,9,16,0.8901075270559867,0.846051576120508,0.04405595093547876,0.0,943.0020542165793
10,8,42,4,4,4,0.8081677764366229,0.7238444213091996,0.08432335512742328,0.0,224.9987686871607
10,8,45,5,5,5,0.797305579618676,0.6740170375263804,0.12328854209229556,7.503271892220053e-06,246.82836104759747
10,8,46,6,6,172,0.8050610066446297,0.7715385766291827,0.03352243001544697,0.00016806958810943603,9501.4370871104
10,8,48,1,1,30,0.8579636544817703,0.8098053950726095,0.04815825940916074,4.4310184538399746e-05,1742.9386859266333
10,8,49,5,5,21,0.9052957533736061,0.8649792377087901,0.04031651566481598,3.5143343492051275e-05,1302.0279610870432
10,8,50,1,1,14,0.8316800087923768,0.825114811580792,0.006565197211584772,2.5484761121052294e-05,863.4420175145564
10,8,51,2,2,29,0.843785411545665,0.8792094887860029,-0.035424077240337914,4.349526998409023e-05,1849.9277902118683
10,8,54,3,3,1,0.9999999646454855,0.3166281338011537,0.6833718308443317,0.0,0.0
10,8,55,8,8,27,0.7771983216797277,0.8061048641478252,-0.02890654246809754,3.133509409976732e-05,1443.0948338041953
10,8,57,6,6,31,0.8304366006193175,0.8183667260789227,0.012069874540394765,4.453543139719289e-05,1818.8283762510948
10,8,58,8,8,57,0.7935777122268851,0.7858976205803732,0.007680091646511955,8.037824878086991e-05,3108.5109301850334
10,8,59,8,8,8,0.814284286793356,0.7641295515128382,0.050154735280517726,0.0,411.1926148655517
10,8,60,6,6,6,0.8123760509484109,0.7529168339425931,0.0594592170058178,9.430202282361503e-06,320.37211573402686
10,8,62,7,7,49,0.8423533698827498,0.8147374350635725,0.027615934819177235,6.399900410981727e-05,3041.5659676546184
10,8,63,1,1,41,0.8093985909438461,0.7931728561030101,0.016225734840836004,5.697629989627504e-05,2539.498195258486
10,8,64,0,0,56,0.9108880772306935,0.902933720858654,0.007954356372039562,0.00012572674683764812,3531.2499017968285
10,8,65,5,5,99,0.8002221457794099,0.7992687072619237,0.0009534385174861937,0.00010131972692855146,5293.702565261649
10,8,66,3,3,108,0.8866576524480297,0.8817798261405868,0.004877826307442934,0.0001700167759198937,6583.042150721332
10,8,67,6,6,1,0.9999999729213553,0.5438971009907636,0.45610287193059174,0.0,0.0
10,8,68,3,3,249,0.8761768207654866,0.8669431798528388,0.009233640912647889,0.0003384991022371471,14618.847795550939
10,8,69,4,4,63,0.8368590274300387,0.8592620359673436,-0.022403008537304925,6.954760675311543e-05,3476.820491246319
10,8,70,9,9,64,0.8069117760944907,0.8338683962706251,-0.026956620176134427,0.0,3457.0565189397244
10,8,71,3,3,26,0.8634888498218407,0.7966361014941247,0.06685274832771604,4.1736933101061805e-05,1471.0371197382046
10,8,72,2,2,15,0.7782413083461034,0.8276788048602075,-0.04943749651410412,2.5143644411723808e-05,878.2393047547164
10,8,73,1,1,44,0.8804054207978207,0.8542328383684802,0.026172582429340507,8.26904933651611e-05,2817.4911941875707
10,8,74,6,6,31,0.8377344561033249,0.828215427181368,0.009519028921956885,6.79711053141441e-05,1950.7046399453568
10,8,75,4,4,75,0.8903869209332641,0.8879397988674266,0.002447122065837526,0.00014495398440309338,4930.134014289036
10,8,76,7,7,78,0.8361774029517971,0.8159326485511434,0.020244754400653653,0.0001106549351028352,4411.548517960336
10,8,77,8,8,84,0.8510498090474858,0.8515729079614859,-0.0005230989140000419,0.00017116621053706897,5114.360026529222
10,8,78,2,2,58,0.8257663340826101,0.8055887003586858,0.020177633723924338,6.781995509583197e-05,3595.3701810800535
10,8,79,5,5,1,0.9999998929715932,0.4497553269248627,0.5502445660467306,0.0,0.0
10,8,80,0,0,6,0.8289272603673647,0.7480717622120286,0.0808554981553361,6.335771252579866e-06,294.2589168892746
10,8,81,6,6,13,0.8383182085793823,0.7712215088953046,0.06709669968407772,2.0491880159765703e-05,680.8831352539638
10,8,82,0,0,150,0.8948259511772668,0.8616216527165038,0.033204298460763004,0.0002426917887810819,9567.071885660938
10,8,83,4,4,64,0.8724049997521445,0.8778839824626069,-0.005478982710462432,0.0,4041.6390262460477
10,8,84,0,0,13,0.720019386698662,0.6796893028053297,0.04033008389333226,1.7832087784729923e-05,624.2983324335265
10,8,85,5,5,64,0.8502807755423636,0.8406723240075364,0.009608451534827145,0.0,3643.0523183762457
10,8,86,6,6,35,0.8295987791867621,0.8515014345250405,-0.0219026553382784,5.361274804783676e-05,2214.315632755449
10,8,87,1,1,40,0.785313132515026,0.7458906250557809,0.03942250745924514,4.649140584890093e-05,2198.9153535276732
10,8,88,9,9,141,0.8822656770844122,0.8625236097686302,0.019742067315781986,0.00024098296040995807,8518.47353142019
10,8,89,9,9,90,0.7936464174843343,0.8181083792906658,-0.024461961806331534,0.00011347582827007584,4704.295284073493
10,8,90,2,2,13,0.8215965740990336,0.7910087382720522,0.030587835826981435,1.682659906325245e-05,695.2181129824569
10,8,91,8,8,24,0.830260564680248,0.810861867542544,0.019398697137704035,4.091464970206775e-05,1585.9308341807
10,8,92,1,1,39,0.8145178749528686,0.8185113581517595,-0.003993483198890813,5.513749599275746e-05,2319.6914851406177
10,8,93,2,2,99,0.8305178513210818,0.8295595470255852,0.0009583042954965926,0.0001717541472873769,5847.635999485345
10,8,94,9,9,11,0.8266213422350132,0.7678634602214301,0.05875788201358301,1.8819593519761096e-05,629.6087492044197
10,8,95,2,2,20,0.8220989245967424,0.8402989245756036,-0.018199999978861237,3.23232302505637e-05,1259.3081696001864
10,8,96,7,7,160,0.8976830702183952,0.8658991176403711,0.03178395257802413,0.00017021403969813353,8154.93155167145
10,8,98,5,5,1,0.9999999540678126,0.3348732584111331,0.6651266956566795,0.0,0.0
10,8,99,9,9,1,0.9999999402750382,0.31453025012054764,0.6854696901544906,0.0,0.0
10,9,0,5,5,1,0.9999999394961522,0.5757692287195356,0.42423071077661656,0.0,0.0
10,9,1,9,9,10,0.875416283838,0.8270023943777615,0.0484138894602385,1.3188893163892777e-05,626.0635395148734
10,9,2,6,6,53,0.7920226173943906,0.7838717851691528,0.008150832225237825,7.828343364119978e-05,2774.2685571942598
10,9,3,4,4,55,0.8021059725379698,0.8034608446296013,-0.0013548720916315427,9.003511403714763e-05,3189.0017412582242
10,9,4,8,8,98,0.8405366399763525,0.8532997954891045,-0.012763155512751978,0.00016158784560074718,6029.588552859729
10,9,5,9,9,106,0.8458486018495425,0.8359603864299306,0.009888215419611823,0.0001657545799078375,5990.464500551666
10,9,6,7,7,47,0.8433079499089762,0.8554918762132421,-0.012183926304265902,8.130832369400614e-05,3118.3377461301347
10,9,7,6,6,7,0.8134456497029192,0.7087603613976994,0.10468528830521984,1.029448037995528e-05,384.25779900734204
10,9,8,4,4,95,0.8221635552256762,0.8283722034183445,-0.006208648192668309,0.00013119385783813027,4794.580803595484
10,9,9,7,7,213,0.8301089734288546,0.8471097075687086,-0.017000734139854035,0.00026104990136911814,13116.296335436176
10,9,10,1,1,11,0.7549055755918864,0.6836768495070596,0.07122872608482678,1.5426574057163985e-05,587.6209696489157
10,9,11,0,0,18,0.7660713234783941,0.751982811732021,0.014088511746373156,2.167535260948559e-05,973.547203062842
10,9,12,0,0,2,0.8282684190117336,0.4758453193722995,0.35242309963943413,0.0,69.97907468748376
10,9,13,2,2,42,0.7929080434257673,0.7695944116769301,0.02331363174883716,6.114678530900022e-05,2268.6729843277003
10,9,14,3,3,49,0.8106816765824812,0.8128693709160857,-0.0021876943336044397,8.351130645722884e-05,3099.3491183053966
10,9,15,4,4,103,0.8737063008217629,0.8736200572765962,8.624354516673094e-05,0.00017142128413356883,6359.67587777784
10,9,16,6,6,37,0.7756778584992422,0.7449741185242735,0.03070373997496867,4.288680038275498e-05,2166.8834231311866
10,9,17,7,7,76,0.8110468486608106,0.8272935098327675,-0.016246661171956944,9.879083211994636e-05,4146.048692551434
10,9,18,2,2,96,0.8521257502341245,0.82443756493223,0.02768818530189454,0.0001515066054679803,5416.193843627179
10,9,19,5,5,12,0.8463039656450737,0.7817666438566481,0.06453732178842564,1.922881843341608e-05,707.4925187118473
10,9,20,1,1,49,0.8222901555651122,0.8408111478650443,-0.018520992299932093,6.808034854449937e-05,3012.0865024097247
10,9,21,8,8,1,1.000000028839721,0.4424955837634294,0.5575044450762916,0.0,0.0
10,9,22,4,4,102,0.7766164047021471,0.7751307500631144,0.0014856546390327185,0.00013994383418256258,5430.535543381828
10,9,23,3,3,17,0.8085045653456064,0.8155589527525133,-0.007054387406906892,2.5101601836131077e-05,832.5793406355195
10,9,24,5,5,2,0.8580450659551403,0.609578925938607,0.24846614001653333,0.0,80.57882769813064
10,9,25,7,7,111,0.8353136634488738,0.8083924048262036,0.026921258622670252,0.00016464027759875163,6227.980030469227
10,9,26,4,4,11,0.7654780780347114,0.7723470343098067,-0.006868956275095317,1.1596704116659027e-05,597.2001709834406
10,9,27,8,8,18,0.8430731834996479,0.8145673710724693,0.028505812427178534,2.1495717808204708e-05,1097.8033574767953
10,9,28,0,0,53,0.8415083785546578,0.7879910262875527,0.05351735226710508,7.625119279575641e-05,3154.460822268908
10,9,29,2,2,1,0.9999998976783222,0.0895913121711213,0.9104085855072009,0.0,0.0
10,9,30,0,0,30,0.8852360540189768,0.8791009417260198,0.006135112292956935,5.6888279021041916e-05,1975.6278240648383
10,9,31,1,1,54,0.8760295879647719,0.878594770900789,-0.002565182936017041,0.00010167412247174462,3255.926550180549
10,9,32,3,3,54,0.8371879345254422,0.8245805808506304,0.012607353674811805,8.678074438281429e-05,3083.2213686046293
10,9,33,1,1,4,0.8251397748126373,0.6281097004870208,0.1970300743256166,0.0,185.75983470902023
10,9,34,9,9,32,0.8712194864025261,0.8330476156285221,0.03817187077400397,0.0,1971.7089928613912
10,9,35,4,4,5,0.8053903669002366,0.7095539801429086,0.09583638675732797,1.114032852633621e-05,266.9818018266984
10,9,36,9,9,8,0.8654843486988772,0.8204310747687974,0.04505327393007985,0.0,411.6943033257574
10,9,37,7,7,7,0.8216443416202489,0.7764714437453815,0.045172897874867446,8.591701623760987e-06,326.54194524168713
10,9,38,8,8,62,0.8782138610780676,0.8794775658544371,-0.0012637047763695008,8.823834650587074e-05,3907.712875720893
10,9,39,7,7,65,0.8700496156509644,0.8583377124840623,0.011711903166902071,0.00012337076099517574,3795.5087538740786
10,9,40,5,5,2,0.8333007555398525,0.5723383279263756,0.2609624276134769,0.0,72.90847514515384
10,9,41,9,9,25,0.8558289710641153,0.8444642048242188,0.011364766239896462,3.957840240718972e-05,1382.398661260687
10,9,42,4,4,12,0.8134227050979074,0.7999193714885943,0.013503333609313106,1.694873011143957e-05,696.7024406383565
10,9,43,3,3,54,0.8923087873470453,0.8740766257032845,0.018232161643760847,8.442797574891007e-05,3531.2088982220557
10,9,44,0,0,7,0.8048851698006134,0.7333299406056273,0.07155522919498614,1.2012070328093995e-05,395.5400731093823
10,9,45,5,5,2,0.8281975940502901,0.1914897456609736,0.6367078483893165,0.0,57.94726681726738
10,9,46,6,6,2,0.8892184576615435,0.5978572054064943,0.29136125225504916,0.0,77.73347495711347
10,9,47,8,8,34,0.8394384986048422,0.8471825649863316,-0.0077440663814893895,4.885300859954505e-05,1802.2737585260252
10,9,48,1,1,7,0.8437659003030472,0.7621008552296806,0.08166504507336658,1.1788378928379915e-05,372.3209670713026
10,9,49,5,5,1,0.9999999854180158,0.648269429493436,0.3517305559245798,0.0,0.0
10,9,50,1,1,2,0.8548560099616845,0.5873278181250666,0.2675281918366179,0.0,78.1727849359259
10,9,51,2,2,41,0.8319021051293071,0.8241812605072318,0.007720844622075229,6.647817853206837e-05,2616.6260900630487
10,9,52,0,0,63,0.8594240166457379,0.8699302689892796,-0.010506252343541744,0.00011173983830603255,3676.1699143147357
10,9,53,3,3,18,0.8878552214528612,0.8636460786482999,0.024209142804561323,2.8847714933424626e-05,1220.704127116307
10,9,54,3,3,11,0.8233753068082992,0.8041637911495441,0.01921151565875512,1.7424915413257066e-05,652.1395918303799
10,9,55,8,8,27,0.7809163909249677,0.8085780975026693,-0.027661706577701617,4.5961964624720036e-05,1551.7757422458035
10,9,56,3,3,1,0.9999999742490578,0.5726935255998039,0.42730644864925393,0.0,0.0
10,9,57,6,6,14,0.8495733278792483,0.8015472311490973,0.04802609673015101,2.5369148437802876e-05,867.0334817910278
10,9,58,8,8,4,0.7676600173426535,0.5924464368641504,0.1752135804785031,0.0,168.29166178073493
10,9,59,8,8,141,0.8365821173602239,0.8253058557324691,0.011276261627754858,0.00016676827785427637,7059.518253182484
10,9,60,6,6,100,0.847136978121585,0.8219104390131785,0.025226539108406443,0.00013594157189896294,5552.596713933744
10,9,61,7,7,20,0.8153767129387129,0.792119204373724,0.023257508564988982,2.6251454644808583e-05,1161.882069907924
10,9,62,7,7,47,0.8732400219485654,0.8600006729417256,0.013239349006839873,6.693600249500863e-05,2974.7058831175045
10,9,63,1,1,1,1.0000000149515258,0.3943010290575645,0.6056989858939613,0.0,0.0
10,9,64,0,0,104,0.895127769458951,0.8935671542369847,0.0015606152219662661,0.00024550283585721605,6415.627686787752
10,9,65,5,5,1,1.0000000093959096,0.31140194934024346,0.6885980600556662,0.0,0.0
10,9,66,3,3,4,0.8989983741650771,0.702003188415351,0.19699518574972608,0.0,235.7979752286364
10,9,67,6,6,6,0.7611426827147431,0.6611191050674955,0.10002357764724756,7.237354677756535e-06,257.13333543615045
10,9,68,3,3,13,0.8323024161782133,0.8444703053490173,-0.012167889170804025,2.017128237631995e-05,714.7460421784446
10,9,69,4,4,62,0.8708541937608987,0.8786621918030171,-0.0078079980421184025,9.518612903201753e-05,3750.984463543296
10,9,70,9,9,42,0.8247178935855002,0.8046783078447088,0.020039585740791344,7.439553015634972e-05,2377.7460549564194
10,9,71,3,3,78,0.8018215406322625,0.8173904988862917,-0.015568958254029153,0.00010935220428909833,4234.693259289924
10,9,72,2,2,27,0.8329150697877127,0.8062774550685695,0.026637614719143166,3.881083574758889e-05,1539.3223120770929
10,9,73,1,1,224,0.8732511569212983,0.8759614916187173,-0.0027103346974189924,0.00045043054590786593,14286.112062396805
10,9,74,6,6,130,0.8492604050453133,0.8469129630947497,0.002347441950563578,0.0002651877169227355,8203.95242731019
10,9,75,4,4,16,0.888101610463481,0.897614701308506,-0.00951309084502494,0.0,1034.293077402054
10,9,76,7,7,31,0.8112130293793175,0.8291471522208863,-0.01793412284156881,4.867110570055996e-05,1684.913556418352
10,9,77,8,8,49,0.8190706003444959,0.8345812776428713,-0.015510677298375408,0.00011244581583895691,2848.14208393251
10,9,78,2,2,33,0.7889755168254388,0.7957309162144388,-0.00675539938900005,5.705958291673281e-05,1900.4704554668137
10,9,79,5,5,118,0.8572158148610483,0.8645511368265343,-0.00733532196548603,0.0001915701217029205,6827.550116073554
10,9,80,0,0,24,0.8535810332857175,0.8200859560555891,0.033495077230128456,4.319082702953541e-05,1399.7916761903662
10,9,81,6,6,6,0.7624238734466504,0.7066394855197592,0.05578438792689122,8.136541623977108e-06,286.4091803564506
10,9,82,0,0,3,0.9284629968354684,0.7745379624630886,0.1539250343723798,5.073979156587995e-06,150.91038300802572
10,9,83,4,4,84,0.8695393612864977,0.8827996530418074,-0.013260291755309739,0.00011995512052256667,5371.83346471813
10,9,84,0,0,73,0.7900995765635628,0.7816061697152995,0.008493406848263274,8.355706427647925e-05,3723.634500385092
10,9,85,5,5,1,1.000000000212666,0.5865849123793982,0.41341508783326786,0.0,0.0
10,9,86,6,6,27,0.858400113173741,0.870622709894013,-0.012222596720272039,4.2935166692818153e-05,1724.2512129053353
10,9,87,1,1,6,0.84337571422206,0.7133752276136957,0.13000048660836439,8.991154907271215e-06,327.89035009880666
10,9,88,9,9,9,0.8522364162436049,0.8213825956136039,0.030853820630000972,1.7060843115974788e-05,526.0629250541349
10,9,89,9,9,2,0.8930447837433092,0.560736347877923,0.33230843586538616,0.0,68.959508408106
10,9,90,2,2,80,0.8074906374575728,0.8109504905142249,-0.0034598530566520846,0.00010990444955512954,4211.772400797274
10,9,91,8,8,31,0.8456450974008228,0.810588411462662,0.0350566859381608,5.3618257762755185e-05,2022.5427600036558
10,9,92,1,1,1,0.9999999247106837,0.3358970401497395,0.6641028845609442,0.0,0.0
10,9,93,2,2,1,1.0000000498287092,0.3515119353644248,0.6484881144642843,0.0,0.0
10,9,94,9,9,16,0.791684553069908,0.7803480714370883,0.01133648163281975,0.0,912.7154489960556
10,9,95,2,2,14,0.8486795959555508,0.836533826334192,0.012145769621358715,2.021991430723528e-05,861.967797241953
10,9,96,7,7,136,0.8771840258802371,0.8952502935248842,-0.018066267644647027,0.00014704379519359516,6940.918305341247
10,9,97,2,2,6,0.8764355490495446,0.7661005686636461,0.1103349803858985,7.798400257425459e-06,344.12111242510736
10,9,98,5,5,44,0.8325734891831685,0.8086334604640596,0.02394002871910894,8.253168569024634e-05,2645.345900011214
10,9,99,9,9,122,0.8098625408730105,0.8345427627871542,-0.024680221914143763,0.0001839559488605067,6909.5168673367625
20,0,0,5,5,63,0.8715131723427487,0.889758695245456,-0.018245522902707312,0.00010676730729852894,4210.490515623785
20,0,2,6,6,3,0.8501191352843105,0.5940705897405,0.2560485455438105,5.892969919955588e-06,137.9895830267879
20,0,3,4,4,18,0.8243284896340217,0.7693317230656693,0.054996766568352395,2.4445330456150393e-05,1114.0214383913465
20,0,4,8,8,18,0.8057930333428452,0.8077247251348514,-0.0019316917920061405,2.0358237085793523e-05,996.9893862236019
20,0,5,9,9,34,0.8089680279565774,0.81498409374501,-0.006016065788432612,4.505373326874769e-05,1897.1188199130358
20,0,6,7,7,8,0.8376628600361913,0.7682232893098246,0.06943957072636664,0.0,552.510091623178
20,0,7,6,6,45,0.8003488521660173,0.8059900477151285,-0.005641195549111244,9.393548948908066e-05,2823.3003852775105
20,0,8,4,4,30,0.798569889062484,0.7681256492756058,0.03044423978687827,3.7046154462456454e-05,1462.3725912448986
20,0,9,7,7,8,0.837891854367966,0.778774623014311,0.059117231353654986,0.0,488.1022068277218
20,0,10,1,1,13,0.8145307910890729,0.7677234477464668,0.046807343342606056,1.8750430525359783e-05,688.9981772802977
20,0,11,0,0,42,0.7992367223669985,0.768580457020133,0.030656265346865497,4.710922206174655e-05,2169.9359499460243
20,0,12,0,0,1,0.9999999067492439,0.40886535391950257,0.5911345528297414,0.0,0.0
20,0,13,2,2,17,0.8167960908766314,0.7560726007268175,0.06072349014981393,2.4590693004447586e-05,909.0711423957949
20,0,14,3,3,5,0.8496339988126703,0.7063757474233024,0.14325825138936787,8.723743457219728e-06,299.94613270129463
20,0,15,4,4,34,0.8433240292534294,0.8277346955693449,0.01558933368408455,5.8805202302369664e-05,1896.8537876869634
20,0,17,7,7,4,0.8299417978139606,0.714161228553122,0.11578056926083857,0.0,184.8934205136549
20,0,18,2,2,2,0.8219310657403273,0.48725605462463717,0.3346750111156901,0.0,77.59087894336037
20,0,20,1,1,84,0.8443366976464952,0.8327429134483335,0.011593784198161705,0.00014020772450523637,5088.309572384078
20,0,21,8,8,28,0.8709998113242313,0.8632454782448018,0.007754333079429521,4.241458918282136e-05,1708.3858448800347
20,0,22,4,4,34,0.7686884496404174,0.7562934195970021,0.012395030043415245,4.569679380769826e-05,1910.0234917892458
20,0,23,3,3,12,0.8601738177439752,0.7250819173104205,0.13509190043355468,1.540527741385879e-05,589.1204352471667
20,0,24,5,5,6,0.8770108813667227,0.8293634174611141,0.04764746390560859,1.4705072132933975e-05,415.908836447222
20,0,25,7,7,1,1.0000000625066063,0.36886310928542,0.6311369532211863,0.0,0.0
20,0,26,4,4,22,0.8265043778938859,0.8050077807126305,0.021496597181255406,3.4019733152126886e-05,1212.575131718952
20,0,27,8,8,13,0.8198780024797856,0.7972789488466233,0.02259905363316228,2.6051292602997555e-05,697.0816613257539
20,0,28,0,0,3,0.7894877719407561,0.5521836449592402,0.23730412698151593,5.554010107456691e-06,135.9954402652138
20,0,29,2,2,33,0.7996748190960855,0.8388707862199127,-0.039195967123827224,3.854673379272749e-05,1802.2977037504459
20,0,30,0,0,88,0.8877407456734046,0.8919768870822103,-0.004236141408805794,0.00015746458305458262,5764.417405590252
20,0,31,1,1,4,0.8574428893344995,0.7963071014406198,0.061135787893879745,0.0,221.31481835536596
20,0,32,3,3,20,0.8164840838663019,0.7965520678172099,0.019932016049092005,3.12193894423382e-05,1106.7841740716926
20,0,33,1,1,47,0.8446069569254476,0.7931027884109018,0.05150416851454587,5.350131102401479e-05,2264.73785934027
20,0,34,9,9,2,0.9270045685344753,0.6397613411346302,0.2872432273998451,0.0,79.23266285512028
20,0,35,4,4,72,0.7864371220431978,0.7779634323298079,0.00847368971338991,0.00014062297762309527,3904.9954863263774
20,0,36,9,9,43,0.860716590144514,0.8629945089075384,-0.0022779187630244113,7.350876924484283e-05,2683.454737797033
20,0,37,7,7,3,0.86116208165262,0.646401491423484,0.21476059022913596,4.054117877024731e-06,118.56119506034769
20,0,38,8,8,1,0.9999999422211022,0.5949328406067257,0.40506710161437653,0.0,0.0
20,0,39,7,7,14,0.8660177796416925,0.8436149425779291,0.022402837063763337,2.0879476270702853e-05,874.5539824062066
20,0,40,5,5,4,0.7625130672605213,0.4992720626973133,0.263241004563208,0.0,189.97925652255546
20,0,41,9,9,24,0.8581146013441538,0.8413630494865034,0.016751551857650426,3.395909659462691e-05,1444.6699047910397
20,0,42,4,4,7,0.8023786327681952,0.6554687018414467,0.14690993092674853,1.1501733522321641e-05,371.06836905198634
20,0,43,3,3,23,0.8406851863302333,0.8303359980482723,0.010349188281960964,3.600122070641422e-05,1426.6775288637502
20,0,44,0,0,1,1.0000000760659087,0.577897746716222,0.4221023293496867,0.0,0.0
20,0,46,6,6,23,0.7418454833512449,0.7167943663447951,0.025051117006449797,2.960029101505065e-05,1178.5855078765678
20,0,48,1,1,1,0.9999999960829947,0.511988429253613,0.48801156682938174,0.0,0.0
20,0,49,5,5,99,0.8878032379618651,0.8588910902668861,0.028912147694978962,0.0001585924624994554,5908.301930359489
20,0,50,1,1,11,0.8241278978988669,0.7535894191831428,0.07053847871572405,2.516020532608232e-05,695.3327722762381
20,0,51,2,2,2,0.9205055631170054,0.49487789552090394,0.42562766759610143,0.0,85.68213916296953
20,0,54,3,3,3,0.834817790084172,0.5672180115722816,0.26759977851189043,4.27141372289178e-06,128.13965949024777
20,0,55,8,8,7,0.8729342112186548,0.7327134213966806,0.14022078982197417,1.132523538816407e-05,389.4042418146275
20,0,57,6,6,84,0.848214215646944,0.8600538016355229,-0.011839585988578927,0.0001336807104241923,5066.950072207273
20,0,58,8,8,24,0.7669806969733223,0.7605664439216194,0.006414253051702845,3.5402693218522845e-05,1253.4316894931947
20,0,59,8,8,1,0.9999999964766214,0.5008705725991636,0.49912942387745785,0.0,0.0
20,0,60,6,6,2,0.7859991975647942,0.6596308835043808,0.12636831406041338,0.0,67.83478019369096
20,0,61,7,7,8,0.773663014208024,0.648532354852155,0.12513065935586898,0.0,421.0029882880325
20,0,62,7,7,4,0.8804247055943853,0.8361746934079102,0.044250012186475174,0.0,223.25733557173334
20,0,63,1,1,13,0.7983668340587282,0.766203365134646,0.03216346892408217,2.3438403739077335e-05,746.0531861300414
20,0,64,0,0,32,0.8874561384224189,0.8683040472894937,0.019152091132925153,0.0,2057.604618297812
20,0,65,5,5,2,0.9019109013003214,0.531431499936712,0.37047940136360935,0.0,79.06172349465511
20,0,67,6,6,4,0.8503489798426075,0.7297173567828699,0.12063162305973762,0.0,210.86690290782474
20,0,68,3,3,19,0.8679792101763816,0.8518621931090846,0.016117017067296957,3.3147559092765614e-05,1072.746230537884
20,0,69,4,4,60,0.8458978079276979,0.8450141256132749,0.0008836823144229289,8.518913353186573e-05,3509.117323032529
20,0,70,9,9,40,0.8513248317627307,0.8279718168034751,0.02335301495925557,6.402223820606204e-05,2292.8774938718334
20,0,72,2,2,2,0.8372061934199095,0.5957742387173109,0.2414319547025986,0.0,79.87305596807037
20,0,73,1,1,20,0.8781036959298645,0.8593994105887923,0.018704285341072158,3.2625808838167186e-05,1224.0673333344942
20,0,74,6,6,4,0.8496479174112439,0.7074950524847158,0.14215286492652812,0.0,227.22854052060345
20,0,75,4,4,7,0.9296601204742724,0.8967759365170828,0.03288418395718962,1.1652538009403964e-05,436.1204830690546
20,0,76,7,7,19,0.832832104040718,0.8196099855383827,0.013222118502335234,2.8298512465988437e-05,1002.9985195916016
20,0,77,8,8,13,0.8464453654941814,0.8059135655919255,0.04053179990225586,1.7843825655611492e-05,731.7402811260661
20,0,78,2,2,19,0.7937356174589578,0.7630156176695232,0.030719999789434627,2.5558712848125524e-05,1101.8182518566057
20,0,79,5,5,3,0.8333569617452424,0.5704522256645046,0.26290473608073783,4.089729209071128e-06,113.92326779312887
20,0,80,0,0,65,0.8702406954217081,0.8506216856248123,0.019619009796895792,0.00010339864826060904,3715.8553987586965
20,0,81,6,6,23,0.7676354981438975,0.7618217463570289,0.005813751786868604,3.44606002870666e-05,1175.4149129228465
20,0,82,0,0,1,1.0000000579788169,0.6481385221909973,0.35186153578781953,0.0,0.0
20,0,83,4,4,38,0.8816865660171923,0.8522213460192397,0.029465219997952596,6.014271669167484e-05,2455.867973993148
20,0,84,0,0,32,0.8172012060833461,0.789988384393864,0.027212821689482136,0.0,1691.0760774469888
20,0,85,5,5,15,0.8601853327613146,0.7965004942053115,0.06368483855600304,2.3368486987608815e-05,824.622574027532
20,0,86,6,6,66,0.8581650228369908,0.8636067928232546,-0.005441769986263778,9.948111857662688e-05,4196.732717614551
20,0,87,1,1,61,0.8137775963962832,0.8024210298474339,0.011356566548849312,8.896453484830464e-05,3536.833171312872
20,0,88,9,9,5,0.8295082460681861,0.7761173245657828,0.05339092150240332,9.231978617823996e-06,263.51858918805937
20,0,89,9,9,1,1.0000000261914945,0.5122395252678555,0.487760500923639,0.0,0.0
20,0,90,2,2,77,0.81352840642351,0.8150125176014016,-0.0014841111778916005,0.0001019129017466525,4057.82222916329
20,0,91,8,8,68,0.8539981650633756,0.8560125665147675,-0.0020144014513919783,0.00010775547612494602,4424.848880220832
20,0,92,1,1,22,0.856283276521499,0.7670628014782306,0.08922047504326847,3.599634453857418e-05,1244.0711349640244
20,0,94,9,9,1,0.9999999351732058,0.44779609919363134,0.5522038359795745,0.0,0.0
20,0,97,2,2,10,0.8640344674859335,0.8114703485881886,0.05256411889774493,1.2121645624295246e-05,627.898886311091
20,0,98,5,5,5,0.7588410344989052,0.5463140901335629,0.21252694436534225,7.915139138629354e-06,236.80361129110545
20,1,0,5,5,27,0.842728318513993,0.8399266530540423,0.002801665459950642,4.231248882435508e-05,1759.4536146677501
20,1,1,9,9,55,0.8534333818025104,0.8354180305092674,0.018015351293242943,0.0001235684566392041,3552.702661839523
20,1,2,6,6,83,0.813132157620614,0.80591142503658,0.007220732584033995,8.328733939891445e-05,4614.978975523856
20,1,3,4,4,13,0.8227506524546975,0.7445777179305989,0.07817293452409857,2.133869054374589e-05,780.2716351704512
20,1,4,8,8,1,0.9999999455215406,0.3678680213677673,0.6321319241537733,0.0,0.0
20,1,6,7,7,56,0.8535119001795023,0.8561078717950859,-0.002595971615583559,0.00011291716910911243,3718.837297070622
20,1,8,4,4,1,0.999999963530361,0.47713049881140646,0.5228694647189546,0.0,0.0
20,1,9,7,7,1,0.9999999510390959,0.7356645597971763,0.2643353912419196,0.0,0.0
20,1,10,1,1,12,0.7104791366376734,0.6850147288591464,0.025464407778526987,1.5427644251973828e-05,571.8634208898081
20,1,11,0,0,14,0.7369944027294101,0.6461863648596368,0.09080803786977332,1.5113484182404078e-05,711.0496893808056
20,1,12,0,0,94,0.8068455725291839,0.8195299274103899,-0.012684354881206006,0.00014490655683350532,4965.44526056387
20,1,13,2,2,19,0.790673198799097,0.8028643254136983,-0.01219112661460131,2.997283891286011e-05,1016.7294204363968
20,1,15,4,4,29,0.8374860016837928,0.82803243080324,0.009453570880552875,5.1855020838572097e-05,1734.0243055741744
20,1,16,6,6,3,0.7613048695959697,0.5868705034642266,0.174434366131743,4.450654460013827e-06,127.91912736154002
20,1,17,7,7,20,0.8360972989326024,0.8125298343797253,0.02356746455287717,2.980656735925883e-05,1091.3793920016137
20,1,18,2,2,11,0.7974443141081001,0.8431530183809306,-0.04570870427283047,2.4805449148927927e-05,637.5906282191388
20,1,19,5,5,3,0.8973450966676217,0.7293907194886396,0.1679543771789821,6.588702576435948e-06,153.97090427360718
20,1,20,1,1,12,0.849593867099287,0.7697591121961784,0.07983475490310854,1.454241493172455e-05,679.8124009261682
20,1,21,8,8,28,0.899713907327618,0.9156134260357239,-0.01589951870810591,5.742681439570722e-05,1912.733933497287
20,1,22,4,4,2,0.8338798593311288,0.4138449428324916,0.4200349164986372,0.0,66.7281024660451
20,1,24,5,5,2,0.8245381141948523,0.6838055552750959,0.14073255891975645,0.0,75.86167871251808
20,1,25,7,7,1,0.9999999789538877,0.5118633663019725,0.4881366126519152,0.0,0.0
20,1,26,4,4,98,0.8042221675926373,0.8153770843762806,-0.011154916783643332,0.00014715703775710747,5596.728045624302
20,1,28,0,0,29,0.8030635091394556,0.779546424357933,0.02351708478152259,4.473442765967714e-05,1651.8068641455625
20,1,29,2,2,9,0.7199586873722769,0.682984116544839,0.036974570827437825,1.2631823893640223e-05,402.270464291214
20,1,30,0,0,2,0.909110384846461,0.7776188011582774,0.1314915836881836,0.0,71.4648402069678
20,1,31,1,1,1,1.0000000239931854,0.48626697291854365,0.5137330510746418,0.0,0.0
20,1,32,3,3,8,0.7587177415613819,0.681518751951926,0.07719898960945593,0.0,406.4451102259893
20,1,33,1,1,18,0.7844420809096946,0.8129649681798676,-0.028522887270173047,2.6109566594232656e-05,925.097873788124
20,1,35,4,4,8,0.7841290508862458,0.7488462861747406,0.035282764711505266,0.0,424.4225663676459
20,1,36,9,9,14,0.8515199602187637,0.8627661578813068,-0.01124619766254309,2.0260704435873897e-05,848.5171526498225
20,1,37,7,7,121,0.8139558957749933,0.8103834464776404,0.0035724492973528976,0.0001536844306645865,6250.471699473125
20,1,38,8,8,1,0.9999999456336706,0.4178678426306354,0.5821321030030351,0.0,0.0
20,1,39,7,7,72,0.8921364788803113,0.858728052967124,0.03340842591318738,0.00010964956652484141,4400.706911779146
20,1,40,5,5,33,0.767518916090742,0.6789397351061007,0.08857918098464124,4.0550790963512043e-05,1588.1767558981478
20,1,41,9,9,3,0.9071864608921917,0.7757751613467022,0.13141129954548947,5.693717204798706e-06,148.9552252191005
20,1,42,4,4,2,0.8307929716289892,0.5119133090677949,0.3188796625611944,0.0,72.30109170270975
20,1,43,3,3,33,0.8846717066109776,0.8711490869155711,0.013522619695406468,5.371661192755537e-05,2162.2000923174073
20,1,44,0,0,34,0.8049083412955087,0.7962451391526875,0.008663202142821236,7.530411306098312e-05,2010.2984679325532
20,1,45,5,5,18,0.7605738202381361,0.695901696094823,0.06467212414331314,2.5510815452692243e-05,843.1541032341231
20,1,47,8,8,16,0.8557960170440568,0.7554237771852064,0.10037223985885046,0.0,878.6593984864072
20,1,48,1,1,16,0.7612654101431928,0.7475874585140495,0.013677951629143315,0.0,863.8152902662598
20,1,49,5,5,20,0.8363443562405598,0.868683982910483,-0.03233962666992318,2.9609129677156017e-05,1178.8095791553014
20,1,50,1,1,22,0.8455923777204785,0.8421970999424291,0.003395277778049377,3.533564539323584e-05,1450.498036950112
20,1,51,2,2,7,0.8286575478419704,0.750199095049431,0.07845845279253938,1.1521770389395268e-05,411.26511163246033
20,1,52,0,0,94,0.8966112360903005,0.8968919876070741,-0.0002807515167736474,0.00015351967307140492,5576.435594249871
20,1,54,3,3,11,0.8319927325403397,0.7942306873616913,0.03776204517864834,2.3830535822717224e-05,605.4109822967517
20,1,55,8,8,4,0.7860651496625972,0.562651974866731,0.2234131747958662,0.0,182.31853602308817
20,1,56,3,3,22,0.8233095484917894,0.8275453614612203,-0.004235812969430874,2.4483490652098797e-05,1119.627790112228
20,1,57,6,6,55,0.8463465825184203,0.8599360406536006,-0.01358945813518031,7.746982314742567e-05,3315.028190426604
20,1,58,8,8,17,0.7673187017072557,0.768373303294364,-0.0010546015871083503,2.631112693324599e-05,919.5626927713704
20,1,59,8,8,18,0.8139393887907093,0.7685593588743834,0.04538002991632584,2.6087719377025877e-05,893.58037613531
20,1,60,6,6,9,0.7513084457905584,0.7139501264015079,0.03735831938905054,1.263014363937856e-05,444.0216597196841
20,1,61,7,7,24,0.7308238949628142,0.7478082185203592,-0.016984323557544978,3.3040163444209605e-05,1278.2733097666112
20,1,62,7,7,128,0.8565384223671189,0.8385921155614158,0.017946306805703083,0.0,7764.625824359256
20,1,63,1,1,13,0.7899069587205304,0.8190978444515565,-0.02919088573102613,2.636117294321964e-05,775.4886412295243
20,1,64,0,0,26,0.8769270952690787,0.8510175723314698,0.025909522937608953,4.064302544046441e-05,1667.0463135400446
20,1,65,5,5,5,0.823029175221015,0.7038108335558332,0.11921834166518186,1.0351320783556581e-05,270.15285404198744
20,1,66,3,3,12,0.8892827755163395,0.75142626722393,0.13785650829240947,2.2008141223209064e-05,730.1523098686482
20,1,67,6,6,8,0.8518619296024915,0.7562476635890465,0.09561426601344503,0.0,485.3494723045161
20,1,68,3,3,10,0.8227409806358642,0.8718747539654588,-0.049133773329594566,1.4761220867458063e-05,557.0631830793642
20,1,69,4,4,11,0.850367020333881,0.8384278510916616,0.011939169242219383,1.5920022111029713e-05,641.5340719265023
20,1,70,9,9,57,0.8460717908422837,0.8189057607896512,0.027166030052632517,6.86528018456704e-05,3247.6381547704523
20,1,71,3,3,1,0.9999999714740329,0.5168949545757517,0.4831050168982811,0.0,0.0
20,1,72,2,2,2,0.7799252337313601,0.3318334578006576,0.44809177593070254,0.0,69.96333480521615
20,1,73,1,1,46,0.8501183633915815,0.8382980624940082,0.011820300897573355,7.031522296018155e-05,2801.3811625231588
20,1,74,6,6,25,0.8412625795953778,0.8271564346392678,0.014106144956109956,3.939199390123067e-05,1660.8868985497777
20,1,75,4,4,1,1.0000000436355678,0.742037070835838,0.2579629727997298,0.0,0.0
20,1,76,7,7,1,0.9999999774038277,0.33395728631538335,0.6660426910884444,0.0,0.0
20,1,77,8,8,2,0.8799801716683786,0.6407270659589243,0.23925310570945435,0.0,83.33743504834995
20,1,78,2,2,3,0.8443633685485231,0.6677113365606624,0.17665203198786072,4.919925533642419e-06,145.14223458867434
20,1,79,5,5,3,0.8562178452732206,0.6303384221375468,0.22587942313567388,4.52146444277776e-06,140.20204792267538
20,1,80,0,0,15,0.8622410229593648,0.7970135158924643,0.0652275070669005,2.5022628389991634e-05,919.9558473445567
20,1,81,6,6,133,0.847095708399412,0.8484452947191998,-0.0013495863197878766,0.0001729981321599344,7223.327673037848
20,1,83,4,4,4,0.8577952355658625,0.8334945960728884,0.024300639492974008,0.0,228.35417185879433
20,1,84,0,0,18,0.7728743884034756,0.7230426332463415,0.049831755157134006,2.6691150251685713e-05,942.924560102513
20,1,85,5,5,35,0.844509194698574,0.8254956602378906,0.019013534460683434,5.221111936896477e-05,1956.798995442787
20,1,86,6,6,84,0.8675490393406852,0.8548204092410742,0.012728630099611005,0.00014675730856838739,5499.071634388339
20,1,87,1,1,8,0.8048583668701933,0.6760720300527306,0.12878633681746265,0.0,440.99673439801575
20,1,88,9,9,5,0.8667437665744481,0.8146338215057383,0.052109945068709806,9.34742205023464e-06,310.33545718135184
20,1,89,9,9,78,0.8191228013691454,0.8176012717837104,0.0015215295854349442,0.00010385289151339763,4281.629717156258
20,1,92,1,1,5,0.8843761037881498,0.7964323342435359,0.08794376954461391,7.970934645712511e-06,285.14647659377977
20,1,93,2,2,1,1.0000000404812075,0.3967031322484827,0.6032969082327249,0.0,0.0
20,1,94,9,9,5,0.741077210772004,0.669133226991404,0.07194398378059996,7.1661261084320445e-06,210.17224309083662
20,1,95,2,2,10,0.8534111481668226,0.7958852578589032,0.057525890307919436,1.484347333330995e-05,595.6674510635232
20,1,96,7,7,43,0.8369554107199109,0.8853343108991022,-0.04837890017919133,6.004532289358876e-05,2190.9281622631884
20,1,97,2,2,8,0.8579089954297864,0.8146206289995129,0.04328836643027345,0.0,486.76673485052623
20,1,98,5,5,25,0.8060483404309114,0.7724419529416147,0.033606387489296785,2.6769429210678996e-05,1381.8948139580123
20,1,99,9,9,37,0.7863132102171375,0.7682662425152382,0.018046967701899286,5.072439918093374e-05,1969.0639035349957
20,2,0,5,5,23,0.8567909758159883,0.8454261589059144,0.01136481691007385,3.8832261960423585e-05,1556.6927927861084
20,2,1,9,9,3,0.8427719555819196,0.6878796291485598,0.15489232643335982,6.546723906819359e-06,151.89759098805635
20,2,2,6,6,2,0.8201518180480531,0.5620493809036391,0.25810243714441405,0.0,68.57647064134268
20,2,3,4,4,1,1.000000024598287,0.3219721308405429,0.6780278937577441,0.0,0.0
20,2,4,8,8,36,0.8327694069518148,0.815719517582978,0.01704988936883678,4.9497935174605896e-05,2189.5586720448955
20,2,5,9,9,21,0.8237870435093056,0.8162823947584322,0.007504648750873422,2.6515937159404963e-05,1170.2713908726025
20,2,6,7,7,1,0.9999999574551403,0.6496614127610573,0.350338544694083,0.0,0.0
20,2,7,6,6,4,0.8229131543935946,0.6804896562335895,0.1424234981600051,0.0,212.6871052195814
20,2,8,4,4,74,0.8696264342710723,0.8379657584227103,0.031660675848362074,0.00010166290008385413,3862.5892860142076
20,2,9,7,7,56,0.8300660062054914,0.8123658744991933,0.01770013170629814,8.920313139115817e-05,3412.3639095469225
20,2,10,1,1,48,0.7600094063425654,0.7352978314866155,0.02471157485594988,5.4984726040462845e-05,2460.1716743351076
20,2,11,0,0,28,0.7312731061281539,0.7202357152893112,0.011037390838842698,3.9849915832226934e-05,1395.3030428446382
20,2,12,0,0,16,0.7891104035697176,0.7906353816308885,-0.0015249780611709118,0.0,862.7989740391669
20,2,13,2,2,33,0.8182062626759798,0.7575424832184597,0.060663779457520106,4.536268826725041e-05,1689.7310056842834
20,2,15,4,4,26,0.8429159254369993,0.8412448399765,0.001671085460499322,5.280913609009698e-05,1549.6706523053206
20,2,16,6,6,17,0.8285007782075398,0.8061534631982452,0.022347315009294544,2.4838532099950074e-05,965.0735320082125
20,2,17,7,7,18,0.8336902612600084,0.8035209705418568,0.030169290718151665,2.429494559857464e-05,966.2564380138926
20,2,18,2,2,65,0.8203778227408708,0.8316460053531581,-0.011268182612287347,9.847101957486702e-05,3735.7953558215186
20,2,19,5,5,3,0.78030618911101,0.5681490022659186,0.21215718684509144,4.56392373444457e-06,135.08823715886297
20,2,20,1,1,23,0.8286399197202032,0.7905618825395566,0.03807803718064662,3.7414946273846205e-05,1391.3418585344568
20,2,22,4,4,4,0.7427613046881769,0.42772364224164977,0.31503766244652714,0.0,154.55238512315265
20,2,23,3,3,34,0.8416027840082769,0.8294368865407789,0.012165897467498077,4.206243296112954e-05,1686.1957995494781
20,2,24,5,5,29,0.8874621153983544,0.8889566594328875,-0.0014945440345330852,7.680460075446972e-05,2099.406702766941
20,2,26,4,4,45,0.7968438997738582,0.7999396864587635,-0.0030957866849052884,7.009244579803555e-05,2550.220603561533
20,2,27,8,8,6,0.8199616673724658,0.7290796749295725,0.0908819924428933,1.106133567805201e-05,352.1620018004239
20,2,28,0,0,4,0.8772567278622433,0.5826696015865745,0.29458712627566874,0.0,230.27514775760918
20,2,29,2,2,30,0.816905675560322,0.803385133111171,0.013520542449151018,4.5586731807500164e-05,1729.415687487443
20,2,30,0,0,3,0.8902233549654996,0.8357748642990501,0.05444849066644952,5.149430174471374e-06,157.85138340029644
20,2,31,1,1,25,0.866092280497711,0.8259450720208728,0.04014720847683828,4.439291498902013e-05,1496.7829782034519
20,2,32,3,3,4,0.815622446756586,0.5860876428032933,0.22953480395329273,0.0,179.8255845834235
20,2,33,1,1,104,0.7892108828302703,0.8036960307425652,-0.014485147912294938,0.0001382301590398323,4993.53569068243
20,2,34,9,9,73,0.8578833880591128,0.8727151550914428,-0.014831767032330023,0.00011110028207443947,4594.975857459788
20,2,35,4,4,43,0.7826594424690905,0.7828316953302639,-0.00017225286117339422,3.9593455517006905e-05,2454.0679975002517
20,2,37,7,7,1,0.9999999738955211,0.24878424981363623,0.7512157240818849,0.0,0.0
20,2,38,8,8,8,0.8852918218143838,0.8124889783553333,0.07280284345905053,0.0,509.21182417037
20,2,39,7,7,85,0.8523256404835872,0.8876451888644687,-0.03531954838088158,0.0001313132795755185,5183.797281278083
20,2,40,5,5,5,0.7994536674583951,0.7092913444296107,0.09016232302878435,7.0188388437153625e-06,249.88946474566626
20,2,41,9,9,6,0.8798708636302124,0.8096604962171808,0.07021036741303155,9.124856056879754e-06,322.46774479650236
20,2,42,4,4,9,0.8118592965297874,0.7873051766667101,0.024554119863077317,1.4442069290554028e-05,452.88894596022965
20,2,43,3,3,33,0.8645352203948005,0.8539399849379483,0.010595235456852148,4.8311355906087186e-05,2100.0725883769887
20,2,44,0,0,2,0.7559599096594216,0.4845219148001145,0.27143799485930714,0.0,66.71211168201789
20,2,45,5,5,6,0.8330531814666435,0.7370774923656457,0.09597568910099785,8.944306027098327e-06,315.4028220706162
20,2,46,6,6,2,0.8893395601275174,0.5166124793472833,0.3727270807802341,0.0,84.71160515103048
20,2,47,8,8,3,0.8678091167461998,0.8160991779421217,0.05170993880407804,4.445069261704148e-06,127.76712809581505
20,2,48,1,1,9,0.8479175475180389,0.8017586990376205,0.0461588484804184,1.4993551209338427e-05,514.6554795935981
20,2,50,1,1,3,0.821491075162167,0.6151542527757625,0.2063368223864045,4.369091986198545e-06,124.33173158692362
20,2,51,2,2,10,0.8155237920419163,0.8132558959200227,0.002267896121893598,1.6218785755799144e-05,590.4169345505785
20,2,52,0,0,36,0.8728512543184337,0.8801838322669677,-0.007332577948534036,5.214388833747182e-05,2219.383552134761
20,2,53,3,3,16,0.8016202549583382,0.7941242277616828,0.00749602719665543,0.0,1014.0802234943869
20,2,54,3,3,1,1.00000003296081,0.4102767620142039,0.5897232709466063,0.0,0.0
20,2,55,8,8,87,0.8360826828107968,0.8193388875855847,0.016743795225212077,9.77511364214641e-05,5031.828924689157
20,2,56,3,3,4,0.8040054718750651,0.7321733022546234,0.0718321696204417,0.0,176.32911764870985
20,2,57,6,6,20,0.8415735646498257,0.8169107037294946,0.024662860920331098,3.2044146389554904e-05,1153.7780106210546
20,2,58,8,8,42,0.8033694859424827,0.7845987835139376,0.01877070242854506,5.583830679478497e-05,2348.658390898321
20,2,59,8,8,16,0.8286077029547,0.7886805005751085,0.039927202379591464,0.0,855.5712852357503
20,2,60,6,6,33,0.836253716747093,0.8436455037371277,-0.007391786990034621,4.007624433868084e-05,1726.8418760958739
20,2,61,7,7,3,0.856423511955524,0.6632501027914023,0.19317340916412173,4.629318143321116e-06,125.6199307301809
20,2,62,7,7,16,0.8402478071547119,0.86560771250451,-0.02535990534979804,0.0,988.0051631043383
20,2,63,1,1,17,0.8061705617884418,0.7251339419909595,0.08103661979748233,2.5611079110034227e-05,988.6633477263803
20,2,64,0,0,3,0.9313502039760315,0.8157970760407857,0.11555312793524586,6.661670514151494e-06,173.17325704961226
20,2,65,5,5,39,0.7732035902327239,0.7864502272909922,-0.01324663705826834,5.0683934459455544e-05,2093.4866861862847
20,2,66,3,3,1,0.9999999180610828,0.617016027699435,0.3829838903616478,0.0,0.0
20,2,67,6,6,6,0.802077269332054,0.7906112937416893,0.011465975590364774,1.1046633612820117e-05,345.0903518358995
20,2,68,3,3,52,0.8725714358451071,0.8484569586978912,0.02411447714721593,7.235448096825393e-05,3102.943612206109
20,2,69,4,4,8,0.8376177768708118,0.8154331233717818,0.022184653499030094,0.0,449.2216928301326
20,2,70,9,9,16,0.8384292935706744,0.8152239961246351,0.023205297446039275,0.0,901.4497155993693
20,2,71,3,3,18,0.791528161533436,0.7791038359928203,0.012424325540615677,2.1635838603815762e-05,900.6209551214595
20,2,72,2,2,32,0.8266748370689907,0.8039306166647905,0.02274422040420021,0.0,1984.547089412869
20,2,73,1,1,22,0.8898656366344893,0.8256615655575655,0.06420407107692372,3.148778627155735e-05,1389.5611367120293
20,2,74,6,6,28,0.8519872811410546,0.8206459100782776,0.03134137106277701,5.565570939942228e-05,1759.9328796825127
20,2,75,4,4,5,0.898881117722156,0.8780879717995204,0.020793145922635592,7.58807165625948e-06,322.8350095622544
20,2,76,7,7,26,0.7640105931891154,0.7693934081839614,-0.005382814994846052,3.8550448384036547e-05,1384.679415970404
20,2,77,8,8,5,0.8951916113344456,0.7280280425192127,0.16716356881523287,1.1057581319227955e-05,297.71966429245873
20,2,78,2,2,79,0.8297228313944401,0.812230788136307,0.01749204325813314,0.00013288312928844863,4746.212310841693
20,2,80,0,0,3,0.8671746870230084,0.7487107734935798,0.11846391352942853,5.819229317991225e-06,146.93088923335603
20,2,81,6,6,26,0.8279410567035399,0.8092330978273178,0.01870795887622212,3.168119099368378e-05,1402.0742203085465
20,2,82,0,0,20,0.8524561412306483,0.8247407124537804,0.027715428776867834,2.7307759780451198e-05,1169.9966886632983
20,2,83,4,4,11,0.8657467260998517,0.8418870741279837,0.023859651971868012,2.120553859263854e-05,689.9367277801844
20,2,84,0,0,12,0.7465992557547133,0.727989777183531,0.018609478571182336,1.4046763810460698e-05,573.6515432512496
20,2,85,5,5,17,0.8147928067686477,0.787634371170863,0.027158435597784747,2.744930292972659e-05,884.1544100805385
20,2,87,1,1,4,0.8563056311360027,0.7478586195612065,0.10844701157479619,0.0,211.46576553564398
20,2,88,9,9,80,0.8651374039223465,0.857848877488625,0.007288526433721465,0.00013630808674402453,4793.387336989424
20,2,89,9,9,11,0.7868016964310068,0.7060817987534457,0.08071989767756116,1.4752651690345665e-05,549.5712630088308
20,2,90,2,2,7,0.7886905518510614,0.7786605364545367,0.010030015396524705,1.0868300074478219e-05,383.82620847513266
20,2,91,8,8,1,1.000000027114407,0.560926517195056,0.4390735099193509,0.0,0.0
20,2,93,2,2,6,0.7731757686914441,0.7643844995566343,0.008791269134809765,1.0087410999951935e-05,308.40908480440953
20,2,94,9,9,20,0.8460227103757528,0.8097243699240941,0.036298340451658695,3.404913968671272e-05,1127.6504765383024
20,2,97,2,2,6,0.8723138141560095,0.8334507295903433,0.03886308456566623,1.0363997991363722e-05,342.15458639798493
20,2,98,5,5,45,0.820039588375818,0.7407333926196914,0.07930619575612663,8.968203974910937e-05,2626.5750398436385
20,2,99,9,9,10,0.8042115135979513,0.7222897515078801,0.08192176209007118,1.1917285081193564e-05,504.3703943737837
20,3,0,5,5,53,0.8962989786847899,0.8867193937706853,0.0095795849141046,9.193515195497784e-05,3605.7750498427667
20,3,1,9,9,4,0.8710112497844719,0.6707044515446111,0.20030679823986075,0.0,222.371389166615
20,3,2,6,6,2,0.8278238495066715,0.6120961886953432,0.21572766081132833,0.0,72.37213853867628
20,3,3,4,4,25,0.814983375508887,0.7953429635377732,0.01964041197111377,4.716575817970642e-05,1507.3453283816557
20,3,4,8,8,22,0.8249485917897853,0.820129021503767,0.004819570286018315,2.575225461931802e-05,1341.5738243560115
20,3,5,9,9,12,0.8395930186098769,0.7856114442472337,0.05398157436264317,1.9237016398142466e-05,666.9144552000273
20,3,6,7,7,15,0.8502461378443672,0.8124885411343268,0.03775759671004042,1.8276045133248822e-05,991.6692071166925
20,3,7,6,6,20,0.8277408739183326,0.7872120737269956,0.04052880019133698,4.1942815209290425e-05,1319.4084209197617
20,3,8,4,4,45,0.807230895229215,0.8286610863260353,-0.021430191096820317,6.427648625475244e-05,2239.954465666723
20,3,9,7,7,5,0.8172502207671768,0.6779439496957541,0.13930627107142268,9.155133132182607e-06,268.24358169130346
20,3,10,1,1,7,0.7205325564285988,0.5801226740528861,0.14040988237571272,1.1747148186815647e-05,337.0094110371526
20,3,11,0,0,30,0.7490960437719785,0.7270989672475371,0.021997076524441384,2.8030787064509572e-05,1495.837634178366
20,3,12,0,0,18,0.8201461016301931,0.8017128965527138,0.018433205077479253,2.386829864877621e-05,998.3793337166729
20,3,13,2,2,11,0.8527920063463031,0.741260439601612,0.11153156674469111,1.60004389114274e-05,587.8116870071234
20,3,14,3,3,1,1.0000000003692575,0.4923623326672195,0.507637667702038,0.0,0.0
20,3,15,4,4,9,0.8724011645065968,0.8269245213573405,0.04547664314925626,1.640576083839544e-05,529.6910546193504
20,3,17,7,7,14,0.808406855616972,0.7846768969876556,0.023729958629316372,2.012670640634806e-05,772.2260551718387
20,3,18,2,2,21,0.8706263660702224,0.8250455566697305,0.04558080940049192,2.579701387772052e-05,1317.8751139958547
20,3,19,5,5,13,0.8178027503392257,0.7963640034650644,0.021438746874161252,2.1206118353554293e-05,798.8290335338405
20,3,20,1,1,57,0.8507117674288724,0.837401590213565,0.013310177215307473,0.00010195944154261041,3640.9045018235825
20,3,21,8,8,28,0.8720472319980966,0.8653585612884049,0.006688670709691702,3.911153575714727e-05,1731.8291141068582
20,3,22,4,4,29,0.7345106519717134,0.7811807927657449,-0.046670140794031534,4.637818128729545e-05,1492.3687932875237
20,3,23,3,3,52,0.8791805050209013,0.8681828470985352,0.010997657922366066,5.077155228264423e-05,2545.974639590286
20,3,24,5,5,2,0.9089179822191747,0.7731119743395828,0.13580600787959196,0.0,71.84538931596778
20,3,25,7,7,5,0.8153633896933853,0.8050842799418555,0.010279109751529791,8.781623925397509e-06,276.3712604090577
20,3,26,4,4,21,0.8368254880477825,0.8031667183939359,0.03365876965384651,3.644540522656863e-05,1307.3751884865328
20,3,27,8,8,87,0.8469066793571325,0.8416778403726123,0.005228838984520201,0.0001314152329567033,5365.588697180968
20,3,28,0,0,4,0.8277696630325707,0.6749736548889322,0.15279600814363847,0.0,211.08523268413623
20,3,29,2,2,1,1.0000001057260564,0.3165574590555756,0.6834426466704808,0.0,0.0
20,3,30,0,0,5,0.8879890429980567,0.8086417475722315,0.07934729542582519,8.751884639475267e-06,318.9585805280088
20,3,31,1,1,19,0.8853251352106246,0.8601540329886853,0.0251711022219393,2.9188646625852668e-05,1175.0898638769986
20,3,32,3,3,37,0.8618810656706356,0.8415480776846118,0.020332987986023787,4.211955043015138e-05,2088.948606968814
20,3,33,1,1,3,0.8251773863106516,0.6208353390834503,0.20434204722720128,4.2546569997536125e-06,119.7363535938786
20,3,34,9,9,7,0.8834434740528792,0.8158910055854163,0.06755246846746288,1.2959119103049543e-05,425.7342462950682
20,3,35,4,4,17,0.7945950806916724,0.7414869093202019,0.0531081713714705,2.9426721127010193e-05,960.5466924935935
20,3,36,9,9,1,1.000000013351089,0.47097149886663875,0.5290285144844502,0.0,0.0
20,3,37,7,7,52,0.8430149368653023,0.8143420624473033,0.028672874417998928,7.899166648136698e-05,2629.8915092480065
20,3,38,8,8,46,0.8693245525692003,0.8490188831553604,0.020305669413839822,7.225820439757983e-05,2896.366264516146
20,3,39,7,7,19,0.8452690364216509,0.8458475695334552,-0.0005785331118043358,2.8655356593797655e-05,1116.300681570327
20,3,40,5,5,67,0.778332039562561,0.7663589280015052,0.01197311156105585,0.00010009144118760898,3437.420053033651
20,3,41,9,9,50,0.9075581854746178,0.9030006616446459,0.004557523829971877,8.881856932896706e-05,3135.7041900952677
20,3,42,4,4,28,0.8144855138304955,0.7904609630018915,0.024024550828603997,6.145926955701031e-05,1695.2123440805253
20,3,43,3,3,2,0.8334263422703208,0.6773242345064581,0.15610210776386269,0.0,76.03801674842072
20,3,44,0,0,89,0.8053965135269501,0.7944689686076214,0.01092754491932868,0.00014526501017544387,5184.120199165723
20,3,45,5,5,2,0.8712667221128955,0.47745893188278765,0.3938077902301078,0.0,68.48718849625784
20,3,46,6,6,65,0.7677986669622705,0.7600977138362428,0.007700953126027699,7.5223973384528e-05,3519.074953770096
20,3,47,8,8,17,0.8628101820812467,0.8020736666217909,0.0607365154594558,3.054636850552574e-05,946.813130413598
20,3,48,1,1,10,0.8222325169398628,0.7348109718711284,0.08742154506873434,1.3589493068369704e-05,534.8822591180492
20,3,49,5,5,20,0.8580973558236281,0.8418327881483683,0.016264567675259856,2.8709259494861596e-05,1156.7401077026543
20,3,50,1,1,1,1.0000000098060395,0.2672200894007629,0.7327799204052766,0.0,0.0
20,3,51,2,2,2,0.9094986545700432,0.7534276991819312,0.156070955388112,0.0,80.99864648470448
20,3,52,0,0,2,0.7977169041834944,0.7256940634185433,0.07202284076495113,0.0,64.48792913159511
20,3,53,3,3,5,0.8238128982611934,0.778235741112506,0.045577157148687375,8.104028968508584e-06,264.32584657428885
20,3,54,3,3,4,0.8400085347172963,0.5985176204423162,0.24149091427498015,0.0,189.22189811408663
20,3,55,8,8,9,0.824112971239173,0.7864998958678395,0.037613075371333515,1.4016949158864033e-05,481.3671781544934
20,3,56,3,3,55,0.8184203712832874,0.8169110001643313,0.0015093711189561043,7.795896170332571e-05,2876.517553212155
20,3,57,6,6,20,0.8327589043083478,0.7787737252307428,0.05398517907760492,3.3274373023658125e-05,1142.2161478749263
20,3,58,8,8,57,0.7982488564749339,0.7943119892634868,0.003936867211447148,8.076992909789078e-05,3064.8507759109834
20,3,59,8,8,66,0.8313162627824319,0.8358847134199993,-0.0045684506375673894,9.168571599411788e-05,3270.7035051275916
20,3,60,6,6,29,0.8141866310783151,0.7653780973627375,0.048808533715577584,4.3425655496215425e-05,1487.3084648559077
20,3,61,7,7,1,1.0000000130631592,0.3253396656762509,0.6746603473869084,0.0,0.0
20,3,62,7,7,6,0.7753182157136772,0.632672908547512,0.1426453071661652,8.3005323939941e-06,310.646315122007
20,3,63,1,1,1,0.9999999792697375,0.6085266770129686,0.3914733022567689,0.0,0.0
20,3,64,0,0,1,0.9999999596352868,0.5350028961675574,0.4649970634677294,0.0,0.0
20,3,65,5,5,25,0.7781348359497117,0.7708256462745693,0.00730918967514238,4.537286656305901e-05,1355.279321295014
20,3,66,3,3,90,0.9072130368905122,0.9226078862469428,-0.01539484935643054,0.00020535017997728492,5898.073107103789
20,3,67,6,6,1,1.000000053282252,0.6179891959158422,0.3820108573664097,0.0,0.0
20,3,68,3,3,39,0.8736582066716622,0.8628150709727022,0.010843135698960005,5.561472946670933e-05,2328.246357224318
20,3,69,4,4,6,0.7616490541221701,0.7377373555119318,0.02391169861023834,9.076488832710822e-06,308.5797783429935
20,3,71,3,3,1,1.0000001191627907,0.6167086963209262,0.38329142284186457,0.0,0.0
20,3,73,1,1,1,1.0000000468630728,0.6495938906173365,0.35040615624573623,0.0,0.0
20,3,74,6,6,28,0.8380707384231868,0.8473769250303246,-0.009306186607137779,4.188523302033438e-05,1774.2063425898577
20,3,75,4,4,34,0.8984904950654902,0.8768955260866387,0.021594968978851492,8.014612162326197e-05,2302.9283047869462
20,3,76,7,7,1,1.0000000637880522,0.6200238658303583,0.3799761979576939,0.0,0.0
20,3,77,8,8,42,0.8635059238762832,0.8534613828247818,0.010044541051501432,6.342405907611459e-05,2523.4974730744616
20,3,78,2,2,10,0.8370839003620711,0.77542945431028,0.061654446051791156,1.5949469377512104e-05,601.8208755731218
20,3,79,5,5,2,0.7071863557571613,0.3158435185857578,0.39134283717140345,0.0,56.58247210937123
20,3,80,0,0,85,0.8429946895798098,0.8531632801690732,-0.010168590589263338,0.00015549355356625418,4947.695254459581
20,3,82,0,0,19,0.8502823789233775,0.8486831701747584,0.0015992087486191853,2.6027743946737415e-05,1094.8924652874523
20,3,83,4,4,11,0.8391541079119713,0.8339092671197694,0.005244840792201888,2.0503711143665528e-05,682.2920791821939
20,3,84,0,0,4,0.7596701860570859,0.7018920917652788,0.057778094291807136,0.0,172.14186110562275
20,3,85,5,5,5,0.7696965530207779,0.6571589103799511,0.11253764264082677,6.180152697109179e-06,213.9703766939858
20,3,86,6,6,10,0.8304469643059947,0.768936637717033,0.06151032658896172,1.6528883220066302e-05,571.8696044617155
20,3,87,1,1,3,0.8586522449014645,0.5935283876135734,0.2651238572878911,4.916519776188479e-06,145.94277933954837
20,3,88,9,9,3,0.898634484788687,0.777418659365814,0.12121582542287301,4.357880875987543e-06,139.27345678271197
20,3,89,9,9,4,0.8330289578364196,0.6026479614405639,0.23038099639585574,0.0,177.59411551407172
20,3,91,8,8,7,0.8473968918515509,0.7632387111024558,0.08415818074909509,1.108887361460056e-05,414.68480266332887
20,3,92,1,1,7,0.8091309250796782,0.6789930262576204,0.13013789882205784,1.0102602235838465e-05,368.2828323250899
20,3,93,2,2,13,0.8265874757621336,0.8470837775159311,-0.020496301753797463,1.637327092548263e-05,767.8427731635892
20,3,95,2,2,16,0.8552363661959635,0.8156374773877529,0.03959888880821061,0.0,1002.7045295485311
20,3,96,7,7,42,0.8608248817041801,0.8898591051239707,-0.02903422341979056,4.865834373431572e-05,2123.939338865374
20,3,97,2,2,6,0.856637447611505,0.779240610349526,0.07739683726197899,9.397112575993778e-06,339.60503975305255
20,3,98,5,5,2,0.8912071661936154,0.5517665439570177,0.33944062223659766,0.0,63.047532881576416
20,3,99,9,9,6,0.8390178665746644,0.7188935103392575,0.12012435623540685,1.1367834896381101e-05,348.47721552919586
20,4,0,5,5,24,0.8702129560683767,0.8448822894530694,0.02533066661530725,3.7360751477850075e-05,1491.3958652856436
20,4,1,9,9,73,0.854935220292887,0.8314561256584166,0.0234790946344704,0.00010465026227537292,4654.7018846711335
20,4,2,6,6,1,1.0000000858660296,0.3701678422985651,0.6298322435674646,0.0,0.0
20,4,3,4,4,9,0.8086278264987068,0.7455722795191178,0.06305554697958904,1.2211656545667944e-05,489.18642064449244
20,4,4,8,8,31,0.798317395829657,0.7979802674289808,0.0003371284006762343,5.4239298350454646e-05,1826.3831681188667
20,4,5,9,9,5,0.8306382529582945,0.7542924414701228,0.07634581148817177,8.035921493165294e-06,253.73928990228427
20,4,6,7,7,13,0.835769819618223,0.8111361360175448,0.024633683600678302,2.2005004553180285e-05,884.7774071438878
20,4,7,6,6,103,0.8294443325606542,0.8077186516781275,0.021725680882526688,0.00021467155842646205,6849.51553723499
20,4,8,4,4,13,0.7841534912660777,0.797512249764215,-0.01335875849813728,1.9911103143522362e-05,650.0193512108542
20,4,9,7,7,98,0.844495487063355,0.8183103294092556,0.026185157654099345,0.0001713705568648913,6113.02899197807
20,4,10,1,1,3,0.8076981724229926,0.6146625492258572,0.1930356231971354,4.676694297302147e-06,128.02042401030008
20,4,11,0,0,3,0.7595581258054019,0.5402671819556188,0.2192909438497831,4.989662561641017e-06,128.65696075645602
20,4,12,0,0,1,1.0000000022952251,0.03283053656721805,0.9671694657280071,0.0,0.0
20,4,13,2,2,1,1.0000000726269476,0.23526708894524037,0.7647329836817072,0.0,0.0
20,4,14,3,3,16,0.8012928637417874,0.8014547287662891,-0.00016186502450166174,0.0,937.2133317806764
20,4,15,4,4,2,0.8939593880237159,0.7426759383591234,0.1512834496645925,0.0,74.12075466128931
20,4,16,6,6,5,0.7866372908893209,0.6626468879700409,0.12399040291927999,6.625279948955069e-06,238.77698994455088
20,4,17,7,7,8,0.850589399821574,0.770517215802006,0.08007218401956795,0.0,417.00923450440166
20,4,19,5,5,6,0.8641654560041094,0.7105313040633088,0.15363415194080066,9.26653096297526e-06,307.1481073389562
20,4,20,1,1,60,0.8328499128870646,0.8277058270903768,0.005144085796687792,8.834129023663708e-05,3745.488678977506
20,4,21,8,8,24,0.8582243102990953,0.8672998787431909,-0.009075568444095627,3.6205842485752734e-05,1505.0445506646267
20,4,22,4,4,98,0.7599786624698293,0.7812079835094724,-0.021229321039643145,0.00013456652269871217,5139.826891630258
20,4,23,3,3,20,0.8181478498216037,0.8632019032051754,-0.04505405338357171,3.1583890625284553e-05,1002.8283731090156
20,4,24,5,5,12,0.910266091309494,0.8659239713371081,0.04434211997238591,2.215655928124347e-05,823.168725671448
20,4,25,7,7,3,0.818040036471481,0.6682463286217691,0.1497937078497119,4.607902628092064e-06,130.69711633866945
20,4,26,4,4,5,0.8158154721883517,0.7019190149292931,0.11389645725905861,7.531234596830251e-06,269.2613907534356
20,4,27,8,8,5,0.7506525028189203,0.6746608320716544,0.07599167074726587,7.648668644019075e-06,223.5868507961932
20,4,28,0,0,118,0.8277411854511718,0.7995231284775848,0.028218056973587036,0.00016342005115516496,7158.119975239007
20,4,29,2,2,59,0.8132939368604137,0.7995377357152478,0.013756201145165958,9.283540856316002e-05,3251.6704824251506
20,4,30,0,0,39,0.8795987007957627,0.8643407090196144,0.015257991776148394,6.277653187284622e-05,2540.1761101507627
20,4,32,3,3,5,0.8178079761246235,0.7131951255970291,0.10461285052759439,8.014799884039256e-06,283.7993663298149
20,4,33,1,1,6,0.8081878965064292,0.6831322669504185,0.12505562955601068,6.892897521597687e-06,254.55924715044017
20,4,34,9,9,24,0.8538555960398211,0.8496745432350897,0.0041810528047313555,3.757969790418606e-05,1418.0292188117864
20,4,35,4,4,25,0.7389045944503393,0.7499827746593054,-0.011078180208966115,4.630590813419131e-05,1314.8047821054022
20,4,36,9,9,9,0.8456604856603963,0.7921143067740393,0.05354617888635704,1.1953032531107918e-05,507.84109518043687
20,4,37,7,7,2,0.8688203939549103,0.5616768462151019,0.30714354773980834,0.0,69.71377758775387
20,4,38,8,8,3,0.911829805477852,0.7966623431324957,0.11516746234535624,5.601488754610758e-06,146.27054375924203
20,4,39,7,7,1,1.0000000296435623,0.407396042609362,0.5926039870342003,0.0,0.0
20,4,41,9,9,8,0.8513574652898535,0.8065913064782795,0.044766158811573975,0.0,471.4153630386841
20,4,42,4,4,11,0.8186422190166629,0.7740425349617905,0.04459968405487236,1.44067277497475e-05,658.0241088488795
20,4,43,3,3,4,0.8952093333343123,0.7853042685883238,0.10990506474598849,0.0,235.8811314550614
20,4,44,0,0,17,0.7586648692588956,0.7485076726137122,0.010157196645183442,1.8401282113802617e-05,907.7859983904726
20,4,45,5,5,57,0.761811491906851,0.7909765469821136,-0.02916505507526257,7.7591383650158e-05,3054.6473214980942
20,4,46,6,6,29,0.7867004497146933,0.7881150754754939,-0.0014146257608005364,4.0062174150153544e-05,1608.307189927663
20,4,47,8,8,23,0.8509618097805042,0.8276435150198398,0.023318294760664382,3.460680040833581e-05,1196.0168506886826
20,4,48,1,1,6,0.8550722670066744,0.8063999503154817,0.04867231669119265,9.724019291117876e-06,333.37327101544787
20,4,49,5,5,24,0.8598645249111923,0.8534313862867583,0.006433138624433954,3.8516126811190883e-05,1393.3492685075823
20,4,50,1,1,13,0.817918446369106,0.822142082460312,-0.004223636091205907,1.6834839738742435e-05,729.2131274723843
20,4,51,2,2,28,0.8205970429944878,0.8329581843562681,-0.012361141361780348,4.612511157326353e-05,1718.614656255559
20,4,52,0,0,6,0.8441319861477062,0.8443947078059043,-0.0002627216581980729,8.160646342937491e-06,321.26435450581454
20,4,53,3,3,16,0.8660933173183573,0.8186432922328595,0.04745002508549778,0.0,1021.4763022764873
20,4,54,3,3,27,0.8633199523708078,0.861766399507179,0.0015535528636287932,4.254987328300632e-05,1704.395420583062
20,4,55,8,8,4,0.8569153114809954,0.7185885635720619,0.1383267479089335,0.0,186.10259503311593
20,4,56,3,3,1,1.0000000130629196,0.4562929272680509,0.5437070857948687,0.0,0.0
20,4,57,6,6,2,0.8814080491119992,0.565243170707498,0.31616487840450125,0.0,81.4874135352712
20,4,59,8,8,36,0.7638811578808985,0.7870681315588065,-0.023186973677908007,4.310391620008279e-05,1833.174256556463
20,4,60,6,6,1,0.9999999411867119,0.6002971858962751,0.39970275529043675,0.0,0.0
20,4,61,7,7,1,0.9999999962134818,0.5510449334801336,0.4489550627333482,0.0,0.0
20,4,62,7,7,4,0.8294109156315441,0.7295351888656934,0.09987572676585077,0.0,205.6616668596248
20,4,63,1,1,17,0.8019567860435199,0.7960236103317885,0.005933175711731464,2.6216155722752914e-05,1009.9221185587287
20,4,64,0,0,46,0.8551766395525019,0.8755584140540575,-0.02038177450155565,9.218706318831187e-05,2729.21108415077
20,4,65,5,5,48,0.8027916323083676,0.788652637407593,0.014138994900774637,6.126637534152627e-05,2682.4153396632714
20,4,66,3,3,21,0.8774020376387462,0.838757561719303,0.0386444759194432,3.221130020105224e-05,1346.0565114209676
20,4,67,6,6,19,0.768574906499622,0.7875561745416384,-0.018981268042016386,2.5753514115109916e-05,1026.7076529678604
20,4,68,3,3,2,0.885820815937195,0.7205204888886272,0.16530032704856779,0.0,65.60238688426429
20,4,70,9,9,9,0.8316533385623749,0.744975002728768,0.08667833583360685,1.230479393906287e-05,501.69683853359305
20,4,71,3,3,15,0.8295322967710304,0.8230382590695602,0.006494037701470168,2.6578106474418114e-05,830.0003130367992
20,4,72,2,2,36,0.8166416452335323,0.7975860624631782,0.01905558277035413,4.347190926845406e-05,2124.5707300641357
20,4,73,1,1,66,0.8682902168825353,0.8811940816464228,-0.012903864763887496,0.0001096725288799947,4395.375891432061
20,4,74,6,6,1,0.9999999160460975,0.4397273058645448,0.5602726101815527,0.0,0.0
20,4,75,4,4,1,1.0000000974079188,0.19759338077012809,0.8024067166377907,0.0,0.0
20,4,76,7,7,4,0.8522696361652236,0.7218833877419741,0.13038624842324942,0.0,201.07275061890502
20,4,77,8,8,1,0.9999999580377223,0.5370687009020344,0.46293125713568795,0.0,0.0
20,4,78,2,2,26,0.8142997604722793,0.75728928012468,0.05701048034759926,3.928742857322373e-05,1506.8249503276108
20,4,79,5,5,16,0.8078330419978788,0.767564879781408,0.04026816221647078,0.0,835.5800358269249
20,4,80,0,0,28,0.8522506332000245,0.8074438596551022,0.04480677354492224,3.251885535237416e-05,1644.2516783322465
20,4,82,0,0,17,0.8612916458697357,0.8290477316707348,0.03224391419900097,2.581949850380198e-05,1023.2401535774106
20,4,83,4,4,49,0.8607343277725059,0.8681089488257409,-0.007374621053234942,7.808553165623978e-05,3078.0079420144434
20,4,85,5,5,47,0.8145481965277817,0.8230528560289837,-0.00850465950120205,6.987670105625295e-05,2405.5583189758718
20,4,86,6,6,20,0.8440749418509935,0.7989851915557492,0.04508975029524431,2.624165929300755e-05,1256.9246821430643
20,4,87,1,1,4,0.849771639142408,0.6572896846824955,0.19248195445991256,0.0,206.46971677717832
20,4,88,9,9,1,1.0000000032421432,0.5014484538705078,0.49855154937163537,0.0,0.0
20,4,90,2,2,25,0.7886458549474006,0.7876112114209762,0.0010346435264243503,3.38695141721712e-05,1241.274291361461
20,4,91,8,8,15,0.8069668574832113,0.7524560534341015,0.054510804049109796,2.5137184057586944e-05,863.4582425291379
20,4,92,1,1,1,0.9999999751263488,0.5595876821779162,0.44041229294843254,0.0,0.0
20,4,93,2,2,6,0.8485751045041303,0.7853764659723095,0.06319863853182084,9.510370164326041e-06,333.86543524641314
20,4,94,9,9,4,0.8470190021882749,0.6844230783520164,0.16259592383625843,0.0,198.09622778692122
20,4,95,2,2,8,0.823161128575831,0.8135779019596111,0.009583226616219909,0.0,478.0870755528118
20,4,96,7,7,22,0.8683796876383599,0.8741421649419685,-0.005762477303608571,3.289031104167935e-05,1162.0536500966164
20,4,97,2,2,7,0.8641677957609681,0.8110298948541881,0.053137900906780056,1.5095644123983725e-05,403.23553965273584
20,4,98,5,5,2,0.8880548118875897,0.47193412311701805,0.4161206887705717,0.0,79.0891439720564
20,4,99,9,9,13,0.7872635725364947,0.7919479706205792,-0.004684398084084496,2.6050035385047427e-05,760.317471143071
20,5,1,9,9,3,0.8828219590703387,0.7660293859346169,0.11679257313572178,4.100566682046277e-06,165.43461155038906
20,5,2,6,6,3,0.8566505997724739,0.6082471217248446,0.2484034780476293,4.31630161625183e-06,130.05204274049814
20,5,4,8,8,33,0.8255391384299593,0.7951247786707016,0.03041435975925766,5.574702487260404e-05,2023.066368931854
20,5,5,9,9,52,0.8336352634588347,0.8431239414026155,-0.009488677943780832,6.656975786093833e-05,3008.0021987808414
20,5,6,7,7,20,0.8577838433019827,0.84879575836977,0.008988084932212703,3.508183257193461e-05,1327.5596897886985
20,5,7,6,6,1,0.9999999733760807,0.4815430097848943,0.5184569635911864,0.0,0.0
20,5,8,4,4,1,0.9999999864031257,0.4833274428992957,0.51667254350383,0.0,0.0
20,5,10,1,1,72,0.8257182328817089,0.8158766470631997,0.009841585818509135,8.038645073151437e-05,3714.3410467304166
20,5,11,0,0,11,0.7425287731016911,0.6663658579619482,0.07616291513974283,1.2246325512574678e-05,603.6384830307319
20,5,12,0,0,13,0.774151231611708,0.7061383357842516,0.0680128958274564,2.0770430563692968e-05,645.3749841656589
20,5,13,2,2,5,0.8014587114917282,0.6670425530574918,0.13441615843423638,8.922272494652348e-06,253.9345106551042
20,5,14,3,3,16,0.8224499664429064,0.7868611360889464,0.03558883035395999,0.0,861.1547819422949
20,5,15,4,4,90,0.882767283643654,0.8793900137180534,0.0033772699256006122,0.00013382823687975627,5732.605219910945
20,5,16,6,6,1,1.0000000717313942,0.6228419184559415,0.37715815327545266,0.0,0.0
20,5,17,7,7,98,0.8484338591048327,0.8339413031915467,0.01449255591328602,0.00013701455170243702,5393.10541742913
20,5,18,2,2,14,0.8083097654428895,0.8020676235834204,0.00624214185946903,2.790712264260613e-05,961.3871117649048
20,5,19,5,5,21,0.8460294772379447,0.8113854178503003,0.03464405938764448,3.840793494197148e-05,1370.0564006019056
20,5,20,1,1,4,0.8397613582952602,0.75270109938454,0.08706025891072022,0.0,225.68854824380014
20,5,21,8,8,2,0.8623319198355242,0.7076455644707061,0.154686355364818,0.0,79.47272563327884
20,5,23,3,3,4,0.8394914581340568,0.5575120786788912,0.2819793794551656,0.0,181.7362850551442
20,5,24,5,5,103,0.8797641900597766,0.8941708650190819,-0.014406674959305366,0.00024502818452881963,7546.664557684747
20,5,25,7,7,1,1.0000000028060319,0.5397569346123555,0.46024306819367633,0.0,0.0
20,5,26,4,4,4,0.7875247312917126,0.6962927509734708,0.09123198031824187,0.0,192.91126746147089
20,5,27,8,8,10,0.7839142297230267,0.6975546252474936,0.08635960447553315,1.4147537675070557e-05,559.0847699070706
20,5,29,2,2,2,0.8099794028109546,0.5518565581184685,0.25812284469248614,0.0,61.386298206511476
20,5,30,0,0,1,1.000000063512819,0.46258015946842823,0.5374199040443908,0.0,0.0
20,5,31,1,1,19,0.8280315267452956,0.8105318128951011,0.017499713850194443,3.167583857449301e-05,1003.3639428164523
20,5,32,3,3,13,0.7332466712956852,0.7751201893124592,-0.04187351801677397,1.8375830158533258e-05,668.2948678108742
20,5,33,1,1,4,0.7700561056235937,0.5193649267967657,0.250691178826828,0.0,163.04261838791328
20,5,34,9,9,76,0.8605499175251783,0.8682191564885815,-0.007669238963403213,0.0001225965756753013,4909.2232192760175
20,5,35,4,4,5,0.7610199590620746,0.692114600259506,0.06890535880256865,6.788893015795394e-06,215.22201736021333
20,5,38,8,8,2,0.9403671347080506,0.7645975870459506,0.17576954766209996,0.0,68.65339786915756
20,5,39,7,7,8,0.9010043971979041,0.8525882259532646,0.048416171244639594,0.0,512.97071345788
20,5,40,5,5,6,0.7512825014827693,0.6916360845972925,0.05964641688547678,6.277551489656131e-06,263.83913704901755
20,5,42,4,4,10,0.7850105853496963,0.7714556419528443,0.013554943396851926,1.5845577981365058e-05,548.686626687882
20,5,43,3,3,6,0.8555229819090135,0.7678024589804415,0.08772052292857202,1.0062367947195525e-05,351.2894475365671
20,5,44,0,0,9,0.7762723411662128,0.6829287612291989,0.09334357993701392,1.795356718235627e-05,449.3753486028115
20,5,45,5,5,61,0.825269419827922,0.7734771662250398,0.0517922536028822,7.324015596062901e-05,3146.746641151132
20,5,46,6,6,24,0.7400240159125958,0.7653627476992664,-0.025338731786670565,3.667048694674895e-05,1304.7623768120106
20,5,47,8,8,57,0.8607342729926605,0.8470514534751863,0.013682819517474187,8.570349135277722e-05,3093.7257652191643
20,5,48,1,1,111,0.8378927508422196,0.8465308835076152,-0.008638132665395593,0.00018614990360701805,6390.044010644844
20,5,49,5,5,7,0.8717490507110044,0.8438410111299297,0.027908039581074684,1.1733516930966754e-05,376.68931837225836
20,5,50,1,1,28,0.8265412756447166,0.8263570278530036,0.0001842477917129992,3.65306837534395e-05,1730.112220837697
20,5,51,2,2,3,0.8445730588094077,0.7109435827943211,0.13362947601508657,3.580989986930823e-06,144.37314532503055
20,5,52,0,0,23,0.8433801553045601,0.8331145026560859,0.010265652648474233,3.3881909532720315e-05,1336.9899745768478
20,5,53,3,3,2,0.9481091330651112,0.7125270618138543,0.23558207125125696,0.0,82.31319327596412
20,5,54,3,3,46,0.8605849872574174,0.8229168310964949,0.03766815616092245,6.523115230363544e-05,2865.488851934517
20,5,55,8,8,26,0.8172227472387195,0.8035084997921849,0.0137142474465346,4.2203609817348056e-05,1460.488718141575
20,5,56,3,3,35,0.812617303713499,0.8372315097635481,-0.024614206050049048,4.082203481516312e-05,1818.2393254918725
20,5,57,6,6,1,1.0000000667413589,0.5825477068370175,0.4174523599043414,0.0,0.0
20,5,58,8,8,4,0.784496955785052,0.5170345140892396,0.26746244169581235,0.0,190.11487055580076
20,5,59,8,8,10,0.8253455780861204,0.6915727388699702,0.13377283921615024,1.0769965499092929e-05,490.4778745016616
20,5,60,6,6,59,0.8106723606143781,0.8335147410713041,-0.022842380456925993,7.823210434617206e-05,3144.078751490528
20,5,61,7,7,2,0.8790091864689991,0.4684548847181129,0.41055430175088614,0.0,76.27636508817538
20,5,62,7,7,9,0.8741778158783101,0.8495824675282332,0.02459534835007693,1.4370513304885684e-05,576.1039483644935
20,5,63,1,1,1,1.0000000662395088,0.567012424760002,0.43298764147950675,0.0,0.0
20,5,64,0,0,4,0.869600294531503,0.7941935641683703,0.07540673036313272,0.0,244.67744083457183
20,5,65,5,5,24,0.7844016915299196,0.7851292798357523,-0.0007275883058327492,3.233609445878134e-05,1252.3895216447986
20,5,66,3,3,8,0.8981710238237527,0.8724858163142553,0.025685207509497432,0.0,525.370159458981
20,5,67,6,6,25,0.832674860886666,0.8423605474912124,-0.009685686604546384,3.23170289144467e-05,1557.7042586882221
20,5,68,3,3,12,0.8498672517978763,0.8394825116448053,0.010384740153071004,1.5372161587947156e-05,684.6426038764059
20,5,69,4,4,53,0.8393523106424835,0.8562146714093314,-0.016862360766847884,6.372806433655064e-05,2999.039670542916
20,5,70,9,9,44,0.8563658767272424,0.8396542175927291,0.016711659134513335,6.0896409307733914e-05,2532.850911449138
20,5,71,3,3,18,0.8479445339567827,0.8077519074348195,0.040192626521963204,2.9091331424324254e-05,1028.5610312009296
20,5,72,2,2,32,0.8554993663024453,0.7979959847753869,0.05750338152705836,0.0,1994.6611275137939
20,5,73,1,1,50,0.8499438150003469,0.8413575035219931,0.008586311478353759,8.845230090476615e-05,3243.405538173723
20,5,74,6,6,16,0.8479361926699378,0.7895003859625911,0.058435806707346716,0.0,1005.2998966133761
20,5,75,4,4,5,0.8461199741420827,0.7286685801856165,0.1174513939564662,9.08317627742162e-06,253.0942909300016
20,5,76,7,7,7,0.7749666957750824,0.7345297685253047,0.040436927249777654,1.1030704999893058e-05,351.2176870879039
20,5,77,8,8,10,0.8441792707311994,0.818485060518555,0.025694210212644397,1.9449536903666162e-05,621.9347980123122
20,5,79,5,5,8,0.7881295568394223,0.73445794716095,0.05367160967847229,0.0,370.15273788501105
20,5,80,0,0,11,0.8827910548088503,0.7864049457798165,0.09638610902903388,1.7781561857611202e-05,591.7964298950421
20,5,82,0,0,13,0.8871573557601713,0.8365528846336769,0.050604471126494355,2.1661736190784076e-05,785.467460110829
20,5,83,4,4,3,0.9359259485174781,0.8512975128797934,0.08462843563768474,6.640737218606666e-06,171.39706463149616
20,5,84,0,0,79,0.7757101632886203,0.7862789101110776,-0.010568746822457342,9.306139532769355e-05,3937.8807407693002
20,5,85,5,5,115,0.8598193741119229,0.8592703640413493,0.000549010070573619,0.00021268041419681614,6782.2922552669625
20,5,86,6,6,10,0.838678912724041,0.7535851604729212,0.08509375225111981,1.7642306042680972e-05,602.6447785255539
20,5,87,1,1,20,0.8408532494833428,0.7939725757634037,0.04688067371993909,3.4114339822023533e-05,1166.3134115727657
20,5,88,9,9,2,0.8499112437377075,0.6123006565740443,0.23761058716366323,0.0,74.65434126247445
20,5,89,9,9,15,0.8059626460759128,0.7756050167035873,0.030357629372325556,1.9495427292904573e-05,817.7463822612268
20,5,90,2,2,1,1.0000000425287725,0.427682868376901,0.5723171741518716,0.0,0.0
20,5,91,8,8,83,0.8346777141432254,0.8207084987813874,0.013969215361838039,0.00012618483601104015,5283.0623149937155
20,5,93,2,2,3,0.850251665055611,0.7048699822309205,0.14538168282469055,6.44922908901557e-06,161.36038620763773
20,5,95,2,2,11,0.8183642092333878,0.7917330176217292,0.02663119161165861,1.9038934024904874e-05,660.4138660499129
20,5,96,7,7,3,0.8544249197988891,0.6200142910797284,0.23441062871916074,3.984782947251746e-06,124.35538990805343
20,5,97,2,2,4,0.8975612031597007,0.7914425720685258,0.10611863109117492,0.0,239.80793915521133
20,5,98,5,5,135,0.8085148916866912,0.8408650605898464,-0.03235016890315523,0.00021880947615337932,7940.479827577876
20,5,99,9,9,25,0.8214947142554391,0.8182364592215093,0.0032582550339297356,3.750330938176137e-05,1443.5061701601542
20,6,0,5,5,5,0.891078601739655,0.7556302845473902,0.1354483171922648,1.0592877221319689e-05,308.23852823985504
20,6,1,9,9,45,0.7991839121465206,0.8131991338237996,-0.014015221677278977,6.274446172455465e-05,2764.6478317278224
20,6,2,6,6,6,0.7594842495259697,0.6184416473210977,0.14104260220487197,7.30318947274975e-06,245.3160759227694
20,6,3,4,4,24,0.840689786457973,0.8089760125417357,0.03171377391623731,4.4621427710207846e-05,1509.0050414216782
20,6,4,8,8,9,0.8133644229829838,0.7960025123923877,0.017361910590596108,1.8745323175543687e-05,501.98039850871197
20,6,5,9,9,13,0.7911879790637252,0.7994560027669577,-0.008268023703232541,2.0500340482962706e-05,745.9222854838031
20,6,6,7,7,14,0.879777376943885,0.7961436604341916,0.08363371650969342,3.049351115374768e-05,947.3463396137155
20,6,7,6,6,1,0.9999999020072393,0.68276934110074,0.31723056090649937,0.0,0.0
20,6,8,4,4,10,0.7635337134260236,0.6680771075447463,0.09545660588127736,1.0176726608850792e-05,443.4437159468897
20,6,9,7,7,71,0.8404755028266636,0.863791258219103,-0.023315755392439352,9.328000633709695e-05,4351.158299365318
20,6,10,1,1,1,1.0000000242097813,0.2517406294925877,0.7482593947171936,0.0,0.0
20,6,11,0,0,15,0.7494826958064836,0.6854227655460812,0.06405993026040246,1.6683875928117768e-05,808.4335901281787
20,6,13,2,2,3,0.8499023993607124,0.6493867433566743,0.2005156560040381,4.984463564631945e-06,142.03043359221346
20,6,14,3,3,32,0.8397682182739981,0.778715778774887,0.0610524394991111,0.0,1858.9065030515058
20,6,15,4,4,9,0.8365292850670573,0.7932364962443678,0.0432927888226895,1.4413950321933199e-05,499.15841657468536
20,6,16,6,6,42,0.764360174710006,0.7457300052501433,0.018630169459862622,5.1121298474521175e-05,2330.7666999789863
20,6,17,7,7,23,0.8282530611087146,0.7927841197396734,0.03546894136904111,3.438510859528206e-05,1245.665487321975
20,6,19,5,5,4,0.795892925432799,0.654610632119321,0.14128229331347797,0.0,190.69152405649365
20,6,20,1,1,1,0.999999970611861,0.48518541079707656,0.5148145598147844,0.0,0.0
20,6,22,4,4,1,1.0000000045083688,0.2911081451803727,0.708891859327996,0.0,0.0
20,6,23,3,3,49,0.8457975702890643,0.8538340618593276,-0.008036491570263316,6.154626544321108e-05,2490.789758356136
20,6,24,5,5,1,1.000000068350735,0.4071499623107139,0.5928501060400212,0.0,0.0
20,6,26,4,4,4,0.8659571925319444,0.6865970453749408,0.17936014715700355,0.0,227.11189128130832
20,6,27,8,8,15,0.8269403124570341,0.7794847423661296,0.04745557009090451,3.0331446600206887e-05,919.7431957640491
20,6,28,0,0,21,0.7871791498035334,0.7886630718232601,-0.0014839220197266911,2.9199949591988856e-05,1183.6819792042072
20,6,29,2,2,15,0.8170564873697073,0.7787318053710462,0.038324681998661014,2.537176359129916e-05,840.4396868858834
20,6,30,0,0,50,0.8852889362833027,0.8861681017884588,-0.0008791655051560987,8.107238836228699e-05,3327.728670922989
20,6,31,1,1,1,0.9999999695107313,0.6014970617329206,0.3985029077778107,0.0,0.0
20,6,33,1,1,5,0.8367237836990686,0.6621411007863365,0.17458268291273216,7.001471411232602e-06,243.67764182604566
20,6,34,9,9,25,0.8667314105522723,0.8567168420353077,0.010014568516964584,4.200891772806942e-05,1510.6938416086716
20,6,35,4,4,5,0.7771451557209648,0.5963487380727123,0.1807964176482525,6.9431704036631465e-06,222.75938627576093
20,6,36,9,9,3,0.8956337418322564,0.6570253521888418,0.23860838964341458,6.5872292303420494e-06,161.49733427961343
20,6,37,7,7,4,0.7691611854183819,0.6228900639808967,0.1462711214374851,0.0,164.6088567549855
20,6,38,8,8,13,0.8644351788920809,0.8086271988501279,0.055807980041952976,1.715269266261412e-05,795.8054743464754
20,6,40,5,5,3,0.8450981852467089,0.6805638432858148,0.16453434196089411,5.76868040243964e-06,142.0032238973561
20,6,41,9,9,105,0.8720195950586503,0.8751813850856904,-0.00316179002704009,0.00014002048897916207,6339.900510930892
20,6,42,4,4,2,0.8755132770987224,0.6915216730180195,0.18399160408070292,0.0,72.31482083702213
20,6,43,3,3,2,0.9227709034165228,0.8044639337285504,0.11830696968797239,0.0,77.43369150198112
20,6,44,0,0,28,0.8329206534085303,0.7923279658527078,0.04059268755582246,3.346024686295365e-05,1601.2058269775841
20,6,45,5,5,3,0.7794500538831696,0.26061782871519223,0.5188322251679773,4.00414983393936e-06,111.61695548697084
20,6,46,6,6,9,0.7507723905081125,0.7337092317354251,0.01706315877268738,1.202190009403597e-05,480.79135458945495
20,6,48,1,1,1,0.9999999935439696,0.38289732141185,0.6171026721321196,0.0,0.0
20,6,49,5,5,31,0.8974322209320942,0.8774424260409733,0.01998979489112085,4.8692532544836084e-05,1909.09136424676
20,6,50,1,1,78,0.8364690504607696,0.8109752416532533,0.025493808807516283,0.00010588479688382458,4852.678717938202
20,6,51,2,2,11,0.8393416508680943,0.8508215733736332,-0.011479922505538864,2.3621236436191267e-05,650.4774942310002
20,6,52,0,0,14,0.8442039366258083,0.8430669782779676,0.0011369583478406664,2.2646944242229412e-05,785.9940866651283
20,6,53,3,3,70,0.8869801440274572,0.8905757470973995,-0.0035956030699423325,0.00013304038894482162,4755.184175488066
20,6,54,3,3,13,0.833844980620602,0.8367463089101452,-0.002901328289543259,1.8630597309589264e-05,782.1444165020218
20,6,55,8,8,3,0.7301860740821244,0.5976345470096892,0.13255152707243523,4.02802407619295e-06,113.90399506120343
20,6,56,3,3,26,0.8753789663443826,0.8421948566280055,0.033184109716377086,3.7218717096950364e-05,1442.4447531215817
20,6,57,6,6,6,0.8789604551498266,0.7894715811449932,0.08948887400483341,8.142781546816657e-06,358.7569734860411
20,6,58,8,8,3,0.8511694147999727,0.6588517980468788,0.1923176167530939,4.357219346100866e-06,127.29613533448445
20,6,59,8,8,24,0.8061655595517335,0.8095041446830352,-0.0033385851313016968,2.980409091701785e-05,1228.6198608256454
20,6,60,6,6,7,0.8252935756572861,0.7905386757110484,0.034754899946237705,1.1236324201763795e-05,351.3008055034893
20,6,62,7,7,28,0.8442578847282041,0.805323105128114,0.038934779600090064,3.405813196861596e-05,1707.5537056536539
20,6,63,1,1,7,0.7608323910995433,0.6805080220464963,0.08032436905304696,1.3783241166724603e-05,377.5410536443022
20,6,64,0,0,7,0.8823262768403266,0.8527604667985217,0.02956581004180492,9.618552441025282e-06,421.9609470314488
20,6,65,5,5,9,0.8263162915771173,0.7550504725819763,0.07126581899514095,1.4464753729748466e-05,525.1047389413361
20,6,66,3,3,30,0.8508020726395938,0.8340851100375403,0.016716962602053576,3.09011274797177e-05,1607.6106109551072
20,6,68,3,3,24,0.8490512323764386,0.7937486180780169,0.05530261429842176,3.0540477885794314e-05,1276.4093051108005
20,6,69,4,4,3,0.8934102947389271,0.6607843959541385,0.23262589878478857,4.624197310410996e-06,150.4532832622327
20,6,70,9,9,53,0.8216485988218323,0.84288052133569,-0.02123192251385775,7.016256237764477e-05,3019.7201685569735
20,6,71,3,3,23,0.8142714835299738,0.7944740118303958,0.019797471699578018,2.867852437788533e-05,1306.5754128656897
20,6,72,2,2,28,0.8352231321958555,0.8324161867465781,0.002806945449277398,5.3963620461122366e-05,1680.6906292739277
20,6,73,1,1,54,0.8600205769296021,0.8460737907658433,0.013946786163758773,8.451963578772453e-05,3369.362552142865
20,6,74,6,6,13,0.8480561716772995,0.8305198092693745,0.017536362407925,1.660544251307103e-05,871.4871745820976
20,6,75,4,4,27,0.8625488443879388,0.8674707378283726,-0.004921893440433811,3.6602960440656035e-05,1641.8468298684995
20,6,76,7,7,23,0.8571430489570167,0.7891948295850608,0.06794821937195583,3.97368841708864e-05,1375.6914089445445
20,6,77,8,8,39,0.8567972158279368,0.8679049653394503,-0.011107749511513498,6.35652993556605e-05,2301.477360515593
20,6,78,2,2,74,0.8388940420546805,0.8028329036881733,0.03606113836650726,9.967029963545223e-05,4674.238977973516
20,6,79,5,5,2,0.9130381306410306,0.5382791666033865,0.3747589640376441,0.0,71.98501767766277
20,6,80,0,0,15,0.7812645379088332,0.7663107396937184,0.014953798215114777,2.5539847805164814e-05,745.5635789808998
20,6,81,6,6,12,0.8072532434658488,0.8036949590052358,0.003558284460613015,1.7738361233930367e-05,636.9706180168199
20,6,82,0,0,29,0.8993474995331443,0.8382402194647771,0.06110728006836719,4.545941729858749e-05,1749.055201165642
20,6,85,5,5,27,0.8102145580440432,0.8152213745667313,-0.0050068165226880845,4.726362310902414e-05,1543.6787786843665
20,6,86,6,6,35,0.847404614447417,0.8342099898959513,0.013194624551465695,4.891245358609266e-05,2147.1800243803314
20,6,88,9,9,7,0.8650404070637638,0.8560029088877029,0.00903749817606092,1.1986022968566629e-05,415.16394287869
20,6,91,8,8,1,1.0000000214303246,0.18396119523139556,0.8160388261989291,0.0,0.0
20,6,92,1,1,37,0.7847602762939972,0.7963808757761143,-0.011620599482117022,7.535568902367405e-05,2202.7477478302476
20,6,93,2,2,15,0.7919357992333415,0.7707581125723661,0.021177686660975303,2.1706647206115884e-05,898.9394278928471
20,6,95,2,2,5,0.8533431851863119,0.7609817991837889,0.09236138600252297,8.412740491613526e-06,303.1564402087135
20,6,97,2,2,5,0.887676925400938,0.6439092051245678,0.24376772027637017,8.085694622637748e-06,299.80256404030195
20,6,98,5,5,8,0.7721107316617593,0.680366202124942,0.09174452953681722,0.0,430.3442197070705
20,6,99,9,9,2,0.8341643680745645,0.5564787717819359,0.27768559629262857,0.0,72.32214986679635
20,7,1,9,9,22,0.84908253620028,0.83371326601489,0.015369270185389916,4.053559143816769e-05,1343.7601335357806
20,7,2,6,6,1,1.0000000646883784,0.4918886206594234,0.508111444028955,0.0,0.0
20,7,3,4,4,7,0.8331840243681082,0.8140420479331782,0.019141976434929986,1.0688104743854833e-05,430.5360781232865
20,7,4,8,8,4,0.8164589556215971,0.761193143570805,0.05526581205079206,0.0,227.58110236422021
20,7,5,9,9,16,0.8284981075623346,0.7808046865470912,0.04769342101524332,0.0,933.16731840566
20,7,6,7,7,8,0.8269578332632636,0.7866473784545049,0.04031045480875861,0.0,517.4858882906585
20,7,7,6,6,1,0.999999880877359,0.47084637332035945,0.5291535075569995,0.0,0.0
20,7,10,1,1,11,0.751341507946691,0.6645626424526769,0.08677886549401403,1.1987726530098692e-05,539.8917545927737
20,7,12,0,0,28,0.7991748429084049,0.7637655169070589,0.03540932600134605,3.4108694717282256e-05,1452.4748870132755
20,7,13,2,2,19,0.7694992660108761,0.7432324338783645,0.026266832132511686,2.5336043603704014e-05,984.0084129814347
20,7,14,3,3,17,0.8174619082449189,0.7558360308906468,0.06162587735427216,2.0252142262199645e-05,905.7269639315944
20,7,15,4,4,1,0.9999999619173437,0.7489254081094635,0.25107455380788024,0.0,0.0
20,7,16,6,6,19,0.7643730449858882,0.7884234308245504,-0.024050385838662147,2.5956066972018805e-05,1069.8039795641998
20,7,17,7,7,41,0.8339425818276741,0.834446102199786,-0.0005035203721118764,5.988147042353437e-05,2321.5453504337875
20,7,18,2,2,2,0.9090860212137019,0.6341193068157557,0.2749667143979462,0.0,82.71395002489734
20,7,19,5,5,48,0.8245060839034802,0.839561600550954,-0.015055516647473732,7.215537582489771e-05,3013.6835757880294
20,7,20,1,1,1,1.0000000382101148,0.37727410731174654,0.6227259308983684,0.0,0.0
20,7,21,8,8,79,0.8850345196479572,0.8872242861314787,-0.002189766483521538,0.00012129665365145284,5088.234164263568
20,7,22,4,4,16,0.7306765602280562,0.7090076251805759,0.021668935047480242,0.0,797.9992907579324
20,7,23,3,3,5,0.773620765390564,0.587990176236235,0.18563058915432906,6.609852152042264e-06,216.20998782343253
20,7,24,5,5,9,0.8910652744840258,0.863080838718605,0.027984435765420868,1.4472633067555307e-05,625.08822188786
20,7,25,7,7,53,0.8190033112037891,0.7991694930082859,0.019833818195503228,9.091978766216776e-05,2885.728793089939
20,7,26,4,4,35,0.8266688458908845,0.8174038063552482,0.009265039535636288,4.985028667880854e-05,2060.943363071572
20,7,27,8,8,10,0.8266366833224282,0.7851807640675054,0.04145591925492287,1.7127413260845118e-05,596.4369713222633
20,7,28,0,0,14,0.8192879672923588,0.7529427796966518,0.06634518759570696,1.7470743054652893e-05,768.9188563790873
20,7,29,2,2,1,1.000000020452945,0.33920153327299624,0.6607984871799486,0.0,0.0
20,7,31,1,1,46,0.8690931375098144,0.8554317663135191,0.013661371196295291,7.37937544903498e-05,2730.9896808851468
20,7,32,3,3,1,1.0000000297873282,0.4653245255408693,0.5346755042464588,0.0,0.0
20,7,33,1,1,37,0.8003545676601441,0.7744799037013648,0.025874663958779354,4.5889525724965786e-05,1721.0933572018225
20,7,34,9,9,40,0.8784581661156404,0.8606545429630197,0.01780362315262074,6.880048956113715e-05,2357.2695967489044
20,7,36,9,9,17,0.8648482703007474,0.8014007801817504,0.06344749011899697,3.0208523572805024e-05,931.3198662719956
20,7,37,7,7,4,0.8480997453826612,0.7604662011548307,0.08763354422783054,0.0,188.00620302031635
20,7,38,8,8,20,0.834755858121245,0.8464216322205019,-0.011665774099256954,3.4422127756904004e-05,1172.9976845899519
20,7,39,7,7,103,0.8639678016463094,0.8907539749004473,-0.0267861732541379,0.00015022010155613864,5853.539233398961
20,7,40,5,5,32,0.7830530097162963,0.6989043648397573,0.08414864487653906,0.0,1560.1526858066109
20,7,41,9,9,51,0.8527736458761194,0.8540646339522832,-0.0012909880761637904,8.082420464294351e-05,2924.243348474107
20,7,42,4,4,15,0.8163425224518306,0.8017874984343698,0.014555024017460783,2.6311322087250675e-05,909.2160640220413
20,7,43,3,3,16,0.8275093347859344,0.8508537551044077,-0.02334442031847339,0.0,974.8682909934756
20,7,44,0,0,14,0.8253998855252559,0.767321064187273,0.05807882133798292,2.541810307735386e-05,791.9335474259841
20,7,45,5,5,1,0.9999999869345839,0.3124688776237804,0.6875311093108035,0.0,0.0
20,7,46,6,6,57,0.7878086946531053,0.7897937892613952,-0.0019850946082898835,0.00011822776534966177,3068.727746877448
20,7,47,8,8,2,0.8906131184190247,0.5554299027540529,0.3351832156649718,0.0,68.03212840260574
20,7,48,1,1,8,0.825598847168316,0.772502983396917,0.053095863771398966,0.0,460.009064106694
20,7,49,5,5,3,0.8134436552140453,0.716638234536509,0.09680542067753628,5.148384556738463e-06,130.0137657252692
20,7,50,1,1,12,0.8203106546937007,0.7807542622890332,0.03955639240466746,2.1772405209231987e-05,723.0365311695875
20,7,51,2,2,42,0.8298428914393372,0.8258618636997165,0.003981027739620724,9.069201883757362e-05,2567.1282307253273
20,7,52,0,0,7,0.8964560476228579,0.7130874039167802,0.18336864370607775,1.099409751628996e-05,351.11910116830455
20,7,53,3,3,9,0.828453833327751,0.8069634672663235,0.021490366061427513,1.4640641541436418e-05,530.1232035608258
20,7,54,3,3,126,0.8547202323710431,0.8571794472456465,-0.0024592148746034326,0.00017799920041110676,7860.129049633609
20,7,55,8,8,14,0.764100531813964,0.7701847241043527,-0.006084192290388701,1.98777959055253e-05,742.3385600949383
20,7,56,3,3,33,0.8013602637825487,0.7994944267353944,0.0018658370471542618,3.87506256433053e-05,1655.7132812491136
20,7,57,6,6,17,0.7996280228585487,0.7502295592114778,0.0493984636470709,2.785242982337602e-05,905.4457734888939
20,7,59,8,8,1,1.0000000272990128,0.5968758895424809,0.4031241377565319,0.0,0.0
20,7,60,6,6,25,0.8342420192273056,0.7873649116411707,0.046877107586134836,3.54988242065411e-05,1331.122664793432
20,7,61,7,7,2,0.9178085751325648,0.6508344006417525,0.2669741744908123,0.0,83.61166647803915
20,7,62,7,7,2,0.8989552817690326,0.6497933922894722,0.24916188947956042,0.0,77.92714815349875
20,7,63,1,1,62,0.8172332366664303,0.825281397452067,-0.008048160785636638,9.27264870302096e-05,3643.6204337495356
20,7,64,0,0,32,0.8694649957186347,0.8643297775157804,0.00513521820285423,0.0,1957.688245299346
20,7,65,5,5,35,0.792346929917017,0.7971780378142986,-0.0048311078972815835,3.60530798792524e-05,1907.5330894636108
20,7,66,3,3,28,0.8861993349263054,0.8701454006085951,0.016053934317710294,3.785049017383893e-05,1647.100579788108
20,7,67,6,6,3,0.8478590316594224,0.6946613671494491,0.1531976645099733,5.931342052590199e-06,141.7519392743988
20,7,68,3,3,1,0.9999999059799709,0.593404933256249,0.4065949727237219,0.0,0.0
20,7,69,4,4,1,0.9999999124719319,0.6408350348739951,0.3591648775979368,0.0,0.0
20,7,70,9,9,31,0.8492278685448476,0.8540431764272017,-0.004815307882354181,4.968830758532054e-05,1755.9384688523871
20,7,71,3,3,54,0.8427952711450898,0.8287491233425308,0.014046147802558973,6.52871388283589e-05,2958.550159092944
20,7,72,2,2,11,0.792170533675127,0.7441157582897754,0.048054775385351634,1.3650234573528724e-05,580.7083061876997
20,7,73,1,1,20,0.8587111685370975,0.8394032931080994,0.019307875428998145,3.628662189800006e-05,1280.7934391699762
20,7,74,6,6,8,0.8271942247694961,0.7678256968022009,0.05936852796729519,0.0,486.03653641069786
20,7,76,7,7,104,0.8201709450228833,0.8198664921622119,0.00030445286067148913,0.0001476566217290653,5565.318711791012
20,7,77,8,8,91,0.8440725754357836,0.8423463587853346,0.0017262166504490306,0.00012751733941694914,5319.490685826063
20,7,78,2,2,21,0.7694511894271239,0.7470717850809206,0.022379404346203224,2.7916456272234555e-05,1218.3019391962305
20,7,79,5,5,19,0.7640199328362488,0.7886684796243093,-0.0246485467880605,3.0148144897571325e-05,941.1260103448597
20,7,82,0,0,55,0.8828056870376134,0.8807030523746394,0.002102634662974001,0.00010811855872394132,3560.117579133186
20,7,83,4,4,32,0.8408135439124405,0.8421669096056219,-0.001353365693181452,0.0,1878.6541697902185
20,7,84,0,0,2,0.8882234314310512,0.6246863146444618,0.2635371167865894,0.0,77.0479628663599
20,7,85,5,5,18,0.7798492299424747,0.7855698664103657,-0.005720636467891005,2.994472545581805e-05,971.8649498900087
20,7,86,6,6,22,0.8421797550572957,0.8514117438805361,-0.009231988823240389,3.352278116685191e-05,1426.0885110018507
20,7,88,9,9,50,0.8825852217219587,0.8931065224867429,-0.010521300764784192,7.806093081477428e-05,3101.7660238514036
20,7,89,9,9,18,0.8012800070884151,0.7452997223194099,0.055980284769005184,2.7806065389105715e-05,944.2462913747464
20,7,90,2,2,27,0.7824470573080246,0.7961237219842925,-0.013676664676267936,4.2584868215959986e-05,1376.9436967350498
20,7,93,2,2,36,0.852923556357289,0.8104906702588363,0.04243288609845275,8.461522948640417e-05,2212.9482839311972
20,7,94,9,9,11,0.8269734534691612,0.8223066991353022,0.004666754333858991,1.4023198013428038e-05,599.0485553363754
20,7,95,2,2,19,0.826368961391574,0.83847014280443,-0.012101181412855988,3.073086044649017e-05,1195.0710444315512
20,7,96,7,7,41,0.8715421028755275,0.9088097415768841,-0.03726763870135663,6.542142122598597e-05,2159.360398059845
20,7,97,2,2,1,0.9999999318883015,0.6673554751556865,0.332644456732615,0.0,0.0
20,7,98,5,5,6,0.7260461567223127,0.6811163498168595,0.04492980690545312,7.852429002112548e-06,282.0130054447071
20,7,99,9,9,5,0.7404159241539825,0.7262414053845367,0.014174518769445754,7.689088182609937e-06,259.72704515884607
20,8,0,5,5,15,0.8455371699244991,0.7963638502544612,0.04917331967003791,2.4820221356869384e-05,940.7674896217203
20,8,1,9,9,10,0.8529551498212449,0.7716063781245001,0.08134877169674481,2.072612396776686e-05,621.3038157154006
20,8,2,6,6,6,0.7770254553252863,0.6678546605254487,0.1091707947998376,1.0144923694833593e-05,291.7640419860604
20,8,3,4,4,2,0.9054272220865961,0.698453805115419,0.2069734169711771,0.0,73.81904695909712
20,8,4,8,8,12,0.8281456652965831,0.8064928872196134,0.021652778076969637,2.2710998269711134e-05,756.9946812463812
20,8,5,9,9,1,0.9999999486341061,0.6635804185655549,0.3364195300685512,0.0,0.0
20,8,6,7,7,7,0.8506108894191207,0.7363666043344325,0.1142442850846882,1.5781106943695853e-05,468.6915804357153
20,8,7,6,6,7,0.8227303634323715,0.793319564767084,0.029410798665287508,1.0474969234384719e-05,407.1094954403168
20,8,8,4,4,3,0.8533434795021315,0.7779500146081778,0.07539346489395371,4.873528214537103e-06,137.76315986060197
20,8,9,7,7,28,0.8096133402091401,0.8049182837066287,0.004695056502511452,3.592527795571876e-05,1646.316751577041
20,8,10,1,1,18,0.8001326286780592,0.7638310882556233,0.03630154042243594,1.8090812178584418e-05,960.1600188268278
20,8,11,0,0,22,0.7639597217477692,0.7166538062863554,0.04730591546141372,2.5381248714177617e-05,1197.0749660673566
20,8,13,2,2,9,0.8097808183744277,0.7582411986427267,0.05153961973170107,1.7582137749356313e-05,488.6216429948748
20,8,14,3,3,45,0.8094850918331877,0.824838766319918,-0.015353674486730307,8.886582841461563e-05,2701.6762015896056
20,8,15,4,4,4,0.8792722038388011,0.8459441143618683,0.033328089476932776,0.0,211.9465911038781
20,8,16,6,6,1,1.0000000505744533,0.48706913817462444,0.5129309123998289,0.0,0.0
20,8,17,7,7,19,0.8264228572457492,0.7725827663048224,0.05384009094092679,2.664714854230884e-05,991.4332367503195
20,8,18,2,2,8,0.8552945905640296,0.7912525286195626,0.06404206194446693,0.0,514.0589227831182
20,8,19,5,5,15,0.8086642837801524,0.7494510021458181,0.05921328163433437,2.874270021818971e-05,910.3443098977715
20,8,20,1,1,19,0.8672604183661179,0.7935122380097649,0.073748180356353,2.274158546910109e-05,1122.935601353894
20,8,21,8,8,40,0.8912501875339229,0.8685258563314745,0.022724331202448433,6.615741819133113e-05,2593.229925414773
20,8,22,4,4,32,0.7970702636215625,0.7703756888495701,0.02669457477199244,0.0,1830.4485976846101
20,8,23,3,3,3,0.8732633156402795,0.7188945237698988,0.15436879187038066,4.082624576066981e-06,110.15547135175852
20,8,24,5,5,20,0.8826620424741838,0.8728830932379337,0.009778949236250112,5.356605533462107e-05,1497.145161689722
20,8,25,7,7,33,0.8039827612014526,0.785512029307568,0.018470731893884595,4.815072419418966e-05,1803.488052987063
20,8,26,4,4,1,0.9999999590667794,0.2738031032211161,0.7261968558456633,0.0,0.0
20,8,27,8,8,29,0.8197148751445315,0.8171011060805614,0.0026137690639700395,5.285725571178536e-05,1693.1292897993135
20,8,28,0,0,2,0.8608948849497852,0.6011706270460182,0.25972425790376696,0.0,74.03134292757727
20,8,30,0,0,8,0.8887649275246087,0.8242979703298473,0.06446695719476137,0.0,508.84736555138477
20,8,31,1,1,74,0.86173302028459,0.8581332944880306,0.0035997257965594276,0.00011198642048171472,4459.00606469063
20,8,32,3,3,30,0.8132686988243665,0.7566718164205956,0.05659688240377092,4.633528262575069e-05,1737.76660273028
20,8,33,1,1,16,0.7740889376635852,0.791566966163842,-0.017478028500256815,0.0,819.9709767387541
20,8,35,4,4,11,0.8241961076285025,0.7287149747409447,0.09548113288755777,2.237877839724722e-05,621.5269368926038
20,8,36,9,9,57,0.8910285611382047,0.872597318916346,0.018431242221858768,7.40395529844157e-05,3575.3819662176907
20,8,38,8,8,138,0.8654084264386019,0.8744722541833482,-0.009063827744746233,0.00019171860531530597,8618.885548311522
20,8,39,7,7,1,0.9999999566499065,0.23483527661212847,0.765164680037778,0.0,0.0
20,8,40,5,5,17,0.6776330337753801,0.6847817726245942,-0.007148738849214076,1.994757864456403e-05,815.3846102725958
20,8,41,9,9,2,0.9485278215957896,0.7500942931847088,0.19843352841108086,0.0,86.19793285199628
20,8,42,4,4,21,0.83569356679139,0.8169988697023429,0.01869469708904703,5.051156953694194e-05,1350.8630835445563
20,8,43,3,3,12,0.8709474702539886,0.8186957976109024,0.05225167264308617,1.8947620158779497e-05,732.9117983239108
20,8,44,0,0,3,0.8485823257546868,0.6669009798261856,0.18168134592850127,3.865874714083555e-06,144.66330916331023
20,8,45,5,5,15,0.7437753190518765,0.7567676194176683,-0.012992300365791798,1.873961225477284e-05,735.0310704903038
20,8,46,6,6,8,0.7488538216463831,0.662117643229845,0.08673617841653813,0.0,438.7632748620051
20,8,47,8,8,3,0.8693656473743875,0.8228021156646728,0.04656353170971472,4.971479657403276e-06,137.892356523591
20,8,48,1,1,38,0.8382529759705283,0.7792732806612269,0.05897969530930136,4.817651860654043e-05,2165.147305524978
20,8,49,5,5,4,0.8866357041299467,0.8316065636742244,0.05502914045572238,0.0,214.78097496791975
20,8,50,1,1,16,0.8211668237196648,0.79714764367665,0.024019180043014732,0.0,943.2725900014988
20,8,51,2,2,6,0.8552645276698618,0.6882219225669542,0.16704260510290758,1.123303955775263e-05,378.9652008398022
20,8,52,0,0,2,0.9322188156880683,0.7439447970222371,0.18827401866583116,0.0,64.7302871286501
20,8,53,3,3,16,0.8576196765158569,0.8344928419971024,0.023126834518754524,0.0,985.1323615128489
20,8,55,8,8,29,0.8004693251784464,0.7898055468871265,0.010663778291319925,5.249920587054533e-05,1604.4203875977016
20,8,56,3,3,34,0.8487003760857051,0.7879496705527366,0.060750705532968574,4.2862949582439445e-05,1755.2489336352673
20,8,57,6,6,11,0.8278741170920193,0.8105844165700111,0.017289700522008178,2.065899074666396e-05,653.4801130155839
20,8,58,8,8,27,0.7855400091799463,0.7681855092508034,0.01735449992914284,3.506903909369711e-05,1463.397988303187
20,8,59,8,8,84,0.8417611646449961,0.8304782446162929,0.011282920028703125,9.387904291585301e-05,4283.568430844356
20,8,60,6,6,28,0.7832337468487909,0.7806726985006953,0.0025610483480955626,3.421013187562451e-05,1468.0977826857236
20,8,61,7,7,5,0.7862147598301547,0.6983451180897665,0.08786964174038814,1.0892632974351163e-05,277.45849876239157
20,8,63,1,1,6,0.788857692355784,0.692390721320614,0.09646697103516999,1.0984729198066569e-05,313.6341079914477
20,8,64,0,0,7,0.8019139331336292,0.7873762790570751,0.014537654076554163,1.0529822075823427e-05,348.8773509349933
20,8,65,5,5,37,0.8067014628830061,0.7935400598484198,0.01316140303458635,5.5879904065139616e-05,1979.1644982981854
20,8,68,3,3,1,1.0000000089286611,0.6298521979703356,0.3701478109583255,0.0,0.0
20,8,69,4,4,38,0.8617631048215963,0.8510281491150976,0.010734955706498739,4.872031422730303e-05,2227.371481648143
20,8,71,3,3,71,0.809227097854962,0.8609027329671307,-0.05167563511216866,0.0001008837363088948,3777.730959414368
20,8,72,2,2,4,0.835554727635909,0.7100859433067745,0.12546878432913444,0.0,230.02760090166032
20,8,73,1,1,51,0.8622208102011469,0.8383263658205884,0.023894444380558544,8.304545932971347e-05,3252.0982838710165
20,8,74,6,6,133,0.8758026382057487,0.8569624187158539,0.018840219489894783,0.0001654603150697986,8509.04475913438
20,8,75,4,4,21,0.8969508303726387,0.8764263191019359,0.02052451127070276,4.808665338090557e-05,1410.8505560180033
20,8,76,7,7,2,0.9155188980344513,0.37359828739918777,0.5419206106352635,0.0,83.1046322384363
20,8,77,8,8,8,0.8331274183259703,0.7761977179100222,0.056929700415948026,0.0,494.97569365472
20,8,79,5,5,9,0.7874065385132005,0.7825663069919114,0.004840231521289096,1.2114279634753917e-05,529.6742654848156
20,8,80,0,0,17,0.8023979291824388,0.8187296945402864,-0.01633176535784764,3.409782736666045e-05,962.3445650303948
20,8,82,0,0,6,0.8754005210927828,0.8084614735347826,0.06693904755800018,8.144077764414456e-06,326.91891301335795
20,8,83,4,4,18,0.8445740949446346,0.8526813396429886,-0.008107244698354,2.173914488059472e-05,1050.0221438862368
20,8,86,6,6,21,0.8524194219510807,0.8416163526513241,0.010803069299756607,2.9049397953030513e-05,1287.7378851566164
20,8,87,1,1,1,0.9999999161196327,0.2765723964721914,0.7234275196474413,0.0,0.0
20,8,88,9,9,12,0.8621230267113495,0.8519363584154905,0.010186668295859014,2.275317323172263e-05,726.7534769528665
20,8,89,9,9,6,0.8388285860841034,0.7260337262297938,0.11279485985430959,8.721750610062551e-06,305.8942316583074
20,8,90,2,2,45,0.8056964424585812,0.8108566870511383,-0.0051602445925571505,6.302588907838841e-05,2289.1249650798018
20,8,91,8,8,4,0.8188924390077319,0.7274450232830683,0.09144741572466364,0.0,196.78609516529252
20,8,92,1,1,7,0.8013045888752984,0.6997276541058196,0.10157693476947882,8.551366611952452e-06,422.8981087747252
20,8,93,2,2,24,0.7942020593322197,0.8019535024785042,-0.007751443146284509,4.471290140398289e-05,1453.621042041838
20,8,94,9,9,18,0.8310529051513178,0.8159798839142358,0.015073021237081985,2.303609000545544e-05,988.5886812327368
20,8,95,2,2,24,0.8468547865175666,0.8264228811945226,0.020431905323044064,4.329024339731009e-05,1518.8301195465656
20,8,96,7,7,2,0.8555708489791013,0.7362715958185816,0.1192992531605197,0.0,68.70029253891967
20,8,97,2,2,2,0.918225720474817,0.7484211055275037,0.16980461494731325,0.0,84.47958933040157
20,8,98,5,5,1,0.9999999116747795,0.375014685118552,0.6249852265562275,0.0,0.0
20,8,99,9,9,68,0.7834109450880639,0.8168633833424123,-0.033452438254348404,0.00011471438338687296,3626.7802488161815
20,9,1,9,9,5,0.7990465860265925,0.7117232002654864,0.0873233857611061,8.889109597646568e-06,263.9860893954427
20,9,2,6,6,16,0.8156624440808545,0.7721826323488815,0.04347981173197302,0.0,844.1419321553284
20,9,3,4,4,16,0.8428476322578142,0.7581357932659906,0.08471183899182366,0.0,884.5419941135248
20,9,4,8,8,53,0.8320821367002394,0.8252140130142704,0.006868123685969008,0.00011160392812778969,3189.767152778573
20,9,5,9,9,8,0.8671478470915466,0.7910793654857009,0.07606848160584567,0.0,444.96114715662713
20,9,6,7,7,18,0.8661700289452331,0.8245821054506772,0.04158792349455587,3.900068235813491e-05,1242.8761621893118
20,9,7,6,6,13,0.808232072526555,0.7398265508624193,0.06840552166413572,2.091689906134165e-05,786.3378373149302
20,9,9,7,7,10,0.8064931861950007,0.7501551455421529,0.056338040652847754,1.9030640088804916e-05,585.4735686820362
20,9,10,1,1,5,0.7814769862522919,0.6373855138365425,0.14409147241574938,7.326518723806025e-06,241.68638343235028
20,9,11,0,0,7,0.7368009650156337,0.5809276833608205,0.1558732816548133,9.709461619879742e-06,352.7474452268764
20,9,13,2,2,13,0.7851629636364191,0.7325624605476284,0.05260050308879072,1.5113461305327534e-05,689.2277653648226
20,9,14,3,3,18,0.7879832114075613,0.7063602334987612,0.08162297790880013,2.525967871729912e-05,1028.7842638560924
20,9,15,4,4,16,0.8650061605380602,0.8070011636249671,0.05800499691309313,0.0,983.3939536887209
20,9,16,6,6,13,0.7774379524330645,0.7652363520740364,0.012201600359028064,1.4373365836052522e-05,638.9031001268769
20,9,18,2,2,16,0.8406350729412086,0.7999961278287353,0.040638945112473346,0.0,1060.3010709599278
20,9,19,5,5,6,0.7636353083486602,0.7522282070544105,0.01140710129424971,1.0241023695658414e-05,320.82252000378327
20,9,20,1,1,2,0.9216775005413069,0.6122646160491608,0.3094128844921461,0.0,86.55525125589743
20,9,21,8,8,58,0.8718646914152433,0.87170942435978,0.00015526705546320407,8.036747026568009e-05,3606.570275013595
20,9,22,4,4,2,0.8630348693932209,0.714812375461181,0.1482224939320399,0.0,73.01572159457632
20,9,23,3,3,14,0.8306720228164208,0.8290352985144923,0.001636724301928516,1.77804533514359e-05,650.7382482053438
20,9,24,5,5,10,0.9032737965538346,0.8499061610115337,0.05336763554230084,1.6813919488513903e-05,744.4528623449786
20,9,25,7,7,119,0.8217717184632372,0.8280889224238349,-0.0063172039605977615,0.00019948598933105833,6637.2922859945675
20,9,26,4,4,46,0.8166367340032588,0.8074829406268611,0.009153793376397656,6.834857586751057e-05,2569.3720181202966
20,9,27,8,8,33,0.815815192428584,0.807900581701742,0.007914610726842075,4.8302292533671304e-05,1824.391419340843
20,9,28,0,0,28,0.8200131775603982,0.7679602599673089,0.052052917593089276,3.909504347374874e-05,1577.1980086658536
20,9,29,2,2,59,0.7905084757170072,0.789320995972516,0.0011874797444911822,7.673607480566214e-05,3182.014293229074
20,9,30,0,0,9,0.8816539767125343,0.8617412836491235,0.019912693063410813,1.6990355554700365e-05,536.1582357424289
20,9,31,1,1,4,0.8451876803009974,0.7552763300491501,0.08991135025184738,0.0,211.7604832145068
20,9,33,1,1,71,0.8290813389422435,0.7893153898647265,0.03976594907751696,8.404765363219458e-05,3263.950668187094
20,9,34,9,9,10,0.8670350188698256,0.7922511109265098,0.0747839079433158,1.6564049537583456e-05,631.557165974034
20,9,35,4,4,7,0.7478511416601591,0.6718804919416128,0.07597064971854628,9.450794765957274e-06,331.82782803578965
20,9,36,9,9,25,0.8764115468534132,0.866396514174234,0.010015032679179137,4.820341420840596e-05,1592.411551324347
20,9,37,7,7,1,0.9999999596717414,0.14214623267331264,0.8578537269984288,0.0,0.0
20,9,38,8,8,10,0.8651134924865962,0.8658522571937659,-0.0007387647071697145,1.485459522568974e-05,616.5961215854607
20,9,39,7,7,21,0.8729037148233341,0.887550673795726,-0.014646958972391988,3.334991229124376e-05,1334.845418926636
20,9,40,5,5,9,0.7358205381767106,0.6404597380185272,0.09536080015818338,1.3450076277750922e-05,444.21999272883954
20,9,42,4,4,40,0.8292140594433454,0.8267020537836677,0.002512005659677685,4.4536187556797e-05,2269.8148500953325
20,9,43,3,3,19,0.8906651658311477,0.8741053291272369,0.016559836703910813,2.818335279718265e-05,1263.6009338053789
20,9,44,0,0,5,0.7076086481357041,0.5520593866531761,0.155549261482528,5.724421554927059e-06,213.66964962767423
20,9,45,5,5,1,1.0000000125650625,0.40522356579091157,0.594776446774151,0.0,0.0
20,9,46,6,6,14,0.8125920282730746,0.7434232252299652,0.06916880304310946,2.3982705195374343e-05,775.3520825629461
20,9,47,8,8,21,0.8264422800402097,0.8090293197983469,0.017412960241862785,3.00095583916887e-05,1126.8188173440308
20,9,48,1,1,13,0.7738749693559296,0.7541192619436748,0.01975570741225474,2.499482784140941e-05,737.7579398765015
20,9,49,5,5,7,0.8376534374665562,0.8016918820659801,0.035961555400576106,9.935700976310411e-06,364.00331848861543
20,9,50,1,1,15,0.7569900148743453,0.747684509346968,0.0093055055273773,1.9523558828734538e-05,858.6313732889428
20,9,51,2,2,1,1.000000047189492,0.5672230962428422,0.4327769509466499,0.0,0.0
20,9,52,0,0,16,0.8721159211801353,0.8741190894082228,-0.0020031682280875485,0.0,894.9182287615337
20,9,53,3,3,10,0.85265642174874,0.8109833430605122,0.04167307868822778,1.9755012771992834e-05,607.960663181906
20,9,54,3,3,30,0.8650297120075061,0.8379101994669539,0.027119512540552226,5.462218606347681e-05,1878.8890615600212
20,9,55,8,8,24,0.8541204803794004,0.8364243704255788,0.017696109953821537,4.1155145594415594e-05,1430.401696958786
20,9,56,3,3,1,0.999999976123676,0.4208598702308803,0.5791401058927956,0.0,0.0
20,9,57,6,6,2,0.8547835566024254,0.6267000076595888,0.22808354894283667,0.0,76.62493755097947
20,9,59,8,8,48,0.815547154639602,0.8196649670850197,-0.004117812445417646,6.528706911514271e-05,2420.8235539826687
20,9,60,6,6,4,0.8421609395812951,0.6955837173363885,0.14657722224490666,0.0,202.78053283218145
20,9,62,7,7,38,0.8453401912902719,0.865130728810937,-0.019790537520665064,6.109710879230903e-05,2351.414895457761
20,9,63,1,1,87,0.8392401232751648,0.840412908402005,-0.001172785126840159,0.00011995219164667511,5474.2913628522165
20,9,64,0,0,12,0.8454031764421294,0.8423382829148875,0.0030648935272418187,1.9168357614709035e-05,631.807029296546
20,9,65,5,5,3,0.8170554216129785,0.5865865608496239,0.2304688607633546,4.928369173424641e-06,129.53387946477503
20,9,67,6,6,29,0.8052039834180285,0.8150790350497731,-0.009875051631744625,5.0139442540163845e-05,1695.3045923311731
20,9,68,3,3,80,0.8656254121479701,0.8605290170163132,0.005096395131656828,0.00011841634984634956,4595.300207229861
20,9,69,4,4,31,0.8676208484167806,0.8239244506036927,0.04369639781308787,4.194652132311357e-05,1807.924029195559
20,9,70,9,9,1,1.0000000358018395,0.43519333958151485,0.5648066962203246,0.0,0.0
20,9,71,3,3,94,0.8649487201991161,0.8221301574516728,0.04281856274744322,0.00014419921945054638,5201.118473009385
20,9,72,2,2,5,0.734372330068141,0.6248319822467218,0.10954034782141919,7.168439360002645e-06,242.9046240854139
20,9,73,1,1,24,0.8871282794975692,0.8696237390990418,0.017504540398527446,4.16291388307175e-05,1578.2038905797458
20,9,74,6,6,13,0.8475068346335236,0.8177736194564703,0.029733215177053296,2.0372410015679145e-05,847.4298699629368
20,9,75,4,4,37,0.8965874227280071,0.8727464165918023,0.023841006136204768,8.5602380687791e-05,2417.86211557392
20,9,76,7,7,4,0.7699747632582611,0.552286939084898,0.21768782417336308,0.0,165.47674810040945
20,9,77,8,8,4,0.8588203791738983,0.7434005598834129,0.11541981929048539,0.0,210.31427893066527
20,9,78,2,2,2,0.8638772789723641,0.516846903584797,0.3470303753875671,0.0,75.86209002180881
20,9,79,5,5,6,0.846837371650852,0.7564922448400415,0.09034512681081053,1.1387175703343086e-05,361.57644190583267
20,9,80,0,0,1,0.9999999993924605,0.15956350680003697,0.8404364925924236,0.0,0.0
20,9,81,6,6,7,0.7808707777929275,0.7974850901488519,-0.016614312355924477,8.994184252529933e-06,328.89828933092724
20,9,82,0,0,75,0.8675166377431497,0.8599769595845166,0.007539678158633101,0.000127408430045334,4706.211072211193
20,9,83,4,4,2,0.8599704823965002,0.6403052233415647,0.2196652590549355,0.0,76.16047018754672
20,9,84,0,0,7,0.745992821302574,0.5861175309004033,0.15987529040217074,9.53900954030193e-06,319.03947199394395
20,9,85,5,5,1,0.9999999408680625,0.5214037356288055,0.47859620523925706,0.0,0.0
20,9,86,6,6,11,0.8445443165712175,0.7936456611332326,0.050898655437984885,1.5011829425089084e-05,680.1574455331552
20,9,87,1,1,1,0.9999999692818266,0.5722637231790919,0.42773624610273464,0.0,0.0
20,9,88,9,9,34,0.8645080826940607,0.8612196127570831,0.0032884699369775117,5.805575468209544e-05,2119.9732894664894
20,9,89,9,9,1,0.9999999898089126,0.46261093546418086,0.5373890543447317,0.0,0.0
20,9,90,2,2,21,0.7909874350383822,0.7764249449974697,0.014562490040912479,2.7583453201806602e-05,1087.9142551538757
20,9,91,8,8,66,0.808943400470126,0.8285765330876337,-0.019633132617507654,0.00013193275760156446,4137.90897640114
20,9,92,1,1,13,0.8419164566704759,0.7794094486605553,0.0625070080099206,2.1836641154877124e-05,756.7407716828977
20,9,93,2,2,1,1.000000024805059,0.5591616589172439,0.440838365887815,0.0,0.0
20,9,94,9,9,3,0.7846175070507984,0.5868223184210573,0.1977951886297411,4.449914950113304e-06,128.82162021032403
20,9,95,2,2,14,0.8549461629828862,0.8135005387249578,0.041445624257928415,2.2360368751968105e-05,896.0242431771733
20,9,97,2,2,88,0.9049846040574743,0.9072562259563761,-0.0022716218989018433,0.00015553825152642004,5869.837839436472
20,9,98,5,5,26,0.795674493081726,0.7677371042793829,0.02793738880234309,3.110733509830066e-05,1438.9892767404388
20,9,99,9,9,20,0.7620286020764055,0.7481516479476763,0.013876954128729246,2.664037257491107e-05,1036.016453595456
20,10,0,5,5,27,0.8625943850503021,0.8444353308407058,0.018159054209596293,5.329826407477399e-05,1838.3679330350044
20,10,1,9,9,20,0.8021223360611488,0.8127207404439218,-0.010598404382773041,2.870839135743381e-05,1159.9622800383495
20,10,3,4,4,21,0.7990455025156507,0.8052697814163574,-0.006224278900706759,3.439356360601934e-05,1323.470434912503
20,10,4,8,8,46,0.8581292414247732,0.8330921268181779,0.0250371146065953,5.390310249583991e-05,2759.0086135101765
20,10,5,9,9,2,0.8073768048349189,0.5085554706002585,0.2988213342346604,0.0,71.38525941907777
20,10,6,7,7,79,0.8449749256383007,0.8487712838099091,-0.003796358171608394,0.00010908743650134728,5247.810638964475
20,10,7,6,6,8,0.7788371682161289,0.734111105293954,0.04472606292217496,0.0,452.90039574666764
20,10,8,4,4,9,0.7940457793678007,0.7131227211301023,0.08092305823769841,1.3384035684933135e-05,462.5664496080202
20,10,9,7,7,9,0.7864687309413376,0.7175390632395482,0.06892966770178943,1.2973033041268598e-05,521.0318554771136
20,10,10,1,1,4,0.7935746654988589,0.5409712331479896,0.25260343235086935,0.0,167.71498507176725
20,10,11,0,0,12,0.8094001656429748,0.6975768032777382,0.1118233623652366,1.2982709386878597e-05,611.1331975755396
20,10,12,0,0,13,0.8373796469686162,0.783315452306876,0.05406419466174017,1.7755171995331286e-05,707.8056797476224
20,10,13,2,2,1,0.9999999615617965,0.30868992677823887,0.6913100347835577,0.0,0.0
20,10,14,3,3,24,0.7908536706956254,0.7512327609723042,0.03962090972332122,4.064888627364183e-05,1319.971419197535
20,10,15,4,4,4,0.8919524915888047,0.8415942780967874,0.0503582134920173,0.0,216.33562071331366
20,10,17,7,7,67,0.8183248127964374,0.8269795781001814,-0.008654765303743983,8.458117332750753e-05,3703.133829997465
20,10,18,2,2,30,0.8098689426243545,0.8265005152373233,-0.01663157261296877,4.016700865104711e-05,1651.203824809086
20,10,19,5,5,28,0.8200310046007615,0.8083323409378701,0.011698663662891406,4.012153830654472e-05,1636.1422981627404
20,10,20,1,1,5,0.845967102012868,0.6790430554785333,0.16692404653433468,9.808995206585237e-06,294.59505701420085
20,10,21,8,8,1,0.9999999205171444,0.4302086225491993,0.5697912979679451,0.0,0.0
20,10,22,4,4,13,0.7060129659786123,0.722128870768334,-0.01611590478972169,1.753088630216994e-05,637.5010276945704
20,10,23,3,3,19,0.8326613902101788,0.8117573768490505,0.02090401336112835,2.4323577994304342e-05,914.313814456787
20,10,24,5,5,17,0.8474855924525453,0.8400232195994256,0.007462372853119681,3.0497317291232404e-05,1125.4460817780691
20,10,25,7,7,20,0.7953999689385763,0.7202887545781895,0.07511121436038681,3.216248339844524e-05,1189.6283119340576
20,10,26,4,4,41,0.8194271112661398,0.8157787015748831,0.003648409691256682,5.415339282961367e-05,2388.0192897086536
20,10,27,8,8,2,0.882343565730505,0.6732898793078888,0.20905368642261624,0.0,80.22888648107156
20,10,28,0,0,1,1.0000000353899723,0.6110797546875893,0.38892028070238294,0.0,0.0
20,10,29,2,2,11,0.8071273332636097,0.7865487521957925,0.020578581067817292,1.737086639603668e-05,656.8027372790696
20,10,30,0,0,4,0.9107983527194875,0.8202339685144097,0.09056438420507784,0.0,220.83509546671212
20,10,32,3,3,2,0.8235334643694368,0.5844407859953764,0.23909267837406034,0.0,71.73175024262838
20,10,33,1,1,17,0.8101084572172942,0.8295703025178067,-0.019461845300512537,2.5001178633260595e-05,855.9295258905028
20,10,34,9,9,6,0.7952766446258901,0.7183533909641835,0.0769232536617066,7.698873022675854e-06,299.78360876726185
20,10,35,4,4,6,0.7900431308390599,0.6429826288785961,0.14706050196046372,6.540952740323481e-06,277.89557381227456
20,10,37,7,7,68,0.797105032879929,0.8072675892489326,-0.01016255636900365,9.437481982125787e-05,3436.6231714929545
20,10,39,7,7,2,0.8953841585597603,0.5031539555380848,0.39223020302167544,0.0,73.72690946482484
20,10,41,9,9,14,0.8400080095469606,0.8312268606542155,0.008781148892745172,2.3750347837953744e-05,832.6788343256376
20,10,42,4,4,8,0.8578564183889431,0.7839536256846209,0.0739027927043222,0.0,455.1562888098394
20,10,43,3,3,40,0.8810066446805814,0.8506390853500537,0.030367559330527705,5.948854575793638e-05,2545.1648277923414
20,10,44,0,0,8,0.8236691656517439,0.7339571355846845,0.08971203006705941,0.0,454.33024627782606
20,10,45,5,5,15,0.7923606254064671,0.7237603020935732,0.0686003233128939,2.2310271334238767e-05,710.860495507172
20,10,46,6,6,10,0.79688403948192,0.691482640054018,0.10540139942790194,1.3838009018665824e-05,558.5043668703055
20,10,47,8,8,52,0.8781040104102869,0.8747687829480146,0.0033352274622722167,7.978411366698595e-05,2897.557435694231
20,10,49,5,5,1,0.9999999974026086,0.614783392702222,0.38521660470038654,0.0,0.0
20,10,50,1,1,8,0.8361408470717131,0.7490699874007888,0.08707085967092432,0.0,480.74303314270946
20,10,51,2,2,49,0.8445311543040144,0.8498406174619997,-0.005309463157985306,8.842575548447386e-05,3095.4139556323616
20,10,52,0,0,3,0.8728294995345581,0.7375984940067475,0.13523100552781064,4.213456209961509e-06,144.58029516715723
20,10,53,3,3,22,0.8874057059279369,0.8495568713270869,0.03784883460084998,3.825150744687986e-05,1458.998968841936
20,10,55,8,8,46,0.8381176847491446,0.7950783986317126,0.04303928611743202,6.041257804027491e-05,2444.6399493271783
20,10,56,3,3,6,0.7680964983448063,0.6656747996086043,0.102421698736202,8.308851451006593e-06,266.8192679863774
20,10,57,6,6,1,0.9999999467379713,0.6727328795355817,0.3272670672023896,0.0,0.0
20,10,58,8,8,5,0.7757824129422429,0.7182833007265034,0.057499112215739556,7.957568022312502e-06,239.92376071239548
20,10,60,6,6,30,0.8020473615683824,0.8051341748866246,-0.003086813318242232,4.205201256626175e-05,1636.7338814960485
20,10,61,7,7,3,0.8048390514214675,0.6120609371779254,0.19277811424354208,4.363655485603151e-06,126.05474778916324
20,10,62,7,7,76,0.8625190844187138,0.8545098644552878,0.008009219963426073,0.0001296168742420242,4592.370232573804
20,10,63,1,1,3,0.810651513161086,0.6772232604724654,0.13342825268862057,3.735351526609437e-06,139.35735430495933
20,10,64,0,0,25,0.8579112988473588,0.8431124294736531,0.01479886937370578,3.391216124264303e-05,1425.0367661848127
20,10,65,5,5,4,0.8540538631162838,0.7318329159285114,0.12222094718777243,0.0,212.27595141849164
20,10,66,3,3,1,0.9999999209396109,0.3212725545430084,0.6787273663966025,0.0,0.0
20,10,67,6,6,29,0.7916709069758794,0.804198945530335,-0.012528038554455612,4.090007887185977e-05,1616.1305288377166
20,10,68,3,3,24,0.8141166309746292,0.8383924017039074,-0.024275770729278223,3.31096183888863e-05,1360.161627276218
20,10,69,4,4,9,0.793808987744597,0.7650788111545698,0.02873017659002719,1.2168967522371354e-05,454.73943306399525
20,10,71,3,3,1,1.000000090595771,0.2930789864782281,0.7069211041175429,0.0,0.0
20,10,72,2,2,30,0.8350261013845632,0.8073773129023146,0.02764878848224861,3.9874474449705575e-05,1726.3867718992192
20,10,73,1,1,1,1.0000000991043057,0.49596174538376747,0.5040383537205382,0.0,0.0
20,10,75,4,4,3,0.8693869789413144,0.7956861082257525,0.07370087071556197,4.588069171806959e-06,146.31031803697363
20,10,76,7,7,4,0.8298146749994119,0.7333799859790696,0.09643468902034225,0.0,183.76135090251944
20,10,77,8,8,35,0.866999894308375,0.8736692371931456,-0.006669342884770613,4.642864733504553e-05,2061.408028303232
20,10,78,2,2,2,0.9044047019119019,0.6510585522825988,0.25334614962930313,0.0,88.28868203731992
20,10,79,5,5,12,0.8178322313754756,0.7703992871546579,0.047432944220817674,1.273372027832955e-05,657.0608414761133
20,10,80,0,0,9,0.8233516658368711,0.7409150072584461,0.08243665857842508,1.576497165722276e-05,500.70108218188443
20,10,81,6,6,1,1.0000000264686468,0.25948511809338926,0.7405149083752576,0.0,0.0
20,10,82,0,0,10,0.8986680488753593,0.8269708230540636,0.07169722582129578,1.9348216182566343e-05,661.7020833055769
20,10,83,4,4,16,0.8355909797197532,0.8025133074082643,0.03307767231148884,0.0,920.6856575795863
20,10,84,0,0,4,0.8099213758793966,0.6581649120435784,0.1517564638358182,0.0,199.0367442903498
20,10,85,5,5,4,0.8396638186902706,0.735524022411261,0.1041397962790096,0.0,197.71051589770894
20,10,86,6,6,4,0.8861482170369598,0.7492938432915979,0.1368543737453619,0.0,241.62988832226827
20,10,87,1,1,25,0.8076606018095843,0.8079494747061924,-0.00028887289660806115,4.564352799488952e-05,1463.215491439463
20,10,89,9,9,17,0.751283218378781,0.7434542397811479,0.007828978597633096,2.054569547865861e-05,851.6646739295431
20,10,90,2,2,11,0.7988736759573403,0.7617995404264165,0.03707413553092376,1.682998193605837e-05,572.5808141036669
20,10,91,8,8,25,0.786033486670072,0.8065101346802228,-0.02047664801015081,4.192975179010159e-05,1553.717580048983
20,10,92,1,1,19,0.7846920016070889,0.790445735783802,-0.005753734176713099,2.144330363965942e-05,1000.3119368564248
20,10,93,2,2,93,0.8484060952514716,0.8418188135296124,0.006587281721859184,0.0001327151996983777,5573.839295300892
20,10,94,9,9,67,0.8315356699322582,0.802952693758938,0.028582976173320285,0.00010636495484296652,3773.4553668508997
20,10,95,2,2,11,0.8080467453485326,0.8236904504521598,-0.015643705103627226,1.5118823608566648e-05,656.6297640249239
20,10,96,7,7,6,0.9028973170364543,0.7262219105184936,0.17667540651796065,7.859426575534589e-06,315.105582453517
20,10,97,2,2,12,0.8269973164062869,0.7860803598286464,0.040916956577640495,1.6938255119595418e-05,750.1359129353906
20,10,98,5,5,10,0.7764189813439152,0.7756437479482401,0.0007752333956750901,1.545382665593073e-05,560.772166121181
20,10,99,9,9,26,0.8289676116098549,0.8051996486317934,0.023767962978061496,4.2155949025075165e-05,1499.7693594448601
20,11,0,5,5,32,0.8962489583984026,0.8785756253851994,0.017673333013203174,0.0,2215.904492610112
20,11,1,9,9,1,1.0000000217686116,0.4161838703203799,0.5838161514482316,0.0,0.0
20,11,2,6,6,5,0.8023794791480451,0.6762741713281168,0.12610530781992824,6.988929182575492e-06,237.70627268223714
20,11,3,4,4,14,0.8099003053511076,0.7516789499433542,0.05822135540775342,1.8956944045059437e-05,852.1848579913787
20,11,4,8,8,15,0.8419444834217386,0.8057864974323915,0.03615798598934705,1.7727815149269233e-05,942.532428179132
20,11,5,9,9,28,0.8202209332186811,0.7966228111719772,0.023598122046703862,3.237891717834008e-05,1493.019498365941
20,11,6,7,7,17,0.8262919169539771,0.8369439194803633,-0.010652002526386206,3.828691691556996e-05,1096.742603580279
20,11,8,4,4,17,0.8126964335370046,0.770775259012494,0.04192117452451061,2.7310390717273942e-05,855.2208551873302
20,11,9,7,7,13,0.808920680483974,0.7920313603005474,0.016889320183426593,2.1056176775013355e-05,821.9815683017845
20,11,10,1,1,4,0.7412806164755855,0.48289274525722525,0.25838787121836027,0.0,191.20237751198263
20,11,11,0,0,91,0.763861740692543,0.775361266426112,-0.01149952573356905,0.00010975837835671593,4611.9775019482995
20,11,12,0,0,94,0.8231015998864359,0.8218001082452372,0.0013014916411987487,0.00012740452777222034,4890.223598545523
20,11,13,2,2,24,0.7768538403376151,0.7912522884302675,-0.01439844809265245,3.1340395306195406e-05,1259.607025872989
20,11,14,3,3,37,0.850672327284243,0.7711969553245491,0.0794753719596939,4.5716683408464816e-05,2305.560653858633
20,11,15,4,4,3,0.8147302298948276,0.7600027939354463,0.05472743595938123,4.543442671574785e-06,138.51718666253595
20,11,16,6,6,1,1.0000000466269034,0.26885859278439933,0.7311414538425041,0.0,0.0
20,11,17,7,7,3,0.8793030533870948,0.7176460339619112,0.16165701942518362,4.89451343085191e-06,136.63671421297036
20,11,18,2,2,56,0.8205466176152592,0.8418409035704615,-0.02129428595520233,0.0001129810336616364,3298.7503336790787
20,11,19,5,5,2,0.928883689915078,0.7141789628650954,0.21470472704998256,0.0,70.82257697201743
20,11,22,4,4,6,0.7341939987637266,0.6110486974112223,0.12314530135250434,8.866092348079968e-06,299.315408668813
20,11,23,3,3,82,0.8522611521516003,0.8693466984002615,-0.01708554624866121,9.988876133751429e-05,4105.705634541683
20,11,24,5,5,1,0.9999999469417886,0.279966067528015,0.7200338794137736,0.0,0.0
20,11,25,7,7,91,0.8322892206988158,0.8164313631611829,0.015857857537632913,0.00012092517097137127,5114.605779540548
20,11,27,8,8,4,0.8626297758828936,0.6435916328247764,0.2190381430581172,0.0,215.47590405884318
20,11,28,0,0,43,0.7985017591020025,0.7989749366544767,-0.00047317755247422433,6.85331029408021e-05,2445.7417350516425
20,11,29,2,2,2,0.8393807304186856,0.5664324398684392,0.2729482905502464,0.0,67.12051362255076
20,11,30,0,0,12,0.8542546429180985,0.8414582741908548,0.012796368727243657,1.922504771772541e-05,796.6692983454749
20,11,31,1,1,5,0.8305104445799784,0.7260738874217514,0.10443655715822697,7.974337948806628e-06,257.77484077646074
20,11,33,1,1,18,0.7875096581901322,0.7802966187575926,0.007213039432539592,2.3863866109785865e-05,798.4256718618378
20,11,34,9,9,31,0.8573829469138672,0.8357907398241071,0.021592207089760063,5.7158857152619584e-05,1899.6486691113873
20,11,35,4,4,21,0.6983937447357235,0.697874492654598,0.0005192520811254653,2.658027580780864e-05,1029.4344851609885
20,11,36,9,9,7,0.8940232034259623,0.8028348833461747,0.09118832007978761,1.0314177907031975e-05,440.57814418530415
20,11,37,7,7,11,0.7788724726487675,0.7380850505388956,0.04078742210987185,1.7886395964110006e-05,570.2440274807708
20,11,38,8,8,11,0.8215996150906822,0.836603647807353,-0.015004032716670723,2.014868518292062e-05,656.0073430724852
20,11,39,7,7,10,0.8611788036190092,0.8031873129380498,0.057991490680959434,1.7332063545808456e-05,590.5521627657644
20,11,40,5,5,30,0.7599734820869486,0.7295508494811506,0.030422632605798028,4.141441193281804e-05,1453.8145359868577
20,11,41,9,9,17,0.8837357952434434,0.8734852131769992,0.010250582066444136,2.6530721551818862e-05,1041.9822446647975
20,11,42,4,4,1,0.9999999951245875,0.5553141906299092,0.4446858044946783,0.0,0.0
20,11,43,3,3,2,0.9468202956302257,0.661748993700902,0.28507130192932373,0.0,88.88602008592892
20,11,44,0,0,30,0.8086694573373396,0.7787869691836129,0.02988248815372674,3.839421506661434e-05,1728.5113095319498
20,11,45,5,5,22,0.803456093582453,0.7563469580650255,0.04710913551742746,3.745704734857416e-05,1210.9612043660265
20,11,46,6,6,12,0.8033917564149149,0.7133425694260102,0.09004918698890474,2.13617852184128e-05,668.581623539245
20,11,48,1,1,46,0.8424190846940306,0.7738354745060723,0.06858361018795833,6.412592408140242e-05,2611.976100843309
20,11,49,5,5,60,0.8781319366214765,0.8604092231501532,0.01772271347132326,9.637411537977848e-05,3502.1444133098876
20,11,50,1,1,4,0.7415479982937699,0.6600519818243459,0.08149601646942406,0.0,199.4283103306695
20,11,51,2,2,3,0.8748885137089129,0.7249733945696818,0.14991511913923106,5.977535231171241e-06,157.70076088242817
20,11,52,0,0,6,0.8651171873107972,0.8177926743559206,0.04732451295487661,1.0300759821962128e-05,327.0428600248466
20,11,53,3,3,2,0.9209221622946693,0.5706940920249884,0.35022807026968084,0.0,62.63634563680178
20,11,54,3,3,2,0.8116532727351679,0.45057842091623906,0.3610748518189288,0.0,68.7187586351904
20,11,55,8,8,16,0.7522741307935835,0.7635215880804099,-0.011247457286826412,0.0,803.0590742682393
20,11,56,3,3,13,0.8271375128217681,0.7810693561913967,0.04606815663037134,1.8435524913149753e-05,667.0819172083229
20,11,58,8,8,39,0.7930270977782923,0.7795883647189579,0.013438733059334407,5.217351170063844e-05,2161.563132507966
20,11,59,8,8,22,0.8693578042012184,0.7814431327088088,0.08791467149240961,2.588192112681781e-05,1096.147444447708
20,11,60,6,6,9,0.8062594380908181,0.7648540980994363,0.04140533999138185,1.3270556733827545e-05,443.5073887957473
20,11,61,7,7,187,0.8089688875878552,0.8218115643648122,-0.01284267677695694,0.00024413371296082932,10434.527186480247
20,11,62,7,7,2,0.8808093385514185,0.7154360712065704,0.16537326734484814,0.0,86.30967563844034
20,11,63,1,1,10,0.8089639699245046,0.7559137706175565,0.0530501993069481,1.9522979955411513e-05,544.3012490890324
20,11,64,0,0,7,0.8203956111952723,0.5918060600482501,0.22858955114702217,1.1525265732759326e-05,360.5858183328759
20,11,65,5,5,3,0.8244031937687814,0.5893404437819598,0.23506274998682153,4.491460699471227e-06,122.01226841939514
20,11,66,3,3,14,0.8954282375841192,0.8280961144216861,0.06733212316243309,3.586390632080269e-05,942.955197155069
20,11,67,6,6,6,0.7983836672772119,0.6663497818214418,0.1320338854557701,8.39042505880021e-06,337.5541356255173
20,11,68,3,3,30,0.8583824248259598,0.8358114001515122,0.022571024674447604,4.276163962780291e-05,1670.740961848488
20,11,70,9,9,2,0.8725354942759818,0.650502451138995,0.2220330431369868,0.0,66.15819395318145
20,11,71,3,3,27,0.844133416030999,0.8063990183595298,0.037734397671469244,3.9655704786615664e-05,1493.3978957908416
20,11,72,2,2,40,0.8024374416866431,0.7934180994999699,0.009019342186673218,5.374488814485634e-05,2409.2172550835176
20,11,73,1,1,3,0.9064384689059335,0.7417562407328101,0.1646822281731234,5.738993067318593e-06,162.0240269770071
20,11,74,6,6,16,0.7934093717127638,0.8046225550307015,-0.011213183317937636,0.0,883.3476088562168
20,11,75,4,4,2,0.8972044256495777,0.692957064059172,0.20424736159040568,0.0,87.40297961620918
20,11,76,7,7,47,0.8227844990664226,0.813910179380092,0.008874319686330567,5.9437568552777355e-05,2613.603188519495
20,11,77,8,8,7,0.8599272728491475,0.7906058161845878,0.06932145666455969,1.0516049007303953e-05,397.6486693101259
20,11,79,5,5,83,0.8630114879850459,0.8205384679996593,0.04247301998538655,0.00017536246796500052,4776.426440395322
20,11,80,0,0,7,0.8429265295320445,0.8256143073571601,0.017312222174884373,1.4166999912026316e-05,391.56979865672344
20,11,81,6,6,24,0.8340988774515997,0.8450557147442849,-0.010956837292685151,2.8149802370482567e-05,1255.6551895095445
20,11,82,0,0,49,0.8688827118416459,0.8789289614279069,-0.010046249586260991,7.86485770345351e-05,3088.5530962398507
20,11,83,4,4,19,0.8493327168547772,0.8371324655889589,0.012200251265818252,2.942884469054142e-05,1149.8028829284056
20,11,84,0,0,1,1.0000000730575822,0.4579036328864519,0.5420964401711303,0.0,0.0
20,11,86,6,6,13,0.8154276472376818,0.7810138013881852,0.03441384584949658,2.005414167032421e-05,767.2746447950146
20,11,87,1,1,87,0.8190528031412506,0.8215241371840264,-0.0024713340427757746,0.00012772364541882656,5102.71128995921
20,11,88,9,9,31,0.8684672429303713,0.8508633002331341,0.017603942697237196,4.9484746075532696e-05,1846.631283660734
20,11,89,9,9,25,0.7953397878947438,0.7723252377162506,0.023014550178493187,3.062111353725467e-05,1299.1227171242942
20,11,91,8,8,20,0.7968115575117996,0.7968903096788005,-7.875216700092835e-05,2.767316372861088e-05,1220.562497699268
20,11,92,1,1,68,0.8235348370589005,0.835917197394159,-0.012382360335258524,0.00010336004229905373,4008.9254420063876
20,11,93,2,2,18,0.8683476387438678,0.8714662310463743,-0.003118592302506551,2.4784445250583404e-05,1166.1830524208683
20,11,94,9,9,114,0.8593315436920289,0.8390589955016703,0.02027254819035862,0.00018544285183736008,6513.769429454801
20,11,95,2,2,4,0.784174859268645,0.6701502973908682,0.11402456187777688,0.0,192.91848411877217
20,11,96,7,7,81,0.8397375267229723,0.8884603382174532,-0.04872281149448088,9.829490533614125e-05,4162.125881687077
20,11,97,2,2,6,0.8666628272729697,0.7682445421469075,0.09841828512606221,1.0542633948011367e-05,332.2189774815904
20,11,98,5,5,5,0.8163498727121186,0.6845950068594868,0.13175486585263174,7.101363457535805e-06,272.8734591441823
20,11,99,9,9,20,0.7770152176824369,0.7864323249878027,-0.009417107305365824,2.821585753754083e-05,1050.3930868980424
20,12,0,5,5,1,0.9999998911057272,0.45426795613918836,0.5457319349665388,0.0,0.0
20,12,1,9,9,18,0.8164407789251134,0.7816658101901511,0.03477496873496222,2.8418802561735898e-05,1091.6568430041862
20,12,2,6,6,37,0.8258672668348451,0.7823480831802158,0.04351918365462937,4.293028960954467e-05,2081.3279550293673
20,12,3,4,4,2,0.8744464463683048,0.7044422554075885,0.17000419096071628,0.0,78.71112698324423
20,12,4,8,8,1,0.9999999781587603,0.3990899123196662,0.6009100658390941,0.0,0.0
20,12,6,7,7,28,0.845452071590695,0.8172755891694764,0.028176482421218618,4.3917846314034295e-05,1878.6824565646946
20,12,7,6,6,23,0.7816960570274369,0.7697459574991998,0.011950099528237113,3.935392899421503e-05,1488.0893783062857
20,12,8,4,4,37,0.8511597174606842,0.8018378209329569,0.04932189652772734,4.4927305558179174e-05,1959.782904526467
20,12,9,7,7,10,0.8210149903304983,0.778005729158638,0.043009261171860325,1.220374373572186e-05,575.7847411274784
20,12,10,1,1,17,0.7569617671951914,0.7445972252629492,0.012364541932242124,2.2515476025353152e-05,963.1933962786155
20,12,11,0,0,19,0.7572583601306081,0.7122727169311112,0.04498564319949694,2.7951899578656785e-05,960.6197823164796
20,12,13,2,2,87,0.8322449442145846,0.811841550012063,0.020403394202521574,0.00011122531010094235,4862.728787649435
20,12,14,3,3,18,0.8171343157592471,0.8472968163936553,-0.030162500634408174,4.093251059341109e-05,1210.7862105280387
20,12,16,6,6,23,0.7560237592353433,0.7210794680625657,0.03494429117277753,2.9530215592268064e-05,1127.7065751755185
20,12,18,2,2,14,0.7988156325952107,0.7861523674164352,0.012663265178775474,1.3280073783408584e-05,795.4217861292731
20,12,19,5,5,1,1.000000040482827,0.5885415053732549,0.4114585351095722,0.0,0.0
20,12,20,1,1,2,0.9126958319731765,0.6563531059925614,0.25634272598061514,0.0,83.71373514812538
20,12,21,8,8,9,0.8967997782384937,0.8341308187057636,0.0626689595327301,1.6708122726126675e-05,572.2168404755772
20,12,22,4,4,1,0.9999999604129437,0.3751913058276016,0.6248086545853422,0.0,0.0
20,12,23,3,3,25,0.8646772953506014,0.8439230916048793,0.020754203745722122,3.6022023471903554e-05,1208.734328304443
20,12,24,5,5,18,0.902510645272178,0.912934043564864,-0.010423398292686015,3.30200526338818e-05,1318.3298640053285
20,12,25,7,7,2,0.8348723457076759,0.5363892475886013,0.2984830981190746,0.0,69.75628530690011
20,12,26,4,4,11,0.7586822029909993,0.7425849614791173,0.016097241511881966,1.5760112292173944e-05,593.8073400557693
20,12,27,8,8,23,0.8273894266515655,0.8017024538453157,0.025686972806249764,5.0573315129551867e-05,1377.9237535253646
20,12,28,0,0,17,0.7804951479709191,0.7644665610958269,0.016028586875092232,2.7345935958786643e-05,916.989128473549
20,12,30,0,0,13,0.8888757517024574,0.8317350116546208,0.057140740047836536,2.425028650959221e-05,807.3495970793522
20,12,31,1,1,9,0.8826566116389466,0.8452013072756578,0.03745530436328881,1.7637198410668565e-05,495.9675508761072
20,12,32,3,3,34,0.8178926093041282,0.7970016283989634,0.020890980905164835,4.5339361057191903e-05,1848.9479597088314
20,12,34,9,9,13,0.847305976662179,0.8502479973909198,-0.002942020728740835,2.186970040059127e-05,755.3548997924617
20,12,35,4,4,5,0.789146104863512,0.6460935019588375,0.14305260290467448,6.05488118388232e-06,261.47719177454036
20,12,38,8,8,9,0.8717145399768141,0.8082435846954875,0.06347095528132662,1.9902491993834436e-05,574.0674405958572
20,12,39,7,7,14,0.8528708513685674,0.8898127401648578,-0.036941888796290345,2.5527758288711775e-05,861.3749560140856
20,12,40,5,5,22,0.68987314376618,0.6872575195607706,0.0026156242054093948,2.7601057445539925e-05,1061.3393309364508
20,12,41,9,9,5,0.8070469456853007,0.7017287307672314,0.10531821491806925,6.3026402912171625e-06,231.97163645174527
20,12,42,4,4,49,0.8064241698412762,0.8021155939456595,0.004308575895616729,0.00011316622895459376,2845.766848553687
20,12,43,3,3,3,0.8892949108012914,0.7180357025181958,0.1712592082830956,5.489138144707343e-06,155.983864316178
20,12,44,0,0,5,0.8012327263191772,0.6695262533385389,0.1317064729806383,7.874755225694146e-06,241.80711352860376
20,12,45,5,5,2,0.880143976302571,0.6564531390432985,0.22369083725927252,0.0,71.52546400400492
20,12,46,6,6,14,0.7917028285057361,0.7353770629434767,0.05632576556225943,1.4926261577804705e-05,741.9178087025184
20,12,47,8,8,1,1.0000000875714226,0.5631132054621826,0.43688688210924,0.0,0.0
20,12,48,1,1,17,0.7873251866547416,0.784743885487774,0.0025813011669676422,2.4569356407790716e-05,989.1475776899655
20,12,49,5,5,4,0.8765141702108378,0.7622962520597393,0.1142179181510985,0.0,176.23030823067955
20,12,52,0,0,9,0.885279462720073,0.7635869676819832,0.12169249503808977,1.2107461652112408e-05,491.69524282091805
20,12,54,3,3,2,0.8890763035310387,0.6317761005325774,0.25730020299846135,0.0,75.92004936826534
20,12,55,8,8,1,0.999999991273727,0.10335390860383008,0.8966460826698969,0.0,0.0
20,12,56,3,3,29,0.8165517298726335,0.8221574932942282,-0.005605763421594689,3.8564679223657406e-05,1598.6705529850562
20,12,57,6,6,5,0.7872790016384424,0.6868709252450038,0.10040807639343863,8.799512712115268e-06,267.2319901600073
20,12,58,8,8,8,0.7865132531355681,0.7451398255662586,0.04137342756930951,0.0,404.27582183651276
20,12,59,8,8,5,0.8024979608297864,0.7020848838107154,0.10041307701907098,7.0938572127613125e-06,222.54126020840613
20,12,60,6,6,2,0.8692452671583922,0.5622174749043624,0.3070277922540299,0.0,71.2596242471879
20,12,61,7,7,18,0.7513494584318606,0.71129192825125,0.040057530180610645,2.3096597437130262e-05,905.1689876533393
20,12,63,1,1,22,0.8477895463742424,0.7991203510967582,0.048669195277484256,2.9853836338690912e-05,1414.6432375803909
20,12,64,0,0,6,0.9198864272392087,0.864244335327682,0.05564209191152669,1.1445129256078869e-05,333.7131963238433
20,12,65,5,5,1,1.00000007686257,0.4028618045875834,0.5971382722749867,0.0,0.0
20,12,66,3,3,54,0.9046631542473432,0.8760480432851536,0.028615110962189605,6.743209839684369e-05,3340.8039700238983
20,12,67,6,6,123,0.8242192366109672,0.8630513098933571,-0.03883207328238991,0.00014320825175046645,7440.551783473148
20,12,68,3,3,8,0.9023498552834367,0.8464977574884742,0.055852097794962474,0.0,442.3468792137648
20,12,69,4,4,10,0.7627768682122437,0.7351391475241801,0.027637720688063583,1.4466263680202827e-05,507.71037011696194
20,12,70,9,9,1,0.9999999938829269,0.13509539912757068,0.8649045947553562,0.0,0.0
20,12,71,3,3,2,0.7814467963699817,0.5561898797940891,0.22525691657589264,0.0,64.08606467345851
20,12,72,2,2,55,0.8294726421220839,0.8212229663826701,0.00824967573941382,6.430767712544314e-05,3294.14100835219
20,12,73,1,1,16,0.8419046275987448,0.7703592265880059,0.07154540101073892,0.0,918.2907453779526
20,12,74,6,6,8,0.8274020980267521,0.7818812677092621,0.04552083031748999,0.0,481.69997338846946
20,12,75,4,4,46,0.877374169598846,0.9058291585986606,-0.02845498899981469,6.959924449226638e-05,2968.1910554552474
20,12,76,7,7,13,0.8538584391423577,0.7858273426919408,0.06803109645041694,1.9109659468757085e-05,790.7303827427718
20,12,77,8,8,3,0.8407547783602847,0.7111967251693387,0.12955805319094593,5.965028393651097e-06,149.77738237749347
20,12,78,2,2,2,0.8457573449371258,0.5576125891665338,0.28814475577059206,0.0,74.8822294249273
20,12,79,5,5,1,1.000000001052276,0.1998989142015739,0.8001010868507021,0.0,0.0
20,12,80,0,0,48,0.867909710679003,0.8663706662159094,0.0015390444630936084,8.369849741127044e-05,2804.2215175627703
20,12,81,6,6,43,0.8107001745098523,0.8166002920519373,-0.0059001175420849705,4.8944407906280074e-05,2211.281187219632
20,12,82,0,0,5,0.864874074733354,0.8122871231177036,0.05258695161565041,9.708828056014972e-06,292.768501695253
20,12,83,4,4,7,0.8692013843323694,0.8265942238393559,0.042607160493013496,9.664443510958173e-06,389.7949178054068
20,12,85,5,5,12,0.8530567345343689,0.7554975629389508,0.09755917159541816,1.7881742020348723e-05,652.1844489754992
20,12,86,6,6,29,0.8487915386397396,0.8553725619334658,-0.006581023293726229,4.327355264879104e-05,1799.9104956944734
20,12,87,1,1,31,0.818565253632161,0.7778197990509981,0.040745454581162965,4.031596463206337e-05,1760.7823464942994
20,12,88,9,9,25,0.8944764226622812,0.8740006549436294,0.020475767718651783,5.729604726331465e-05,1672.2195138145837
20,12,89,9,9,8,0.8049257857422497,0.7751070619215635,0.029818723820686177,0.0,385.80350323517115
20,12,90,2,2,5,0.8273066326659739,0.6835721231978666,0.14373450946810729,8.47485531595333e-06,262.21788125893875
20,12,91,8,8,15,0.8298798960704122,0.7877612486145931,0.04211864745581917,2.165105104703538e-05,906.6949575853158
20,12,92,1,1,49,0.8098045370789688,0.8343054459103688,-0.024500908831399992,6.456463057625836e-05,2851.0738162362327
20,12,93,2,2,28,0.8611948313502803,0.8237295050680425,0.037465326282237754,5.731658428456018e-05,1733.688667493496
20,12,94,9,9,2,0.8973904161622595,0.6458736637561242,0.25151675240613525,0.0,69.42824709307257
20,12,95,2,2,21,0.8648694256392475,0.8427534264599452,0.022115999179302293,4.33876820965672e-05,1366.5591184465084
20,12,96,7,7,126,0.8935688657870722,0.8780849533535463,0.01548391243352587,0.00014580798887820176,6351.922230429428
20,12,97,2,2,25,0.8659805123562612,0.8577129606919927,0.008267551664268513,3.945285993593602e-05,1671.4762379506426
20,12,98,5,5,3,0.8806017279147732,0.738496088091049,0.14210563982372415,5.971325081901477e-06,140.5732301651167
20,12,99,9,9,18,0.8169785470561153,0.840002704116561,-0.023024157060445694,2.7015567323998704e-05,1031.7201528678913
20,13,0,5,5,13,0.8356946543037976,0.8242083911579056,0.011486263145892073,2.2965098140629424e-05,846.4746243574116
20,13,1,9,9,13,0.8162956568196403,0.7726507235592214,0.04364493326041896,1.9707012468744762e-05,750.6806637341832
20,13,2,6,6,9,0.7496544626895099,0.7679830680540767,-0.01832860536456682,1.1622991932322943e-05,437.5463680136318
20,13,3,4,4,112,0.8342933679704863,0.8289678426936054,0.005325525276880905,0.00017491872240165917,6968.435744396028
20,13,4,8,8,17,0.8497617006196391,0.8014595327690204,0.048302167850618694,2.437309870320225e-05,954.821465011062
20,13,5,9,9,65,0.8172055545469419,0.8269194133245148,-0.009713858777572915,8.347394515890743e-05,3733.3774274642706
20,13,6,7,7,10,0.8429697556786722,0.8242706714638023,0.018699084214869877,1.6355713699257254e-05,669.9333357609219
20,13,8,4,4,17,0.825469959714713,0.754492929325318,0.07097703038939507,2.367313490273749e-05,894.4925822358622
20,13,10,1,1,4,0.8171931142103777,0.6018097140328212,0.21538340017755642,0.0,208.5105773294074
20,13,12,0,0,8,0.8370307626867091,0.7709021986791298,0.06612856400757927,0.0,404.8402238973468
20,13,13,2,2,7,0.7637665063779903,0.7076430937253266,0.05612341265266363,9.79750082533371e-06,326.94023217009095
20,13,14,3,3,34,0.7748402893103833,0.7732314586629698,0.0016088306474134617,3.935526640177712e-05,1834.9737005453803
20,13,15,4,4,4,0.8635007053401146,0.7872070699981475,0.07629363534196709,0.0,211.93829087080317
20,13,17,7,7,2,0.8695761898553201,0.5475154070588532,0.322060782796467,0.0,68.32424822414508
20,13,18,2,2,57,0.8562404064551825,0.7943135685235247,0.06192683793165776,9.85551233538168e-05,3450.3399972134052
20,13,19,5,5,155,0.8499781839764066,0.8416497121632647,0.008328471813141891,0.00028960852455826137,9863.429945047656
20,13,20,1,1,64,0.8254977286342435,0.8301344878645724,-0.004636759230328913,0.0,3888.6677123996114
20,13,22,4,4,9,0.8153676401061501,0.6816498129666517,0.13371782713949842,1.3159018043866865e-05,478.1984044659154
20,13,23,3,3,1,1.0000001223871242,0.45034202036772236,0.5496581020194018,0.0,0.0
20,13,25,7,7,3,0.7559564590557362,0.5278957242545559,0.22806073480118028,4.540629282317195e-06,132.29138027265935
20,13,26,4,4,5,0.8197050884185223,0.7740933037935,0.045611784625022245,7.633878290906183e-06,284.769833744663
20,13,27,8,8,1,0.9999999106990016,0.5573232187963324,0.44267669190266923,0.0,0.0
20,13,28,0,0,31,0.8153592678441226,0.7775305882348534,0.03782867960926917,4.2890492069912965e-05,1762.254040545375
20,13,29,2,2,21,0.8643317627279158,0.813045028902421,0.05128673382549476,2.861604240743041e-05,1284.1003696219764
20,13,30,0,0,52,0.8902141784571722,0.8776488747125663,0.01256530374460596,7.710846506910732e-05,3591.3443799449287
20,13,31,1,1,7,0.8707088038050632,0.8575226566335489,0.01318614717151434,1.1212980843625763e-05,378.8525307323412
20,13,32,3,3,2,0.8741590143572636,0.43162128259117877,0.44253773176608485,0.0,66.01526586253455
20,13,33,1,1,7,0.834044618407988,0.718863918736636,0.11518069967135203,8.541096351810245e-06,336.59933876059023
20,13,34,9,9,1,1.0000000467776498,0.6343896872705805,0.3656103595070692,0.0,0.0
20,13,35,4,4,163,0.8238509634940642,0.7687427832239557,0.05510818027010844,0.00019453040427709964,9078.476501401436
20,13,36,9,9,1,1.0000000247005505,0.6890981113551532,0.3109019133453973,0.0,0.0
20,13,37,7,7,67,0.8263801925706907,0.8158695710142364,0.010510621556454325,8.015262654156145e-05,3231.4836190104616
20,13,38,8,8,17,0.8789126521323669,0.8469959405064814,0.0319167116258855,4.2116079486446926e-05,1020.1748591470316
20,13,39,7,7,15,0.8612441994547306,0.789735754296442,0.07150844515828858,2.148697210697395e-05,851.6236409175234
20,13,41,9,9,45,0.8658325656299306,0.8673975933060832,-0.0015650276761526305,6.445703377468648e-05,2567.883112913451
20,13,42,4,4,1,1.0000000342416715,0.2717853902986454,0.7282146439430262,0.0,0.0
20,13,43,3,3,39,0.879808211165626,0.8730909435081691,0.006717267657456949,8.855334799947456e-05,2608.390541577427
20,13,44,0,0,2,0.874280883321362,0.6922036799412462,0.1820772033801158,0.0,72.35353183963142
20,13,45,5,5,6,0.754779004001527,0.6265015677659701,0.12827743623555687,8.925984120678868e-06,290.7078914845355
20,13,46,6,6,16,0.8006213464603547,0.7314847920213114,0.06913655443904321,0.0,941.6202465704342
20,13,47,8,8,92,0.8423442094008909,0.8566127693514978,-0.01426855995060683,0.0001286754068116522,4960.594411434671
20,13,48,1,1,1,0.9999999484689697,0.4423471139161641,0.5576528345528056,0.0,0.0
20,13,49,5,5,18,0.8859647419164385,0.8541585389104893,0.03180620300594916,3.343561783649538e-05,1047.5085440404896
20,13,50,1,1,27,0.8277628543611063,0.8308219560182759,-0.003059101657169605,4.956162788038507e-05,1730.8107632483486
20,13,51,2,2,9,0.8166533595944849,0.8178892115650863,-0.001235851970601387,1.2141174253197623e-05,510.82759388308676
20,13,52,0,0,35,0.8799361603059862,0.8544269316251917,0.025509228680794527,4.428463748250274e-05,2058.1099400036455
20,13,53,3,3,23,0.879457696783094,0.8513972995707937,0.02806039721230036,4.250920571456582e-05,1478.6213727616189
20,13,54,3,3,3,0.8562231354205088,0.6760961322222729,0.18012700319823582,5.585243762229179e-06,136.18035962850155
20,13,55,8,8,11,0.8384157907210099,0.7619878529474968,0.07642793777351309,1.792001928192072e-05,633.5423515487145
20,13,56,3,3,96,0.829185651257731,0.8268744973833517,0.0023111538743793014,0.0001243794866554696,5146.973002181209
20,13,57,6,6,39,0.8618674439902729,0.855315344925109,0.006552099065163963,5.927870368500439e-05,2404.432804917131
20,13,58,8,8,2,0.8410050695688917,0.47293016425898576,0.3680749053099059,0.0,70.4583305115266
20,13,60,6,6,39,0.8368912247512911,0.7531089717154702,0.08378225303582088,6.0820019323412726e-05,2167.263813665336
20,13,61,7,7,79,0.8151768115122833,0.7750164650273568,0.0401603464849265,0.00011850391936628369,4427.172739318952
20,13,62,7,7,26,0.8453506066883,0.8518861352108974,-0.0065355285225974225,5.716168163806552e-05,1623.3719538106168
20,13,63,1,1,35,0.8317872847805753,0.8135760296053224,0.018211255175252905,7.66559056184403e-05,2331.499885881279
20,13,64,0,0,11,0.8880141900912558,0.8475643976489233,0.04044979244233249,2.2418483372900657e-05,712.8341595407298
20,13,65,5,5,20,0.8347003628219626,0.7685282060729857,0.06617215674897692,2.830111725384632e-05,1138.2250327007537
20,13,66,3,3,41,0.8609260833311009,0.8538402848614506,0.007085798469650295,6.48652510196918e-05,2481.8122394043526
20,13,67,6,6,37,0.8429912771143342,0.8059290199945943,0.03706225711973987,6.595178590576091e-05,2160.5685928534494
20,13,68,3,3,1,1.0000001155705143,0.5393089797562719,0.46069113581424237,0.0,0.0
20,13,69,4,4,72,0.8838100537061676,0.8553904253322061,0.028419628373961503,0.00011829020198600645,4227.537644783208
20,13,70,9,9,22,0.8180003071593468,0.8114625219910976,0.0065377851682492105,2.6346536956070422e-05,1132.739319110557
20,13,71,3,3,1,0.9999999677954181,0.3787284474401688,0.6212715203552492,0.0,0.0
20,13,73,1,1,4,0.8548977053250183,0.7547751268535083,0.10012257847150996,0.0,223.61579969280473
20,13,74,6,6,6,0.8162336663221206,0.7198176077216315,0.09641605860048907,8.416278618455832e-06,383.86753529206544
20,13,75,4,4,1,1.000000018475405,0.4393761050634696,0.5606239134119354,0.0,0.0
20,13,76,7,7,2,0.8749607584148148,0.5631582501195184,0.31180250829529643,0.0,84.77589793056352
20,13,77,8,8,2,0.8665708968586019,0.7023307175708015,0.16424017928780044,0.0,86.6505362847563
20,13,78,2,2,27,0.8083669038110171,0.7984966916252836,0.009870212185733473,3.951056928440716e-05,1600.5454797371792
20,13,79,5,5,165,0.8498594942015266,0.8392983682274944,0.010561125974032248,0.00021722054212967545,9519.126334303332
20,13,80,0,0,12,0.8382008263935133,0.8655664209416729,-0.027365594548159566,2.217225485927058e-05,720.8262796031133
20,13,81,6,6,45,0.8320391747504792,0.8151640317638511,0.016875142986628067,6.0899900045572896e-05,2396.8116000510677
20,13,83,4,4,49,0.896432656369494,0.8599801556517296,0.0364525007177644,6.581718959786799e-05,3136.6238838858844
20,13,84,0,0,12,0.7468214842225148,0.6950139318437628,0.05180755237875201,1.793102381036128e-05,589.6790688541524
20,13,85,5,5,11,0.8315161125389855,0.8496621197151883,-0.01814600717620285,1.6301871410844218e-05,582.5666184361751
20,13,86,6,6,6,0.8751760068541248,0.788254472322345,0.08692153453177975,9.418281242274688e-06,358.9290199435846
20,13,87,1,1,8,0.776682858774314,0.7362759748458972,0.04040688392841674,0.0,396.622142375041
20,13,88,9,9,14,0.8176284676600609,0.8027005080483244,0.014927959611736541,2.3256020411796282e-05,768.8393022486497
20,13,89,9,9,10,0.7815201347118618,0.6242079380828589,0.15731219662900287,1.4170830160950843e-05,519.0884830186995
20,13,90,2,2,91,0.8140159634256477,0.797910467356328,0.01610549606931977,0.00012275552989319722,4608.062764674816
20,13,91,8,8,1,0.9999999976188723,0.33507919412217274,0.6649208034966996,0.0,0.0
20,13,92,1,1,30,0.7958040820784923,0.8073267847371655,-0.011522702658673167,4.165492379833324e-05,1704.677205455359
20,13,94,9,9,30,0.8309588671896295,0.8028652467635834,0.02809362042604613,5.0356283018766806e-05,1773.859631045978
20,13,95,2,2,8,0.8638561287560286,0.7809809404182517,0.08287518833777685,0.0,460.8368280478833
20,13,96,7,7,1,0.9999999709222502,0.6764224938801612,0.32357747704208906,0.0,0.0
20,13,97,2,2,5,0.900590715738942,0.7926852649851163,0.10790545075382574,9.82386210489389e-06,335.1360647667584
20,13,98,5,5,6,0.7791692009429287,0.6573082350141136,0.12186096592881512,8.804346906461433e-06,321.50271866401977
20,13,99,9,9,71,0.8409761064412637,0.8293482752059832,0.01162783123528055,9.616093047319868e-05,4106.672446122484
20,14,1,9,9,32,0.8435094337097739,0.7969328018409583,0.046576631868815666,0.0,2001.642399740856
20,14,2,6,6,2,0.9358589162855505,0.6980056664026849,0.2378532498828656,0.0,83.75784215980043
20,14,3,4,4,10,0.78924510557004,0.7501051486082947,0.039139956961745326,1.4662878261925997e-05,526.463634587809
20,14,4,8,8,9,0.8008683531816478,0.7340235779456991,0.06684477523594878,1.653193758992868e-05,565.0554060110512
20,14,5,9,9,28,0.8530676757280939,0.8123677616410325,0.04069991408706142,3.7627219212313867e-05,1538.4896142610257
20,14,6,7,7,29,0.8508652216815477,0.8084481730494378,0.04241704863210982,6.053236477963048e-05,2013.1853298786934
20,14,7,6,6,34,0.8328292233980281,0.8243619629476518,0.008467260450376268,5.021741163468495e-05,2211.6877317594763
20,14,8,4,4,25,0.8107770136017755,0.774825015225654,0.03595199837612151,3.333083470923355e-05,1279.9723545259853
20,14,9,7,7,51,0.8209856204562994,0.8158203706920014,0.005165249764297997,6.709360890716619e-05,2934.781748818814
20,14,10,1,1,23,0.7570357956683316,0.7224266018285012,0.03460919383983041,2.935823128720272e-05,1157.2128268037393
20,14,11,0,0,10,0.8236044309684565,0.7265226680430295,0.09708176292542703,1.4199472252833287e-05,521.1898466504592
20,14,12,0,0,6,0.7290938712528627,0.6171962604350084,0.11189761081785432,7.249570997017127e-06,269.2498875960385
20,14,13,2,2,5,0.8315086349000802,0.6018632940790966,0.22964534082098365,6.870279431359557e-06,239.67900367102007
20,14,14,3,3,19,0.8154585123278053,0.7924887410300155,0.022969771297789765,2.8024164130809917e-05,1116.3154750706092
20,14,15,4,4,1,1.0000000249225047,0.5715880693362981,0.4284119555862066,0.0,0.0
20,14,16,6,6,2,0.8273933954537183,0.5398059778674331,0.28758741758628514,0.0,71.51216829087397
20,14,17,7,7,14,0.8085711200064607,0.7655916679012071,0.04297945210525356,1.8985763653656863e-05,747.208361442569
20,14,18,2,2,60,0.8256428364728419,0.801716879392011,0.023925957080830895,5.651342470412343e-05,3571.668248196045
20,14,19,5,5,6,0.8078123563121202,0.7561367137237961,0.05167564258832413,8.902424999193587e-06,335.4405494732284
20,14,20,1,1,27,0.820523833687349,0.8003262872596878,0.02019754642766125,4.248349196185588e-05,1656.7165649986
20,14,21,8,8,24,0.8729783013359749,0.9012444100061493,-0.028266108670174428,3.8205236957584845e-05,1517.2444709567628
20,14,22,4,4,17,0.7672528710955785,0.7046246468953172,0.06262822420026126,2.37312084386521e-05,914.4971191972862
20,14,23,3,3,9,0.7863789750341701,0.7393663803498428,0.04701259468432728,9.09323437256476e-06,386.469066771494
20,14,24,5,5,2,0.9310121236440613,0.7832264358393265,0.14778568780473478,0.0,88.93994243474891
20,14,26,4,4,2,0.8648105151541161,0.39456749859647533,0.4702430165576408,0.0,78.25719881479876
20,14,27,8,8,12,0.838439097455922,0.7781646687095054,0.06027442874641664,1.569674366725843e-05,683.9112694308827
20,14,28,0,0,31,0.8066645844877994,0.7837258165218643,0.02293876796593508,5.140470033728844e-05,1897.148098911174
20,14,29,2,2,87,0.7843473143989093,0.7610305891578553,0.023316725241053993,0.0001087297848380044,4513.524349893266
20,14,30,0,0,2,0.9106023896982506,0.7737212192074328,0.13688117049081783,0.0,82.05535175038904
20,14,31,1,1,1,0.9999999238963225,0.63784429346217,0.36215563043415255,0.0,0.0
20,14,32,3,3,28,0.8042387444979107,0.786870277416832,0.017368467081078642,4.521255889311707e-05,1576.5989242297344
20,14,33,1,1,2,0.8784400975524979,0.7020601816035228,0.17637991594897506,0.0,64.55790703589412
20,14,34,9,9,5,0.8318598371153493,0.7353880610982552,0.09647177601709411,9.7948380571751e-06,247.3042461806189
20,14,35,4,4,4,0.8276343272538643,0.7355479427425566,0.09208638451130768,0.0,212.31554192017094
20,14,36,9,9,6,0.8325148298755757,0.7795551225266483,0.05295970734892741,1.1259271527090171e-05,363.46033019275296
20,14,37,7,7,21,0.8326858304246111,0.7911345296474204,0.041551300777190714,2.92162866895821e-05,1068.5885715792774
20,14,38,8,8,4,0.8407705423836941,0.7711640086195453,0.06960653376414883,0.0,216.63212829642555
20,14,39,7,7,5,0.8939286755912416,0.6812725160013208,0.2126561595899208,8.750202021309459e-06,255.19474337066987
20,14,40,5,5,5,0.7947443313945368,0.686252105445234,0.10849222594930286,9.033740453482916e-06,252.0399879312644
20,14,41,9,9,4,0.819268137366889,0.6331445088935819,0.1861236284733071,0.0,173.1945388138449
20,14,42,4,4,16,0.8640154702759646,0.826618737945507,0.037396732330457594,0.0,987.2728572340443
20,14,43,3,3,51,0.8679904751003404,0.8777010322451834,-0.009710557144842924,7.898258180819083e-05,3349.8710573131907
20,14,44,0,0,15,0.7733565532197855,0.7731574107535073,0.00019914246627816823,2.0101687308868113e-05,846.0313234154419
20,14,45,5,5,6,0.7075605354060268,0.7226648618322544,-0.01510432642622761,8.08624323560395e-06,264.08742504890097
20,14,46,6,6,4,0.832132033221591,0.51713972017946,0.31499231304213104,0.0,199.10428622710353
20,14,47,8,8,5,0.8127489941862461,0.7216857771353178,0.09106321705092835,6.31353430948505e-06,220.87978552185442
20,14,48,1,1,68,0.8044466197373579,0.8387630432355648,-0.03431642349820696,9.186496546343717e-05,3858.491869587117
20,14,49,5,5,11,0.8476841907917689,0.8654723030053638,-0.017788112213594887,1.860478776891226e-05,612.1025251136048
20,14,50,1,1,16,0.8368105335012332,0.7793656681632833,0.0574448653379499,0.0,1017.6229631702314
20,14,51,2,2,1,0.9999999748696315,0.6875470880852466,0.312452886784385,0.0,0.0
20,14,52,0,0,98,0.904093841045462,0.8866957899614678,0.01739805108399417,0.00015119399399401358,5707.033592371259
20,14,53,3,3,74,0.8698244147702577,0.8723055840014291,-0.002481169231171365,0.00011406028324580341,4818.328054051552
20,14,55,8,8,7,0.8472040863310419,0.7168540930061006,0.13034999332494135,1.402528150222211e-05,395.3705228035224
20,14,56,3,3,9,0.8511561871343181,0.8090438563730771,0.04211233076124099,1.2695160958976836e-05,429.0025381923366
20,14,57,6,6,59,0.8550130371639635,0.8486607948132953,0.006352242350668225,0.00010486038260292053,3472.123591337642
20,14,58,8,8,8,0.7618561625206813,0.6953067353129613,0.06654942720772006,0.0,375.4215920514792
20,14,59,8,8,8,0.7873844490793518,0.7081912774823952,0.0791931715969566,0.0,340.63383284865296
20,14,60,6,6,6,0.8223863040571412,0.6261023190223975,0.19628398503474365,8.642824242215875e-06,298.8159845136134
20,14,61,7,7,3,0.8088202089399043,0.5719224572306796,0.23689775170922467,4.920409986828529e-06,139.67922698517262
20,14,62,7,7,15,0.8259286930195986,0.8125272468183191,0.013401446201279477,3.239876573091069e-05,908.8432644120383
20,14,63,1,1,24,0.8448259125133541,0.7713308087195813,0.07349510379377289,4.181255894606373e-05,1400.0982108134585
20,14,64,0,0,32,0.9020953114486231,0.9128676643493834,-0.010772352900760285,0.0,2005.3358979433854
20,14,65,5,5,12,0.755769843361896,0.7560203753117379,-0.0002505319498419256,1.8275101850599413e-05,606.3657515891907
20,14,66,3,3,13,0.8462571205023981,0.8385422790818063,0.007714841420591756,3.0335413453066875e-05,802.8739695576425
20,14,67,6,6,22,0.804634796496846,0.7900773675960702,0.014557428900775826,2.7798946891240584e-05,1212.5814582655257
20,14,69,4,4,8,0.8453118093511816,0.7640494506444938,0.08126235870668774,0.0,437.23849340159916
20,14,70,9,9,4,0.7315014200328781,0.4796537586392766,0.2518476613936015,0.0,184.24196348671114
20,14,71,3,3,2,0.8567900792959909,0.6360892122644604,0.22070086703153058,0.0,73.90361595913923
20,14,72,2,2,4,0.8090185503845526,0.6623344350477823,0.14668411533677028,0.0,220.46236074865374
20,14,73,1,1,7,0.8518811149716845,0.7666402253581192,0.08524088961356535,1.3016651503824405e-05,452.09165551840164
20,14,74,6,6,13,0.863989851693512,0.7757129064498027,0.08827694524370922,2.8095285258022994e-05,853.1837403394776
20,14,75,4,4,116,0.9015705394567124,0.9224801967795137,-0.020909657322801256,0.00016966195721281025,7684.659153649121
20,14,76,7,7,66,0.8410981916283717,0.8315762910829765,0.009521900545395257,8.061231207242563e-05,3739.265750098855
20,14,77,8,8,65,0.8574393876178025,0.8594340855777091,-0.0019946979599065884,8.361345376106475e-05,4137.304532098208
20,14,81,6,6,1,0.9999999330766574,0.5397757266537365,0.46022420642292083,0.0,0.0
20,14,82,0,0,1,0.9999999482869009,0.5199715561104298,0.4800283921764711,0.0,0.0
20,14,83,4,4,20,0.8799788960282566,0.8659467697166384,0.01403212631161821,3.2087961415577364e-05,1352.2015803440681
20,14,84,0,0,1,0.9999999173239106,0.06048831613151746,0.9395116011923931,0.0,0.0
20,14,85,5,5,5,0.7242001713419777,0.6285601506603267,0.095640020681651,6.479452545848346e-06,232.55626338925936
20,14,86,6,6,2,0.9288145627167691,0.6676676408499442,0.26114692186682487,0.0,89.0640241210337
20,14,87,1,1,1,0.999999947670652,0.3484280312480897,0.6515719164225624,0.0,0.0
20,14,88,9,9,29,0.8914032698795875,0.8580085849294782,0.03339468495010933,4.933172991349438e-05,1781.6945954072332
20,14,89,9,9,19,0.7726143821905568,0.7228227177976572,0.049791664392899615,2.4878164333183317e-05,977.6085174080413
20,14,90,2,2,18,0.789411068641056,0.7778937261541253,0.011517342486930704,2.3010278453637926e-05,931.5468353563315
20,14,91,8,8,25,0.8740849936567539,0.8469474097230887,0.027137583933665166,4.4953282347926026e-05,1518.5895459399364
20,14,92,1,1,15,0.8538855165700893,0.7384246528764234,0.11546086369366582,2.0802571866332156e-05,863.0245268026465
20,14,93,2,2,2,0.8930904163244414,0.5901920584224151,0.30289835790202635,0.0,82.59248800066024
20,14,94,9,9,39,0.8285077458830485,0.8129544954654805,0.015553250417568054,7.163181351552082e-05,2332.817535036258
20,14,95,2,2,67,0.8784048510852885,0.8572457097500578,0.02115914133523078,0.00010576856390891207,4536.831740841862
20,14,96,7,7,1,1.0000000203125492,0.5319312208838526,0.4680687994286966,0.0,0.0
20,14,97,2,2,9,0.8530057440136083,0.8089279566930471,0.044077787320561224,1.3913447020119738e-05,538.8893151098497
20,14,98,5,5,2,0.872921530553511,0.5592196573134338,0.31370187324007714,0.0,80.11445232164252
20,15,0,5,5,4,0.8193671717879906,0.7796124935394521,0.03975467824853851,0.0,203.69987284418784
20,15,1,9,9,8,0.8438461349450744,0.774387610857343,0.06945852408773145,0.0,478.5002068543732
20,15,2,6,6,37,0.8196090960197794,0.7869991976813114,0.032609898338467946,5.703066854498644e-05,2131.3300416232055
20,15,3,4,4,21,0.8058617540169035,0.8054271392582524,0.00043461475865114174,2.7470667286473665e-05,1209.240706867387
20,15,4,8,8,3,0.8926648146797717,0.7617219033228847,0.13094291135688696,5.109846634399183e-06,153.3470830354521
20,15,5,9,9,2,0.879982651479905,0.6811513480780526,0.1988313034018524,0.0,79.04149930405315
20,15,6,7,7,9,0.8194261439730453,0.7489491041349288,0.07047703983811648,9.841366267125346e-06,552.8406018509369
20,15,7,6,6,29,0.8200169730476253,0.814166354043358,0.00585061900426731,4.0128814036409785e-05,1851.5108081532744
20,15,8,4,4,8,0.7888069817873573,0.7590507395201149,0.029756242267242383,0.0,361.4363570927688
20,15,9,7,7,3,0.860409727896432,0.5999860233296789,0.2604237045667531,5.1156382525837176e-06,136.7337215397421
20,15,10,1,1,20,0.7828986787182594,0.7293592932201909,0.05353938549806847,2.6443669327246443e-05,1058.9312357419587
20,15,11,0,0,15,0.8061251753257959,0.6766923233469293,0.12943285197886656,2.013694211470596e-05,806.4093228544754
20,15,12,0,0,4,0.8744708697223638,0.7515566974612933,0.12291417226107049,0.0,216.89749479722093
20,15,13,2,2,58,0.810072239431564,0.8228798725845445,-0.012807633152980502,6.731913064230504e-05,3120.9778396973334
20,15,14,3,3,1,1.000000080048312,0.1097881494480742,0.8902119306002377,0.0,0.0
20,15,15,4,4,7,0.8773430352786827,0.7828489678193026,0.09449406745938016,1.1814705899204252e-05,431.37852846362154
20,15,16,6,6,23,0.7381210054654445,0.7638542527177666,-0.025733247252322178,3.302630094880747e-05,1229.2489056825675
20,15,17,7,7,11,0.8315903038691307,0.744953482471597,0.0866368213975337,1.680510667102146e-05,565.9030458339668
20,15,18,2,2,10,0.7802951454271314,0.7596012034420848,0.020693941985046593,1.3204109112121061e-05,500.5448907264378
20,15,19,5,5,26,0.8290922016759673,0.810433036304278,0.018659165371689324,4.84726196172198e-05,1592.6987160701688
20,15,20,1,1,4,0.8713778397420441,0.7723311573090014,0.09904668243304271,0.0,230.0206815821293
20,15,22,4,4,95,0.7689741854676108,0.7828700660215561,-0.013895880553945306,0.00012201754929063433,4946.521674777609
20,15,23,3,3,28,0.8632733315281194,0.8225676298524055,0.04070570167571386,3.074940775970473e-05,1471.075576056257
20,15,24,5,5,82,0.9058815544247497,0.8891501383752313,0.016731416049518444,0.0001770625529523081,6127.374859442953
20,15,25,7,7,31,0.7775645523810483,0.798059743729956,-0.02049519134890776,4.1241696668809996e-05,1622.262578517517
20,15,26,4,4,10,0.7038540809913799,0.7510526070913673,-0.047198526099987426,1.1729556437712263e-05,519.7799342485172
20,15,27,8,8,14,0.7918704919546423,0.8219959074582798,-0.030125415503637454,1.3483339652232957e-05,760.5960762535526
20,15,28,0,0,2,0.8443539256306731,0.6308311631606307,0.21352276247004243,0.0,70.33305796932197
20,15,29,2,2,19,0.8027323781815445,0.6988852190092494,0.10384715917229514,2.3291649446366668e-05,1064.8771733868534
20,15,30,0,0,2,0.886056616055158,0.6805827504183519,0.20547386563680603,0.0,70.55679167747459
20,15,31,1,1,17,0.8299994957627415,0.8158749843648214,0.014124511397920037,2.5064003230276794e-05,968.4806816035431
20,15,33,1,1,2,0.8179932326737632,0.5928069093692521,0.22518632330451116,0.0,65.72044008947364
20,15,34,9,9,72,0.8646149066033305,0.8578290332181674,0.0067858733851631214,8.85439848804287e-05,4490.316418553537
20,15,35,4,4,1,1.0000000439735672,0.4339570104555483,0.5660430335180189,0.0,0.0
20,15,36,9,9,191,0.8675768497176577,0.8842920436509704,-0.016715193933312666,0.00029321541945257786,12246.703815029563
20,15,37,7,7,11,0.7957541024630381,0.7800377070735366,0.015716395389501536,1.455248417410893e-05,539.0837968231924
20,15,38,8,8,15,0.8452407689212977,0.8312263803494511,0.01401438857184667,2.2026990201150393e-05,914.1027537053578
20,15,39,7,7,6,0.8621882489540099,0.7860051228961321,0.0761831260578778,9.510922397266778e-06,341.09472167218956
20,15,40,5,5,27,0.7213184501636527,0.7218589062886841,-0.0005404561250313966,3.288050383188772e-05,1326.4293825176824
20,15,41,9,9,5,0.8441768200315535,0.8393364499033082,0.0048403701282452305,8.855081476309607e-06,278.1116286669188
20,15,42,4,4,14,0.8178978857898963,0.7507594835348006,0.06713840225509571,2.1188340781229053e-05,834.5418433051763
20,15,43,3,3,11,0.879986467686116,0.819515414324065,0.06047105336205094,1.728092995186968e-05,686.1938864530217
20,15,44,0,0,23,0.7908878007812766,0.7868533318803709,0.004034468900905752,2.485408185036e-05,1200.7333052913896
20,15,45,5,5,32,0.7889419957767138,0.7546681778817095,0.03427381789500428,0.0,1626.039312102573
20,15,46,6,6,1,0.9999999696679323,0.203047993557639,0.7969519761102932,0.0,0.0
20,15,47,8,8,23,0.8332822150529337,0.8174939753242535,0.015788239728680153,3.3708643546659406e-05,1172.5339952490353
20,15,48,1,1,13,0.8453001058356578,0.8186562485679015,0.02664385726775631,2.4117314363921718e-05,732.0433772617776
20,15,49,5,5,2,0.8952936073081909,0.683261666671521,0.21203194063666986,0.0,70.58043502191454
20,15,50,1,1,78,0.8251754358086032,0.8121038361403758,0.013071599668227352,0.0001426724977414774,4797.42850034321
20,15,51,2,2,1,1.0000000637746227,0.5357869235633081,0.46421314021131455,0.0,0.0
20,15,53,3,3,109,0.8833110564149923,0.88532704822516,-0.00201599181016765,0.00016437548687861864,7229.873739908788
20,15,54,3,3,1,0.9999999434087962,0.5537109953746799,0.44628894803411623,0.0,0.0
20,15,55,8,8,53,0.8138539900353046,0.7854822431960892,0.028371746839215395,6.997242168094589e-05,2891.2385503186783
20,15,56,3,3,12,0.795919959129518,0.7849130557992933,0.011006903330224693,1.6680596696416273e-05,612.0690627649519
20,15,57,6,6,20,0.8488291331500273,0.8449198880601083,0.003909245089918967,2.986737505503225e-05,1258.4422756622994
20,15,58,8,8,2,0.9177799025486987,0.541616558114717,0.3761633444339817,0.0,72.00530032377331
20,15,59,8,8,6,0.834352322705723,0.7451457622363636,0.08920656046935937,1.0017851795072377e-05,291.0121704071004
20,15,60,6,6,22,0.8172423626276106,0.8342068835596602,-0.016964520932049587,3.2349576544325083e-05,1149.97936211218
20,15,61,7,7,7,0.7503268130089624,0.6093673279876265,0.14095948502133593,1.0695579106675111e-05,327.4767524548005
20,15,62,7,7,24,0.8471343569967237,0.8222030083709689,0.024931348625754746,3.9640470988790585e-05,1502.518433452134
20,15,63,1,1,1,1.0000000439239183,0.6933146280225194,0.30668541590139886,0.0,0.0
20,15,64,0,0,7,0.788294759815635,0.7437869054493222,0.04450785436631277,1.189025476742638e-05,380.4684472080222
20,15,65,5,5,6,0.8013357478945775,0.6307976777812453,0.17053807011333222,6.85588779046554e-06,268.8205136416579
20,15,66,3,3,10,0.8201836248972885,0.7475315386031643,0.07265208629412412,1.5990629907291266e-05,531.2891759286596
20,15,67,6,6,47,0.8599247785211634,0.8101459557601932,0.04977882276097023,7.021744270550329e-05,2709.6294662623313
20,15,68,3,3,48,0.8672833884648363,0.8569546380935423,0.010328750371293993,6.77150903429197e-05,2777.0402589143596
20,15,70,9,9,14,0.8408209107457758,0.8118353050626232,0.02898560568315256,1.872161489581383e-05,804.8225714196408
20,15,72,2,2,85,0.8171815294862443,0.8408370767002061,-0.02365554721396179,8.892892511799406e-05,4868.458061845173
20,15,73,1,1,6,0.8194900001858973,0.7299769066461215,0.08951309353977588,7.635140048396973e-06,278.1397400061627
20,15,74,6,6,2,0.7729837585488141,0.6461642342650431,0.12681952428377097,0.0,69.42625897224734
20,15,76,7,7,2,0.8687584549404453,0.5972144821038404,0.2715439728366049,0.0,73.26461843836411
20,15,77,8,8,15,0.8242434081265797,0.8329858516384828,-0.00874244351190312,2.0048036726715082e-05,821.977903537865
20,15,78,2,2,18,0.850702051766856,0.7853421388043593,0.06535991296249666,2.4037766536886313e-05,1083.4028634744805
20,15,79,5,5,2,0.8767999599571005,0.3351105898186163,0.5416893701384842,0.0,85.14177419737611
20,15,81,6,6,16,0.8319545946433391,0.7526803053962404,0.07927428924709867,0.0,870.1869881082314
20,15,82,0,0,16,0.8800252307753208,0.796796991161311,0.08322823961400982,0.0,1047.325103411013
20,15,83,4,4,40,0.875374065786043,0.8587694936285657,0.01660457215747735,6.551410120700832e-05,2508.6779679247593
20,15,84,0,0,15,0.7561889050043066,0.6996228888553274,0.05656601614897916,1.8317832205758964e-05,735.5685839674485
20,15,85,5,5,24,0.8550521045098207,0.8471316952719365,0.007920409237884174,3.531733568437158e-05,1403.2033090479408
20,15,86,6,6,17,0.834295508737434,0.8175206566606592,0.01677485207677476,2.3253113605763803e-05,1111.93869323408
20,15,87,1,1,62,0.8288067082355299,0.7696300260652671,0.05917668217026284,8.054081982501899e-05,3412.507097501399
20,15,88,9,9,2,0.8454659132633398,0.5440495422839412,0.30141637097939855,0.0,76.31875883628831
20,15,89,9,9,28,0.808811003001919,0.7608970850170682,0.047913917984850785,4.051975007684911e-05,1488.6690975071706
20,15,90,2,2,31,0.833334415891443,0.7992683260450892,0.03406608984635373,3.972091083442137e-05,1685.8831871833274
20,15,91,8,8,3,0.7749033098517378,0.6437446867925204,0.13115862305921744,4.4080021851204716e-06,130.31291465968673
20,15,92,1,1,55,0.8079289918063762,0.8235019241485666,-0.015572932342190371,0.00011774096614138516,3179.7231683109662
20,15,93,2,2,9,0.8534197290426518,0.7766012682143422,0.07681846082830968,1.1973462071631942e-05,532.117714456339
20,15,94,9,9,4,0.8734184687674309,0.7427684223680109,0.13065004639942002,0.0,208.21675147056743
20,15,95,2,2,62,0.8735798522883844,0.8427837098785972,0.03079614240978723,8.633657561558843e-05,3956.547480214141
20,15,97,2,2,58,0.8830334753825037,0.8653491926249861,0.017684282757517544,0.00013806535157626394,3912.8879985206836
20,15,98,5,5,15,0.7945330778631942,0.7453734411966875,0.04915963666650669,2.0657284694436885e-05,854.9723255138111
20,15,99,9,9,8,0.8128363882645046,0.7230285425810135,0.0898078456834911,0.0,396.7333819078916
20,16,0,5,5,61,0.8489324459445052,0.8410675375639007,0.007864908380604496,7.813268588738303e-05,3963.3799305839566
20,16,1,9,9,7,0.8493892493120785,0.7806864214451665,0.06870282786691195,1.2097370622985384e-05,385.4736542253398
20,16,2,6,6,67,0.8117025401480793,0.801100309029298,0.010602231118781336,8.462709451583441e-05,3757.7068527181746
20,16,3,4,4,94,0.8121484745344927,0.812023092963376,0.00012538157111663395,0.00012904481886562343,5595.43012366644
20,16,4,8,8,20,0.8554792188888573,0.8449907169039644,0.010488501984892817,3.041631443866102e-05,1200.9716561941261
20,16,5,9,9,2,0.9244753361537272,0.5907367445538501,0.3337385915998772,0.0,80.31085191111089
20,16,6,7,7,4,0.832672910099452,0.7701304507480337,0.06254245935141833,0.0,238.24285621856174
20,16,7,6,6,59,0.8072319132949113,0.8190636570936715,-0.011831743798760175,0.00012362490877349064,3634.54927048366
20,16,8,4,4,9,0.8739303437575247,0.8298645581191614,0.044065785638363275,1.4291423258388115e-05,472.41943262351583
20,16,9,7,7,23,0.8182156684233943,0.8105693095894095,0.00764635883398479,2.543473841995465e-05,1384.9352123315875
20,16,10,1,1,9,0.8253072875591144,0.6716646155774356,0.1536426719816788,1.431190166708159e-05,478.959774406194
20,16,11,0,0,31,0.8001113293921839,0.7689694181526721,0.03114191123951182,3.3329266461040114e-05,1622.993015733125
20,16,12,0,0,4,0.8406510854784595,0.7505505056092067,0.0901005798692528,0.0,183.76406948119458
20,16,13,2,2,3,0.8345291457206061,0.5453515572038767,0.28917758851672937,4.635887854303978e-06,120.74244792032657
20,16,14,3,3,17,0.802065855948324,0.7928484731995281,0.00921738274879591,2.8212284783316124e-05,1142.8744282899522
20,16,15,4,4,2,0.8740905782736957,0.44408639423034485,0.4300041840433509,0.0,52.50485101889645
20,16,16,6,6,58,0.7679708246633927,0.7713809615921852,-0.00341013692879244,8.115985985023428e-05,3112.9970678123445
20,16,17,7,7,24,0.8248048311105626,0.8132881324580984,0.011516698652464186,3.637088049377827e-05,1330.534959520813
20,16,18,2,2,9,0.8047235946277207,0.7749290991366803,0.029794495491040407,1.6371293828646004e-05,485.4330901796229
20,16,19,5,5,49,0.8199547119456209,0.8219485989029329,-0.0019938869573120632,8.8301443458855e-05,2894.0132727971654
20,16,20,1,1,20,0.8487193542234098,0.845044267214071,0.003675087009338829,3.00837457996681e-05,1236.961378495462
20,16,21,8,8,54,0.8890611018886793,0.8658215509976024,0.023239550891076877,9.129189623354207e-05,3386.5764429010505
20,16,22,4,4,2,0.8236891796538217,0.4932904608952465,0.33039871875857524,0.0,72.74553957064597
20,16,23,3,3,26,0.8198747301626675,0.8100882957651812,0.009786434397486388,3.397201859124471e-05,1348.3610985024068
20,16,24,5,5,69,0.898894757910671,0.8845337744992939,0.014360983411377037,0.00013156181313055083,5151.726531036925
20,16,25,7,7,4,0.8481205642591441,0.6634041265496571,0.18471643770948698,0.0,209.07244011222124
20,16,26,4,4,34,0.8058683972298593,0.792999716779647,0.012868680450212278,4.906703920224488e-05,1914.1042947063097
20,16,27,8,8,49,0.8154933263855483,0.8520789658489577,-0.036585639463409425,8.017051357220847e-05,3040.3318849502384
20,16,29,2,2,4,0.78927481539787,0.5651010736916179,0.22417374170625215,0.0,196.7394397986306
20,16,30,0,0,7,0.877134020067298,0.8273030148154474,0.04983100525185058,1.3024250473592983e-05,429.65251532525417
20,16,31,1,1,3,0.8597941602492312,0.7514628425912091,0.10833131765802206,5.259282500199333e-06,133.84734464624353
20,16,32,3,3,59,0.8299068553880576,0.8267186705565872,0.003188184831470431,8.075411478591739e-05,3422.5058144395325
20,16,33,1,1,8,0.768673054042876,0.7784578802306125,-0.009784826187736462,0.0,394.4980418818197
20,16,34,9,9,2,0.8337156121876369,0.6354168658262617,0.19829874636137523,0.0,72.4335601121421
20,16,35,4,4,1,0.9999998755820556,0.37380801003938274,0.6261918655426728,0.0,0.0
20,16,37,7,7,7,0.8274219481795806,0.7068796510894085,0.12054229709017206,9.421824184352338e-06,356.9884329670047
20,16,38,8,8,36,0.8829901895004333,0.8725104436488856,0.01047974585154765,8.34140774626784e-05,2345.2609380472322
20,16,39,7,7,20,0.8917272971712328,0.8262726018032125,0.06545469536802029,3.163747569738525e-05,1232.4641588835834
20,16,40,5,5,14,0.7453514985107997,0.7254319186938404,0.019919579816959354,2.3566727294883248e-05,699.693100323335
20,16,41,9,9,30,0.8224743158271282,0.8224190666126848,5.524921444333142e-05,4.213746803565426e-05,1565.6635087375869
20,16,43,3,3,50,0.8870161896562632,0.8576227449218505,0.029393444734412633,7.478609768884044e-05,3200.433812999069
20,16,44,0,0,15,0.7534748067948808,0.7513840455922838,0.0020907612025969913,1.9773057741824114e-05,670.3065937557094
20,16,46,6,6,2,0.9016677796119479,0.6182563043883399,0.283411475223608,0.0,84.87050964589156
20,16,47,8,8,24,0.8111424248246483,0.8263201984747038,-0.01517777365005557,3.0655752259423675e-05,1259.2855052822952
20,16,48,1,1,23,0.8437111808175488,0.7961327653968793,0.04757841542066954,3.852494932736928e-05,1303.450324411792
20,16,50,1,1,9,0.8042066292852752,0.807014416767359,-0.002807787482083768,1.187010523181495e-05,517.3692514977955
20,16,51,2,2,141,0.8494278016924646,0.8366931612776954,0.012734640414769127,0.00023448391589030895,9076.3053407709
20,16,52,0,0,1,0.9999999797268748,0.4047312459946529,0.595268733732222,0.0,0.0
20,16,53,3,3,1,0.9999999272597483,0.5421743151163724,0.4578256121433759,0.0,0.0
20,16,54,3,3,103,0.8653833360543783,0.8624965795977702,0.002886756456608186,0.000140943552554785,6479.298893564648
20,16,55,8,8,6,0.6996260055164495,0.6271214300110671,0.07250457550538236,6.612717152797143e-06,217.16831197528225
20,16,56,3,3,3,0.80763030247139,0.6134922617480209,0.19413804072336915,4.58592891207136e-06,121.99217394098885
20,16,58,8,8,37,0.7842998547319199,0.7689375880845033,0.015362266647416578,4.767084163393088e-05,1966.997621149153
20,16,59,8,8,5,0.7389239747805183,0.7390938418757689,-0.00016986709525057542,6.901888809189134e-06,205.2540639964712
20,16,60,6,6,15,0.8370680292493086,0.7327364363343362,0.1043315929149724,2.153285930901808e-05,780.0788588375002
20,16,61,7,7,27,0.7951156406528624,0.739014124497471,0.056101516155391495,3.340763418727224e-05,1455.2228797199646
20,16,62,7,7,14,0.85352919707097,0.8087115727970775,0.044817624273892465,3.10905903794488e-05,850.8291438550847
20,16,63,1,1,2,0.9020909933493397,0.5620020020562615,0.34008899129307824,0.0,83.2792627728832
20,16,64,0,0,19,0.8351331991403924,0.8335732380949727,0.0015599610454196666,2.2559650179176732e-05,1100.1009945870867
20,16,65,5,5,64,0.7995414318726514,0.7740428960797217,0.02549853579292971,0.0,3561.826503563141
20,16,66,3,3,3,0.8345194528192035,0.709918315983972,0.12460113683523144,5.487473469220537e-06,152.15050745966698
20,16,67,6,6,12,0.8167374345227186,0.7717379749645139,0.044999459558204724,1.982435817404705e-05,673.0744653250553
20,16,68,3,3,13,0.8438443467846236,0.8146744667398729,0.02916988004475074,1.996014618588481e-05,681.0958182130985
20,16,70,9,9,60,0.8658497035660591,0.8458023879265418,0.020047315639517227,9.369721640423132e-05,3558.2545712729557
20,16,71,3,3,22,0.7998232977673733,0.8363292712407446,-0.03650597347337137,2.9847025682385293e-05,1190.967319515842
20,16,72,2,2,3,0.7951930912456852,0.6447671924275742,0.15042589881811097,4.084979690232456e-06,143.86914036755206
20,16,73,1,1,1,0.9999999807865984,0.5920570985357133,0.40794288225088504,0.0,0.0
20,16,74,6,6,1,1.0000000766111012,0.5783955460509225,0.42160453056017877,0.0,0.0
20,16,75,4,4,20,0.8968754503143646,0.8656154372015283,0.031260013112836216,2.9178967224695712e-05,1289.1292294759746
20,16,76,7,7,68,0.8220271037241116,0.8387601624255165,-0.016733058701404957,9.133463216988266e-05,3854.7007905783435
20,16,77,8,8,26,0.8564065057713646,0.8099483930571654,0.046458112714199196,5.050911305528788e-05,1652.7590143936097
20,16,79,5,5,28,0.8397512012173448,0.8331167833591818,0.006634417858162989,4.7164727713087866e-05,1627.2953714220723
20,16,80,0,0,30,0.8395273739174023,0.8201458257933616,0.019381548124040693,5.808664071142857e-05,1790.2733141195897
20,16,81,6,6,11,0.7550883230496185,0.7790475452647049,-0.023959222215086395,1.3125812104107319e-05,511.57583515683996
20,16,82,0,0,81,0.8826491941387572,0.8826585180588982,-9.323920140968944e-06,0.000132647140934244,5105.289041039722
20,16,83,4,4,16,0.850495280052031,0.8026766459843895,0.04781863406764153,0.0,967.8987375445518
20,16,84,0,0,82,0.7913904661627978,0.8128381926285543,-0.021447726465756434,0.00011393954774309271,4146.070147236353
20,16,85,5,5,18,0.8348324719419973,0.7603900326997859,0.07444243924221139,2.20681823658072e-05,1017.7720821869593
20,16,86,6,6,2,0.8453305501683098,0.5847051489832614,0.2606254011850484,0.0,76.38115092363388
20,16,87,1,1,14,0.777578267658602,0.7349593735555578,0.0426188941030442,1.971555919129508e-05,764.980915180652
20,16,88,9,9,1,1.0000000085113283,0.28187398987491613,0.7181260186364122,0.0,0.0
20,16,90,2,2,12,0.8241028834223455,0.7027702909689102,0.1213325924534353,1.773401014191589e-05,608.9760362276915
20,16,91,8,8,1,1.0000000615332991,0.5059551812224563,0.4940448803108428,0.0,0.0
20,16,93,2,2,42,0.8493248709260504,0.8117135172743061,0.037611353651744284,6.164512821513363e-05,2544.002884341682
20,16,94,9,9,1,1.0000000580225654,0.6543123473151563,0.3456877107074091,0.0,0.0
20,16,95,2,2,9,0.8532230661548916,0.7880480626499516,0.06517500350493999,1.162826553522715e-05,520.0540794192883
20,16,96,7,7,7,0.7855491545502221,0.7197380304064958,0.06581112414372636,1.1173632065737804e-05,345.12003668448375
20,16,98,5,5,58,0.8042443067332417,0.7593258571492622,0.0449184495839795,9.740285268964892e-05,3426.2597683809677
20,16,99,9,9,20,0.7803647171991246,0.7999980775157832,-0.019633360316658632,2.33577369306035e-05,986.0524236300838
20,17,0,5,5,36,0.8853455316494295,0.8709114421080787,0.014434089541350836,5.8452692946709055e-05,2469.1076103957635
20,17,1,9,9,1,1.0000000451600335,0.40420352032826257,0.5957965248317709,0.0,0.0
20,17,2,6,6,63,0.8151052142986697,0.8087046876475789,0.00640052665109081,7.942500411474023e-05,3506.6738150957885
20,17,3,4,4,9,0.7770124373336709,0.7580231042485739,0.018989333085096982,1.2177110143730606e-05,473.59503222843654
20,17,4,8,8,49,0.8470710506613391,0.8205556385728704,0.02651541208846875,9.364394373523202e-05,3035.9467774562813
20,17,6,7,7,2,0.9096289518648022,0.614301143665721,0.2953278081990812,0.0,71.8696198892069
20,17,7,6,6,1,0.9999999713616803,0.6186854589137866,0.3813145124478937,0.0,0.0
20,17,8,4,4,38,0.787186040510646,0.8020991831555678,-0.014913142644921829,4.546447523740639e-05,1943.1235598640426
20,17,9,7,7,2,0.9342422883013245,0.6729764474171896,0.26126584088413485,0.0,75.15541916636502
20,17,10,1,1,57,0.7935296643621125,0.7499364179203158,0.04359324644179663,6.404464120567914e-05,2947.531550344491
20,17,11,0,0,17,0.7354645702002749,0.7126133779554896,0.022851192244785268,2.342998665512458e-05,883.4968051935756
20,17,12,0,0,22,0.7991316200577685,0.7823744100315374,0.016757210026231095,2.8360276618970944e-05,1113.9653162077539
20,17,13,2,2,19,0.7829661979885398,0.7633765426361928,0.019589655352347024,2.7183728824155135e-05,984.4219292638091
20,17,14,3,3,1,0.9999999399163542,0.1715575691861217,0.8284423707302324,0.0,0.0
20,17,15,4,4,98,0.8727513689941692,0.8696864996344709,0.0030648693596982968,0.0001773292047988726,6132.864447462801
20,17,17,7,7,29,0.85592927687994,0.8026431203724618,0.053286156507478255,3.6211580179128924e-05,1584.592696272668
20,17,18,2,2,16,0.8157651671584553,0.8174274622193843,-0.0016622950609290754,0.0,883.843665357084
20,17,19,5,5,3,0.8292113825964218,0.6445017503394767,0.18470963225694514,5.233697139154982e-06,145.02537593195166
20,17,20,1,1,3,0.8349504507840739,0.7490186249626446,0.08593182582142933,4.4128894084645334e-06,133.2169061240255
20,17,21,8,8,7,0.8826487813287636,0.8419545917332721,0.040694189595491426,1.2229656848965874e-05,426.4973966151105
20,17,22,4,4,16,0.7165277438082197,0.7025412809640585,0.013986462844161163,0.0,816.2444664134488
20,17,24,5,5,1,1.0000000223913617,0.4858528336864529,0.5141471887049087,0.0,0.0
20,17,26,4,4,4,0.768905775544072,0.657807383117005,0.11109839242706698,0.0,163.08016753809852
20,17,27,8,8,41,0.8378821947269036,0.8277469652269297,0.010135229499973919,5.142117666787885e-05,2455.3740434700503
20,17,28,0,0,2,0.912773303450474,0.627730822036599,0.285042481413875,0.0,83.35040904168925
20,17,29,2,2,21,0.8196725316056437,0.7853439821769087,0.03432854942873498,2.9450824472048183e-05,1181.1921564790346
20,17,30,0,0,28,0.9111243007262312,0.87176097967731,0.03936332104892115,5.62145420559432e-05,1875.7415551427484
20,17,31,1,1,56,0.8940934036870001,0.867695829524746,0.02639757416225408,8.724828294280474e-05,3487.4091771582257
20,17,32,3,3,2,0.8604098063370363,0.5648591785827081,0.2955506277543283,0.0,80.10123447032119
20,17,33,1,1,8,0.7336707165284562,0.7229195712245362,0.010751145303919962,0.0,349.96340559990693
20,17,35,4,4,1,1.0000000288331727,0.44520679728952994,0.5547932315436428,0.0,0.0
20,17,36,9,9,19,0.8663974628242971,0.860714823152186,0.005682639672111134,3.294863145368585e-05,1215.449292085784
20,17,37,7,7,23,0.7932918102678842,0.8043133123760918,-0.011021502108207626,2.8026290056083233e-05,1102.5821945057637
20,17,38,8,8,7,0.8456864251916834,0.8368386384215202,0.00884778677016318,1.186481680650938e-05,356.7333664678228
20,17,39,7,7,1,0.9999999002264468,0.28723578746007233,0.7127641127663744,0.0,0.0
20,17,40,5,5,48,0.7485477454100468,0.7688371583085312,-0.020289412898484405,5.831184326286528e-05,2458.7245022528027
20,17,41,9,9,4,0.8590530324925917,0.7676990712419778,0.0913539612506139,0.0,174.94536209119343
20,17,42,4,4,80,0.8300500634556068,0.8147964937286071,0.01525356972699976,0.0001306338384729437,4623.355868981108
20,17,44,0,0,66,0.8224545314838602,0.7725740257522312,0.049880505731628944,0.00012375926202928578,3603.668735448426
20,17,45,5,5,1,0.9999999628106215,0.5374338028796556,0.46256615993096595,0.0,0.0
20,17,46,6,6,16,0.762777341887325,0.7253840239565372,0.03739331793078782,0.0,868.4255068859618
20,17,47,8,8,10,0.8322643789722266,0.7473124661020989,0.08495191287012771,1.333638490602553e-05,517.4550283164939
20,17,49,5,5,84,0.8946144204902955,0.8854224727277381,0.009191947762557384,0.00012375302271035334,5061.902081050013
20,17,50,1,1,19,0.8364369126441393,0.7652518538519805,0.07118505879215886,3.098835145964973e-05,1154.68960486694
20,17,51,2,2,1,1.0000000762003962,0.5094432516041536,0.4905568245962426,0.0,0.0
20,17,52,0,0,3,0.8849066100351072,0.7764386631204735,0.10846794691463368,5.077430771503323e-06,131.84095009073312
20,17,53,3,3,21,0.8765295565159396,0.8756521725408136,0.0008773839751259338,3.3297546979646326e-05,1420.508279084705
20,17,54,3,3,11,0.8769379916057269,0.8046752587999177,0.0722627328058092,2.2184458600629432e-05,681.9245890542436
20,17,56,3,3,2,0.9118889700586524,0.6213323167167407,0.2905566533419117,0.0,69.49338297713095
20,17,57,6,6,16,0.8342903707243409,0.827345296061443,0.006945074662897843,0.0,961.7025390285828
20,17,58,8,8,48,0.8035131612682448,0.789495725898591,0.01401743536965383,6.119104828448317e-05,2531.329135458658
20,17,59,8,8,26,0.8338245422985292,0.8040070042946846,0.029817538003844568,3.0414056435143987e-05,1303.8874543810502
20,17,60,6,6,31,0.8578554423141626,0.7848170417744843,0.07303840053967825,4.361828931706405e-05,1669.3748991069428
20,17,61,7,7,12,0.7703689250264877,0.7665398031672802,0.003829121859207474,1.6283570452127196e-05,678.7732355568979
20,17,62,7,7,1,0.9999999134426818,0.31766403972963614,0.6823358737130456,0.0,0.0
20,17,63,1,1,18,0.8085896231368673,0.7861925974067607,0.0223970257301066,2.9186349842574016e-05,1101.8016160557004
20,17,65,5,5,13,0.7380679867306296,0.7109365522562033,0.02713143447442623,1.8435123862443006e-05,634.3411254884356
20,17,66,3,3,48,0.8492556841625647,0.8641995302070892,-0.014943846044524478,7.325961213780537e-05,2881.902310209095
20,17,67,6,6,5,0.8494899032394154,0.7192416761157561,0.13024822712365935,1.048432156772591e-05,270.61220163875015
20,17,68,3,3,9,0.8128927551017229,0.7988866288967432,0.014006126204979652,1.1811805887564971e-05,441.053868539129
20,17,69,4,4,31,0.8394516413637088,0.8298394685509964,0.009612172812712316,4.317132816581243e-05,1676.8646650836727
20,17,70,9,9,13,0.7854265877631338,0.7640593599290741,0.021367227834059643,1.9047233389022534e-05,661.8602819254768
20,17,71,3,3,19,0.8093866374297175,0.7508969454790166,0.05848969195070086,2.789147508661423e-05,1051.1525075945895
20,17,72,2,2,18,0.7989922370894275,0.7632832813067576,0.03570895578266986,2.8145270740620863e-05,1018.3844631525855
20,17,73,1,1,2,0.8730852937061201,0.6776910138455746,0.19539427986054547,0.0,82.01205603232349
20,17,74,6,6,46,0.859150673986808,0.8455560674589975,0.013594606527810527,9.251662824193597e-05,2881.906926603639
20,17,75,4,4,1,1.000000000851449,0.7014756376343068,0.29852436321714215,0.0,0.0
20,17,76,7,7,6,0.8333976871529742,0.6834717407419791,0.1499259464109951,8.583221085613708e-06,327.9923091186404
20,17,77,8,8,2,0.8410338241120647,0.43733929050358794,0.4036945336084768,0.0,62.0355632083877
20,17,78,2,2,16,0.7912702641695551,0.7975076691089968,-0.006237404939441693,0.0,901.4186931930268
20,17,79,5,5,9,0.8374942622214123,0.8064081984588625,0.031086063762549854,1.2289329980645883e-05,471.5360238185735
20,17,80,0,0,51,0.8368476493732439,0.873017885431932,-0.03617023605868819,0.00010118691807064421,2873.5119594793796
20,17,81,6,6,2,0.9055123668841494,0.6792486109932053,0.22626375589094405,0.0,67.51107786647513
20,17,83,4,4,2,0.8877524158491809,0.4679983087263593,0.4197541071228216,0.0,83.67413165984354
20,17,84,0,0,80,0.7480425793255709,0.7298959558409792,0.01814662348459173,0.00010731370128330204,3946.084096300245
20,17,85,5,5,22,0.821420675249582,0.8319904538102576,-0.010569778560675647,2.898153416012325e-05,1179.9523444143776
20,17,86,6,6,45,0.8859152167670978,0.8660525384507578,0.019862678316340032,7.241898173840648e-05,2966.1921057785535
20,17,87,1,1,4,0.7770177531224108,0.6671527440868859,0.10986500903552499,0.0,194.06526068837894
20,17,88,9,9,2,0.8672097679284766,0.6321666204464909,0.23504314748198574,0.0,71.17762048006071
20,17,89,9,9,1,0.999999995108209,0.4679880079536141,0.532011987154595,0.0,0.0
20,17,90,2,2,2,0.8944399571360686,0.7144998123603403,0.17994014477572828,0.0,73.15869656649879
20,17,91,8,8,1,0.999999979061838,0.4281788636127436,0.5718211154490944,0.0,0.0
20,17,92,1,1,26,0.7883895960293639,0.8101345811646433,-0.02174498513527945,4.1914250827410686e-05,1457.3249513304652
20,17,93,2,2,30,0.8065493086259801,0.8425998853015003,-0.03605057667552025,4.059421840515487e-05,1780.1458415715726
20,17,94,9,9,29,0.8257566421887182,0.7929525687038632,0.032804073484855034,4.6936708651640325e-05,1692.2184840080715
20,17,96,7,7,17,0.763288548280739,0.7798038415701727,-0.016515293289433686,1.98672079468022e-05,792.8668428305353
20,17,97,2,2,2,0.9057126264084079,0.7595517586850268,0.1461608677233811,0.0,87.08065192436634
20,17,98,5,5,31,0.827874308285297,0.8047090844438143,0.023165223841482674,4.4011509677840245e-05,1773.2613505207848
20,17,99,9,9,17,0.7953475117117605,0.8047608272777456,-0.009413315565985014,2.0026454918344915e-05,947.04417891966
20,18,0,5,5,15,0.8920754478425595,0.8363405528536698,0.05573489498888973,2.6825494191798708e-05,1001.1039227098984
20,18,1,9,9,79,0.8386204868578367,0.8537000578105425,-0.015079570952705734,0.00012661625267225678,4961.108125188288
20,18,3,4,4,1,0.9999999687514087,0.26447161674007075,0.735528352011338,0.0,0.0
20,18,4,8,8,20,0.8198844172663392,0.7749171228501557,0.04496729441618352,3.129687978379066e-05,1130.3288672932433
20,18,6,7,7,1,0.9999999583994044,0.42024176933315405,0.5797581890662503,0.0,0.0
20,18,7,6,6,10,0.8027562977708286,0.7572909617209926,0.045465336049835936,1.8753121568524363e-05,626.6826135888723
20,18,8,4,4,52,0.8120379458552738,0.7903234427483244,0.021714503106949334,7.871032035700488e-05,2594.1545431710633
20,18,9,7,7,3,0.8550904913312689,0.6736727102240552,0.18141778110721374,4.538933092837685e-06,141.76777331444393
20,18,10,1,1,63,0.7412327573459543,0.7734021080157296,-0.03216935066977533,6.490612996921385e-05,3271.334573482973
20,18,11,0,0,32,0.7605954038699343,0.7505333693973011,0.010062034472633208,0.0,1732.0072723889946
20,18,12,0,0,9,0.8383996213497343,0.7377116768015546,0.10068794454817975,1.4882686652010002e-05,481.43748043941014
20,18,13,2,2,41,0.8142028424046813,0.8215587050021663,-0.007355862597484997,5.182026297183804e-05,2293.513211388532
20,18,14,3,3,93,0.8290646310683495,0.8219601798746387,0.007104451193710837,0.00015921776988218336,5811.170419857718
20,18,15,4,4,34,0.8421118769396497,0.8314920844861003,0.010619792453549382,5.6635572718715744e-05,2046.7370803628714
20,18,16,6,6,11,0.7750073003109109,0.7106334751983927,0.06437382511251821,1.7648509354556872e-05,567.937998073671
20,18,17,7,7,1,1.0000000761533498,0.6179647391717158,0.38203533698163405,0.0,0.0
20,18,18,2,2,7,0.8219081305182881,0.6629402987039789,0.1589678318143093,9.16605289775195e-06,354.08320556568594
20,18,19,5,5,3,0.8083393930796129,0.613299835218366,0.19503955786124694,4.1381628289961504e-06,134.94483872147376
20,18,20,1,1,10,0.8333370852795767,0.7948048963141944,0.03853218896538235,1.5759377120349803e-05,579.0866938070222
20,18,22,4,4,16,0.7816800765086379,0.6720432356229501,0.10963684088568781,0.0,895.2448498514947
20,18,23,3,3,7,0.8287410701596964,0.7545104458579736,0.07423062430172289,9.696192692096711e-06,316.0155415704663
20,18,24,5,5,15,0.898487343621542,0.8643976547301379,0.03408968889140418,3.077278267307358e-05,1074.9886318634406
20,18,25,7,7,4,0.8412063144823437,0.776125618388927,0.06508069609341671,0.0,214.5727325316377
20,18,26,4,4,6,0.7977643020066559,0.7368992111167832,0.060865090889872686,7.958963282317428e-06,337.44470516347917
20,18,27,8,8,15,0.8051846115332117,0.7793257763842424,0.02585883514896936,2.841825827802523e-05,804.4965677388718
20,18,28,0,0,39,0.8037706818261513,0.8231816621456798,-0.01941098031952848,5.1628291353931535e-05,2197.861497869585
20,18,29,2,2,22,0.7791435495165415,0.7874246856422384,-0.00828113612569692,3.6102956393349384e-05,1196.747876313658
20,18,30,0,0,74,0.8760712298761971,0.8902643641756589,-0.014193134299461785,0.0001163595224462344,4994.074778354779
20,18,31,1,1,14,0.8649369826453234,0.780458989904753,0.08447799274057033,2.3738034974279717e-05,800.881210229132
20,18,32,3,3,87,0.8114500145254466,0.8197915911986555,-0.008341576673208895,0.0001395613644933476,4838.830866891084
20,18,33,1,1,20,0.7651964443347532,0.7813785081767678,-0.016182063842014593,2.5948347222063093e-05,912.4095596223074
20,18,34,9,9,3,0.8040995460810509,0.6806307600099188,0.1234687860711321,4.836001069458712e-06,129.99578531536017
20,18,36,9,9,1,1.0000000075649762,0.6039006944773472,0.396099313087629,0.0,0.0
20,18,38,8,8,22,0.8684421869041066,0.8644959302983034,0.003946256605803167,2.8767209503615086e-05,1365.475929827376
20,18,40,5,5,42,0.7554521487313481,0.7508979012282048,0.004554247503143372,5.557239188174825e-05,2212.2367604964656
20,18,41,9,9,26,0.8953144138437523,0.885125791542418,0.010188622301334327,4.19862010937312e-05,1652.291102251847
20,18,42,4,4,5,0.8107608714979323,0.6770695984373937,0.13369127306053863,6.5303707543547406e-06,277.98446403654634
20,18,43,3,3,11,0.8627116536240629,0.8232031493262026,0.039508504297860236,1.8369169126516404e-05,691.5191294984799
20,18,44,0,0,1,1.0000000832335838,0.43243288288038556,0.5675672003531982,0.0,0.0
20,18,45,5,5,109,0.783055736301731,0.7956587332583654,-0.012602996956634471,0.00018238246323807944,5669.237158251548
20,18,46,6,6,80,0.7703009827096549,0.8020600983832423,-0.03175911567358747,0.0001591858494253498,4319.3821161198375
20,18,48,1,1,14,0.8464198460890685,0.8056615652426842,0.04075828084638433,2.4904115938804934e-05,828.7075093387604
20,18,49,5,5,4,0.8556794145155884,0.7849032040561246,0.0707762104594638,0.0,197.97237883939144
20,18,50,1,1,39,0.8501601078634825,0.8243772566008726,0.02578285126260993,8.16371856603354e-05,2444.271985893702
20,18,51,2,2,44,0.8265421136374329,0.8361538757237481,-0.009611762086315201,6.26072242672486e-05,2988.3860425229554
20,18,52,0,0,33,0.8669409994517004,0.8798634445994783,-0.01292244514777785,5.029857660699611e-05,1857.3431556579062
20,18,53,3,3,3,0.8879170084269751,0.7216145244377605,0.16630248398921454,5.807944813878738e-06,160.50951838538558
20,18,54,3,3,1,0.9999999884501022,0.4991074627864067,0.5008925256636955,0.0,0.0
20,18,55,8,8,30,0.8786645270921982,0.7973079481764416,0.08135657891575665,4.802484447483027e-05,1773.3400038449588
20,18,57,6,6,4,0.7658697391961993,0.7328715673936879,0.03299817180251141,0.0,193.79119620804278
20,18,58,8,8,4,0.7915236186834663,0.6316084659322052,0.1599151527512611,0.0,181.58878080584805
20,18,59,8,8,7,0.8096812238445007,0.7072147403960535,0.10246648344844722,1.0124010086586114e-05,357.2028669693516
20,18,60,6,6,38,0.8151003621025114,0.8573232149466066,-0.042222852844095216,5.1208039466653566e-05,2006.4742662866338
20,18,62,7,7,6,0.8722932054155921,0.6723994342800643,0.19989377113552775,7.962715710735365e-06,380.7545878329686
20,18,63,1,1,58,0.8429320132427504,0.8175103073593835,0.025421705883366896,0.00010559867890761069,3640.817883368211
20,18,64,0,0,102,0.9229441336953025,0.921565903235783,0.0013782304595194583,0.00016629538008031036,6605.178139153039
20,18,65,5,5,24,0.8055998249630293,0.7759317726773196,0.02966805228570968,3.457664147820585e-05,1299.9846225646806
20,18,66,3,3,1,0.9999999741494372,0.7967611361364814,0.20323883801295584,0.0,0.0
20,18,67,6,6,19,0.8177896877040257,0.7654700867047758,0.05231960099924993,2.363905235678245e-05,1112.7620467980344
20,18,68,3,3,7,0.8673470195417504,0.8084894255218733,0.05885759401987711,1.065915251162794e-05,372.85740296692074
20,18,69,4,4,53,0.8577108465251398,0.8373924859412374,0.02031836058390246,8.085620468066692e-05,2973.0034274891805
20,18,70,9,9,18,0.7546010038971349,0.7833426782748275,-0.028741674377692594,2.3637039390150576e-05,860.9097762226685
20,18,71,3,3,10,0.8183350944722423,0.7561410481065035,0.062194046365738775,1.3307085869733787e-05,533.9204799572012
20,18,72,2,2,1,1.0000000527544988,0.4242439014805747,0.575756151273924,0.0,0.0
20,18,73,1,1,2,0.8966617838441491,0.467610768165337,0.4290510156788121,0.0,74.72889551448962
20,18,74,6,6,20,0.8310011190038588,0.8162698958567046,0.014731223147154138,2.7655591051469796e-05,1296.1597336667496
20,18,75,4,4,11,0.8933108645504063,0.8652891521111004,0.028021712439305957,1.543613788233506e-05,702.9332634972257
20,18,77,8,8,29,0.8510443140924431,0.853616223553572,-0.0025719094611289517,3.3928082209714965e-05,1739.9341533120194
20,18,78,2,2,61,0.8096140553730629,0.8318506905616384,-0.02223663518857555,9.347986408531001e-05,3695.51116944929
20,18,79,5,5,27,0.8414695063318335,0.8228541047392751,0.018615401592558367,4.2155118711907877e-05,1495.7968195924393
20,18,80,0,0,2,0.9024074021530654,0.6068133333923991,0.2955940687606663,0.0,85.04276087897341
20,18,81,6,6,54,0.8112105239709585,0.8161376534938855,-0.004927129522926954,7.128100032078605e-05,2906.9502556939965
20,18,82,0,0,1,0.999999892746531,0.3201678998750167,0.6798319928715143,0.0,0.0
20,18,83,4,4,2,0.9138557943310338,0.6880952063841886,0.22576058794684517,0.0,85.51506856733293
20,18,84,0,0,1,1.0000000846203245,0.7525887549213104,0.24741132969901414,0.0,0.0
20,18,85,5,5,21,0.8366475453431452,0.808746709192103,0.02790083615104222,2.548900699446174e-05,1149.0636541611361
20,18,86,6,6,2,0.8896951046048911,0.7638287322556503,0.1258663723492408,0.0,78.80717179908295
20,18,87,1,1,17,0.7867306509317775,0.7831043239132659,0.0036263270185116214,2.2675694499946896e-05,973.1248969515528
20,18,88,9,9,21,0.8720349277783809,0.8557427343365971,0.016292193441783787,3.379380850253326e-05,1268.0874094312967
20,18,89,9,9,4,0.8553154655223515,0.6668590556942029,0.1884564098281486,0.0,201.0837528616767
20,18,90,2,2,26,0.7481923082924601,0.7986741923630155,-0.05048188407055543,3.2668832196173646e-05,1329.5949520576978
20,18,91,8,8,5,0.8366453668390854,0.7180498639657924,0.11859550287329301,7.4973539059109615e-06,253.66235499551237
20,18,92,1,1,1,1.000000010586216,0.5780641174956038,0.4219358930906121,0.0,0.0
20,18,93,2,2,72,0.8256389755748752,0.8111630161996976,0.01447595937517765,0.00012134291265327434,4233.245883806499
20,18,94,9,9,51,0.8293488301086919,0.809342125062319,0.02000670504637292,7.44945411993102e-05,2888.469828451206
20,18,95,2,2,98,0.8626284929346795,0.8654595310948149,-0.002831038160135413,0.0001692575660039795,6336.828331417175
20,18,96,7,7,7,0.7564931275867112,0.6804730715571983,0.0760200560295129,8.982499945978101e-06,323.8115882765882
20,18,97,2,2,57,0.8821440002021054,0.8735079170572343,0.008636083144871076,0.00010201192936595081,3764.4828313673374
20,18,98,5,5,12,0.7660186206292369,0.7444872648547267,0.021531355774510152,1.5340841453241942e-05,672.2239532969862
20,18,99,9,9,10,0.8370834448035036,0.770926507631425,0.0661569371720786,1.6394215319732092e-05,583.0131728951536
20,19,0,5,5,1,0.9999999394961522,0.6647219165946607,0.33527802290149145,0.0,0.0
20,19,1,9,9,1,0.9999999152708647,0.5736240824174893,0.42637583285337544,0.0,0.0
20,19,2,6,6,57,0.7905755882316661,0.789047225305068,0.0015283629265980814,8.890835490525232e-05,2994.095349617323
20,19,3,4,4,1,1.0000000219091683,0.4110580429093397,0.5889419789998285,0.0,0.0
20,19,4,8,8,1,0.9999999354961747,0.5391140419065026,0.46088589358967214,0.0,0.0
20,19,5,9,9,111,0.8415824938793197,0.8339158689457513,0.0076666249335684,0.00013368358916178286,6291.77497307323
20,19,6,7,7,61,0.8406578392848381,0.8248357473392585,0.015822091945579597,0.00010291058397425318,4044.324683716344
20,19,7,6,6,41,0.8484267753038294,0.8068368487347476,0.04158992656908178,6.401630383740946e-05,2560.848471460416
20,19,8,4,4,11,0.8043044742760888,0.7851941620299246,0.019110312246164107,1.4966667595125081e-05,530.9329179607405
20,19,9,7,7,9,0.8183371654941196,0.7688741522197032,0.04946301327441638,1.440238074481424e-05,507.36515300467505
20,19,10,1,1,9,0.7282109913547397,0.7009576256482786,0.027253365706461086,1.25918478363847e-05,461.1234782631588
20,19,11,0,0,1,0.9999999303575781,0.38805647778081187,0.6119434525767662,0.0,0.0
20,19,12,0,0,69,0.79780066784352,0.8222922507689129,-0.024491582925392885,9.511854966487219e-05,3478.0373461547697
20,19,13,2,2,25,0.7768171473211611,0.765005822607983,0.01181132471317814,3.660057148903556e-05,1278.2598852517622
20,19,14,3,3,6,0.808460058489337,0.6806679037052512,0.1277921547840858,8.393362712792651e-06,351.3166442765914
20,19,15,4,4,27,0.8863430032017096,0.8603896322917778,0.025953370909931772,4.6927021840400704e-05,1772.1765823423827
20,19,16,6,6,181,0.8001181330131973,0.7898453660341294,0.010272766979067982,0.00024869842067944234,10172.264880445382
20,19,17,7,7,4,0.8464820845096644,0.6754903498492381,0.1709917346604264,0.0,184.81141123378663
20,19,18,2,2,2,0.8488393641668354,0.4917646453308198,0.35707471883601555,0.0,75.70153401621191
20,19,19,5,5,8,0.7971350708642768,0.76939445181456,0.027740619049716808,0.0,424.8750896363767
20,19,20,1,1,2,0.8547932777096346,0.5633846491634342,0.2914086285462004,0.0,77.01131554080382
20,19,21,8,8,18,0.8816454310177042,0.850776195257057,0.03086923576064715,2.528621359777302e-05,1066.3103227285637
20,19,22,4,4,7,0.7476296139796808,0.6482562554632397,0.09937335851644102,9.852482260089081e-06,325.8242222203498
20,19,23,3,3,10,0.818832426970545,0.7562880710501751,0.06254435592036989,1.5419840115265755e-05,494.357237011098
20,19,24,5,5,1,0.9999999544229461,0.668171271825355,0.33182868259759113,0.0,0.0
20,19,25,7,7,29,0.8244867437734132,0.7839694072495855,0.04051733652382772,4.7892705644717105e-05,1632.6688247042096
20,19,26,4,4,6,0.8047845684345369,0.7770858153086572,0.02769875312587977,9.36920750158134e-06,322.33761313479124
20,19,27,8,8,31,0.8287047844493852,0.8216138252117263,0.0070909592376589,6.863603948382861e-05,1940.7332228938717
20,19,28,0,0,11,0.7935491272048819,0.8054606930037744,-0.01191156579889252,1.9350711790934732e-05,612.286268295088
20,19,29,2,2,4,0.7982128245871676,0.7514740485933029,0.04673877599386467,0.0,217.19389978270112
20,19,30,0,0,1,0.9999999017155471,0.4177824683991749,0.5822174333163722,0.0,0.0
20,19,31,1,1,95,0.8719925000669737,0.8815104871335709,-0.009517987066597233,0.00014605495353137043,5752.808592764047
20,19,32,3,3,68,0.8164056669463154,0.8158001304034989,0.0006055365428165871,7.561079404779588e-05,3764.8640796130835
20,19,33,1,1,7,0.8124361890862758,0.7252436382750364,0.08719255081123944,9.40796576063809e-06,328.9021258556698
20,19,34,9,9,10,0.8039180357271507,0.7876302149348318,0.01628782079231894,1.6137276514257843e-05,552.5245349694492
20,19,35,4,4,5,0.822191628204725,0.6755108317350697,0.14668079646965537,1.1821465529598735e-05,281.619634295639
20,19,36,9,9,6,0.8724245422475141,0.8242133893735865,0.04821115287392763,1.0623429573484953e-05,356.58977461388713
20,19,37,7,7,4,0.8278484490317902,0.5919405540680448,0.23590789496374542,0.0,185.2995000265918
20,19,38,8,8,37,0.8570348901166951,0.8557818157889072,0.001253074327787873,5.530211000128673e-05,2234.1799977068213
20,19,39,7,7,3,0.8588528296720801,0.4499303947448912,0.4089224349271889,4.5392777068800614e-06,118.70695062044157
20,19,40,5,5,36,0.7644509556245651,0.7353365052261296,0.02911445039843552,4.655486913301789e-05,1813.8517997763945
20,19,41,9,9,1,1.0000000452355122,0.568355833503817,0.4316442117316952,0.0,0.0
20,19,42,4,4,81,0.8200307255202502,0.814006956745702,0.006023768774548244,0.0001009185797951197,4641.18695435258
20,19,43,3,3,43,0.881763862258797,0.8632359958906978,0.01852786636809922,8.367959972875338e-05,2945.6423889060106
20,19,44,0,0,33,0.8101846835755526,0.7676249921073747,0.04255969146817795,3.897998873377017e-05,1753.3562815723028
20,19,45,5,5,43,0.7918186012795334,0.7394306432220453,0.05238795805748808,6.0210938298034804e-05,2131.7049094106387
20,19,46,6,6,14,0.7797564278241559,0.7206559708508506,0.05910045697330524,2.706913057026463e-05,764.566116188244
20,19,47,8,8,51,0.8127034784839245,0.8452894031274054,-0.03258592464348087,6.616899323650329e-05,2599.4860783019294
20,19,48,1,1,5,0.820777301821231,0.6702107766320192,0.15056652518921176,7.705512194301928e-06,260.7798310130773
20,19,49,5,5,1,1.000000028071365,0.5411372347018333,0.45886279336953173,0.0,0.0
20,19,50,1,1,1,1.0000000707176784,0.4112415072945646,0.5887585634231138,0.0,0.0
20,19,51,2,2,39,0.8374060394877539,0.8396715992330103,-0.002265559745256329,7.804428200390315e-05,2429.6226191135147
20,19,52,0,0,12,0.843042381471491,0.8320943579161015,0.010948023555389486,2.0214026579608062e-05,649.5075630488323
20,19,53,3,3,1,0.999999935004675,0.526528224242324,0.47347171076235095,0.0,0.0
20,19,54,3,3,16,0.7999198737509643,0.7320427388332335,0.06787713491773084,0.0,918.159500762213
20,19,55,8,8,23,0.7649213865225899,0.7971485168981814,-0.03222713037559155,2.5640549975316575e-05,1203.2397343735277
20,19,56,3,3,19,0.8327807273641357,0.8117124223178793,0.02106830504625634,2.5963110796820627e-05,976.6430415802641
20,19,57,6,6,38,0.8359752712088694,0.8491650190399926,-0.013189747831123255,5.586187305145754e-05,2167.3394047775632
20,19,58,8,8,73,0.7970343498248443,0.790137106154867,0.006897243669977349,0.00010114808925406798,3981.571410762325
20,19,59,8,8,17,0.7883607959377018,0.7643953773439711,0.023965418593730692,1.903505828469341e-05,782.5909324461957
20,19,60,6,6,11,0.8364195205814231,0.7182174632210985,0.11820205736032463,1.813550470449653e-05,584.0543676525131
20,19,61,7,7,18,0.7727886435709602,0.735291549270249,0.03749709430071124,2.5392823379111288e-05,908.236838477916
20,19,62,7,7,1,0.9999999888336293,0.5565141519211334,0.4434858369124959,0.0,0.0
20,19,63,1,1,3,0.7863019124762255,0.6327435110525221,0.15355840142370336,4.71122078806772e-06,125.93951584831392
20,19,64,0,0,21,0.8835503039843156,0.8611695990577094,0.022380704926606154,4.6303250219136454e-05,1277.823906344412
20,19,65,5,5,26,0.7841338423109054,0.733362770946245,0.050771071364660414,2.7485181802569373e-05,1335.7291626626231
20,19,66,3,3,25,0.8549908266675335,0.89296588700025,-0.03797506033271658,3.4426400234898045e-05,1447.44394093116
20,19,67,6,6,5,0.8696558866507084,0.8028187612576926,0.06683712539301578,1.1071780804301783e-05,311.10412217778617
20,19,68,3,3,20,0.8335185913708574,0.8368776754787403,-0.0033590841078828815,2.6270418076643188e-05,1110.9242841424043
20,19,69,4,4,6,0.774980926088438,0.7516606784644918,0.023320247623946244,7.219170140561305e-06,284.1365448426811
20,19,70,9,9,15,0.8279547508424778,0.782419273224344,0.04553547761813381,2.187877998456447e-05,884.4214145027676
20,19,71,3,3,21,0.7803436699105566,0.8032958295115381,-0.022952159600981514,2.7220828197676946e-05,1140.9232186859228
20,19,72,2,2,12,0.8532518616401257,0.7866661924445928,0.06658566919553288,2.2441577001446714e-05,674.9252982865454
20,19,73,1,1,4,0.8403287590935922,0.6909532207321774,0.14937553836141482,0.0,198.9259436546131
20,19,74,6,6,19,0.8067565041921789,0.8497381878099952,-0.04298168361781629,4.3472622435526054e-05,1122.2019120302136
20,19,75,4,4,62,0.8978353275485027,0.8995852007310554,-0.001749873182552708,0.00011099742780403671,4188.021674731922
20,19,76,7,7,1,1.000000017545412,0.43938100164572036,0.5606190158996917,0.0,0.0
20,19,77,8,8,1,0.999999946206263,0.3789085950119476,0.6210913511943154,0.0,0.0
20,19,78,2,2,40,0.8225840532746893,0.815488517278446,0.007095535996243352,5.026499236386972e-05,2394.7755905473928
20,19,79,5,5,5,0.7617678544001126,0.6497646324947356,0.11200322190537704,6.272394570006112e-06,238.76883055084193
20,19,80,0,0,1,1.0000000554288624,0.3025555885529895,0.6974444668758729,0.0,0.0
20,19,81,6,6,2,0.9041997444034112,0.6876796489211603,0.21652009548225093,0.0,64.83646397495727
20,19,82,0,0,2,0.8417396834643658,0.6901647184882778,0.15157496497608802,0.0,74.26762895504423
20,19,83,4,4,61,0.8402073581230755,0.8450899954663441,-0.004882637343268659,0.00011841683227458384,3705.4030259485357
20,19,84,0,0,50,0.7760683426605359,0.7836518835177607,-0.007583540857224791,7.769996220230097e-05,2555.624004230592
20,19,85,5,5,3,0.8907324781555125,0.7264514414323879,0.16428103672312455,4.97997446397983e-06,129.39273447696326
20,19,86,6,6,1,1.0000001068857665,0.5323447133236023,0.4676553935621641,0.0,0.0
20,19,87,1,1,49,0.7837845045926582,0.8040912005014975,-0.020306695908839267,9.345702785148675e-05,2835.4851286787916
20,19,88,9,9,76,0.8413039976301105,0.8452257394684486,-0.003921741838338044,0.0001312461915214131,4407.453435359517
20,19,89,9,9,154,0.8261491103613672,0.8172291258905899,0.008919984470777242,0.00021545225019157572,8083.635028480948
20,19,90,2,2,1,0.9999999808512365,0.22203512572308048,0.777964855128156,0.0,0.0
20,19,91,8,8,59,0.8297746507157631,0.8125980783180132,0.017176572397749834,0.00011117504525879359,3612.831887443501
20,19,92,1,1,45,0.8105075477486828,0.7986703033924699,0.011837244356212917,8.071188496846268e-05,2680.4385865160834
20,19,93,2,2,1,0.999999899275474,0.6570018931526381,0.3429980061228358,0.0,0.0
20,19,94,9,9,1,1.000000051627814,0.13285495112048604,0.867145100507328,0.0,0.0
20,19,95,2,2,13,0.8687105654671795,0.8365387915937378,0.03217177387344172,2.179758902927065e-05,842.3573737977431
20,19,96,7,7,1,0.9999999994770488,0.48595056073525394,0.5140494387417949,0.0,0.0
20,19,97,2,2,89,0.9049934771229738,0.879601567742074,0.025391909380899857,0.00013901853463948408,5913.339239347857
20,19,98,5,5,3,0.8137739326922737,0.6574312187913536,0.15634271390092014,6.086771101717569e-06,140.72350749027245
20,19,99,9,9,24,0.8041511637966328,0.8042650964789291,-0.00011393268229631381,3.5872280203903406e-05,1391.7175339676214
50,0,0,5,5,33,0.8825522866640291,0.8766289762303529,0.005923310433676221,5.5379438364521636e-05,2229.6459663493442
50,0,3,4,4,9,0.8318418934558545,0.760205888713567,0.07163600474228748,1.4939847743692311e-05,485.94248278651787
50,0,4,8,8,5,0.7517492158501315,0.725172392580093,0.02657682327003852,5.762168786055102e-06,237.07523899032967
50,0,6,7,7,2,0.8821133509349112,0.7311551681106999,0.15095818282421125,0.0,88.18166701093413
50,0,7,6,6,4,0.8156767572217329,0.6202329673491761,0.19544378987255684,0.0,216.93803807647134
50,0,8,4,4,19,0.8355349238877441,0.8669141426012895,-0.03137921871354543,3.200862891108686e-05,1009.8821366703086
50,0,9,7,7,7,0.826019113450858,0.7564675303164755,0.06955158313438248,1.10483402727132e-05,409.6572012174426
50,0,10,1,1,6,0.8254069797836571,0.6948713983554137,0.1305355814282434,7.783956332011728e-06,313.71691412989196
50,0,11,0,0,18,0.772454225323217,0.7680196729381858,0.004434552385031099,1.779869409710215e-05,894.924631331446
50,0,12,0,0,12,0.7872272714998948,0.7059506860318878,0.08127658546800698,1.4319964089655956e-05,644.8411136488362
50,0,13,2,2,5,0.8259942036232569,0.6906784763316131,0.13531572729164387,7.05032929248515e-06,241.8793746218647
50,0,14,3,3,2,0.8374285438539272,0.5300286788347849,0.3073998650191423,0.0,77.07175405175941
50,0,15,4,4,3,0.857696165320526,0.7693366055605735,0.08835955975995247,5.109776742488615e-06,147.4184412893241
50,0,16,6,6,9,0.7271220013662029,0.7361405566470138,-0.00901855528081097,1.2880204675075057e-05,490.31094831199806
50,0,18,2,2,5,0.8193758736816164,0.7252915133166461,0.09408436036497025,7.252262289583587e-06,267.01229489369143
50,0,19,5,5,21,0.8252398990187735,0.7980677973569656,0.027172101661807835,3.192182458272236e-05,1285.2362623308995
50,0,21,8,8,17,0.8746293795704665,0.8506117202955374,0.02401765927492905,2.58588682331914e-05,1072.5365134548604
50,0,22,4,4,2,0.8766096534020676,0.5001301716022324,0.37647948179983526,0.0,75.41982475747396
50,0,23,3,3,3,0.8209226247627891,0.6255287300000646,0.1953938947627245,4.763593209465644e-06,116.81816573059537
50,0,24,5,5,4,0.9187149476033633,0.8244971175909328,0.09421783001243045,0.0,261.7053786380956
50,0,25,7,7,5,0.7660882319586383,0.6739864620982939,0.09210176986034435,6.844977983302372e-06,225.72535072262687
50,0,26,4,4,5,0.8407216701211335,0.6226847716991152,0.21803689842201834,7.889268054860164e-06,258.1447788489206
50,0,27,8,8,43,0.8422206425242483,0.8255747378810674,0.016645904643180942,5.904844135117267e-05,2625.33135596567
50,0,28,0,0,37,0.8167841404114251,0.802132616525779,0.014651523885646056,6.040350047731244e-05,2124.874779407996
50,0,30,0,0,3,0.8948617541903794,0.7611469085218981,0.13371484566848124,4.127716453758777e-06,127.32287396945185
50,0,31,1,1,6,0.8757362697298248,0.706686892001446,0.1690493777283788,9.845987373522771e-06,326.3606948367694
50,0,33,1,1,7,0.8221616473882413,0.6361990980111225,0.18596254937711876,9.243638566658822e-06,332.14850153796897
50,0,34,9,9,12,0.8118084738279449,0.8270813261718255,-0.01527285234388065,2.0335674522881575e-05,695.1665400808854
50,0,35,4,4,4,0.7829488375319198,0.4961481106843751,0.2868007268475447,0.0,180.2723542948245
50,0,37,7,7,5,0.8347691850704428,0.7036547813708547,0.13111440369958816,7.876034278348005e-06,229.0875719627531
50,0,38,8,8,2,0.9252723004944804,0.5041897880997658,0.4210825123947146,0.0,84.28512041573993
50,0,39,7,7,30,0.8110699702173548,0.8113482018243668,-0.0002782316070120139,4.599156492096551e-05,1685.7883566098371
50,0,40,5,5,42,0.770095822430259,0.7707003292785275,-0.0006045068482685156,4.249120866387541e-05,2084.7841275722217
50,0,41,9,9,46,0.8835471567669123,0.8725090609287878,0.01103809583812454,7.907193035697436e-05,2693.5900945992053
50,0,42,4,4,7,0.7880142755107872,0.7552887278903064,0.032725547620480744,1.1903904777947314e-05,387.98112907740915
50,0,43,3,3,1,0.999999941358925,0.5735173915332183,0.42648254982570666,0.0,0.0
50,0,44,0,0,39,0.7821945615928696,0.8007413040220503,-0.01854674242918075,7.485079364112578e-05,2286.343314681867
50,0,45,5,5,4,0.7654292651329062,0.6872871027597628,0.07814216237314342,0.0,195.5477607454704
50,0,46,6,6,52,0.7897907337002539,0.7568875430972734,0.032903190602980525,6.56057345606997e-05,2945.713880814661
50,0,47,8,8,10,0.8364197518327692,0.7990488084814419,0.03737094335132729,1.214414530530479e-05,492.8345332837955
50,0,48,1,1,4,0.8278302239456089,0.6185034908973549,0.209326733048254,0.0,192.69426441981562
50,0,49,5,5,13,0.827746212772575,0.856391615565774,-0.02864540279319905,1.870050382959301e-05,684.3850394357571
50,0,51,2,2,38,0.8324840578835362,0.8476136250177856,-0.0151295671342494,7.918116788076199e-05,2295.0179052465573
50,0,52,0,0,22,0.8935461084897875,0.8340273991985553,0.059518709291232264,2.475010177171127e-05,1229.010800533123
50,0,53,3,3,1,1.0000000945242424,0.49374109736440536,0.506258997159837,0.0,0.0
50,0,54,3,3,8,0.7881642352203534,0.7521402468712127,0.03602398834914067,0.0,441.72561374267093
50,0,55,8,8,4,0.8095124810248103,0.7357744130489001,0.0737380679759102,0.0,190.31824496897426
50,0,56,3,3,1,1.0000000434099237,0.4477171018215866,0.552282941588337,0.0,0.0
50,0,57,6,6,8,0.772798805992633,0.720987205699571,0.05181160029306198,0.0,431.401284347191
50,0,59,8,8,1,0.9999999336575695,0.5314266954397222,0.46857323821784724,0.0,0.0
50,0,60,6,6,2,0.9186307991399694,0.7537891519451138,0.1648416471948556,0.0,75.91476238313483
50,0,61,7,7,19,0.8101344107981054,0.753377831331607,0.05675657946649848,2.3175870849064828e-05,1081.5013966422591
50,0,62,7,7,3,0.7322473021371476,0.5182950363205908,0.2139522658165568,4.475835628097602e-06,119.27415834691485
50,0,63,1,1,1,0.9999999920621421,0.3093264622849538,0.6906735297771882,0.0,0.0
50,0,64,0,0,2,0.8224580025637542,0.6545696379095519,0.16788836465420232,0.0,73.83232901937274
50,0,65,5,5,1,0.9999999879377666,0.216859317482423,0.7831406704553436,0.0,0.0
50,0,66,3,3,1,1.000000022900555,0.8105476105234427,0.1894524123771123,0.0,0.0
50,0,67,6,6,3,0.7799710317105121,0.6737097505645957,0.10626128114591638,4.387739390752957e-06,130.20382578276067
50,0,68,3,3,8,0.8944764246046985,0.7705423625297895,0.12393406207490898,0.0,484.94321228490253
50,0,69,4,4,8,0.79385223344255,0.6801278863266735,0.11372434711587642,0.0,414.2414584142862
50,0,72,2,2,6,0.8388572605109016,0.78300494197105,0.05585231853985162,9.768318850541248e-06,324.5213406262222
50,0,73,1,1,2,0.883807127819344,0.6266839820135386,0.2571231458058054,0.0,77.81375332887518
50,0,74,6,6,5,0.8557451337321309,0.7179566645100257,0.1377884692221052,7.913039681683912e-06,298.19820724302747
50,0,75,4,4,11,0.9002235036437607,0.8361084119597194,0.06411509168404128,1.8618026115686382e-05,750.2904321767377
50,0,76,7,7,16,0.83466053131637,0.8083615297362221,0.026299001580147863,0.0,924.6913996751133
50,0,77,8,8,3,0.8605835107031682,0.7661050658354018,0.09447844486776635,6.071479957734947e-06,156.20654712993226
50,0,78,2,2,4,0.770408478285533,0.669671197860977,0.1007372804245561,0.0,196.48450126886252
50,0,79,5,5,1,0.999999988992039,0.3762736225837807,0.6237263664082583,0.0,0.0
50,0,80,0,0,2,0.8674473378662562,0.5422032756536062,0.32524406221265,0.0,64.80272303538449
50,0,81,6,6,1,0.9999999367174938,0.2525397716508013,0.7474601650666924,0.0,0.0
50,0,83,4,4,1,1.000000040585245,0.6185448702731742,0.38145517031207077,0.0,0.0
50,0,84,0,0,3,0.8685490727311939,0.7819384211986741,0.08661065153251979,3.884623965823424e-06,116.44406396156249
50,0,86,6,6,18,0.8487698697907319,0.8116916742797327,0.03707819551099922,2.9975506791559504e-05,1179.5475246196181
50,0,87,1,1,23,0.7408123471002064,0.7397872081949102,0.0010251389052962079,3.0069079457662414e-05,1260.0594459124763
50,0,89,9,9,1,1.0000000439312244,0.5728658930393616,0.4271341508918628,0.0,0.0
50,0,90,2,2,7,0.7788967997723965,0.6945030372265345,0.08439376254586195,9.287484890494392e-06,352.1833665607763
50,0,91,8,8,9,0.8009031838462594,0.7641936926277331,0.03670949121852629,1.537296155103533e-05,473.2403075261485
50,0,92,1,1,2,0.8741798890588106,0.5082876178945509,0.3658922711642597,0.0,80.7323395479134
50,0,93,2,2,33,0.8101840614006438,0.8242685481906579,-0.014084486790014061,5.7077690332164645e-05,1981.907722072188
50,0,95,2,2,4,0.8597204491235532,0.7651013679450035,0.09461908117854967,0.0,213.14831277401018
50,0,96,7,7,5,0.7606534625629727,0.6969503676941956,0.06370309486877712,7.202689612104486e-06,210.86276353174748
50,0,97,2,2,1,0.9999999667844855,0.6058367246832955,0.39416324210119,0.0,0.0
50,0,98,5,5,19,0.8157384642373536,0.7560056130796804,0.05973285115767324,2.2925165031206015e-05,1089.739110815406
50,1,0,5,5,14,0.8300844332415503,0.8242242262438847,0.005860206997665651,2.334641319478111e-05,844.6179561576799
50,1,1,9,9,23,0.8346616313319928,0.8083019541795833,0.0263596771524095,3.485849336374522e-05,1441.5223428739514
50,1,2,6,6,24,0.8227887328589905,0.8029857489399693,0.019802983919021133,2.9779178650026217e-05,1349.6826642352228
50,1,3,4,4,7,0.8431129341437567,0.75948423171911,0.0836287024246467,1.168820986553525e-05,445.222352757897
50,1,5,9,9,1,0.9999999993517833,0.32347855600860853,0.6765214433431748,0.0,0.0
50,1,6,7,7,19,0.86334577125869,0.8339215524091413,0.02942421884954871,2.1224938150043828e-05,1333.3070290216647
50,1,7,6,6,1,0.9999999527845429,0.5669807041440148,0.4330192486405281,0.0,0.0
50,1,8,4,4,2,0.8722998643691002,0.6690264365560054,0.20327342781309488,0.0,61.96350032062618
50,1,9,7,7,2,0.8388063366881471,0.4438898399668342,0.3949164967213129,0.0,78.23769870420142
50,1,10,1,1,5,0.7468802374150436,0.5112876180026192,0.23559261941242438,6.684164923924218e-06,226.7922018455712
50,1,11,0,0,6,0.7650240987813436,0.6276516795140082,0.13737241926733534,6.852886263033632e-06,265.76121006387626
50,1,12,0,0,12,0.834924706818334,0.7293214727884973,0.10560323402983662,1.7170536079796958e-05,609.7596700029351
50,1,13,2,2,6,0.804282233894757,0.6713410520547953,0.13294118183996162,8.72924987679689e-06,304.4981703092777
50,1,15,4,4,24,0.8169667570697732,0.8201479969633176,-0.003181239893544463,3.069347414971806e-05,1357.2199213386407
50,1,16,6,6,3,0.8003831415709372,0.6360953649005883,0.16428777667034888,4.5010021339818905e-06,126.49264575961317
50,1,17,7,7,14,0.8116602164947556,0.7972323048999339,0.014427911594821707,2.092845555099226e-05,765.5878102406525
50,1,18,2,2,3,0.8551569072241989,0.7355671980223641,0.11958970920183476,6.050477146813172e-06,158.43811632114554
50,1,19,5,5,2,0.9017837026965569,0.6832877702623832,0.21849593243417376,0.0,82.55900581875314
50,1,21,8,8,5,0.861634101244289,0.826972816648175,0.03466128459611395,8.610104502267919e-06,261.6699213148043
50,1,22,4,4,73,0.7756038583827235,0.7581343405683143,0.017469517814409197,9.096959610762884e-05,3829.175052648141
50,1,24,5,5,5,0.8999098592705126,0.8353385145748541,0.0645713446956585,7.703890158612236e-06,325.9667945486071
50,1,25,7,7,62,0.8102058061543804,0.8018436297123792,0.008362176442001212,8.175326218648368e-05,3497.1233164533005
50,1,26,4,4,25,0.8525356183880165,0.7929339606021025,0.059601657785913975,4.0363285400956245e-05,1533.8079791396058
50,1,27,8,8,1,1.0000000912653908,0.2960518866099658,0.7039482046554251,0.0,0.0
50,1,30,0,0,1,1.0000000439978263,0.6121932950886402,0.3878067489091861,0.0,0.0
50,1,31,1,1,4,0.9156354810937809,0.8061893404027957,0.10944614069098524,0.0,224.81776620478388
50,1,32,3,3,3,0.8185750642596717,0.6511872906362984,0.16738777362337331,5.670829198719195e-06,144.44642461244752
50,1,33,1,1,8,0.8198531026134792,0.7374688932302471,0.0823842093832321,0.0,396.6488572576784
50,1,35,4,4,4,0.7819197001024671,0.604368371240431,0.17755132886203617,0.0,185.386104181509
50,1,36,9,9,1,1.0000000708993118,0.5477500972959827,0.4522499736033291,0.0,0.0
50,1,37,7,7,1,1.0000000863244682,0.36331890964012586,0.6366811766843423,0.0,0.0
50,1,38,8,8,1,1.0000000079783498,0.4565293121037083,0.5434706958746415,0.0,0.0
50,1,40,5,5,14,0.796240461705639,0.7156054752839485,0.08063498642169054,1.837576148908759e-05,690.2382200217619
50,1,41,9,9,9,0.8865868864579944,0.8780112522484319,0.008575634209562533,1.5645802842515186e-05,556.5798707339126
50,1,42,4,4,2,0.8741391165317047,0.6340882745288832,0.24005084200282156,0.0,82.04759628909635
50,1,43,3,3,6,0.8663206311959607,0.8536783347706038,0.012642296425356858,9.1030472275508e-06,368.11010778702024
50,1,44,0,0,2,0.8632597418920368,0.5849932862728348,0.27826645561920205,0.0,84.41326582923047
50,1,45,5,5,6,0.6325764321221041,0.5342701628516539,0.09830626927045027,6.085797700087837e-06,226.247150938948
50,1,46,6,6,30,0.7793814841571727,0.7541741911150912,0.02520729304208147,5.1010731272041166e-05,1594.5952255435534
50,1,47,8,8,6,0.8617834795648026,0.7817263266613079,0.08005715290349469,9.088559561611117e-06,320.12821805726986
50,1,48,1,1,4,0.8257104750838439,0.6289886233417156,0.1967218517421283,0.0,185.8771926581555
50,1,49,5,5,5,0.8432027025404826,0.7373651472691223,0.1058375552713603,8.6407996047521e-06,271.97205160679613
50,1,50,1,1,17,0.8308087825877323,0.7699202859354101,0.06088849665232221,3.2622798472510563e-05,1100.9097227250716
50,1,51,2,2,3,0.8520119585808149,0.6133006262253323,0.23871133235548259,6.5093269385130205e-06,151.1882324028159
50,1,52,0,0,12,0.8890886713680645,0.8547332505710661,0.03435542079699838,1.946585293708817e-05,690.7844611016482
50,1,53,3,3,1,1.0000000534432678,0.6072450648933649,0.3927549885499029,0.0,0.0
50,1,54,3,3,1,1.0000000306456513,0.39201908334987035,0.607980947295781,0.0,0.0
50,1,55,8,8,10,0.8024778805082506,0.7932196808004919,0.009258199707758763,9.703964000311329e-06,458.51294014073017
50,1,56,3,3,2,0.7531823392578171,0.7315626508840217,0.021619688373795354,0.0,61.71088962813799
50,1,57,6,6,3,0.8815349691416193,0.7470407127172934,0.1344942564243259,6.064051760572925e-06,164.89565700170505
50,1,59,8,8,2,0.8968155195411882,0.5527142175878466,0.34410130195334165,0.0,65.18860234011676
50,1,60,6,6,10,0.8414985700894422,0.7641513484058733,0.07734722168356889,1.1809699210167496e-05,512.9972534944502
50,1,61,7,7,1,0.9999999523664209,0.41503651672898983,0.5849634356374311,0.0,0.0
50,1,62,7,7,3,0.8517599289879657,0.7825868602897383,0.06917306869822737,4.912028966543254e-06,148.04779735528274
50,1,64,0,0,5,0.8326089667903848,0.818797328164245,0.013811638626139766,1.1086407334036925e-05,301.71503340613157
50,1,65,5,5,4,0.7870788086532815,0.6270622184015933,0.16001659025168824,0.0,164.51244819863913
50,1,66,3,3,1,0.9999999942320453,0.5279014382587541,0.4720985559732912,0.0,0.0
50,1,68,3,3,4,0.8510619896339351,0.7122319736150058,0.1388300160189293,0.0,192.55283719620826
50,1,69,4,4,2,0.8052025120715781,0.4512737194495277,0.3539287926220504,0.0,72.12462230399602
50,1,70,9,9,23,0.8267704987434349,0.7902942087373377,0.0364762900060972,3.5388971856403e-05,1321.4186812233918
50,1,71,3,3,3,0.8182589981343033,0.7734333301276297,0.044825668006673536,4.145445596880413e-06,129.42166964018867
50,1,72,2,2,1,1.0000000156411804,0.45359822821152773,0.5464017874296526,0.0,0.0
50,1,73,1,1,3,0.8660985834115121,0.7450493072955966,0.12104927611591554,4.335676303381963e-06,125.02189808288072
50,1,74,6,6,7,0.8219780308782602,0.721822752319626,0.10015527855863415,1.4364842464599008e-05,436.53418825109037
50,1,75,4,4,15,0.8364755684426698,0.833829769901665,0.0026457985410047735,2.5910526139288866e-05,887.9016397838559
50,1,76,7,7,3,0.8559760423595814,0.5136548350490867,0.34232120731049465,4.845585436293415e-06,125.5024309687261
50,1,77,8,8,9,0.8645861225531797,0.8269235283402019,0.037662594212977796,1.3469337859157864e-05,531.5112072852278
50,1,79,5,5,6,0.8259479763899925,0.7561511557270264,0.06979682066296611,1.0852153328559788e-05,375.8940568698893
50,1,80,0,0,3,0.7732696269950868,0.6935492900896217,0.0797203369054651,3.6943758781209153e-06,121.34263245623208
50,1,81,6,6,40,0.8332231425874754,0.8248078508233955,0.008415291764079957,5.213407925601571e-05,2092.8323387399223
50,1,82,0,0,2,0.808147222511725,0.4693554427407974,0.3387917797709276,0.0,62.99993801508309
50,1,83,4,4,5,0.8939283495365358,0.7262815842448183,0.16764676529171751,1.06151643315657e-05,296.8523895873708
50,1,84,0,0,4,0.7507802800735948,0.6306838113636737,0.12009646870992108,0.0,185.04352130800515
50,1,86,6,6,15,0.8510182389251244,0.8122035787486441,0.038814660176480276,2.1964860720423908e-05,889.9272412061144
50,1,87,1,1,1,1.0000000434089114,0.5586331522968565,0.44136689111205485,0.0,0.0
50,1,90,2,2,19,0.8026737460102366,0.7335963183242334,0.06907742768600311,3.056310719423943e-05,976.1583417276775
50,1,92,1,1,1,0.9999998883552276,0.4930472196634177,0.5069526686918099,0.0,0.0
50,1,94,9,9,2,0.8603125451740136,0.6036413882416346,0.25667115693237896,0.0,63.09006445804774
50,1,95,2,2,16,0.86752952190198,0.833747754710074,0.033781767191905954,0.0,1000.5809797755586
50,1,96,7,7,37,0.8929959504011703,0.8125758664559724,0.08042008394519795,3.9828834956065603e-05,1930.2803679891215
50,1,97,2,2,6,0.8924213283096193,0.8255767177749276,0.0668446105346917,1.229082350667825e-05,376.73274922862885
50,1,98,5,5,18,0.7323302260449674,0.7735125779000462,-0.04118235185507879,3.5175625607035585e-05,999.0148540243368
50,1,99,9,9,8,0.7673918082001386,0.788568414989174,-0.021176606789035324,0.0,446.8338540120837
50,2,0,5,5,12,0.8594467349002253,0.8579263505991145,0.0015203843011107887,1.874064261588738e-05,772.1861202727291
50,2,1,9,9,2,0.9371553342075434,0.7876369494150282,0.14951838479251522,0.0,84.10595181505039
50,2,4,8,8,10,0.7971932347823701,0.7355156603598791,0.061677574422491,1.3129383523281654e-05,534.7362966485643
50,2,5,9,9,42,0.8202580868776769,0.8074260414710261,0.012832045406650727,5.624278234111847e-05,2263.7588146937396
50,2,8,4,4,12,0.7899524630087108,0.7562458404622303,0.03370662254648049,1.1593813849703233e-05,526.2868237565647
50,2,9,7,7,3,0.8951979514744367,0.7148195905051675,0.18037836096926918,5.953145464881365e-06,166.22343219299972
50,2,10,1,1,21,0.7289686472045296,0.7296941400573193,-0.0007254928527896665,2.9647100629466988e-05,1027.5081749982842
50,2,11,0,0,13,0.8139026598460104,0.741775321277642,0.0721273385683684,1.8958880736357838e-05,687.5550624766088
50,2,12,0,0,42,0.8213804405591832,0.800333142960985,0.021047297598198234,5.933944666962274e-05,2210.3662772711
50,2,13,2,2,11,0.7715371715267766,0.7143431937345148,0.05719397779226176,1.5008415824649447e-05,558.6221854964498
50,2,16,6,6,48,0.8094806629029584,0.7812638904073334,0.028216772495625042,7.217701990598861e-05,2607.6888112421875
50,2,17,7,7,5,0.8705787149297601,0.8067575276030547,0.06382118732670539,7.696670138208418e-06,251.0900451196983
50,2,18,2,2,5,0.7856148477034073,0.6776616688025671,0.10795317890084022,8.291992572530299e-06,256.62565714427365
50,2,19,5,5,6,0.8291201120746914,0.7768046660961693,0.05231544597852211,9.888754020803846e-06,360.5991146557583
50,2,20,1,1,12,0.8281838390200046,0.7728645794625404,0.055319259557464195,1.984163626894394e-05,722.5575545730936
50,2,21,8,8,5,0.8961819749139507,0.8213956964149934,0.07478627849895725,1.1054073817541375e-05,289.00328831511206
50,2,22,4,4,49,0.7729265286125996,0.7735937139740479,-0.0006671853614482748,6.215061167714763e-05,2569.7719090702526
50,2,23,3,3,1,0.9999999947970816,0.43449409405887995,0.5655059007382016,0.0,0.0
50,2,24,5,5,12,0.8846380781813897,0.8813692056324409,0.003268872548948809,1.861356218485754e-05,829.6932674799253
50,2,26,4,4,7,0.8617719031181232,0.8189961677402534,0.04277573537786983,1.1862016612091212e-05,428.8302760517041
50,2,27,8,8,18,0.8046681799761148,0.8205552359412142,-0.015887055965099317,3.1203120838791446e-05,1030.6577155151897
50,2,28,0,0,1,0.9999999497671139,0.4960359730176433,0.5039639767494706,0.0,0.0
50,2,29,2,2,1,0.9999999382491885,0.571606098552645,0.42839383969654354,0.0,0.0
50,2,30,0,0,3,0.8754018765110185,0.7793654339640085,0.09603644254701005,4.78991138601491e-06,152.9785175417359
50,2,31,1,1,15,0.8431590808168459,0.7869878714884493,0.05617120932839659,2.8680224780564462e-05,875.4813192590619
50,2,32,3,3,3,0.8463216264782966,0.5756951330222558,0.27062649345604073,5.335389585527693e-06,143.14327098683248
50,2,33,1,1,2,0.8703292677215047,0.4713090319239506,0.399020235797554,0.0,68.31799328975306
50,2,34,9,9,25,0.8321322764206553,0.8452551188619984,-0.013122842441343097,3.8795491393999266e-05,1485.9937020421016
50,2,35,4,4,1,0.9999999460446629,0.6282844160054766,0.37171553003918634,0.0,0.0
50,2,36,9,9,2,0.9209913958024736,0.7939922200823883,0.12699917572008523,0.0,73.92839306504357
50,2,37,7,7,31,0.8290719947742078,0.8199698639596515,0.009102130814556242,4.340860198798584e-05,1588.3108576042462
50,2,38,8,8,8,0.8817060866387615,0.8261010287723978,0.055605057866363716,0.0,474.8394878648144
50,2,39,7,7,33,0.8600877817150342,0.846065121637047,0.014022660077987248,4.505924705831694e-05,1965.0185638264156
50,2,40,5,5,13,0.7629816010764104,0.7513341699529356,0.011647431123474883,1.6223200782745987e-05,641.05601199767
50,2,41,9,9,11,0.8691877909686228,0.8821437407687274,-0.012955949800104616,1.689817081104228e-05,674.0136545677382
50,2,42,4,4,6,0.8146900250622513,0.8027749824092651,0.011915042652986152,9.290935455953565e-06,336.9600783227507
50,2,43,3,3,5,0.8602508817931251,0.778622178085192,0.08162870370793318,8.403830371766462e-06,285.91193033447354
50,2,44,0,0,8,0.8025796077919971,0.7011770150513229,0.1014025927406742,0.0,423.7997963080202
50,2,45,5,5,2,0.848683800318022,0.31214116420420174,0.5365426361138204,0.0,59.73608323330695
50,2,46,6,6,6,0.7512807626026864,0.6837748673849421,0.0675058952177443,7.630726370881378e-06,300.64206908215124
50,2,47,8,8,6,0.7809004840452612,0.6749698893718143,0.1059305946734469,8.789259002351479e-06,270.7370412210337
50,2,48,1,1,4,0.845988364995751,0.6930068505152259,0.1529815144805251,0.0,204.54824266562144
50,2,49,5,5,21,0.8781202068492343,0.8869885317785634,-0.008868324929329097,3.2108457298908835e-05,1235.8448362055465
50,2,50,1,1,7,0.845008205751034,0.767754653574179,0.07725355217685492,1.0088225251753116e-05,415.25390067561494
50,2,51,2,2,19,0.8341256486007401,0.8151855661138676,0.01894008248687251,2.6218005135607528e-05,1180.7899955970674
50,2,52,0,0,2,0.8568672457861327,0.7096269036596977,0.147240342126435,0.0,72.8803775223512
50,2,53,3,3,13,0.8384710372938393,0.786274385236523,0.05219665205731627,2.6533587172306245e-05,805.5210954164279
50,2,54,3,3,21,0.8633481743766326,0.8383063642489622,0.025041810127670372,4.300848055773787e-05,1384.9834202706334
50,2,56,3,3,7,0.8084051306768376,0.7484509592184031,0.05995417145843451,8.705572625409216e-06,324.06167212562355
50,2,58,8,8,19,0.7955147476134597,0.7603577764560939,0.035156971157365824,2.5063523472558022e-05,1019.4172426547966
50,2,59,8,8,12,0.8135271683085729,0.8145218320841966,-0.0009946637756237386,1.4502896509172044e-05,567.3841102410006
50,2,60,6,6,3,0.8683468758357135,0.5690717685219162,0.29927510731379725,5.989870364764849e-06,145.11274439962392
50,2,61,7,7,1,0.9999999297546038,0.361106290831103,0.6388936389235008,0.0,0.0
50,2,62,7,7,23,0.8494215247071968,0.8340189485453522,0.015402576161844594,3.460398434535529e-05,1368.3389381304007
50,2,65,5,5,16,0.8218123460296304,0.765947232544538,0.05586511348509238,0.0,874.4865599623718
50,2,66,3,3,2,0.8889085621170659,0.6598486094440649,0.22905995267300105,0.0,67.41029025547817
50,2,67,6,6,1,1.0000000004387013,0.3764921795413761,0.6235078208973253,0.0,0.0
50,2,68,3,3,1,1.0000000196394758,0.5613338458562565,0.43866617378321937,0.0,0.0
50,2,69,4,4,11,0.8104004042584726,0.7756491276556574,0.034751276602815184,1.5977968821438066e-05,593.4545590828602
50,2,70,9,9,1,0.9999999250054278,0.4642999007551359,0.5357000242502918,0.0,0.0
50,2,71,3,3,76,0.8499665091478057,0.8353253099976127,0.014641199150193018,0.0001063550240006405,4111.754143403957
50,2,72,2,2,26,0.8383439459186502,0.8386305703112275,-0.00028662439257720607,3.0970206525535406e-05,1517.4039389156317
50,2,73,1,1,3,0.9184821243142368,0.7136932575908534,0.20478886672338337,4.815444011981485e-06,135.4903734780368
50,2,75,4,4,4,0.8828564325596898,0.8243578315864917,0.058498600973198145,0.0,217.99003635447437
50,2,76,7,7,8,0.8107147563685658,0.7166351203584832,0.09407963601008262,0.0,432.4756640152188
50,2,77,8,8,20,0.8801986812666108,0.8299872923979076,0.050211388868703244,3.133964342248586e-05,1272.7058014922693
50,2,78,2,2,31,0.8164615609619468,0.8125595500426213,0.003902010919325516,5.341820547376755e-05,1890.7076791747324
50,2,79,5,5,9,0.8308928546428739,0.7954822083311499,0.03541064631172397,1.2251202811126654e-05,500.50364485320756
50,2,80,0,0,4,0.8549518328580966,0.7663204837363038,0.08863134912179282,0.0,217.13175441386926
50,2,81,6,6,1,0.9999999199187789,0.25234790724181194,0.747652012676967,0.0,0.0
50,2,83,4,4,1,0.9999999837829869,0.4430016289350636,0.5569983548479234,0.0,0.0
50,2,84,0,0,3,0.82342635485653,0.6801369135058978,0.14328944135063226,4.369812295630954e-06,127.73244181060089
50,2,85,5,5,7,0.7626341266927464,0.7432503998436014,0.019383726849145022,8.887451081682303e-06,315.39516736601814
50,2,86,6,6,36,0.8430248426180534,0.8473756142465615,-0.0043507716285080544,4.957047716034876e-05,2232.997919320728
50,2,87,1,1,5,0.8109191281905083,0.68319007559681,0.12772905259369827,8.472963808222474e-06,278.779955444222
50,2,88,9,9,19,0.8519294537951491,0.8278637368814858,0.024065716913663215,2.445450875658553e-05,1088.9509618718162
50,2,89,9,9,15,0.7813208941394317,0.8013785712713842,-0.0200576771319525,2.4544806059137542e-05,812.4668022316779
50,2,90,2,2,18,0.7960331869572939,0.7314515232402977,0.06458166371699614,2.572916988965877e-05,959.6494520989836
50,2,91,8,8,19,0.8721177828744705,0.8260244263930829,0.04609335648138757,2.7699300594410434e-05,1132.1065102641837
50,2,93,2,2,9,0.7927918480313215,0.724097106136302,0.06869474189501956,1.9615626282127617e-05,489.09499908001
50,2,94,9,9,2,0.8742528629236183,0.5596468374554554,0.31460602546816285,0.0,79.06599868557593
50,2,95,2,2,16,0.8811885360801118,0.8514488421099782,0.02973969397013365,0.0,1075.904835676795
50,2,97,2,2,26,0.8846167755989113,0.8848059930585853,-0.00018921745967404036,4.042243950166396e-05,1690.3480381703098
50,2,98,5,5,1,0.9999999847760431,0.5021898409664934,0.4978101438095497,0.0,0.0
50,2,99,9,9,17,0.8073018132934137,0.7465727991607212,0.060729014132692494,2.7702146986119145e-05,888.4390548710253
50,3,0,5,5,28,0.8531080985668,0.8425340246012251,0.01057407396557497,4.1649257440903014e-05,1828.4303584097834
50,3,1,9,9,1,0.9999999698085859,0.5669815525206101,0.43301841728797574,0.0,0.0
50,3,2,6,6,1,1.0000000697029499,0.5318284946430984,0.4681715750598514,0.0,0.0
50,3,3,4,4,13,0.8159689151863855,0.7608493034081495,0.05511961177823599,2.672684586777653e-05,799.8041703029644
50,3,4,8,8,7,0.8364879120523739,0.757228792400419,0.07925911965195498,9.15750424678424e-06,362.0235119008743
50,3,5,9,9,17,0.8216451617281826,0.7768232534869639,0.04482190824121868,2.0179851267756363e-05,942.6234330896436
50,3,6,7,7,5,0.7677117972749712,0.7057133602009406,0.06199843707403063,7.446839131342348e-06,292.75499148268904
50,3,7,6,6,1,1.0000000858035674,0.4716634763902052,0.5283366094133621,0.0,0.0
50,3,8,4,4,1,1.0000000436202987,0.5950288446849613,0.4049711989353374,0.0,0.0
50,3,9,7,7,5,0.8769907229975924,0.593680423027495,0.2833102999700974,8.483848476033802e-06,280.28565434325805
50,3,10,1,1,3,0.8052776710610652,0.615095916904261,0.19018175415680416,5.1033949029363226e-06,133.22429483076775
50,3,11,0,0,13,0.7271211587625603,0.6819832336285943,0.045137925133966084,1.8585032833694628e-05,673.5344064694539
50,3,12,0,0,4,0.8212856197784351,0.7383464344440256,0.08293918533440947,0.0,197.8464001287019
50,3,13,2,2,3,0.8659243141718052,0.6669916037980406,0.1989327103737646,5.747242542985301e-06,137.46133387400695
50,3,15,4,4,3,0.8930777243172667,0.8148005232495181,0.0782772010677486,5.068066636083876e-06,165.06399481446095
50,3,16,6,6,18,0.7909277606765718,0.75391002039958,0.037017740276991784,2.461942920353221e-05,1012.0273103921043
50,3,17,7,7,1,1.0000001158087355,0.40791526636059605,0.5920848494481394,0.0,0.0
50,3,18,2,2,5,0.83158284244622,0.744251459625239,0.08733138282098107,7.066895905442057e-06,268.5187436691771
50,3,19,5,5,2,0.8736368257917964,0.6267328935702255,0.2469039322215708,0.0,60.131567833494735
50,3,20,1,1,6,0.8208697049863728,0.7997443548991456,0.021125350087227157,9.961254640332576e-06,343.3037365268723
50,3,21,8,8,3,0.8950369431162444,0.7773099515912796,0.1177269915249648,4.9375905557831765e-06,146.63645154564497
50,3,22,4,4,4,0.8252176136596966,0.6002068893013627,0.2250107243583339,0.0,210.3924310254181
50,3,23,3,3,45,0.837243394901519,0.8416979617331288,-0.00445456683160983,5.873892012680917e-05,2218.7487752481725
50,3,24,5,5,21,0.8934304053571738,0.8714315964695571,0.021998808887616628,3.539254678758837e-05,1406.00401383536
50,3,25,7,7,1,0.9999999681186948,0.3893809100358325,0.6106190580828623,0.0,0.0
50,3,26,4,4,5,0.8059598805078215,0.630093866221742,0.1758660142860795,8.516127541514699e-06,257.75437534137893
50,3,28,0,0,5,0.8139292365869527,0.6992385574767773,0.11469067911017539,8.120944501705686e-06,269.5462472922684
50,3,29,2,2,1,0.9999999686731695,0.20802633167191717,0.7919736370012523,0.0,0.0
50,3,30,0,0,3,0.9253105481880233,0.8159176060181986,0.10939294216982465,4.668795423553301e-06,132.79430446747867
50,3,31,1,1,30,0.88061901649318,0.8642355647444395,0.016383451748740452,5.181110258908779e-05,1982.5021638127016
50,3,33,1,1,18,0.8194649582557003,0.784109749290014,0.035355208965686336,2.7482636072916613e-05,936.1393324344475
50,3,34,9,9,18,0.8674898708751893,0.8430028165120727,0.0244870543631166,3.680010530712443e-05,1155.7401133034239
50,3,35,4,4,7,0.8039243136669909,0.6495026389881523,0.1544216746788386,1.0064145038469405e-05,349.4493868813571
50,3,36,9,9,11,0.8627028250877661,0.8234167117639839,0.03928611332378218,1.6578959946879808e-05,637.7141024240008
50,3,37,7,7,1,1.000000093996533,0.4702602378532136,0.5297398561433194,0.0,0.0
50,3,39,7,7,3,0.8379388765619812,0.7216331514996411,0.11630572506234005,5.186800392521834e-06,139.70423811141538
50,3,42,4,4,1,0.9999999364624357,0.5132006401009597,0.486799296361476,0.0,0.0
50,3,44,0,0,9,0.7960693991056488,0.7111294863567182,0.08493991274893054,1.3226934926796614e-05,455.24373047960864
50,3,45,5,5,4,0.8925057653322769,0.6544033067251694,0.23810245860710744,0.0,212.83902486475418
50,3,47,8,8,7,0.8308800994814409,0.8113975058267727,0.0194825936546682,1.2993486340903292e-05,364.3876815497082
50,3,48,1,1,6,0.7965890652587521,0.7103658943318997,0.08622317092685239,8.406450985159359e-06,309.73675574656943
50,3,49,5,5,22,0.8663196104597325,0.8790243274573143,-0.0127047169975818,2.972598784209143e-05,1232.641953326345
50,3,50,1,1,4,0.8806452614755933,0.6991070067338054,0.18153825474178786,0.0,227.36241824988286
50,3,51,2,2,6,0.8360085393323989,0.7770578318945041,0.05895070743789488,1.1041484406480251e-05,350.95411019793966
50,3,52,0,0,1,1.0000000833094118,0.43078185842919076,0.5692182248802211,0.0,0.0
50,3,55,8,8,1,1.000000029663764,0.4600182802557201,0.5399817494080438,0.0,0.0
50,3,56,3,3,13,0.759382428704356,0.7521406900815328,0.0072417386228231795,1.662185845207397e-05,651.5039590140984
50,3,58,8,8,10,0.7790315317924469,0.7667624430175335,0.012269088774913395,1.6503258661702623e-05,547.2064363306038
50,3,59,8,8,12,0.7931540049836118,0.7977471158834342,-0.004593110899822395,1.6874165465956845e-05,575.4202070962333
50,3,60,6,6,18,0.7845810390611669,0.8093052306511571,-0.024724191589990174,2.5159567105820404e-05,950.8259769739428
50,3,61,7,7,1,1.0000000579551316,0.38573744999463044,0.6142626079605011,0.0,0.0
50,3,62,7,7,1,0.999999918984047,0.42223955049185796,0.577760368492189,0.0,0.0
50,3,63,1,1,32,0.8291323460503409,0.8098729485872296,0.01925939746311134,0.0,2056.493649578808
50,3,64,0,0,8,0.7462895026344389,0.7146078178836184,0.03168168475082056,0.0,419.2801822787668
50,3,66,3,3,1,0.9999999918009802,0.18889210355310554,0.8111078882478746,0.0,0.0
50,3,67,6,6,33,0.8225279590329707,0.8278650891676089,-0.005337130134638213,5.072575978145933e-05,1871.903855300903
50,3,68,3,3,7,0.8180805603692634,0.7378031967252408,0.0802773636440226,1.058025829093709e-05,343.641553559504
50,3,69,4,4,16,0.8553728645534966,0.835089225219076,0.020283639334420567,0.0,867.3481692482534
50,3,70,9,9,11,0.8667186550036399,0.7842417622965758,0.08247689270706404,1.5742178675704402e-05,584.6544920531778
50,3,71,3,3,6,0.747887374751164,0.7079479989805205,0.03993937577064344,7.750264701945923e-06,279.6883412252057
50,3,72,2,2,3,0.8031935381364812,0.6846147403895015,0.11857879774697966,4.4508494429828405e-06,119.78834677245261
50,3,73,1,1,59,0.852250788281364,0.8560658959685697,-0.003815107687205721,9.061374887765258e-05,3805.7458875940256
50,3,74,6,6,1,0.9999999639914636,0.594742264617199,0.4052576993742646,0.0,0.0
50,3,75,4,4,9,0.909131635360118,0.8664208539075902,0.042710781452527824,1.9837959796012873e-05,600.742976568379
50,3,76,7,7,2,0.9025883847767348,0.7146206545352504,0.1879677302414844,0.0,74.8611897522833
50,3,77,8,8,2,0.8184933796084254,0.6866936209038048,0.13179975870462057,0.0,76.8370010939153
50,3,78,2,2,4,0.839136204391359,0.6945325925536895,0.14460361183766957,0.0,207.98192378750778
50,3,79,5,5,4,0.8934075709573367,0.7543014316771204,0.1391061392802163,0.0,218.38995906138973
50,3,80,0,0,15,0.8435882442764877,0.8025679031425493,0.041020341133938376,3.5218683613565116e-05,906.0718719405743
50,3,81,6,6,1,0.9999999049704479,0.4488136205715174,0.5511862843989305,0.0,0.0
50,3,82,0,0,3,0.8429517793574285,0.7846695397512232,0.058282239606205266,4.745722293362429e-06,132.51549330153546
50,3,83,4,4,51,0.8832376266551729,0.8546074276557046,0.02863019899946828,8.349917032790274e-05,3186.1544639504878
50,3,84,0,0,6,0.7430072828659631,0.6070887625856578,0.13591852028030527,8.813153649497246e-06,278.537823874362
50,3,85,5,5,21,0.8683608527308123,0.8159537525386646,0.05240710019214767,3.402041205181795e-05,1210.4569945137212
50,3,88,9,9,4,0.8852684493156379,0.669076426051276,0.21619202326436182,0.0,214.65097570636067
50,3,89,9,9,1,1.0000000217913585,0.32263453199098896,0.6773654898003696,0.0,0.0
50,3,90,2,2,2,0.8048127583266507,0.5290064928335761,0.2758062654930745,0.0,67.70511366276322
50,3,91,8,8,24,0.8191230383600263,0.8254947161982847,-0.006371677838258427,3.901199776771934e-05,1506.5012305868233
50,3,92,1,1,12,0.8205776010833525,0.8078200347235628,0.012757566359789752,2.2561027156539505e-05,727.0111297556507
50,3,94,9,9,7,0.8287919995634225,0.8162201635618699,0.01257183600155265,1.118293088485185e-05,376.1540655321907
50,3,95,2,2,2,0.9465962099870314,0.6664290602200398,0.28016714976699164,0.0,87.01797298881027
50,3,96,7,7,2,0.8907694344991891,0.5001314115352031,0.390638022963986,0.0,64.06432510574649
50,3,97,2,2,1,1.0000000715189479,0.49872895633670294,0.5012711151822449,0.0,0.0
50,3,98,5,5,13,0.7871045658951423,0.7620695638401861,0.025035002054956235,2.5957360497633832e-05,730.1186638391805
50,3,99,9,9,4,0.8034107081290383,0.6513838127748689,0.15202689535416936,0.0,179.83490451138002
50,4,0,5,5,13,0.815915188004666,0.8251984780304035,-0.009283290025737467,1.87219714089619e-05,823.6693746325046
50,4,1,9,9,31,0.8522117137653785,0.8060887189920172,0.04612299477336135,6.026130954487779e-05,1999.013707973289
50,4,3,4,4,5,0.797662907277195,0.7208036257577028,0.07685928151949217,7.810003643409897e-06,240.63304442828272
50,4,4,8,8,9,0.836836512547377,0.7768281101617346,0.06000840238564242,1.3997314594867579e-05,547.1304374418185
50,4,5,9,9,7,0.8161215128384833,0.7606304375235524,0.055491075314930915,1.1309033155161494e-05,370.3725778836597
50,4,6,7,7,5,0.7828416776364014,0.6973064636416516,0.08553521399474984,1.0463912409207259e-05,269.49220279537343
50,4,8,4,4,118,0.8347389134127875,0.8249261349688585,0.009812778443929027,0.00013825341365524435,5981.368443396567
50,4,9,7,7,2,0.8666239434839149,0.6083605979772685,0.2582633455066464,0.0,75.16252828926335
50,4,10,1,1,1,0.9999999760545569,0.2645357694610957,0.7354642065934612,0.0,0.0
50,4,11,0,0,1,0.9999999538746174,0.25281058431231695,0.7471893695623004,0.0,0.0
50,4,12,0,0,19,0.7984508801765765,0.8301285602594645,-0.03167768008288796,2.76448813713551e-05,923.3151789638488
50,4,13,2,2,1,0.9999999244594059,0.45926159758349894,0.540738326875907,0.0,0.0
50,4,14,3,3,6,0.8850605888918468,0.7767685182295971,0.10829207066224966,7.782529222980419e-06,400.3633697832772
50,4,15,4,4,1,0.9999999689325748,0.69196595783974,0.3080340110928348,0.0,0.0
50,4,16,6,6,8,0.8035947455747409,0.6407616863866115,0.1628330591881294,0.0,426.4933400320249
50,4,18,2,2,3,0.864608254341244,0.7188329659818241,0.14577528835941989,5.879096451648404e-06,148.0370985472174
50,4,19,5,5,17,0.8029573221563598,0.8023305935703754,0.0006267285859844485,2.299610496262089e-05,989.2119733353474
50,4,20,1,1,6,0.8374937962928493,0.743586671471007,0.09390712482184227,9.895975525218979e-06,337.2258094800503
50,4,21,8,8,6,0.8333375678683652,0.8150812653174501,0.01825630255091515,7.579341375076825e-06,311.85131476193493
50,4,22,4,4,4,0.7612464744529625,0.5853906137676755,0.1758558606852869,0.0,170.3809838199318
50,4,23,3,3,4,0.895123993316609,0.6825456247929199,0.21257836852368905,0.0,196.1973997156643
50,4,24,5,5,1,1.000000071361365,0.6176552867671141,0.3823447845942509,0.0,0.0
50,4,25,7,7,10,0.8093422155804915,0.7241837051738831,0.08515851040660838,1.5288515166205068e-05,541.8465602918764
50,4,27,8,8,2,0.912074332627145,0.5655719988299974,0.34650233379714757,0.0,83.98769020953371
50,4,28,0,0,70,0.8374191379244977,0.8150794085433839,0.022339729381113838,0.0001071807169335903,4193.433214943457
50,4,29,2,2,15,0.8410916322124076,0.7728985192011897,0.06819311301121789,2.2713393122417653e-05,877.1108717204845
50,4,30,0,0,5,0.8379363505404345,0.7695773231279538,0.06835902741248068,8.370917645561378e-06,234.6468912706275
50,4,31,1,1,4,0.800486222775967,0.7211533460305177,0.07933287674544931,0.0,173.58175993110402
50,4,32,3,3,1,1.0000000217556837,0.3786339292657722,0.6213660924899115,0.0,0.0
50,4,33,1,1,2,0.8915163648696945,0.7023740500474843,0.18914231482221022,0.0,63.81934478031559
50,4,34,9,9,5,0.8932299969753391,0.7838108984461439,0.10941909852919518,7.071385059755091e-06,287.0684417815065
50,4,35,4,4,8,0.8013827031293411,0.6453626248656059,0.1560200782637352,0.0,431.39364751665244
50,4,36,9,9,6,0.8247582556140273,0.8260590177655771,-0.001300762151549839,9.225507257842236e-06,334.8656679680737
50,4,37,7,7,2,0.8628006463969028,0.3970215541264515,0.4657790922704513,0.0,59.66563738216447
50,4,38,8,8,4,0.8619570850151275,0.8102537944399688,0.051703290575158656,0.0,214.00182243258564
50,4,39,7,7,3,0.8926419479738033,0.7872549841127522,0.10538696386105106,5.761134366913115e-06,150.98768733352222
50,4,41,9,9,3,0.8313029683710995,0.5710061046028465,0.260296863768253,4.804172909651862e-06,133.1668468972255
50,4,42,4,4,11,0.8232159043719405,0.7086304769170688,0.11458542745487166,1.4964032220337202e-05,612.468321335852
50,4,43,3,3,12,0.8460006106312732,0.8453212396490997,0.0006793709821735217,1.7451865536811713e-05,721.1574093772883
50,4,44,0,0,9,0.7856969267509241,0.6771581933353978,0.10853873341552622,1.196592306625751e-05,475.97650141040566
50,4,45,5,5,1,1.0000000472436692,0.5488724413892029,0.4511276058544663,0.0,0.0
50,4,46,6,6,1,0.9999999442884069,0.27567761742458713,0.7243223268638197,0.0,0.0
50,4,47,8,8,10,0.8459066017023452,0.7811659621233954,0.06474063957894982,1.5567997217939283e-05,507.7761728141145
50,4,48,1,1,1,0.9999999855900493,0.43721774489274967,0.5627822406972997,0.0,0.0
50,4,49,5,5,2,0.8142754588001306,0.5073714299744122,0.30690402882571843,0.0,67.18122405842482
50,4,50,1,1,2,0.8416719088131775,0.594318023926123,0.24735388488705456,0.0,70.40122920032249
50,4,51,2,2,1,0.9999999748696315,0.6239456836604959,0.3760542912091357,0.0,0.0
50,4,53,3,3,1,1.0000000177078685,0.49279363312388985,0.5072063845839787,0.0,0.0
50,4,54,3,3,14,0.8249908744000233,0.7827998883045255,0.04219098609549776,2.0727333936828466e-05,763.3431607381752
50,4,55,8,8,5,0.8137613505954955,0.7681402329912623,0.04562111760423315,8.446419004441107e-06,251.40504288143623
50,4,56,3,3,14,0.7957730400004489,0.7618411908895595,0.03393184911088942,1.93415316641083e-05,755.0585004049697
50,4,57,6,6,7,0.8669312109072544,0.8526028543937237,0.014328356513530704,1.0942869355181914e-05,401.7408680714588
50,4,58,8,8,3,0.8233350102938936,0.6829713304003217,0.1403636798935719,5.339209939325514e-06,143.93068766268644
50,4,59,8,8,10,0.8179609016297378,0.7833164991431596,0.034644402486578185,1.333346558435069e-05,509.17960713662654
50,4,60,6,6,10,0.8236118601399727,0.8021250552023749,0.021486804937597803,1.5140727074946738e-05,548.3049153438637
50,4,62,7,7,2,0.9291845298166738,0.5742369702866187,0.3549475595300551,0.0,82.39085881158618
50,4,63,1,1,3,0.8575064783528835,0.6799145893950066,0.17759188895787692,4.228345210484392e-06,158.86639191342317
50,4,64,0,0,3,0.906395951660389,0.8079952306618662,0.09840072099852282,4.660050448822857e-06,164.22537118821117
50,4,65,5,5,4,0.8238786081674279,0.5514733648223183,0.2724052433451095,0.0,202.357416711677
50,4,66,3,3,3,0.887531536848761,0.7478014968262706,0.13973004002249034,4.158614275834419e-06,155.51569729019536
50,4,67,6,6,31,0.8046580928159018,0.7994243252044173,0.00523376761148453,3.878290139043897e-05,1806.6389975857473
50,4,68,3,3,1,0.9999999228200647,0.39379976719765647,0.6062001556224081,0.0,0.0
50,4,70,9,9,6,0.7846212247084138,0.7101508828616622,0.07447034184675161,9.401210577111844e-06,316.8462457543459
50,4,71,3,3,1,1.000000035811001,0.6732597371051847,0.32674029870581633,0.0,0.0
50,4,72,2,2,9,0.8294815555251769,0.7346698396702113,0.09481171585496562,1.532591102880927e-05,533.1213139276057
50,4,73,1,1,54,0.8701236113220849,0.865105493467179,0.0050181178549059124,9.410647797766122e-05,3486.254046029405
50,4,74,6,6,6,0.8493566552441899,0.726846397309025,0.1225102579351649,1.1396219569023434e-05,388.97658560070533
50,4,75,4,4,1,1.000000000033795,0.10117113456744506,0.8988288654663499,0.0,0.0
50,4,76,7,7,5,0.8554247651607624,0.7447278622304232,0.11069690293033918,7.934519468090675e-06,246.41462773944525
50,4,77,8,8,10,0.8256107126374778,0.8147932249001762,0.010817487737301512,1.2687479935955899e-05,537.759841166913
50,4,80,0,0,8,0.798389993826421,0.7289943135126513,0.06939568031376964,0.0,421.78690005898795
50,4,81,6,6,4,0.7910627826887688,0.6933177235242081,0.09774505916456078,0.0,184.9976412008664
50,4,83,4,4,3,0.8441134197160889,0.804542996935347,0.039570422780741854,6.085365823339567e-06,150.17450875685498
50,4,84,0,0,26,0.7456642471627486,0.7343141114715421,0.011350135691206464,3.392480755412364e-05,1298.4262539035713
50,4,85,5,5,36,0.8333935346135896,0.812962543187468,0.020430991426121592,6.103149157544205e-05,2011.149482966625
50,4,86,6,6,11,0.8812173757621409,0.8413685234293979,0.039848852332742934,1.8557414282334978e-05,701.6076568050919
50,4,87,1,1,1,0.9999999940362958,0.5519061991663773,0.4480937948699185,0.0,0.0
50,4,88,9,9,17,0.87758328145925,0.851768080702293,0.02581520075695698,2.4574871798659e-05,1059.320876273923
50,4,89,9,9,23,0.7958615403220222,0.7303524224455961,0.0655091178764261,2.9897160698392258e-05,1200.0957586982481
50,4,90,2,2,16,0.8026958486009005,0.7498535187891477,0.05284232981175274,0.0,766.9563945014041
50,4,91,8,8,2,0.8482176726075816,0.7522197862324237,0.09599788637515794,0.0,80.25911119459843
50,4,92,1,1,29,0.8161030505217992,0.7938210064838765,0.022282044037922666,4.360778267506602e-05,1709.7633487849248
50,4,94,9,9,2,0.8034985308588097,0.5478168639475937,0.2556816669112161,0.0,71.68426473993401
50,4,96,7,7,31,0.8126179600819278,0.8083980725298272,0.004219887552100565,4.307452665395451e-05,1480.0543089310456
50,4,98,5,5,1,1.000000002752994,0.2554723429411771,0.7445276598118169,0.0,0.0
50,4,99,9,9,2,0.8459230126655077,0.5044131429059159,0.34150986975959186,0.0,75.46715631633663
50,5,1,9,9,2,0.9011395739123985,0.6100518517430326,0.29108772216936596,0.0,74.79655442693324
50,5,2,6,6,1,1.0000000481699105,0.5805278204947142,0.4194722276751963,0.0,0.0
50,5,4,8,8,9,0.7803390538903248,0.8054012884291948,-0.02506223453887002,1.3817676876437712e-05,494.4020445153349
50,5,5,9,9,7,0.8178454806846555,0.7401480582519151,0.07769742243274036,1.0553446007326917e-05,360.25770761880165
50,5,6,7,7,6,0.8159613968455303,0.8013604388702856,0.014600957975244633,1.0651238937634754e-05,332.20007501934805
50,5,7,6,6,13,0.8028373466840211,0.7592913212463265,0.04354602543769459,2.466803471817501e-05,790.6312269155355
50,5,8,4,4,4,0.7914403663226638,0.753966595011714,0.037473771310949755,0.0,181.64360615983855
50,5,9,7,7,38,0.8139905773674718,0.8090274440900466,0.004963133277425258,4.6490905167616876e-05,2252.5058621303683
50,5,10,1,1,32,0.7595466481822527,0.7515777800855066,0.007968868096746129,0.0,1668.8136619245686
50,5,11,0,0,5,0.72121124889554,0.5748645165241721,0.14634673237136786,7.576380352845921e-06,250.5614825852422
50,5,12,0,0,1,0.99999989255984,0.314043652002072,0.6859562405577679,0.0,0.0
50,5,13,2,2,1,0.9999999444939306,0.4042658582257381,0.5957340862681926,0.0,0.0
50,5,14,3,3,6,0.8433718460506175,0.7245705643986493,0.11880128165196824,7.348406375820832e-06,329.5675212906519
50,5,15,4,4,4,0.8414141816231397,0.7404604372467803,0.1009537443763594,0.0,208.55731315285686
50,5,17,7,7,1,1.0000000757135372,0.5922296802234791,0.4077703954900581,0.0,0.0
50,5,19,5,5,23,0.8544770045710808,0.8330499874240231,0.021427017147057636,3.909452860662842e-05,1455.6797504238732
50,5,20,1,1,12,0.8184834669078803,0.7600242256958238,0.05845924121205648,2.050870312194187e-05,703.0380764848384
50,5,21,8,8,6,0.8944615490150662,0.8575491720123762,0.03691237700269001,1.1921812741983627e-05,359.1402333598817
50,5,22,4,4,10,0.7785627029529766,0.7785607001362412,2.0028167353469684e-06,1.3157857775705603e-05,535.9288686078814
50,5,23,3,3,12,0.7660467501233984,0.7255830836320354,0.040463666491363015,1.597318079040796e-05,536.3911431451575
50,5,25,7,7,9,0.7889354411621536,0.7710922429776144,0.017843198184539277,1.3120731896455034e-05,477.738482237196
50,5,27,8,8,14,0.8625787973802452,0.7603349157119813,0.10224388166826393,2.8232229804122668e-05,781.3978294370808
50,5,28,0,0,16,0.7784476039574217,0.7525188524243208,0.025928751533100924,0.0,845.1543472623522
50,5,29,2,2,6,0.7999063916974264,0.6166990954298613,0.18320729626756505,1.0170468093448105e-05,342.63279404399356
50,5,30,0,0,12,0.8506975753014616,0.8161097447488446,0.03458783055261705,2.115206389739395e-05,705.2084349806986
50,5,31,1,1,3,0.8693502470357594,0.7429881658337812,0.12636208120197812,5.13421975226697e-06,146.6786769269855
50,5,32,3,3,9,0.7724200036839842,0.6631091171320105,0.10931088655197374,1.3763707403567276e-05,479.5928228856005
50,5,34,9,9,6,0.8458816249359021,0.7927784985706696,0.05310312636523251,9.088842853633172e-06,322.69845604272734
50,5,35,4,4,17,0.7602580556164296,0.761662598176528,-0.0014045425600984762,3.3735006711702044e-05,902.644512007791
50,5,36,9,9,14,0.8531569088887863,0.8047734286991809,0.048383480189605366,2.086401312987012e-05,881.6910546056706
50,5,38,8,8,5,0.8546890037356222,0.7597321660659493,0.09495683766967289,6.906814077634445e-06,243.05457726838475
50,5,39,7,7,7,0.8663636062730218,0.8214841995032366,0.04487940676978519,8.747626594538242e-06,334.92145677077326
50,5,40,5,5,2,0.8365782955215734,0.3876671080285351,0.44891118749303827,0.0,63.16311341594728
50,5,41,9,9,21,0.8705186612068628,0.8498727667915642,0.020645894415298627,3.1917220979201645e-05,1193.457299679875
50,5,43,3,3,3,0.8763801950998237,0.7286440780535755,0.14773611704624823,5.3618033029825264e-06,151.3559791471805
50,5,44,0,0,43,0.7885371927957906,0.7867589539348925,0.0017782388608981181,9.183208608851713e-05,2404.7875221228855
50,5,45,5,5,37,0.8040816714886879,0.7744633300030067,0.02961834148568121,4.863521595566803e-05,2003.5892120641975
50,5,46,6,6,6,0.7954218468177512,0.7100118669681528,0.08540997984959842,8.440484239584661e-06,333.3707450018444
50,5,48,1,1,5,0.7637323313223393,0.5897474546581414,0.17398487666419793,7.150085666970031e-06,216.18619807141684
50,5,49,5,5,2,0.900922653913147,0.6490924169242726,0.2518302369888744,0.0,70.71292093427436
50,5,50,1,1,10,0.8327543159178551,0.7738399929724441,0.05891432294541099,2.071233058436768e-05,568.3472819488205
50,5,51,2,2,8,0.879516052591918,0.7552255712737117,0.1242904813182063,0.0,481.00439237395886
50,5,52,0,0,3,0.8596965967465942,0.7211889031748172,0.13850769357177695,5.373114723357173e-06,136.98918966322853
50,5,53,3,3,9,0.8307144252886317,0.8244956342403226,0.006218791048309136,1.4272341214929135e-05,512.9382409777726
50,5,54,3,3,9,0.8087920515536848,0.7867276756890916,0.0220643758645932,1.4099970287770142e-05,517.6146316235405
50,5,55,8,8,19,0.7667104687505657,0.76378544618285,0.0029250225677156516,2.357952394016483e-05,1049.602812620965
50,5,56,3,3,9,0.8447584413979304,0.8286535948226461,0.016104846575284326,1.335613057656035e-05,502.7946341817359
50,5,57,6,6,8,0.8146795499972138,0.7008523173384877,0.11382723265872607,0.0,436.61707475457735
50,5,58,8,8,7,0.8021986971350532,0.6942483343080431,0.1079503628270101,1.0449468629615962e-05,357.32712243510355
50,5,59,8,8,2,0.8772157832011215,0.35777375376238446,0.519442029438737,0.0,70.1788609543365
50,5,61,7,7,7,0.7734923402860726,0.7371440990433004,0.03634824124277225,9.113937859107014e-06,388.90443750114173
50,5,62,7,7,15,0.8260083018057891,0.8552056636191737,-0.029197361813384615,2.9821662308965814e-05,883.4246354487426
50,5,63,1,1,5,0.8403327146987399,0.7656883821475683,0.07464433255117164,8.574112131678984e-06,285.43867749202315
50,5,65,5,5,13,0.7753462493736659,0.7517297045361943,0.023616544837471665,1.8775353538689642e-05,680.1327418283073
50,5,67,6,6,10,0.8199754710819989,0.7492868932427477,0.0706885778392512,1.4619166957506544e-05,577.2498847851942
50,5,68,3,3,24,0.851825877905942,0.8460338275052943,0.005792050400647675,3.697716568386566e-05,1405.7956666970974
50,5,69,4,4,22,0.8387622165471533,0.7961750663223431,0.04258715022481019,3.921469685146813e-05,1207.4935624404059
50,5,70,9,9,42,0.8449460537249828,0.823653868971277,0.021292184753705756,5.4714794717290034e-05,2390.3341984230274
50,5,71,3,3,14,0.8578713148355501,0.7774260955091254,0.08044521932642468,1.670133261029666e-05,713.0435009746327
50,5,73,1,1,1,0.9999999095960808,0.5913600529773602,0.4086398566187206,0.0,0.0
50,5,74,6,6,8,0.8560036820570615,0.7615463349752949,0.09445734708176656,0.0,478.8516640513425
50,5,76,7,7,1,1.0000000248918262,0.593970110857046,0.40602991403478017,0.0,0.0
50,5,77,8,8,41,0.861066766696845,0.8458365387865582,0.015230227910286831,7.730739243955996e-05,2538.2665955241396
50,5,78,2,2,9,0.7993375386567522,0.7675506212026689,0.03178691745408324,1.0279858561382129e-05,472.69540721799973
50,5,79,5,5,7,0.8173544500198049,0.7650619196390199,0.05229253038078496,1.0307229150041285e-05,365.94617143834887
50,5,80,0,0,1,1.0000000801289355,0.6077447967498323,0.3922552833791032,0.0,0.0
50,5,82,0,0,3,0.8012892448562172,0.6203415253419261,0.18094771951429112,4.5458648865132925e-06,131.8102908930143
50,5,83,4,4,10,0.8743507768861097,0.7734980370154212,0.10085273987068855,1.6896941203467258e-05,632.9074127414312
50,5,85,5,5,7,0.8366641566926006,0.762829230793501,0.07383492589909968,9.151664440469142e-06,349.77993508963
50,5,86,6,6,4,0.8819332011897691,0.8256328274715327,0.056300373718236485,0.0,221.36372678604624
50,5,87,1,1,2,0.7875981508078159,0.5455903157233479,0.242007835084468,0.0,71.7034270175012
50,5,89,9,9,3,0.8635168459915799,0.5652813417131181,0.2982355042784618,4.2590041434673366e-06,131.55515908425
50,5,90,2,2,1,0.9999999623207104,0.658692873215893,0.34130708910481744,0.0,0.0
50,5,91,8,8,19,0.8113550823485918,0.7679512903058913,0.043403792042700506,3.057362255581046e-05,1178.8965638929885
50,5,92,1,1,3,0.8405228019945421,0.6689698971252882,0.1715529048692539,3.72885116920927e-06,150.26979726139962
50,5,93,2,2,1,1.0000000726358929,0.6138027792643678,0.3861972933715251,0.0,0.0
50,5,94,9,9,1,0.9999999542217531,0.3050070819872835,0.6949928722344696,0.0,0.0
50,5,95,2,2,4,0.8727152434267563,0.7979480745985126,0.07476716882824375,0.0,242.91487372294867
50,5,97,2,2,1,0.9999999430152081,0.5275766341913981,0.47242330882381,0.0,0.0
50,5,99,9,9,11,0.7200786406798125,0.7312195115055805,-0.011140870825767979,1.662835102453295e-05,526.9531137107867
50,6,0,5,5,3,0.8783476570821118,0.735777294523861,0.14257036255825084,5.252413461243617e-06,153.4380508735791
50,6,1,9,9,19,0.8665998384806428,0.8369753710989748,0.029624467381668018,3.065371421747366e-05,1205.273305075568
50,6,2,6,6,1,1.000000038937656,0.560645979676254,0.43935405926140203,0.0,0.0
50,6,3,4,4,12,0.8318614056711295,0.7464353112076062,0.08542609446352334,1.7614734662892537e-05,752.2003075803897
50,6,4,8,8,3,0.8445397373419963,0.7084720202679761,0.1360677170740202,5.777737097621314e-06,132.65370962669041
50,6,6,7,7,5,0.8559003129559387,0.7489611889696912,0.1069391239862475,7.730310481769186e-06,299.15056928893364
50,6,7,6,6,5,0.8688794333017255,0.6671180973880828,0.20176133591364265,7.216674721353967e-06,297.6791372715952
50,6,8,4,4,1,1.0000000332454309,0.4755485409487837,0.5244514922966472,0.0,0.0
50,6,9,7,7,1,0.9999999550082631,0.5109798087709916,0.4890201462372715,0.0,0.0
50,6,10,1,1,1,0.9999999632150894,0.3060670228400607,0.6939329403750287,0.0,0.0
50,6,11,0,0,7,0.7657163352827117,0.6609727842842025,0.10474355099850918,1.1690776401138449e-05,343.32450793217316
50,6,12,0,0,7,0.7791546113423735,0.742441328910258,0.03671328243211547,1.0034876624704973e-05,348.96445658148787
50,6,13,2,2,1,1.0000000338912092,0.44049363300834665,0.5595064008828625,0.0,0.0
50,6,14,3,3,13,0.7789889458539946,0.7594652404284583,0.019523705425536275,2.9553197693194768e-05,746.4411354320418
50,6,15,4,4,8,0.856842460141837,0.8081474246412218,0.04869503550061516,0.0,442.96806748810974
50,6,16,6,6,11,0.7660496576458716,0.6820043266947368,0.08404533095113487,1.8690258203188023e-05,611.4089062970348
50,6,17,7,7,8,0.8146930850055927,0.7193485169893921,0.09534456801620061,0.0,388.8627645629947
50,6,18,2,2,5,0.8419162782888231,0.7788756258644921,0.06304065242433099,6.8557276819230146e-06,293.2166064475768
50,6,19,5,5,1,1.0000000263751967,0.6437211717374409,0.35627885463775577,0.0,0.0
50,6,20,1,1,8,0.8571726194774952,0.761269206545208,0.09590341293228721,0.0,459.7658316544975
50,6,21,8,8,5,0.8489647849581461,0.8025263191721675,0.046438465785978544,8.257872865464748e-06,254.540940516951
50,6,22,4,4,4,0.773819755107616,0.5740683289231802,0.19975142618443587,0.0,184.43387913228236
50,6,23,3,3,60,0.8828977450301353,0.851660010339116,0.031237734691019314,8.056052857384698e-05,3045.181352004054
50,6,24,5,5,1,1.0000000683611474,0.5249988849892485,0.4750011833718989,0.0,0.0
50,6,27,8,8,13,0.7711730252307538,0.7506517994885675,0.02052122574218629,1.85714014895389e-05,726.1130657840532
50,6,28,0,0,1,1.0000000769655661,0.4188565191298363,0.5811435578357298,0.0,0.0
50,6,29,2,2,1,0.9999999523506186,0.2712232723270619,0.7287766800235567,0.0,0.0
50,6,31,1,1,10,0.7931510601658979,0.808246628358607,-0.015095568192709186,1.728495219693057e-05,542.2876819393236
50,6,32,3,3,9,0.8204330681342688,0.648199100572948,0.1722339675613207,1.5515651656773888e-05,468.2503817957804
50,6,33,1,1,4,0.7725140555003425,0.5400069567307203,0.23250709876962217,0.0,154.8371509731174
50,6,34,9,9,16,0.8868941041617623,0.8200048091019284,0.06688929505983388,0.0,1052.6757031119455
50,6,35,4,4,3,0.8489039593880452,0.6475208567894175,0.20138310259862768,4.241764726294199e-06,144.30740979315664
50,6,36,9,9,7,0.7992861710779597,0.7574640572914864,0.04182211378647338,1.1358817722181248e-05,374.24735260715823
50,6,37,7,7,8,0.8042540007536116,0.7828704330237543,0.02138356772985739,0.0,396.9835156558448
50,6,39,7,7,1,1.0000000556935167,0.5666021281246042,0.4333979275689125,0.0,0.0
50,6,40,5,5,11,0.7415896800035049,0.692361766449891,0.04922791355361389,1.6761606428149167e-05,552.6519155231882
50,6,41,9,9,1,1.000000063748671,0.3819056850652357,0.6180943786834353,0.0,0.0
50,6,42,4,4,1,1.0000000219454135,0.3262504231223175,0.6737495988230959,0.0,0.0
50,6,43,3,3,1,0.9999999954483355,0.5814651657487878,0.4185348296995477,0.0,0.0
50,6,44,0,0,8,0.8423371236672726,0.7423523667618722,0.09998475690540043,0.0,438.0782168460578
50,6,46,6,6,1,1.0000000466688173,0.26887519688636174,0.7311248497824555,0.0,0.0
50,6,47,8,8,1,0.9999999761230486,0.420846504707375,0.5791534714156736,0.0,0.0
50,6,48,1,1,8,0.8727538825339347,0.7634236823700651,0.10933020016386963,0.0,458.695681623823
50,6,49,5,5,2,0.8951884403877105,0.677011172525535,0.2181772678621755,0.0,73.6120372166351
50,6,50,1,1,1,0.9999999746400319,0.5112339795998306,0.48876599504020124,0.0,0.0
50,6,52,0,0,9,0.8496289388601315,0.8717926167568721,-0.022163677896740674,1.4418893029651756e-05,486.5144225625741
50,6,53,3,3,3,0.9109295734812,0.7199229148388365,0.19100665864236344,5.705820930605293e-06,158.01588456600493
50,6,54,3,3,13,0.8149846576870072,0.7763191767176116,0.038665480969395594,1.680364031879776e-05,739.9287213824069
50,6,55,8,8,1,0.9999999738681017,0.20302281990780935,0.7969771539602923,0.0,0.0
50,6,57,6,6,15,0.7939296049900251,0.7965914416980967,-0.00266183670807163,2.2230944535033956e-05,777.5222376099837
50,6,58,8,8,16,0.8214687647401241,0.7840661113318673,0.03740265340825677,0.0,853.4969679919187
50,6,60,6,6,5,0.7323076968882518,0.5628191656536411,0.16948853123461072,8.103900894565953e-06,221.75766601437832
50,6,61,7,7,2,0.9202523039114188,0.5670041197043091,0.3532481842071097,0.0,55.05709821663102
50,6,63,1,1,3,0.7913377881815934,0.7416016365702403,0.04973615161135314,3.837832443876498e-06,126.60835122105887
50,6,64,0,0,6,0.7882373043045942,0.7407674071727974,0.04746989713179672,9.112290625329365e-06,284.75788458714965
50,6,65,5,5,2,0.8519121871890429,0.6016105966725948,0.2503015905164482,0.0,71.33364374942073
50,6,66,3,3,8,0.8792220256268719,0.8288783345986193,0.050343691028252646,0.0,490.98010138806694
50,6,67,6,6,3,0.8146235831246652,0.6436745244547185,0.1709490586699467,5.831872957881193e-06,138.99774209966301
50,6,69,4,4,8,0.8790744342183291,0.8062213767238486,0.07285305749448046,0.0,450.4220339111755
50,6,70,9,9,8,0.8538754458383515,0.7823745552092188,0.07150089062913267,0.0,475.1057393066574
50,6,71,3,3,9,0.8320133258136309,0.80077192086997,0.0312414049436609,1.3372491773533588e-05,477.6818291869968
50,6,72,2,2,24,0.8424571171485958,0.8197719355281685,0.02268518162042732,4.2723030864595924e-05,1468.1284507129715
50,6,74,6,6,6,0.724852055838417,0.6821919812108351,0.04266007462758192,1.0690425714719159e-05,306.6754113829812
50,6,75,4,4,3,0.8230535334736432,0.6991381615449308,0.12391537192871238,4.3959134183041305e-06,114.5065053017366
50,6,76,7,7,11,0.8349351278370797,0.6975117441035203,0.13742338373355933,1.4904470355755548e-05,577.7087141796461
50,6,77,8,8,2,0.8836620376697738,0.5722861434774533,0.3113758941923205,0.0,76.26484414491041
50,6,78,2,2,18,0.7586588008453468,0.7750742902727344,-0.016415489427387686,2.200101790100611e-05,946.6865010800492
50,6,79,5,5,1,0.9999999676261978,0.45282229695157,0.5471776706746279,0.0,0.0
50,6,80,0,0,7,0.8115795968239883,0.7881410603590514,0.023438536464936877,9.31824002238613e-06,339.38382906006973
50,6,81,6,6,15,0.8116153509912293,0.7791487178635415,0.03246663312768783,2.2006532174512336e-05,796.1172049333939
50,6,82,0,0,4,0.7796786888780286,0.7601915194857566,0.01948716939227202,0.0,188.32235718616585
50,6,83,4,4,23,0.9073455010658378,0.8488000456338106,0.05854545543202716,4.123986365705629e-05,1511.2853420603735
50,6,84,0,0,3,0.8510145394630869,0.4227551447055608,0.4282593947575261,5.117486620971584e-06,146.14231203941705
50,6,85,5,5,10,0.7998107505830779,0.747560814603914,0.05224993597916394,1.3855613688852115e-05,516.059003765447
50,6,87,1,1,3,0.8629411936602341,0.7567567539379952,0.1061844397222389,6.690209830194182e-06,161.8419526331042
50,6,88,9,9,6,0.8751319994975013,0.8156442812259244,0.05948771827157695,1.1590391497464736e-05,321.7431634872351
50,6,89,9,9,1,1.0000001037922144,0.5302067206362271,0.4697933831559873,0.0,0.0
50,6,90,2,2,1,0.999999959628801,0.3607000377095892,0.6392999219192117,0.0,0.0
50,6,91,8,8,3,0.8350175771915836,0.5168708185841018,0.31814675860748187,6.071962715015129e-06,152.46786553736703
50,6,92,1,1,2,0.8699227811583492,0.5167382038688159,0.35318457728953334,0.0,72.58802083206768
50,6,94,9,9,3,0.8386978962823649,0.7387653765052318,0.09993251977713313,4.407689506807793e-06,138.5285173215687
50,6,95,2,2,8,0.8720660851850275,0.8602653459370643,0.01180073924796321,0.0,467.2639543761971
50,6,96,7,7,15,0.8459165147432084,0.8208050495910607,0.025111465152147683,2.104728496965163e-05,805.510770794899
50,6,97,2,2,2,0.9159399014459567,0.7322545287149623,0.1836853727309944,0.0,84.59989811264181
50,6,99,9,9,42,0.7841381666700227,0.8113503982038687,-0.027212231533846,5.6346055767271794e-05,2210.1727110419924
50,7,1,9,9,9,0.826650457441093,0.7973404349371663,0.02931002250392667,1.263114296663878e-05,543.7707742136271
50,7,2,6,6,1,0.9999999591556034,0.4536521403983568,0.5463478187572466,0.0,0.0
50,7,3,4,4,3,0.8651607372462914,0.6104207847933016,0.25473995245298975,4.2616444074406475e-06,130.99301424382608
50,7,4,8,8,1,0.9999999698398214,0.4497735745264517,0.5502263953133697,0.0,0.0
50,7,5,9,9,7,0.7867780226159884,0.738653628602138,0.04812439401385038,1.245969892744184e-05,390.84033171657796
50,7,6,7,7,3,0.8388183067397229,0.6941349102789699,0.144683396460753,6.08980017203383e-06,156.621430937632
50,7,7,6,6,1,0.9999999784772506,0.4060926067193512,0.5939073717578994,0.0,0.0
50,7,8,4,4,9,0.8231394152837922,0.734375870381095,0.08876354490269722,1.1705652238791682e-05,453.2451933987298
50,7,9,7,7,3,0.8123570813585245,0.7282958233995255,0.08406125795899899,4.1611995307772246e-06,141.42547054123497
50,7,10,1,1,5,0.7829896973453309,0.6151108790478799,0.167878818297451,9.08671057251328e-06,240.26195801177786
50,7,12,0,0,4,0.739647665976368,0.6324693011303212,0.10717836484604681,0.0,177.54499590712012
50,7,13,2,2,6,0.8257583693343818,0.6581391617072081,0.16761920762717375,8.458831915375644e-06,289.27643392747865
50,7,14,3,3,6,0.7766267764881283,0.7062644862380281,0.07036229025010021,6.93677701973526e-06,304.16326402557206
50,7,15,4,4,3,0.8538581716584632,0.7834929568227583,0.0703652148357049,4.949209089818715e-06,149.91296165111459
50,7,17,7,7,2,0.8688653038413756,0.6391179405851664,0.22974736325620926,0.0,69.28375403783352
50,7,19,5,5,5,0.8724211627430772,0.744777246506835,0.12764391623624227,1.2272863099886426e-05,305.281433549305
50,7,21,8,8,1,1.0000000419780664,0.6027293058977864,0.39727073608027996,0.0,0.0
50,7,22,4,4,8,0.7803603583730276,0.6852497725447837,0.09511058582824394,0.0,387.61485873120904
50,7,23,3,3,8,0.7792588531180923,0.7659134159665634,0.013345437151528916,0.0,353.8975427342313
50,7,25,7,7,2,0.9047709937201851,0.5124856903355567,0.3922853033846284,0.0,73.559919263656
50,7,26,4,4,7,0.7907726887415064,0.7219201480202803,0.06885254072122615,1.5030525372033831e-05,407.5564666742943
50,7,27,8,8,9,0.8163818740250706,0.7703012184065487,0.046080655618521815,1.2604243747236037e-05,552.9287285425056
50,7,28,0,0,4,0.8014291216539576,0.6282369741465592,0.17319214750739842,0.0,189.95644833495072
50,7,29,2,2,4,0.7848070515714319,0.5661564481424696,0.21865060342896236,0.0,161.98116883991702
50,7,30,0,0,2,0.8915910540433893,0.7506443188700288,0.14094673517336054,0.0,81.2825856420347
50,7,31,1,1,3,0.8801725501094458,0.7919360497089633,0.08823650040048259,5.427884533419508e-06,145.22458785961086
50,7,32,3,3,3,0.8453490953843025,0.6844522035195947,0.1608968918647078,5.894604264538146e-06,151.63344445959382
50,7,33,1,1,8,0.755501049860776,0.6839054596971186,0.07159559016365746,0.0,356.6777011129073
50,7,36,9,9,1,1.0000000005796639,0.6073531296959357,0.3926468708837282,0.0,0.0
50,7,37,7,7,8,0.8385320765769289,0.7176050555866016,0.12092702099032726,0.0,370.49722532787155
50,7,38,8,8,4,0.8531564058709277,0.8098020618403219,0.043354344030605785,0.0,195.12328435251598
50,7,41,9,9,8,0.7915498799189062,0.8145431039934263,-0.02299322407452009,0.0,438.10680685126124
50,7,42,4,4,2,0.8929848275441371,0.6416155681699444,0.25136925937419274,0.0,69.85056420518136
50,7,44,0,0,1,1.000000024383908,0.25222064903837454,0.7477793753455335,0.0,0.0
50,7,45,5,5,66,0.7946319365336837,0.7857425157514067,0.008889420782276947,9.697181568625991e-05,3550.1200281576153
50,7,46,6,6,3,0.821256788316606,0.5238694794027046,0.2973873089139014,4.992671076969563e-06,138.52438446548882
50,7,48,1,1,1,0.9999999874859964,0.32744519356001406,0.6725547939259824,0.0,0.0
50,7,51,2,2,13,0.8373226549343181,0.7950838395021769,0.04223881543214125,1.7269592902175493e-05,777.6265665386798
50,7,53,3,3,15,0.8676251219896738,0.8333552071834058,0.034269914806267954,2.8077000968298544e-05,967.891465945938
50,7,54,3,3,12,0.866037430824389,0.8165173482506999,0.04952008257368912,2.0422814059939086e-05,687.2883428624999
50,7,56,3,3,6,0.8682115217298086,0.7812064704021244,0.08700505132768421,9.606522304738089e-06,302.14903288895044
50,7,58,8,8,1,0.9999999950206584,0.19973534579479674,0.8002646492258616,0.0,0.0
50,7,59,8,8,1,1.000000026517576,0.44179904462278674,0.5582009818947892,0.0,0.0
50,7,62,7,7,14,0.8430895097103918,0.8206320584402762,0.022457451270115558,2.9280861596196652e-05,904.2857239601942
50,7,63,1,1,19,0.8200532375784795,0.7586100097056542,0.0614432278728253,3.6285785287603156e-05,1220.7990894979123
50,7,65,5,5,15,0.7565140753221951,0.7511925697063723,0.005321505615822786,2.2539932164357296e-05,747.6162780579288
50,7,66,3,3,1,0.9999999896592225,0.6807084677654973,0.3192915218937252,0.0,0.0
50,7,68,3,3,11,0.8000096836445489,0.8290924022575675,-0.029082718613018588,1.3998542612409667e-05,583.7043639861672
50,7,69,4,4,20,0.8234895288744868,0.8268507652259035,-0.0033612363514167187,2.764708656577116e-05,1076.8228234305727
50,7,71,3,3,5,0.8252855513933346,0.651273071421853,0.17401247997148162,6.725715676627097e-06,225.59116956316868
50,7,72,2,2,7,0.8305837091148177,0.718497678485842,0.11208603062897571,1.0655582947216412e-05,397.0128719173914
50,7,73,1,1,3,0.8639205109379405,0.6567943910938407,0.2071261198440998,5.838995144826497e-06,139.3923069442533
50,7,74,6,6,15,0.8308703323365365,0.8215109030425931,0.0093594292939434,2.1688952849096096e-05,917.8415549235457
50,7,75,4,4,17,0.8936336776495418,0.8300736746829848,0.06356000296655706,2.735640044778977e-05,1014.8341255696686
50,7,76,7,7,2,0.8342972630274131,0.6501057576389422,0.18419150538847096,0.0,70.08322175660614
50,7,77,8,8,1,1.0000000104351936,0.6289251850502672,0.3710748253849264,0.0,0.0
50,7,79,5,5,1,0.9999999842534185,0.35007941103677476,0.6499205732166438,0.0,0.0
50,7,80,0,0,4,0.8967190584144792,0.710663600341234,0.1860554580732452,0.0,220.7035939187932
50,7,81,6,6,16,0.8016751538113805,0.7585769758738463,0.04309817793753423,0.0,823.7425793395298
50,7,82,0,0,4,0.8313706559293955,0.7271567129842168,0.10421394294517872,0.0,206.67286325591735
50,7,83,4,4,1,1.0000000002392904,0.7333977282029437,0.2666022720363467,0.0,0.0
50,7,84,0,0,2,0.8591522085793118,0.28060830803747583,0.578543900541836,0.0,70.92271930413624
50,7,85,5,5,2,0.8924044047347859,0.5716671369136449,0.320737267821141,0.0,72.78968932842267
50,7,86,6,6,20,0.830579909008744,0.7901745494239039,0.04040535958484015,3.578190355459033e-05,1263.4108008363414
50,7,87,1,1,2,0.8838196459331755,0.6401282596434074,0.24369138628976816,0.0,75.60362265375329
50,7,88,9,9,2,0.8235015453932079,0.6579520518372421,0.1655494935559657,0.0,69.33986256472782
50,7,89,9,9,1,0.9999999506352959,0.3513645112032542,0.6486354394320417,0.0,0.0
50,7,90,2,2,11,0.8516374869006128,0.7413177635113554,0.11031972338925744,1.4594258787877039e-05,581.2409102593467
50,7,91,8,8,16,0.8343698726267241,0.7932503354141076,0.04111953721261652,0.0,985.2545195914628
50,7,92,1,1,11,0.8052543114103743,0.7278743459481355,0.0773799654622388,1.3694460864167278e-05,580.9889083806555
50,7,94,9,9,7,0.8371954696453525,0.7926760696515799,0.044519399993772635,1.1309399715325485e-05,366.408842004037
50,7,95,2,2,2,0.8989643734514812,0.6703611459384925,0.22860322751298867,0.0,80.96434144611858
50,7,96,7,7,12,0.8389116105331177,0.8602793068307621,-0.021367696297644456,1.5776341508339216e-05,619.6383450049224
50,7,99,9,9,1,1.0000000197537444,0.20018123253778466,0.7998187872159598,0.0,0.0
50,8,0,5,5,7,0.8836141111593386,0.7820430534503038,0.10157105770903485,1.2966808768092634e-05,477.0606634223158
50,8,1,9,9,4,0.8824596758023934,0.6749235302409241,0.20753614556146927,0.0,224.17971762689555
50,8,2,6,6,1,1.0000000998399732,0.29582696259109803,0.7041731372488751,0.0,0.0
50,8,3,4,4,1,0.999999907563633,0.4153014184851883,0.5846984890784447,0.0,0.0
50,8,4,8,8,3,0.8835563567215277,0.6778273566882479,0.20572900003327976,6.118608806795007e-06,169.51312058267837
50,8,5,9,9,12,0.8482599871552593,0.7713227995888868,0.07693718756637247,1.833090292075051e-05,698.1700710519176
50,8,6,7,7,2,0.9031890425302526,0.5793635623025369,0.3238254802277156,0.0,88.21591628936562
50,8,7,6,6,13,0.8103074060783222,0.7081930429187266,0.10211436315959554,2.4207247632455774e-05,768.292936903109
50,8,8,4,4,1,1.000000036689911,0.35288607090359647,0.6471139657863146,0.0,0.0
50,8,9,7,7,1,1.0000000372132458,0.47764354934727876,0.522356487865967,0.0,0.0
50,8,10,1,1,8,0.7284479330826225,0.6045331907109467,0.12391474237167577,0.0,394.21156228695105
50,8,11,0,0,10,0.7671845631050476,0.7204946716511184,0.04668989145392921,1.462770849196207e-05,504.61961860075763
50,8,13,2,2,3,0.8013182494794856,0.6941843758275122,0.10713387365197335,4.9357892054507765e-06,124.2484266874311
50,8,14,3,3,17,0.8181120241312283,0.8178054591657294,0.0003065649654988567,2.3593013310755258e-05,1001.638078117565
50,8,15,4,4,6,0.868684706211096,0.804186463484275,0.06449824272682092,8.844282849850486e-06,337.6473993332653
50,8,16,6,6,1,0.9999999058472235,0.5030003445626462,0.49699956128457734,0.0,0.0
50,8,17,7,7,10,0.8180426001191708,0.7860235662473681,0.032019033871802716,1.334924188629256e-05,519.4393424695294
50,8,18,2,2,23,0.8005853084125507,0.7529730568759906,0.047612251536560124,4.852841903092794e-05,1363.7197023418132
50,8,19,5,5,5,0.8707658169455138,0.7393258712271825,0.13143994571833129,8.622459376902345e-06,276.4666617396071
50,8,21,8,8,24,0.8785211432948291,0.8902831346508452,-0.011761991356016077,3.000927087199413e-05,1435.4620795060348
50,8,24,5,5,8,0.9113235056898122,0.8331478002080162,0.07817570548179609,0.0,581.266784059684
50,8,25,7,7,4,0.7772245494851998,0.628076617501484,0.1491479319837158,0.0,168.634937431497
50,8,26,4,4,3,0.8261170961963238,0.63763434599325,0.1884827502030738,4.823360615655983e-06,141.4666576116321
50,8,27,8,8,35,0.8334899947141411,0.828396220321702,0.005093774392439077,5.453080802380322e-05,1986.7728192573682
50,8,28,0,0,6,0.8171107850778639,0.7243515333026445,0.09275925177521949,9.698871911753676e-06,291.7158323861183
50,8,30,0,0,15,0.8797138398094921,0.8779997943597996,0.0017140454496925583,2.5066502391173537e-05,964.566409352778
50,8,31,1,1,11,0.8789031036277315,0.7892417817440722,0.08966132188365927,1.7805634092192822e-05,635.9876428845223
50,8,32,3,3,2,0.9022875115399827,0.2369764844862308,0.6653110270537519,0.0,75.00788910437888
50,8,33,1,1,16,0.7771881726528398,0.7572494791003139,0.019938693552525866,0.0,717.0458436672644
50,8,34,9,9,3,0.9060085974064394,0.6012318744101773,0.304776722996262,6.430439648591747e-06,154.79953869510615
50,8,35,4,4,21,0.7364158323082693,0.7349189505492469,0.001496881759022406,3.037058639524162e-05,1088.5918385569134
50,8,36,9,9,8,0.8797287451959084,0.839756360985041,0.03997238421086735,0.0,509.281329715453
50,8,37,7,7,2,0.9118053490908103,0.6814752392410333,0.2303301098497771,0.0,70.9970091131471
50,8,38,8,8,1,1.0000000590009026,0.2836528883601188,0.7163471706407838,0.0,0.0
50,8,40,5,5,1,0.9999999254738581,0.3628518424227766,0.6371480830510814,0.0,0.0
50,8,44,0,0,5,0.8497456511364645,0.6885119846501688,0.16123366648629567,1.0656664705096308e-05,284.06646707618603
50,8,45,5,5,5,0.7513797377351692,0.5923460607513611,0.1590336769838081,7.3931996671001315e-06,220.01982874707042
50,8,46,6,6,8,0.7776077498354285,0.6591562138168446,0.11845153601858383,0.0,416.8887626832969
50,8,47,8,8,1,0.9999999524405734,0.6173301501914124,0.38266980224916103,0.0,0.0
50,8,48,1,1,1,1.00000003833441,0.7390996652197399,0.2609003731146702,0.0,0.0
50,8,49,5,5,12,0.8858573878343344,0.7983755717428803,0.08748181609145411,1.6900909783296087e-05,692.632578505942
50,8,50,1,1,4,0.7603700134022064,0.6598619561997161,0.10050805720249034,0.0,209.27167993722873
50,8,51,2,2,6,0.8228994582334569,0.8285341150940098,-0.005634656860552867,1.0677551584159315e-05,329.5867446026933
50,8,52,0,0,14,0.8774337980843872,0.8601479077513887,0.017285890332998433,2.1808566242545845e-05,793.2243377512349
50,8,53,3,3,1,1.0000000641658051,0.4197889986353127,0.5802110655304924,0.0,0.0
50,8,54,3,3,1,1.0000000051050304,0.5778314159162563,0.4221685891887741,0.0,0.0
50,8,55,8,8,12,0.804750679622001,0.7619636756427876,0.04278700397921342,1.5838956780641822e-05,619.8481511536277
50,8,57,6,6,14,0.8577210624059116,0.8350777423177298,0.022643320088181818,2.3308851019025023e-05,836.0825950014824
50,8,58,8,8,2,0.8922770037100297,0.4349093376636115,0.4573676660464182,0.0,82.24046255032974
50,8,60,6,6,4,0.7793354389813592,0.7414637088994311,0.03787173008192801,0.0,189.1602035208264
50,8,61,7,7,1,0.999999989700283,0.685979774772115,0.314020214928168,0.0,0.0
50,8,64,0,0,4,0.8062435050313862,0.5979115322266367,0.20833197280474947,0.0,200.70619922665503
50,8,65,5,5,11,0.8067357031859683,0.6973632338397577,0.10937246934621059,1.4222573589579295e-05,535.9008602046027
50,8,66,3,3,5,0.8624607145993856,0.8391952644955988,0.023265450103786778,1.0839723901430847e-05,298.32666534645364
50,8,67,6,6,7,0.8486205309115015,0.7829734004474309,0.06564713046407056,1.1892267271253126e-05,428.5682169977153
50,8,68,3,3,2,0.8891257192280578,0.6576536562227059,0.23147206300535195,0.0,72.67283322886082
50,8,70,9,9,10,0.8018899690346464,0.8115060253371938,-0.009616056302547471,1.4198145566746777e-05,529.4725800445672
50,8,71,3,3,4,0.8282839980684618,0.8202323157166959,0.008051682351765899,0.0,199.1182351860658
50,8,73,1,1,34,0.8549878685600183,0.852930200922939,0.0020576676370792635,6.06240910829049e-05,2178.2942265425686
50,8,74,6,6,2,0.8402631919066097,0.5480792704292762,0.2921839214773335,0.0,78.10506919078054
50,8,75,4,4,10,0.8438915652494021,0.8418004158318152,0.002091149417586924,2.054697338874234e-05,576.6455184362168
50,8,76,7,7,15,0.8112310511004254,0.8046757042966005,0.0065553468038248575,1.916277815271843e-05,824.4139965493306
50,8,77,8,8,53,0.8512904953981206,0.877511427855084,-0.02622093245696333,7.14845878333542e-05,3206.02157849526
50,8,78,2,2,1,1.0000000356455383,0.5998986797435093,0.400101355902029,0.0,0.0
50,8,79,5,5,1,1.0000000267231306,0.31774112815903477,0.6822588985640958,0.0,0.0
50,8,80,0,0,14,0.8161078430604978,0.81521024423523,0.0008975988252677425,1.8087968260484755e-05,739.5404598412493
50,8,82,0,0,3,0.8314328375837711,0.6638621486364918,0.16757068894727922,4.9404910784921715e-06,138.63280220982745
50,8,83,4,4,1,1.0000000293053581,0.4470062726470251,0.5529937566583331,0.0,0.0
50,8,85,5,5,1,1.000000082140172,0.637257199816579,0.362742882323593,0.0,0.0
50,8,87,1,1,1,0.9999999173430311,0.3454309362646865,0.6545689810783446,0.0,0.0
50,8,88,9,9,8,0.8281509832784135,0.8090931013814125,0.019057881897000972,0.0,443.45627284627363
50,8,90,2,2,10,0.7490354511024826,0.7775172100672604,-0.02848175896477778,1.2797698463780414e-05,428.9701666493324
50,8,91,8,8,1,0.9999999831599571,0.49023122775825684,0.5097687554017003,0.0,0.0
50,8,92,1,1,7,0.7877647599647783,0.7380460108743464,0.049718749090431946,1.4728878781081284e-05,396.488656415029
50,8,93,2,2,1,1.0000000269869909,0.8150258099579513,0.1849742170290396,0.0,0.0
50,8,94,9,9,5,0.8174462360552931,0.7296887668700598,0.0877574691852333,7.267631550170678e-06,239.4560557046066
50,8,95,2,2,9,0.8373512372280847,0.8287999276462825,0.008551309581802169,1.6314170414203843e-05,513.2470396653384
50,8,96,7,7,1,1.0000000670610458,0.4695669361002733,0.5304331309607726,0.0,0.0
50,8,97,2,2,1,0.9999999688862827,0.6647090882162899,0.3352908806699928,0.0,0.0
50,8,98,5,5,31,0.805634608691932,0.8000538132036847,0.005580795488247303,4.753578238415365e-05,1884.0486544008234
50,8,99,9,9,4,0.8070054200702912,0.5976491919149811,0.20935622815531008,0.0,185.16596558701755
50,9,0,5,5,1,1.0000000535523073,0.5351635566029189,0.46483649694938833,0.0,0.0
50,9,1,9,9,2,0.84134738019617,0.702069878246327,0.1392775019498429,0.0,76.16454442889363
50,9,2,6,6,5,0.7448810813608684,0.6619380290222706,0.08294305233859778,7.459687556866131e-06,243.799189103063
50,9,3,4,4,8,0.7886017550918586,0.750617686035317,0.037984069056541614,0.0,460.758291167593
50,9,4,8,8,16,0.834803780611457,0.8059972392120264,0.02880654139943062,0.0,901.0185056494265
50,9,5,9,9,6,0.8085513168743315,0.7061805867620791,0.1023707301122524,9.605245840309539e-06,300.69975280541115
50,9,6,7,7,6,0.8319932972844921,0.7678648852207112,0.06412841206378095,7.027567256351572e-06,382.097371936902
50,9,7,6,6,7,0.8179072796275059,0.7617616611126764,0.056145618514829465,9.122249387767676e-06,452.8445673311432
50,9,8,4,4,5,0.8394634827243633,0.7072515256237982,0.1322119571005651,8.049793205690516e-06,225.21955356670864
50,9,9,7,7,8,0.8061597182418769,0.7723558249531067,0.033803893288770204,0.0,415.21186302456755
50,9,10,1,1,2,0.8389669864689507,0.458116550237631,0.38085043623131976,0.0,71.64421230254963
50,9,11,0,0,3,0.7302631606783959,0.42722816537604646,0.30303499530234945,5.022189889589484e-06,130.7657679209872
50,9,12,0,0,16,0.8011130770298865,0.7363113143376033,0.06480176269228322,0.0,872.4957080761219
50,9,13,2,2,4,0.807588421843442,0.5906620098085332,0.2169264120349088,0.0,186.74240486873978
50,9,14,3,3,7,0.797926766098752,0.7369109283339161,0.06101583776483588,1.505659511463522e-05,363.74612790038407
50,9,16,6,6,12,0.7911677058228261,0.7198311602875255,0.07133654553530067,1.918092911475992e-05,676.6596044681241
50,9,17,7,7,2,0.8954241780104741,0.6587351678774437,0.23668901013303045,0.0,67.25782474111189
50,9,18,2,2,1,1.000000033872195,0.3172114030737076,0.6827886307984874,0.0,0.0
50,9,19,5,5,1,1.0000000348781801,0.3847796197423199,0.6152204151358602,0.0,0.0
50,9,20,1,1,5,0.8188308704751842,0.7114921591240976,0.10733871135108664,7.740155802520855e-06,270.0313587522341
50,9,22,4,4,1,0.999999926378731,0.4872841370736927,0.5127157893050382,0.0,0.0
50,9,23,3,3,2,0.9386197615830875,0.652066474254357,0.2865532873287304,0.0,65.5015775121584
50,9,24,5,5,28,0.872450601983933,0.8628989643789582,0.009551637604974794,4.6934212790648344e-05,2004.026481827567
50,9,25,7,7,6,0.766343574281163,0.6707184137542995,0.09562516052686343,7.856857536770403e-06,285.83791431330417
50,9,26,4,4,6,0.8308015861906974,0.7493683384499836,0.08143324774071381,8.841064432885084e-06,319.5325540286499
50,9,27,8,8,1,1.0000000800751898,0.3288430387348533,0.6711570413403365,0.0,0.0
50,9,28,0,0,6,0.8194001329754946,0.6796165096312425,0.1397836233442521,8.815568292967903e-06,290.7639239878817
50,9,30,0,0,2,0.9239855951255997,0.8409190190940807,0.08306657603151901,0.0,83.97646591607467
50,9,32,3,3,16,0.7700533684046078,0.7721814191083752,-0.0021280507037674257,0.0,929.0335690268553
50,9,34,9,9,10,0.8183974557075273,0.802669551812245,0.015727903895282336,1.6323775058659247e-05,553.9479529674128
50,9,36,9,9,1,1.0000000072530595,0.632860024167555,0.36713998308550444,0.0,0.0
50,9,37,7,7,4,0.7809640051309851,0.6219881180815081,0.15897588704947696,0.0,167.0795872809021
50,9,38,8,8,3,0.8303688138127453,0.675373556295547,0.15499525751719834,5.098233351392006e-06,131.78581847961556
50,9,39,7,7,1,0.9999999451812958,0.6681191652295981,0.3318807799516976,0.0,0.0
50,9,40,5,5,4,0.7640070249557258,0.5028584803995481,0.26114854455617775,0.0,168.85434197800708
50,9,41,9,9,19,0.8466143841479599,0.8243255954633111,0.022288788684648786,3.1707716141573167e-05,1088.3592710331413
50,9,42,4,4,8,0.8417806120561581,0.7270664086523275,0.11471420340383054,0.0,470.8278883138416
50,9,43,3,3,18,0.8821227818657188,0.8489519253394177,0.03317085652630114,2.9052239202974308e-05,1153.9527396445005
50,9,44,0,0,5,0.8234610343008216,0.714608753406757,0.10885228089406462,7.454623324623924e-06,280.06631749366517
50,9,45,5,5,1,0.9999999251138557,0.35299875317320684,0.6470011719406489,0.0,0.0
50,9,46,6,6,4,0.7739801169879709,0.6408216687448405,0.1331584482431304,0.0,189.045306189875
50,9,47,8,8,6,0.8120721892840751,0.7537692321528295,0.05830295713124556,9.563623652616806e-06,298.82054907761324
50,9,48,1,1,4,0.8337372569455737,0.7595264321384154,0.07421082480715824,0.0,207.63213986122537
50,9,49,5,5,7,0.8751020189863163,0.8057764403741698,0.0693255786121465,1.2781633736990384e-05,381.64330718975174
50,9,50,1,1,12,0.7966822485212329,0.801441749750846,-0.004759501229613106,1.5420065822659343e-05,618.1632950073749
50,9,51,2,2,33,0.8610665809338112,0.8112816774135517,0.04978490352025944,3.872735440485786e-05,2036.9976063476083
50,9,52,0,0,1,0.9999999039630881,0.4497329556959027,0.5502669482671854,0.0,0.0
50,9,53,3,3,6,0.853388504217889,0.8001637259368144,0.053224778281074636,9.813445766982289e-06,347.2097580622637
50,9,54,3,3,2,0.8796615151002231,0.5298843368013706,0.34977717829885246,0.0,77.65874459791134
50,9,55,8,8,1,0.9999999598925465,0.3261782364243174,0.6738217234682291,0.0,0.0
50,9,56,3,3,1,0.9999999199924093,0.5072693999288848,0.4927305200635246,0.0,0.0
50,9,57,6,6,2,0.9091479120947571,0.740792102683767,0.16835580941099004,0.0,86.82221509558624
50,9,58,8,8,2,0.9131122748462058,0.6564813827040185,0.2566308921421874,0.0,71.72611510034281
50,9,59,8,8,32,0.7936459493117958,0.7996671853681961,-0.00602123605640037,0.0,1547.6613720038338
50,9,60,6,6,7,0.8452115549240444,0.7618669337015755,0.08334462122246888,1.0823499584255485e-05,392.84177965667874
50,9,62,7,7,5,0.7225048596962935,0.5047611972265356,0.21774366246975796,7.216085217463898e-06,230.52199701370216
50,9,63,1,1,6,0.7842660696633241,0.7115241789515616,0.07274189071176251,7.653835357550847e-06,339.46641512750045
50,9,65,5,5,17,0.7941006030383376,0.7485429970913615,0.04555760594697611,2.4753328480114455e-05,903.2799034621606
50,9,66,3,3,17,0.823897422567887,0.7969743852139086,0.026923037353978385,2.759033018794994e-05,958.2421503076985
50,9,67,6,6,12,0.7718818048018199,0.8001717550574919,-0.028289950255672047,1.1684156556771924e-05,698.268264435429
50,9,68,3,3,1,0.999999985235736,0.3297234371238427,0.6702765481118933,0.0,0.0
50,9,69,4,4,11,0.8452997904172784,0.8432525407338217,0.002047249683456709,1.7277844745458748e-05,590.324591441005
50,9,71,3,3,20,0.848702100965189,0.8082632680360112,0.040438832929177826,2.5199821703767576e-05,1064.5501682044485
50,9,73,1,1,4,0.8842619543061497,0.6481870629603056,0.23607489134584414,0.0,244.31067866560483
50,9,74,6,6,9,0.8180035995021085,0.7978476127479627,0.02015598675414587,1.4956710986428762e-05,518.0110982730558
50,9,75,4,4,5,0.88840971898897,0.7996861563099067,0.08872356267906334,8.504736088156342e-06,335.90411512944564
50,9,76,7,7,6,0.8717705559280478,0.7199207360305583,0.15184981989748947,9.774362120427856e-06,351.62408529027465
50,9,77,8,8,7,0.8509931052905645,0.782085599431463,0.06890750585910144,1.423004004267419e-05,392.3355616918681
50,9,78,2,2,1,0.9999999499081521,0.6200739778839028,0.37992597202424927,0.0,0.0
50,9,79,5,5,1,1.0000000742440711,0.16927385904102674,0.8307262152030443,0.0,0.0
50,9,80,0,0,25,0.8139698984073471,0.822909329508106,-0.008939431100758899,3.357510172947304e-05,1370.9985116628538
50,9,81,6,6,3,0.8477422434609585,0.6309240231080343,0.2168182203529242,4.105368496286671e-06,117.85380398733254
50,9,82,0,0,12,0.8781538690963959,0.8374893236641686,0.040664545432227306,1.9703494966100534e-05,744.4746173015908
50,9,83,4,4,1,1.0000000352141751,0.6240711334104744,0.37592890180370075,0.0,0.0
50,9,84,0,0,3,0.8521708589160992,0.6538982155001588,0.19827264341594042,5.011794125730857e-06,128.57007859052695
50,9,85,5,5,7,0.8414629747152405,0.79561512889431,0.04584784582093049,9.292355973064107e-06,373.2052795865662
50,9,86,6,6,15,0.8338969365596915,0.7924207761210527,0.04147616043863889,2.0517938607517725e-05,892.0597464037875
50,9,87,1,1,6,0.8304863455901836,0.8014686438201906,0.029017701769993076,1.0184533957356372e-05,331.846178718216
50,9,88,9,9,8,0.8598405664098908,0.8149176426258538,0.04492292378403706,0.0,488.6811510102422
50,9,89,9,9,6,0.7713555025581647,0.6169067617578257,0.154448740800339,7.920918676419117e-06,265.4624511449079
50,9,90,2,2,1,0.9999999485373268,0.37179908131593314,0.6282008672213937,0.0,0.0
50,9,91,8,8,2,0.8381541253533498,0.5447300936224854,0.2934240317308644,0.0,71.67431020103928
50,9,93,2,2,3,0.7677663070298288,0.6375251722051969,0.13024113482463195,5.582171959121681e-06,129.37047383463835
50,9,94,9,9,9,0.8463446631447517,0.7629583579892554,0.08338630515549628,1.7977487425834067e-05,534.2790144163797
50,9,95,2,2,3,0.8956073778025857,0.7375441741268289,0.15806320367575677,4.888543865400701e-06,151.1200955230018
50,9,96,7,7,10,0.8325941457996605,0.8231445563828103,0.009449589416850257,1.4825717454368794e-05,482.86664578150436
50,9,98,5,5,29,0.8174176102362153,0.7884393293781868,0.02897828085802845,4.293644345740084e-05,1684.4191227202966
50,9,99,9,9,3,0.826808477132944,0.753982405763097,0.07282607136984698,6.052287892758491e-06,145.70782201576094
50,10,0,5,5,14,0.8647422341892628,0.8465748811818222,0.018167353007440545,2.614901798322564e-05,937.5777079446842
50,10,1,9,9,9,0.8361014744681133,0.810117527676799,0.025983946791314327,1.4729805730684391e-05,535.5046431787929
50,10,3,4,4,11,0.8299638847826372,0.7642255956926679,0.06573828908996926,1.696567000469921e-05,634.996077011896
50,10,4,8,8,13,0.8445901794982469,0.7934746525039926,0.05111552699425426,2.146546214511567e-05,836.1503958549758
50,10,5,9,9,3,0.8779580918074552,0.5757644056906235,0.30219368611683173,5.106444930427062e-06,151.348931207874
50,10,6,7,7,26,0.8476928068233,0.833424515303529,0.014268291519770937,3.949615232304567e-05,1717.2899664783495
50,10,7,6,6,2,0.8489200378514564,0.6466319409251575,0.2022880969262989,0.0,75.39970713885914
50,10,8,4,4,1,1.0000000936881503,0.28619444206387396,0.7138056516242763,0.0,0.0
50,10,9,7,7,6,0.8345279965120764,0.7370731382147322,0.09745485829734424,9.658406208376936e-06,323.12418398023004
50,10,10,1,1,2,0.798530406948365,0.4623092679413284,0.3362211390070366,0.0,71.30452550113564
50,10,11,0,0,5,0.7150814551614635,0.6630408131739409,0.05204064198752256,7.860010311203694e-06,235.08353257064874
50,10,13,2,2,1,0.9999999966076072,0.4369398356968226,0.5630601609107846,0.0,0.0
50,10,14,3,3,10,0.7884702261328557,0.7203425121032425,0.06812771402961315,1.3713147330816867e-05,505.58928719525636
50,10,15,4,4,13,0.8455677395703256,0.8120192221271543,0.03354851744317133,2.4446503239103776e-05,814.0014421443926
50,10,16,6,6,1,0.9999999981173917,0.4865592493244004,0.5134407487929913,0.0,0.0
50,10,17,7,7,3,0.8669675686320844,0.6002652349116133,0.26670233372047103,4.566567191224587e-06,130.09681151051586
50,10,18,2,2,39,0.8238412031016306,0.8189252445093955,0.004915958592235037,5.613007088798235e-05,2183.2282944122235
50,10,21,8,8,17,0.871746173690248,0.8544780235209256,0.01726815016932237,3.026502229687621e-05,1103.9044205005682
50,10,22,4,4,20,0.8133029273515067,0.7751799327112053,0.03812299464030133,2.637956171382823e-05,1075.0610488874104
50,10,23,3,3,1,0.999999962707034,0.5580994960931487,0.44190046661388527,0.0,0.0
50,10,25,7,7,24,0.8005367556732679,0.7807860459293261,0.019750709743941774,3.574201428229739e-05,1328.9774634894013
50,10,26,4,4,37,0.8122917874871245,0.811773580245491,0.0005182072416335393,4.912977029808546e-05,2091.3107679695163
50,10,27,8,8,4,0.7769583138989781,0.6319292798045516,0.14502903409442647,0.0,172.10074169955843
50,10,28,0,0,1,0.9999999224083914,0.63809569479774,0.36190422761065144,0.0,0.0
50,10,32,3,3,8,0.7566016224503843,0.6846670955114643,0.07193452693892,0.0,403.54255132119977
50,10,33,1,1,1,0.9999999659536093,0.5339803555258078,0.4660196104278015,0.0,0.0
50,10,34,9,9,3,0.8861017185822946,0.7324985859187517,0.15360313266354286,5.729656036954709e-06,135.18341094699494
50,10,35,4,4,7,0.8444691724722203,0.7385300605508619,0.10593911192135841,9.61506665764128e-06,407.0106413549327
50,10,36,9,9,1,0.9999999419295419,0.5561019222147553,0.4438980197147866,0.0,0.0
50,10,37,7,7,15,0.8194501018691042,0.7217968151859794,0.09765328668312478,2.0224937375412678e-05,749.041034620042
50,10,38,8,8,1,1.0000000620418399,0.5103367844127964,0.4896632776290435,0.0,0.0
50,10,41,9,9,3,0.8537370765412737,0.8395283348453116,0.01420874169596209,4.385104727151907e-06,131.54395190623637
50,10,42,4,4,15,0.8055182520133679,0.8243098170625704,-0.01879156504920254,2.6991916202718652e-05,890.5256741904226
50,10,43,3,3,12,0.8525692855275977,0.8455931516547486,0.006976133872849122,1.9757509718701208e-05,702.0976481117231
50,10,44,0,0,13,0.7872884420538605,0.7370391162276825,0.050249325826178026,2.3549232769284005e-05,695.5099958471931
50,10,45,5,5,4,0.7766055992686591,0.5428273840728731,0.233778215195786,0.0,173.6435208919872
50,10,46,6,6,1,1.000000029883789,0.4960529555992541,0.5039470742845349,0.0,0.0
50,10,47,8,8,2,0.8242371921471104,0.4447780145423977,0.37945917760471276,0.0,63.713408894464365
50,10,48,1,1,11,0.8040815472628234,0.7154157030395617,0.08866584422326174,1.7887355344531635e-05,572.3776544637135
50,10,49,5,5,3,0.8399065675010148,0.7049398001981236,0.13496676730289114,4.6805643351953305e-06,133.16266345799932
50,10,50,1,1,30,0.822044222746042,0.8553214256754835,-0.033277202929441474,4.184198012615355e-05,1735.5357826390718
50,10,51,2,2,3,0.8599248375542332,0.7307424102450772,0.12918242730915597,5.987312979690877e-06,158.88403257272216
50,10,52,0,0,7,0.9044566914140085,0.8105066265262026,0.09395006488780588,9.699858301299513e-06,374.0197206238166
50,10,53,3,3,5,0.9073302428512124,0.8740846232959484,0.03324561955526406,9.471640843246453e-06,292.01944251871055
50,10,54,3,3,5,0.8071735860215886,0.7757353430106618,0.03143824301092679,7.034933192680769e-06,256.52573709756524
50,10,55,8,8,1,1.000000075733089,0.520284270492564,0.47971580524052493,0.0,0.0
50,10,56,3,3,1,1.0000000042704074,0.19364294346226962,0.8063570608081377,0.0,0.0
50,10,57,6,6,4,0.9086111979158334,0.8420967220715483,0.06651447584428516,0.0,215.75057426998663
50,10,58,8,8,13,0.7524696889929549,0.78855280276577,-0.036083113772815145,1.7422570212388927e-05,681.3076566297744
50,10,59,8,8,6,0.8482962800092039,0.7597084938072759,0.08858778620192798,6.814727900880882e-06,263.2548371970089
50,10,60,6,6,28,0.8206581749359695,0.8116846880895353,0.008973486846434175,3.983598597100609e-05,1484.6435095117047
50,10,61,7,7,28,0.8132369684077141,0.7709737950530295,0.04226317335468455,3.9968043894747396e-05,1499.6131034832456
50,10,62,7,7,7,0.8280431789198922,0.8080629432604258,0.019980235659466383,1.0395609633861887e-05,410.06839087804536
50,10,63,1,1,2,0.900343893305967,0.46194929670467383,0.43839459660129315,0.0,62.90820511040384
50,10,64,0,0,14,0.8560625192296337,0.8633388053217161,-0.007276286092082418,2.0670130175958592e-05,907.248606712725
50,10,65,5,5,4,0.7766104894928203,0.6431955413125078,0.13341494818031252,0.0,170.03374074762363
50,10,66,3,3,4,0.8488828835371192,0.7703984260947503,0.07848445744236887,0.0,186.67450795755255
50,10,67,6,6,13,0.8340564647979144,0.7889076748096814,0.04514878998823302,2.258109129190704e-05,739.4780429706033
50,10,68,3,3,4,0.8289760382152878,0.7875852715893179,0.041390766625969855,0.0,182.476095882791
50,10,69,4,4,9,0.8214571817331947,0.7897903898915252,0.03166679184166954,1.3355581742132861e-05,509.4996688203127
50,10,70,9,9,4,0.7333117009548458,0.6509892070914525,0.0823224938633933,0.0,182.48211084810814
50,10,71,3,3,1,1.0000000152673811,0.3150255669106004,0.6849744483567808,0.0,0.0
50,10,72,2,2,1,0.9999999875207642,0.5451644310931666,0.45483555642759765,0.0,0.0
50,10,73,1,1,19,0.8425190126782071,0.81454943353989,0.027969579138317102,3.0194333182823534e-05,1118.773266871556
50,10,74,6,6,64,0.8591854366883911,0.86487434953681,-0.005688912848418881,0.0,4125.96062994046
50,10,76,7,7,13,0.8540318863359087,0.7894188728863973,0.06461301344951131,1.743873733387972e-05,744.439164936022
50,10,77,8,8,4,0.8265344469544379,0.6891636654169602,0.13737078153747773,0.0,219.17486024663262
50,10,78,2,2,11,0.8161367370398512,0.7928123311641844,0.023324405875666865,1.6818801984007426e-05,627.8675821071685
50,10,80,0,0,2,0.8970872360852875,0.5918830070534192,0.3052042290318683,0.0,74.68663378426486
50,10,82,0,0,10,0.8646396173285132,0.7793095726859909,0.08533004464252236,1.5761945505409773e-05,593.9742559262318
50,10,83,4,4,11,0.8716939779311678,0.8200126414471702,0.05168133648399753,1.5752016646412548e-05,685.6482077974676
50,10,84,0,0,1,0.9999999767588068,0.24669535341335236,0.7533046233454544,0.0,0.0
50,10,85,5,5,9,0.8310729636471517,0.8067530761542845,0.024319887492867176,1.3350141738019456e-05,505.805867022642
50,10,86,6,6,5,0.8417569992821294,0.6757823358197631,0.16597466346236633,9.551446340680338e-06,267.9181968862459
50,10,87,1,1,1,0.9999999737595047,0.36142998979213636,0.6385699839673683,0.0,0.0
50,10,88,9,9,3,0.8497642800332169,0.6624022379229526,0.1873620421102643,4.8340103839184665e-06,160.95967551282317
50,10,89,9,9,5,0.7623989773262853,0.6526559008234435,0.10974307650284176,8.029820626569917e-06,236.5272685815436
50,10,90,2,2,1,0.9999999307062267,0.3029327028228203,0.6970672278834065,0.0,0.0
50,10,91,8,8,10,0.8164420986059527,0.8149103163319384,0.0015317822740142928,1.56570779774131e-05,592.9528882719378
50,10,92,1,1,13,0.8198458760708577,0.6991403313180288,0.12070554475282891,1.8916256382182743e-05,739.6883103088853
50,10,93,2,2,4,0.8339532283184178,0.6186508538523808,0.21530237446603695,0.0,214.92329992539703
50,10,94,9,9,10,0.7392439656880078,0.7104365741615818,0.028807391526425974,1.5559081021000633e-05,497.72244681969227
50,10,95,2,2,2,0.895629061253008,0.6524141475407002,0.24321491371230786,0.0,74.8195799354745
50,10,96,7,7,3,0.8656801820170362,0.6247975079841022,0.24088267403293406,4.6331513622323915e-06,123.11524309666699
50,10,97,2,2,15,0.8755522683437056,0.8544808252075188,0.021071443136186807,2.2235029877296712e-05,924.7690498468111
50,10,98,5,5,1,1.00000009166867,0.438060106764755,0.5619399849039151,0.0,0.0
50,11,0,5,5,17,0.8778479200544244,0.8418269402865945,0.03602097976782981,3.1829834277358734e-05,1121.2136937505072
50,11,2,6,6,1,0.9999999998210863,0.31616609267428664,0.6838339071467997,0.0,0.0
50,11,3,4,4,7,0.8091561603631872,0.7663647795199096,0.042791380843277604,1.1328223651173098e-05,390.69793413655674
50,11,4,8,8,4,0.7868779600297939,0.6436965015787851,0.14318145845100883,0.0,205.96068446425116
50,11,5,9,9,14,0.7988119110262326,0.794684281117643,0.004127629908589614,2.042210750357633e-05,730.2075614021264
50,11,6,7,7,6,0.839010070670131,0.7396696346183923,0.0993404360517387,1.1680600656876261e-05,391.3061895399121
50,11,7,6,6,5,0.8607192443978879,0.7130324214590481,0.14768682293883983,1.040501302092991e-05,286.42865471716095
50,11,9,7,7,10,0.8204326393991662,0.7864158746100025,0.03401676478916371,1.704901299956036e-05,586.9866060976625
50,11,10,1,1,2,0.8639302017772087,0.5968823435388438,0.26704785823836485,0.0,79.75767249212842
50,11,11,0,0,41,0.7454257092669945,0.7139943563024926,0.031431352964501835,6.304602606311918e-05,2085.5879030774095
50,11,12,0,0,3,0.797368708533925,0.6793174594490491,0.11805124908487596,4.774315359011794e-06,128.13527436366857
50,11,13,2,2,7,0.8028315447902546,0.6378096928423697,0.165021851947885,1.173159315911461e-05,352.6830933322964
50,11,14,3,3,14,0.8358690522679654,0.791606935780026,0.04426211648793932,1.7379766526884762e-05,802.6633585680845
50,11,15,4,4,1,0.9999999675116245,0.5403825529726421,0.4596174145389823,0.0,0.0
50,11,16,6,6,1,0.9999999725253271,0.44380607770706443,0.5561938948182628,0.0,0.0
50,11,17,7,7,15,0.8125576394345295,0.7568608700067794,0.05569676942775015,2.3953570433142412e-05,817.4994740821746
50,11,18,2,2,2,0.8807698002471513,0.592115205491037,0.2886545947561143,0.0,82.11285113358558
50,11,19,5,5,1,1.0000000019561162,0.4092512510231808,0.5907487509329354,0.0,0.0
50,11,21,8,8,36,0.8998263465556324,0.8851783982906888,0.014647948264943644,5.953236018040393e-05,2379.3073727440596
50,11,22,4,4,8,0.7376537239301098,0.6410628243083365,0.09659089962177325,0.0,436.3935745690695
50,11,24,5,5,4,0.8698248791008201,0.7838361851176296,0.08598869398319042,0.0,239.3666424318865
50,11,26,4,4,1,0.9999999793403419,0.39107224565542603,0.6089277336849159,0.0,0.0
50,11,27,8,8,2,0.882450201706466,0.6431222153968933,0.23932798630957275,0.0,75.0409638218317
50,11,29,2,2,27,0.7889197673864973,0.8110290159560642,-0.022109248569566975,2.941790829136038e-05,1451.6416636091365
50,11,31,1,1,9,0.8505343436575771,0.7963945091705326,0.054139834487044514,1.38377386551345e-05,480.32124480628397
50,11,32,3,3,1,0.9999999578556041,0.5150940460843954,0.4849059117712088,0.0,0.0
50,11,33,1,1,5,0.8251095089224855,0.6330869154675172,0.1920225934549683,7.004167533749562e-06,234.54702180170608
50,11,35,4,4,6,0.8132594351488365,0.6634765585701345,0.14978287657870193,1.1333056853369062e-05,330.54129701383226
50,11,36,9,9,1,1.0000000620378666,0.54046796365551,0.45953209838235665,0.0,0.0
50,11,37,7,7,11,0.8199586318487568,0.7902644953329402,0.02969413651581665,1.761136493845825e-05,579.0337915393766
50,11,38,8,8,13,0.8516145097391862,0.8154550411230933,0.03615946861609287,1.9338902099695725e-05,759.4096539805275
50,11,39,7,7,1,0.9999999126481424,0.5198737570141987,0.4801261556339437,0.0,0.0
50,11,41,9,9,8,0.8687675893017258,0.8054913808191753,0.06327620848255056,0.0,429.347123135811
50,11,44,0,0,9,0.7770498267666247,0.6394434049383935,0.13760642182823124,1.2874268707958623e-05,434.2853725843983
50,11,45,5,5,9,0.8289624215541979,0.715455022388529,0.11350739916566888,1.5614444086492877e-05,496.0466205086914
50,11,47,8,8,21,0.8777464229649452,0.8707824930564151,0.00696392990853012,2.7131414663576782e-05,1195.3232069891671
50,11,48,1,1,30,0.7956596389682922,0.8026139024784441,-0.006954263510151937,3.931450471160791e-05,1706.571959559777
50,11,49,5,5,38,0.8897925281237936,0.8726405521916555,0.01715197593213813,6.301778929918143e-05,2270.5553961307455
50,11,50,1,1,7,0.8068122548862346,0.7214398772700472,0.08537237761618743,1.1441376363619558e-05,385.5349752895267
50,11,51,2,2,4,0.8775928076017941,0.6997007590216013,0.1778920485801928,0.0,224.84022055770168
50,11,52,0,0,17,0.8503237525192098,0.8452202016692847,0.005103550849925087,2.3286084937798477e-05,931.1052690146928
50,11,53,3,3,36,0.8651032666460682,0.8511877921976669,0.013915474448401244,5.765843263889437e-05,2362.4971021443507
50,11,54,3,3,11,0.8394323140651078,0.8600855830040215,-0.020653268938913727,2.4233993418141527e-05,707.0564509156574
50,11,55,8,8,26,0.8242272386249773,0.7732774634636082,0.050949775161369115,3.465856908873851e-05,1350.698566884565
50,11,56,3,3,1,1.0000000629569727,0.40088420373722167,0.5991158592197511,0.0,0.0
50,11,57,6,6,9,0.7967787031964464,0.7807378053144324,0.016040897882014016,1.593894527151684e-05,518.0280856601172
50,11,58,8,8,4,0.8312772075510089,0.6876296748732115,0.1436475326777974,0.0,200.1174255019406
50,11,59,8,8,35,0.793121340127349,0.8229899435077043,-0.02986860338035524,4.579663541847838e-05,1778.0889458839663
50,11,60,6,6,3,0.8923854250928973,0.7904107754721635,0.10197464962073377,4.24913595727568e-06,141.7780366683227
50,11,62,7,7,15,0.8383249770769876,0.8276792047565903,0.010645772320397318,3.129494765559165e-05,889.1854473028001
50,11,63,1,1,14,0.8007455700182937,0.8407141494186363,-0.039968579400342596,2.7658263531390996e-05,850.4638689139315
50,11,64,0,0,3,0.9219368821617643,0.7796998746899749,0.14223700747178936,6.245531040985629e-06,169.93110532646085
50,11,67,6,6,3,0.844748269947233,0.7176746363738362,0.12707363357339674,3.911972696082997e-06,149.5742383569245
50,11,68,3,3,4,0.8042073462273761,0.7268018729063644,0.07740547332101166,0.0,196.62142733985465
50,11,69,4,4,12,0.884929797969708,0.8791042746544898,0.0058255233152182395,2.0292587492811088e-05,768.3528528698929
50,11,71,3,3,2,0.9072902779572009,0.6752962700716837,0.23199400788551716,0.0,78.34332869129717
50,11,73,1,1,19,0.8621084430055971,0.8462721987155102,0.0158362442900869,2.8723998851678224e-05,1165.7598989087066
50,11,74,6,6,5,0.8155220396635827,0.6711900198401818,0.14433201982340094,1.0158077407975317e-05,254.70129099617046
50,11,75,4,4,42,0.8975421662186116,0.915751148430512,-0.01820898221190037,9.193787334433404e-05,2935.380789709232
50,11,76,7,7,1,0.9999999749694729,0.37936180851532897,0.6206381664541439,0.0,0.0
50,11,77,8,8,1,1.0000000971469984,0.12278466761257531,0.8772154295344231,0.0,0.0
50,11,78,2,2,15,0.8008079851986974,0.7817192441039802,0.019088741094717254,2.2952330180012447e-05,866.7325506342786
50,11,80,0,0,9,0.8515363634045446,0.8155045466216083,0.03603181678293632,1.2967094952957241e-05,484.41184474742255
50,11,81,6,6,3,0.871860933603264,0.6173490937616104,0.2545118398416536,3.956312674441801e-06,121.21136741530646
50,11,82,0,0,3,0.8558017382816125,0.7979797109522003,0.05782202732941222,4.5620094411882424e-06,137.05188969036703
50,11,83,4,4,13,0.8165316395185409,0.8276702964676295,-0.011138656949088555,1.6134461086447545e-05,808.8010018579455
50,11,84,0,0,1,0.9999999925388254,0.26926349843019887,0.7307364941086265,0.0,0.0
50,11,85,5,5,7,0.8562222933823221,0.7890007165339268,0.06722157684839536,9.44058442692782e-06,358.91478175476743
50,11,86,6,6,6,0.8580348152071605,0.8178444230351131,0.04019039217204745,1.0967094413242492e-05,372.9222394267419
50,11,88,9,9,6,0.8702082922959907,0.7805392582940572,0.08966903400193349,1.0239046844035464e-05,347.4148162611922
50,11,90,2,2,37,0.83089825864985,0.7877806692893927,0.04311758936045729,4.271071624445913e-05,1917.4427707710743
50,11,92,1,1,8,0.8317185779057705,0.7189243020267957,0.11279427587897484,0.0,454.0248501684324
50,11,93,2,2,27,0.8005500165381999,0.8161311973736227,-0.015581180835422814,4.383649978547739e-05,1490.721921666557
50,11,94,9,9,14,0.8136791216162007,0.8331571607392945,-0.01947803912309376,2.2844142639863608e-05,790.3170266724078
50,11,95,2,2,4,0.758720177919121,0.685059914478574,0.0736602634405471,0.0,185.85091916428524
50,11,96,7,7,2,0.8662350273948621,0.721899690425046,0.14433533696981615,0.0,63.77933767643114
50,11,97,2,2,5,0.9020872685776985,0.8312091833559373,0.0708780852217612,9.01873717506237e-06,270.6984824227178
50,11,98,5,5,7,0.8331147627803838,0.7513606728773844,0.08175408990299937,1.2018593653690245e-05,389.3606564499081
50,12,1,9,9,8,0.8057514342018827,0.6925755570241066,0.11317587717777611,0.0,459.7411772749266
50,12,2,6,6,11,0.7573493212896059,0.7499336955671718,0.007415625722434038,1.8339697411185634e-05,612.7992493893378
50,12,3,4,4,2,0.8848786549811619,0.6592717818732855,0.22560687310787642,0.0,86.42057314187969
50,12,6,7,7,9,0.8346218863649469,0.7939028999453239,0.040718986419623016,1.4648465100262144e-05,585.4994844275989
50,12,7,6,6,18,0.7919613181333539,0.7661420714714159,0.025819246661938022,2.8793025152696576e-05,1172.6206155162652
50,12,8,4,4,2,0.9181327994137465,0.6020263989214918,0.3161064004922547,0.0,63.96293593072334
50,12,9,7,7,3,0.8145488985143058,0.6554973281320409,0.15905157038226492,4.754009615124707e-06,143.6814878934697
50,12,10,1,1,7,0.7767167508977464,0.6616127628835581,0.11510398801418831,9.264745496267596e-06,355.4049669916237
50,12,11,0,0,8,0.77589720723664,0.6449925077361575,0.13090469950048256,0.0,439.94481071054014
50,12,13,2,2,28,0.8298706438544504,0.8169519854247657,0.01291865842968476,3.639260311020849e-05,1484.6204489890383
50,12,14,3,3,7,0.7761080032340832,0.7085542925379369,0.06755371069614635,1.3884165729347661e-05,347.59991146789423
50,12,15,4,4,13,0.8349947248088093,0.836036159616499,-0.0010414348076897006,1.7935011389116853e-05,751.2244136484728
50,12,16,6,6,1,1.0000000171153134,0.2663752629724116,0.7336247541429017,0.0,0.0
50,12,17,7,7,19,0.7989286462754608,0.8130473649316392,-0.01411871865617842,2.4677831505693117e-05,1040.3497294161195
50,12,20,1,1,18,0.8530140281289038,0.8080461583560424,0.04496786977286138,3.413010407372405e-05,1160.1754552190366
50,12,22,4,4,2,0.8843036539364059,0.6322368006671318,0.252066853269274,0.0,76.68464316965168
50,12,23,3,3,1,0.9999999756905381,0.6337814863865222,0.3662184893040159,0.0,0.0
50,12,24,5,5,10,0.9017485825285865,0.8741841315452649,0.02756445098332161,2.386146444765775e-05,734.6218921376567
50,12,25,7,7,29,0.8167356281977752,0.807906891493111,0.00882873670466422,4.085976472275894e-05,1547.2137041655074
50,12,26,4,4,9,0.8255035341192036,0.7983718364598739,0.027131697659329768,1.623728120087232e-05,510.90062608307085
50,12,27,8,8,3,0.8408520591044659,0.6453419444946134,0.19551011460985257,4.5524488206912215e-06,146.06815254858535
50,12,28,0,0,3,0.9042244903548609,0.60734987811492,0.2968746122399408,6.198323499751059e-06,156.7953326255404
50,12,29,2,2,6,0.8331463576275105,0.748613417655193,0.08453293997231759,1.0043861594193803e-05,327.6349575701799
50,12,30,0,0,2,0.9226460614327477,0.7755502628371874,0.14709579859556032,0.0,84.25531836371725
50,12,31,1,1,1,1.000000033167572,0.4291602056910268,0.5708398274765452,0.0,0.0
50,12,32,3,3,28,0.7984713414576249,0.7889088086903803,0.009562532767244614,4.29993529229214e-05,1457.9308203929984
50,12,33,1,1,7,0.807670289143079,0.5882220235602291,0.2194482655828499,9.426267375073756e-06,312.82974211417917
50,12,34,9,9,29,0.820627170709206,0.8373127438762804,-0.01668557316707442,3.781131415330183e-05,1629.7271504970545
50,12,36,9,9,1,0.999999985075733,0.38537927625053914,0.6146207088251938,0.0,0.0
50,12,37,7,7,1,0.9999999899582627,0.4013302877709679,0.5986697021872948,0.0,0.0
50,12,39,7,7,1,0.9999999970004666,0.6955260276836559,0.3044739693168107,0.0,0.0
50,12,40,5,5,5,0.8466265254505645,0.7801907137882373,0.06643581166232715,8.002557763710595e-06,262.2685656650613
50,12,41,9,9,4,0.7904993119811341,0.6968118673674604,0.09368744461367373,0.0,206.9658220233668
50,12,42,4,4,1,1.0000000510681535,0.4198586097071972,0.5801414413609562,0.0,0.0
50,12,43,3,3,16,0.872129049205698,0.8558690244946153,0.016260024711082677,0.0,1038.8924172751574
50,12,45,5,5,1,0.9999999888901857,0.08797746354425887,0.9120225253459269,0.0,0.0
50,12,46,6,6,14,0.767100761133903,0.7563554187926972,0.010745342341205832,2.7943931943268958e-05,700.1870303679439
50,12,47,8,8,28,0.8293828916670455,0.8057203904147546,0.023662501252290857,4.17944031375173e-05,1531.431579797478
50,12,48,1,1,5,0.8119367823487813,0.683345806641842,0.12859097570693934,9.051657229873113e-06,272.6705893841118
50,12,49,5,5,8,0.8603246605888148,0.8146841468645004,0.045640513724314435,0.0,460.45080280192445
50,12,50,1,1,21,0.8450736895167948,0.8093353020260675,0.03573838749072733,3.950488113684536e-05,1396.5672791250377
50,12,51,2,2,6,0.777759051911582,0.6840230713257244,0.09373598058585764,1.148146545840168e-05,323.6380433446236
50,12,53,3,3,14,0.8546488642865112,0.8580637031421676,-0.00341483885565641,2.749461942417463e-05,931.310225190141
50,12,54,3,3,36,0.8290532836938064,0.843174718640185,-0.01412143494637863,5.4262184795020794e-05,2173.476831937228
50,12,55,8,8,8,0.7452441052923411,0.7185252993020947,0.02671880599024634,0.0,386.2636750272634
50,12,57,6,6,19,0.8269377213956143,0.8093546430069307,0.01758307838868356,2.4371305096323145e-05,1048.420504011623
50,12,58,8,8,27,0.776697694054071,0.7571311706328647,0.01956652342120624,4.173344347812082e-05,1351.6534241660431
50,12,59,8,8,3,0.7319025763366299,0.667201985932476,0.06470059040415388,3.4303522104948886e-06,112.99626295570519
50,12,60,6,6,1,0.999999921748002,0.5730781018091928,0.4269218199388092,0.0,0.0
50,12,61,7,7,1,1.0000000284294088,0.4232489272476032,0.5767511011818056,0.0,0.0
50,12,62,7,7,4,0.8367819907087197,0.630128735375711,0.2066532553330087,0.0,207.08404041495896
50,12,63,1,1,10,0.7561338695157961,0.747229609798796,0.00890425971700004,1.1858852128338422e-05,505.22709216289314
50,12,65,5,5,4,0.8742531127730383,0.6534939961294933,0.22075911664354497,0.0,214.0096549065477
50,12,67,6,6,1,1.0000000104267108,0.4599732487639984,0.5400267616627124,0.0,0.0
50,12,68,3,3,16,0.867652104054143,0.844716614862596,0.022935489191546976,0.0,867.7178222699143
50,12,69,4,4,21,0.867727465924943,0.8341960617076528,0.03353140421729017,2.9544329407824816e-05,1240.3314655482873
50,12,70,9,9,1,1.0000000017803266,0.3985774061299422,0.6014225956503844,0.0,0.0
50,12,71,3,3,3,0.814596550530468,0.6219855798409133,0.19261097068955468,4.606341719590333e-06,123.55747720482287
50,12,72,2,2,1,1.0000000378634588,0.5330632097523282,0.4669368281111306,0.0,0.0
50,12,73,1,1,16,0.838532509244553,0.807143335153272,0.03138917409128106,0.0,999.2804825516284
50,12,75,4,4,21,0.8859877833930523,0.8834445504939542,0.00254323289909808,3.621275346990545e-05,1366.184836841648
50,12,76,7,7,1,0.9999999624302235,0.34204719479386575,0.6579527676363577,0.0,0.0
50,12,77,8,8,9,0.8763067542150935,0.7847609668946421,0.09154578732045138,1.4773589639730527e-05,529.7071982857392
50,12,81,6,6,7,0.8047959821535314,0.7345309375434748,0.07026504461005667,9.89411958162909e-06,350.1637214733258
50,12,82,0,0,2,0.8885728014205292,0.7553358361178488,0.13323696530268037,0.0,74.45056577147051
50,12,84,0,0,4,0.8067517748131543,0.6343808198333276,0.17237095497982668,0.0,186.33903837995015
50,12,85,5,5,11,0.8382114662261537,0.7896854528927932,0.048526013333360485,1.671879684496404e-05,576.3425640538338
50,12,86,6,6,4,0.8518730178171805,0.754534180226804,0.09733883759037654,0.0,204.5275299521397
50,12,87,1,1,4,0.8539306377233173,0.7165620245722163,0.13736861315110105,0.0,210.8036958805647
50,12,88,9,9,1,0.999999979402267,0.39728038489866724,0.6027195945035998,0.0,0.0
50,12,89,9,9,2,0.8792650750181585,0.7143640184517802,0.16490105656637832,0.0,72.20315471920738
50,12,90,2,2,1,0.9999999950617522,0.46871363423868084,0.5312863608230713,0.0,0.0
50,12,91,8,8,1,0.999999955915344,0.40363030141950557,0.5963696544958383,0.0,0.0
50,12,92,1,1,17,0.7972899829856009,0.7282024356270043,0.06908754735859668,2.1258472851837894e-05,925.9380008620356
50,12,93,2,2,1,1.0000001145179058,0.4145041522645988,0.585495962253307,0.0,0.0
50,12,94,9,9,6,0.834034931268284,0.7249399313825701,0.10909499988571392,8.41223193718265e-06,326.308943731166
50,12,95,2,2,35,0.8479173325443865,0.8332168236601905,0.01470050888419605,5.669144424828138e-05,2112.9786187849445
50,12,96,7,7,5,0.8481213809898818,0.8176989354756364,0.030422445514245333,7.830272324286225e-06,236.66748855539257
50,12,97,2,2,10,0.8737123098904872,0.8135026607872387,0.06020964910324855,1.6530772433846326e-05,625.7415848878757
50,12,98,5,5,15,0.7660170250728245,0.6696417679320072,0.0963752571408173,2.58255914719088e-05,756.2551040459086
50,13,0,5,5,7,0.884703973545089,0.8266690418708386,0.058034931674250445,1.0744091668086906e-05,431.58480438820243
50,13,1,9,9,5,0.8374604577174151,0.7146559263466705,0.12280453137074454,9.475006492531481e-06,299.96439162405676
50,13,2,6,6,2,0.8673298866014975,0.4377707652069185,0.42955912139457897,0.0,69.45789457042684
50,13,3,4,4,57,0.8301647056753951,0.8219258127930711,0.008238892882324045,9.235233436890217e-05,3514.7338378112468
50,13,4,8,8,5,0.8272095828124103,0.6913624417850941,0.1358471410273162,7.342496353442893e-06,261.48841645924136
50,13,5,9,9,1,0.9999999963332772,0.485084825154681,0.5149151711785962,0.0,0.0
50,13,6,7,7,4,0.8890179766933708,0.7849793439153417,0.10403863277802905,0.0,244.8878705266358
50,13,7,6,6,4,0.8139529402337266,0.6026981481449325,0.21125479208879405,0.0,191.54717957395377
50,13,8,4,4,2,0.8947377048354797,0.407381655670556,0.48735604916492364,0.0,64.63331524302947
50,13,9,7,7,45,0.7988311156460652,0.7992875226826647,-0.0004564070365994377,6.252461884113845e-05,2638.692760900185
50,13,10,1,1,2,0.9215378720671612,0.5818950089362772,0.339642863130884,0.0,87.6168456581351
50,13,12,0,0,1,1.000000052896116,0.20684053455461723,0.7931595183414987,0.0,0.0
50,13,13,2,2,3,0.7941924422389439,0.6733445475629165,0.12084789467602741,4.63621535496091e-06,124.8304399700186
50,13,14,3,3,13,0.8097977582689396,0.7880627708078818,0.021734987461057842,1.7562282007621254e-05,782.2124176649457
50,13,15,4,4,32,0.8525466424362884,0.8543000615263838,-0.0017534190900954094,0.0,2034.5466772088585
50,13,18,2,2,7,0.8278696812977105,0.7354539438564462,0.0924157374412643,1.0141444703003183e-05,444.79664411199354
50,13,19,5,5,13,0.8126490399840391,0.7955628150610728,0.017086224922966298,1.8275288592417325e-05,801.1043697710371
50,13,20,1,1,9,0.823894398218355,0.811081510004828,0.012812888213526996,1.5327877205863477e-05,551.567497913933
50,13,22,4,4,12,0.7694852653760591,0.7010631769024265,0.06842208847363263,1.8895346750568178e-05,654.0004807205247
50,13,24,5,5,8,0.8724052404151065,0.7888352415261105,0.08356999888899597,0.0,449.2659446379783
50,13,25,7,7,3,0.8063795545305719,0.5761023099063162,0.2302772446242557,4.747461929829579e-06,128.82827281413347
50,13,26,4,4,4,0.7956421808563245,0.7443515396797551,0.05129064117656945,0.0,213.69839815345077
50,13,28,0,0,18,0.7892432322813125,0.8055113857807659,-0.01626815349945332,3.312108258497991e-05,1086.377129198764
50,13,29,2,2,1,1.0000000711764103,0.17357328832657026,0.8264267828498401,0.0,0.0
50,13,30,0,0,10,0.8552508371662343,0.8164617101186314,0.038789127047602845,1.6436551728999503e-05,597.7140816282376
50,13,31,1,1,6,0.8564286978681055,0.8368472642762883,0.019581433591817188,8.107832084991621e-06,336.7043329573252
50,13,32,3,3,24,0.7853354819873716,0.7680316749571636,0.01730380703020795,3.203589145708233e-05,1347.569278890885
50,13,34,9,9,46,0.8597875366058594,0.850128752540207,0.009658784065652348,6.999037475722425e-05,2817.4270708597023
50,13,35,4,4,33,0.8422043073006759,0.7599190904373765,0.08228521686329937,4.8690286984773365e-05,1762.361810309424
50,13,36,9,9,3,0.8853209849782505,0.7063669307393308,0.17895405423891975,5.728154976964143e-06,145.7338331105232
50,13,37,7,7,3,0.8822181365667541,0.6639897723052711,0.21822836426148295,4.551669465233113e-06,136.2092928961122
50,13,38,8,8,1,1.0000000887809448,0.44232862040437554,0.5576714683765693,0.0,0.0
50,13,40,5,5,1,0.9999999614646187,0.14886560014608607,0.8511343613185326,0.0,0.0
50,13,41,9,9,3,0.798510525438135,0.5510220949131781,0.24748843052495695,5.075170934767471e-06,140.0026911571062
50,13,42,4,4,11,0.812674710085647,0.7702587030155292,0.04241600707011772,2.2993027920451092e-05,599.1434600471449
50,13,43,3,3,1,0.9999999643279077,0.6269116448314775,0.3730883194964302,0.0,0.0
50,13,44,0,0,3,0.8170293849048571,0.620781775078016,0.19624760982684109,5.855321313341424e-06,145.8723973422414
50,13,46,6,6,29,0.734860959122146,0.7376305189601494,-0.0027695598380034214,3.2643586702538934e-05,1478.0096458445055
50,13,47,8,8,8,0.7805296708354416,0.7674805350992534,0.013049135736188155,0.0,404.5085788137863
50,13,48,1,1,6,0.8115630967490397,0.7864856435204386,0.02507745322860111,9.697075058765009e-06,320.8653763845563
50,13,49,5,5,14,0.8892224951877865,0.8077771773971449,0.08144531779064157,2.4031282028110773e-05,820.4235533752858
50,13,50,1,1,13,0.8157948968647019,0.7752913685565062,0.0405035283081957,2.46638019377362e-05,759.8846650101563
50,13,51,2,2,3,0.8292309712139936,0.6651490321590696,0.16408193905492396,4.607404629400597e-06,157.1312299571317
50,13,52,0,0,3,0.8230428154794273,0.7072281942468988,0.1158146212325285,3.93277887505125e-06,122.19574648352052
50,13,53,3,3,58,0.8628706082396332,0.8566888884035012,0.006181719836132027,8.852514306594807e-05,3883.191986597036
50,13,54,3,3,3,0.9098746852032003,0.5621196345460927,0.34775505065710755,5.027344560350316e-06,157.22147740663092
50,13,55,8,8,1,0.99999998210977,0.38619003193924156,0.6138099501705285,0.0,0.0
50,13,56,3,3,20,0.8269374854517573,0.783078787625535,0.043858697826222315,2.4155071006731526e-05,1008.6015311020407
50,13,57,6,6,8,0.8251748878263839,0.8110236719938407,0.014151215832543196,0.0,439.02494096042204
50,13,58,8,8,1,1.0000000551120545,0.5561161659930257,0.44388388911902876,0.0,0.0
50,13,59,8,8,5,0.8432168648712152,0.7681697145828255,0.07504715028838971,9.09485806853786e-06,246.8279933923987
50,13,60,6,6,15,0.8482192805196016,0.8096097671128198,0.03860951340678176,1.7783690059818307e-05,764.1778562330092
50,13,61,7,7,5,0.794234387817528,0.6566484289225213,0.1375859588950067,7.728304668335715e-06,273.86528947259984
50,13,62,7,7,4,0.8963003303986792,0.7948482761357235,0.10145205426295567,0.0,223.78999372043745
50,13,64,0,0,11,0.8882442472626497,0.8627468124580792,0.025497434804570562,2.2965588437943738e-05,720.0400804712583
50,13,65,5,5,4,0.8782043074038038,0.7412436081436452,0.13696069926015864,0.0,206.82453795091035
50,13,66,3,3,10,0.8640148073561461,0.8499088248570921,0.014105982499054037,1.4143287881905893e-05,590.5981607009863
50,13,67,6,6,5,0.7535661105092477,0.637347157677478,0.11621895283176975,6.331905206674407e-06,244.1835980226366
50,13,68,3,3,3,0.8950532476402253,0.7399816590892064,0.15507158855101888,4.226834822710373e-06,121.62172061045406
50,13,70,9,9,2,0.8274563697414289,0.4168919499392049,0.41056441980222397,0.0,74.63929656033652
50,13,72,2,2,8,0.8043519067856809,0.7164680931220324,0.0878838136636485,0.0,406.146775011054
50,13,74,6,6,1,1.0000000280880923,0.45550403635903525,0.544495991729057,0.0,0.0
50,13,75,4,4,12,0.8494897939280115,0.8326806191602757,0.0168091747677358,1.970005762283145e-05,648.6334818854069
50,13,76,7,7,13,0.7814009739131587,0.7928578527263327,-0.011456878813174032,1.737480340007532e-05,682.457239976445
50,13,77,8,8,6,0.860071547061106,0.8031733813324728,0.056898165728633154,1.0704504355874974e-05,346.89966665955956
50,13,78,2,2,4,0.8015587636814977,0.6620070325393667,0.13955173114213104,0.0,205.66221617701547
50,13,79,5,5,33,0.7997338837032885,0.8427584239784596,-0.04302454027517111,4.607913346346305e-05,1885.9541863199745
50,13,80,0,0,1,1.0000000695292168,0.4386084161848032,0.5613916533444137,0.0,0.0
50,13,81,6,6,1,0.9999999658684762,0.261921446963805,0.7380785189046712,0.0,0.0
50,13,82,0,0,16,0.8528811804150607,0.8304942847421967,0.022386895672864005,0.0,940.1892144578782
50,13,84,0,0,16,0.7699027689854687,0.7030891812872143,0.0668135876982544,0.0,789.4486260846559
50,13,86,6,6,31,0.8569281522448976,0.8669665270733671,-0.010038374828469476,4.5216475805608376e-05,2016.3992338617875
50,13,87,1,1,8,0.7475866471265562,0.7169917199603464,0.030594927166209818,0.0,422.083644478167
50,13,88,9,9,6,0.8581755840547333,0.747900532652369,0.11027505140236427,9.177845612051332e-06,300.69616353052794
50,13,89,9,9,2,0.8814301924262667,0.5858147051198079,0.2956154873064588,0.0,70.64984451546613
50,13,90,2,2,21,0.7932245944592837,0.8088085821580714,-0.01558398769878766,2.251895463576222e-05,1076.6987813358771
50,13,92,1,1,1,0.9999999855982565,0.5176470888840365,0.48235289671422,0.0,0.0
50,13,93,2,2,2,0.8352558913639768,0.586169165762037,0.24908672560193978,0.0,67.7375737380597
50,13,94,9,9,4,0.8077060190851945,0.6918703730580988,0.11583564602709562,0.0,191.92377439625434
50,13,95,2,2,7,0.8543295634388677,0.697003068342385,0.15732649509648267,1.3469423125277525e-05,401.259720437648
50,13,96,7,7,22,0.8071867366604081,0.7596667920163884,0.04751994464401965,2.8421577249074324e-05,1042.0486223368794
50,13,97,2,2,20,0.8786122955169068,0.8694727391392582,0.009139556377648628,3.228566643897362e-05,1299.5897772197886
50,13,98,5,5,4,0.8145004393101632,0.5678353306795763,0.246665108630587,0.0,196.91014602521528
50,13,99,9,9,12,0.8238092583454417,0.716246017358799,0.10756324098664272,1.895585645046192e-05,668.9054327195728
50,14,1,9,9,14,0.85199669592913,0.8250175670367272,0.026979128892402726,2.9775504329290337e-05,880.3454051493339
50,14,2,6,6,1,0.9999999991678779,0.5307399860026607,0.46926001316521715,0.0,0.0
50,14,3,4,4,5,0.8218959988945156,0.619344534570358,0.2025514643241576,8.37281774977055e-06,276.8067280966113
50,14,4,8,8,3,0.8510343493816099,0.7602755966975849,0.090758752684025,6.338831869376855e-06,151.22440970972332
50,14,5,9,9,11,0.7993887487088709,0.7424292049283902,0.05695954378048074,1.4396930380946546e-05,609.0894530281945
50,14,6,7,7,10,0.8262995106068822,0.7933740593998259,0.032925451207056367,1.683158736419814e-05,639.7931805020688
50,14,7,6,6,4,0.7900121316759177,0.6933775050062144,0.09663462666970324,0.0,213.88187470209962
50,14,9,7,7,5,0.8577208555927388,0.6615105694657154,0.1962102861270234,8.847496729378992e-06,272.8838864030275
50,14,10,1,1,10,0.755206800468822,0.7584211530595313,-0.003214352590709235,1.3616625469677465e-05,536.5801147784666
50,14,11,0,0,5,0.8141308480400006,0.6658767254458037,0.1482541225941969,1.0851371403553394e-05,266.2155763206716
50,14,13,2,2,1,1.0000000726269476,0.6561958865293557,0.3438041860975919,0.0,0.0
50,14,14,3,3,7,0.8071461770110808,0.7374797469119758,0.069666430099105,1.4448657923386208e-05,399.3057258713527
50,14,15,4,4,4,0.7660217861415727,0.727459240955574,0.038562545185998665,0.0,154.35319761771584
50,14,16,6,6,1,0.999999984887855,0.294677600283929,0.705322384603926,0.0,0.0
50,14,17,7,7,4,0.8188191307072334,0.6663239495843776,0.15249518112285587,0.0,189.08212543887763
50,14,18,2,2,35,0.8212809382114487,0.8203700905006159,0.0009108477108327184,3.70552550041105e-05,1875.514724208255
50,14,19,5,5,2,0.8499065010495822,0.6401361645916415,0.20977033645794074,0.0,71.53116911586265
50,14,20,1,1,21,0.8441320637663755,0.826941395684578,0.017190668081797478,3.969258679998492e-05,1337.3365878259851
50,14,21,8,8,1,0.9999999709537031,0.6323586308706969,0.3676413400830062,0.0,0.0
50,14,22,4,4,1,1.000000042591801,0.2718111391433201,0.7281889034484809,0.0,0.0
50,14,23,3,3,7,0.867690980407747,0.7669580078471112,0.10073297256063574,9.937385314492455e-06,365.06085798236916
50,14,25,7,7,3,0.8748724487179607,0.6638700910185035,0.2110023576994572,4.90893680614776e-06,149.37542573577596
50,14,26,4,4,2,0.8799463265338986,0.4106471473749045,0.4692991791589941,0.0,78.89390201864887
50,14,27,8,8,7,0.8308410978083998,0.7320184074472508,0.09882269036114899,1.0479089312560417e-05,406.006847582512
50,14,28,0,0,14,0.8389171674926476,0.759778691230168,0.0791384762624796,2.363881881978524e-05,826.0761265241531
50,14,29,2,2,2,0.8509303977378395,0.5289976186632804,0.3219327790745591,0.0,73.71175275720854
50,14,30,0,0,15,0.8760106485247954,0.8319059485977218,0.044104699927073554,2.986650705994375e-05,1022.016193063003
50,14,31,1,1,8,0.8652944334634177,0.8162097451066488,0.049084688356768935,0.0,453.146233233762
50,14,32,3,3,1,1.0000000125867359,0.13565586225219808,0.8643441503345378,0.0,0.0
50,14,33,1,1,2,0.8318404278793013,0.6095697409913802,0.22227068688792118,0.0,59.26645829363594
50,14,34,9,9,4,0.8933064308323728,0.7442464584784189,0.14905997235395396,0.0,228.2698425790522
50,14,35,4,4,2,0.868137775669667,0.5669777891750561,0.30115998649461084,0.0,78.36662465808591
50,14,36,9,9,11,0.8699896776049861,0.8134331452375514,0.05655653236743474,1.971957885136594e-05,696.7811011085707
50,14,37,7,7,1,0.999999986476605,0.620544993989195,0.37945499248741,0.0,0.0
50,14,38,8,8,1,0.9999999825276653,0.4652910392933325,0.5347089432343328,0.0,0.0
50,14,39,7,7,1,0.9999999535756509,0.43891128511687033,0.5610886684587806,0.0,0.0
50,14,41,9,9,18,0.8952036994826227,0.856218067852084,0.0389856316305387,2.9145750730637367e-05,1082.3113168288205
50,14,42,4,4,9,0.8822558858926692,0.7225078822684192,0.15974800362425,2.0868373872571056e-05,571.0271647454273
50,14,43,3,3,3,0.8756397762607889,0.6896630510039597,0.18597672525682918,4.975311210557725e-06,150.8704729341692
50,14,44,0,0,5,0.8099589176570248,0.6638363176273028,0.146122600029722,7.124994278008849e-06,235.55544262947313
50,14,45,5,5,2,0.8459420539195353,0.4395205929271652,0.40642146099237003,0.0,76.11415786015236
50,14,46,6,6,10,0.7932413759071196,0.7023486421643784,0.0908927337427412,1.611232105578688e-05,582.1341900465387
50,14,47,8,8,3,0.8545118840748908,0.560609264148906,0.29390261992598476,4.832310706917793e-06,125.45414513729075
50,14,48,1,1,6,0.8440108739305491,0.7899848803156883,0.05402599361486082,8.499859858298258e-06,326.61953524858933
50,14,49,5,5,15,0.8821928676308651,0.849807118960119,0.03238574867074617,2.3760043095187744e-05,891.8057762057201
50,14,50,1,1,18,0.8261428217315993,0.7755165164201302,0.050626305311469055,3.172533772008626e-05,1142.7495556460085
50,14,51,2,2,5,0.8413448968107872,0.7640037585777976,0.0773411382329896,7.082420419309566e-06,302.8349127233451
50,14,52,0,0,28,0.8756282237217339,0.8874814380222447,-0.011853214300510784,4.957580148284785e-05,1647.1988921799693
50,14,53,3,3,1,0.9999999483092225,0.1918783264398666,0.8081216218693559,0.0,0.0
50,14,54,3,3,5,0.8238566820338623,0.7848731526383136,0.03898352939554872,9.231043725803308e-06,275.3395777517658
50,14,55,8,8,51,0.8163698242547395,0.8047180128528298,0.011651811401909629,6.439976409571941e-05,2774.3265868453213
50,14,56,3,3,13,0.8326593676728853,0.7943096454859684,0.0383497221869169,2.0049555798677644e-05,675.019968355261
50,14,57,6,6,5,0.8398610318441506,0.7221849426231813,0.11767608922096928,1.0130805865862671e-05,306.6221040820773
50,14,59,8,8,5,0.7858291301197473,0.6301920260948871,0.1556371040248602,7.973274758334431e-06,243.13485207406788
50,14,60,6,6,6,0.8130228622037374,0.6778979472468196,0.1351249149569178,7.395656490389266e-06,282.64928192420547
50,14,61,7,7,9,0.7330304499492426,0.704964802431372,0.02806564751787055,1.032228931937525e-05,412.33344417077217
50,14,62,7,7,15,0.8502224043941499,0.8246326401650039,0.02558976422914594,2.0380440776551466e-05,869.4469804525681
50,14,63,1,1,2,0.8968801483341428,0.6167047491240398,0.2801753992101029,0.0,90.46639117270638
50,14,64,0,0,1,0.9999999918050666,0.5082181668228248,0.49178182498224177,0.0,0.0
50,14,65,5,5,1,1.000000043967651,0.40175906259628075,0.5982409813713703,0.0,0.0
50,14,66,3,3,2,0.8437607760881405,0.34527081166245643,0.49848996442568405,0.0,72.53106259234119
50,14,67,6,6,3,0.875040825202771,0.8099484313765062,0.06509239382626486,4.068606562296201e-06,150.36609425397523
50,14,68,3,3,21,0.8717259479544771,0.8382724969412887,0.03345345101318842,3.350615097696343e-05,1188.2154494636663
50,14,69,4,4,4,0.9048575454553652,0.8666351375746457,0.03822240788071951,0.0,231.6191982276552
50,14,70,9,9,2,0.9320299925246398,0.5723348262071221,0.35969516631751774,0.0,77.10109574309062
50,14,71,3,3,1,0.99999997230286,0.3133691979904294,0.6866307743124306,0.0,0.0
50,14,72,2,2,1,0.9999999346953738,0.5377116436124998,0.46228829108287406,0.0,0.0
50,14,73,1,1,1,1.0000000555225506,0.35667638700973586,0.6433236685128148,0.0,0.0
50,14,74,6,6,7,0.8212226367650882,0.7909499547758011,0.03027268198928712,1.5042915114985474e-05,394.0307564314737
50,14,75,4,4,4,0.8614182359989611,0.726911980589307,0.1345062554096541,0.0,207.3200018024624
50,14,77,8,8,10,0.8170839925229276,0.738522233511164,0.07856175901176365,1.4109125006473846e-05,586.3140593410897
50,14,78,2,2,14,0.7967621535092467,0.7387756678115767,0.057986485697670065,2.8321891056901836e-05,882.0247656247896
50,14,80,0,0,5,0.8855357008947677,0.8356368231662232,0.04989887772854451,7.1933311291746505e-06,282.1388094728097
50,14,81,6,6,35,0.83039022877664,0.8047823733850489,0.02560785539159116,4.578463832299633e-05,1803.0127578690506
50,14,82,0,0,15,0.8478367293484613,0.8046148705365287,0.043221858811932634,2.4267693390657554e-05,848.0150493642225
50,14,83,4,4,1,1.000000072625495,0.564832582957746,0.435167489667749,0.0,0.0
50,14,84,0,0,37,0.7985106060001645,0.782248588231576,0.0162620177685886,5.052237087491938e-05,1927.816116841743
50,14,85,5,5,15,0.8224731852774821,0.7687227021967922,0.05375048308068997,2.0967371614377777e-05,815.2141772852813
50,14,86,6,6,2,0.9034878857009635,0.7729232647332144,0.13056462096774912,0.0,84.99870961909485
50,14,87,1,1,1,0.9999999777926742,0.21946762307023923,0.780532354722435,0.0,0.0
50,14,88,9,9,13,0.8886420719989091,0.8650878499978942,0.02355422200101487,1.7766902402191037e-05,705.1531923755816
50,14,89,9,9,4,0.8103399033459422,0.6011855671938625,0.20915433615207968,0.0,183.38234383571952
50,14,90,2,2,8,0.8655199787015353,0.7662306324963203,0.09928934620521501,0.0,445.95669682719716
50,14,91,8,8,58,0.8275912788519315,0.8191026050659039,0.008488673786027578,8.332894079079264e-05,3704.3484131218315
50,14,93,2,2,36,0.8574121197059432,0.8509793029987738,0.006432816707169442,4.76454218307639e-05,2247.9697194018718
50,14,94,9,9,9,0.7852304823210093,0.7341230088664674,0.05110747345454192,1.4548646172258338e-05,454.67917187563785
50,14,95,2,2,2,0.8479333281430955,0.5968053687347644,0.2511279594083311,0.0,76.73975125406885
50,14,96,7,7,1,1.000000036814381,0.4271225019377381,0.5728775348766431,0.0,0.0
50,14,97,2,2,68,0.8658443782416265,0.890615136259747,-0.024770758018120453,0.00010582367109363283,4465.579038291441
50,14,98,5,5,2,0.8615217263782377,0.6383170454783125,0.22320468089992518,0.0,73.19274582894919
50,14,99,9,9,10,0.7417367685453039,0.762481399939268,-0.020744631393964097,1.9613366351333964e-05,536.4297097862084
50,15,0,5,5,2,0.9129453112060765,0.6683961282846194,0.2445491829214571,0.0,65.08784287645385
50,15,1,9,9,3,0.8622325566386123,0.6901070329995089,0.17212552363910338,4.42371449395196e-06,130.65747137410318
50,15,2,6,6,10,0.8032743283338496,0.8203862600808189,-0.017111931746969344,1.5823383555969755e-05,587.8432723102669
50,15,3,4,4,11,0.809877708400651,0.7576727368991222,0.05220497150152881,1.786898713475657e-05,664.3395320113224
50,15,4,8,8,1,1.0000000237723832,0.30023550208331123,0.699764521689072,0.0,0.0
50,15,5,9,9,4,0.8217428403225043,0.711988497885105,0.10975434243739934,0.0,207.23970847141436
50,15,6,7,7,3,0.8885821533973493,0.701609834252531,0.18697231914481827,4.635521993906409e-06,157.86772653321853
50,15,7,6,6,31,0.8513601390322167,0.7886162949422961,0.06274384408992062,4.5949592072377416e-05,1899.3766115446901
50,15,8,4,4,5,0.8278786693016968,0.6653641806594811,0.16251448864221574,6.9649996097606e-06,227.90012753218303
50,15,9,7,7,14,0.8150335008521447,0.7784873687575941,0.0365461320945506,2.3710212760429573e-05,833.007748527781
50,15,10,1,1,9,0.7598404356513009,0.6873503764641987,0.07249005918710216,1.2977247966443948e-05,448.8262704261911
50,15,11,0,0,6,0.7460845204482605,0.6123101979226554,0.13377432252560506,8.339857843200345e-06,314.1294260171575
50,15,12,0,0,1,0.9999999693564093,0.603654153647815,0.3963458157085943,0.0,0.0
50,15,13,2,2,19,0.7862988622979811,0.7679425516774103,0.018356310620570748,3.0972302331093436e-05,1036.3085198644242
50,15,14,3,3,1,0.9999999330841647,0.46836264607908257,0.5316372870050821,0.0,0.0
50,15,15,4,4,12,0.8667176226814701,0.8189455871579243,0.04777203552354581,2.0461593779388386e-05,727.0506074584443
50,15,16,6,6,35,0.7872066808883325,0.7559553568139576,0.03125132407437481,4.382133831291886e-05,1843.3139394594168
50,15,18,2,2,1,1.000000018804675,0.5162439940083801,0.48375602479629487,0.0,0.0
50,15,20,1,1,23,0.8154593357075587,0.8326445047893634,-0.017185169081804674,3.964195670370212e-05,1328.6482618790747
50,15,21,8,8,15,0.8590628633659012,0.8632234894190197,-0.00416062605311851,2.341241449132811e-05,893.9114842979543
50,15,22,4,4,38,0.7751030336981334,0.756955966531465,0.018147067166668363,4.8630914531357036e-05,2100.340055673844
50,15,23,3,3,4,0.8225110614852206,0.6830671741155151,0.13944388736970548,0.0,175.71539903767774
50,15,24,5,5,1,0.9999999409116404,0.3536859709628765,0.6463139699487639,0.0,0.0
50,15,25,7,7,2,0.9082330954527567,0.571463387437669,0.33676970801508765,0.0,79.03287572632469
50,15,26,4,4,3,0.7809276672487478,0.60893603604021,0.1719916312085379,4.282074150954083e-06,128.54470553449497
50,15,29,2,2,11,0.795669603540689,0.7149604844520495,0.08070911908863954,1.7240761979263755e-05,571.5878398592981
50,15,30,0,0,4,0.915753395995886,0.7861115979044977,0.12964179809138832,0.0,222.59715152975338
50,15,31,1,1,4,0.8208387286244109,0.7145665458726582,0.10627218275175265,0.0,189.8606431844246
50,15,32,3,3,2,0.9045972078124142,0.5534395045840804,0.35115770322833373,0.0,82.40708796000379
50,15,33,1,1,4,0.829530046096492,0.6400164955322316,0.18951355056426034,0.0,166.51962691553587
50,15,34,9,9,23,0.8494847426274829,0.8483056671165673,0.0011790755109155615,3.790521168334751e-05,1364.53824257502
50,15,35,4,4,34,0.7833529216478456,0.7706647163406325,0.012688205307213152,6.888008575974614e-05,1910.1787601686453
50,15,36,9,9,2,0.9260978994073984,0.7995098532830013,0.1265880461243971,0.0,74.59068159208839
50,15,37,7,7,23,0.8126933425839472,0.7661691820256722,0.04652416055827502,3.0829770548485863e-05,1096.8102156672423
50,15,38,8,8,2,0.8286394512287034,0.715997703313983,0.11264174791472037,0.0,70.59340068932349
50,15,39,7,7,54,0.8825492696909685,0.8597281998358189,0.022821069855149534,8.673182952312629e-05,3325.5789843078537
50,15,40,5,5,11,0.7134397002529788,0.6761233426799297,0.037316357573049075,1.3594392043967374e-05,529.1712391667655
50,15,42,4,4,1,1.000000045227532,0.3451421693100196,0.6548578759175123,0.0,0.0
50,15,43,3,3,37,0.8736467792230928,0.8586461809831749,0.01500059823991784,5.9494937661579366e-05,2422.7338330331177
50,15,44,0,0,21,0.8385770315598272,0.7774298091026115,0.06114722245721571,3.475104194906994e-05,1080.7679046896492
50,15,46,6,6,6,0.6861609878517599,0.6277270223495947,0.058433965502165286,8.035757722885372e-06,267.4806383658996
50,15,47,8,8,19,0.8387347383638222,0.8501518586613005,-0.011417120297478323,2.5929289064876682e-05,1028.982705340484
50,15,48,1,1,3,0.7570736466665976,0.6796524469322262,0.07742119973437145,3.5984737583216475e-06,118.46954685979402
50,15,49,5,5,17,0.8658927300697778,0.8484425703311844,0.01745015973859343,2.7133775639079904e-05,991.3160283084829
50,15,50,1,1,5,0.7851346596603361,0.6929732546847631,0.09216140497557301,7.512350281323279e-06,245.25384609489896
50,15,53,3,3,3,0.8814664261161534,0.6560026535364273,0.22546377257972616,4.741595857935614e-06,135.60022529287193
50,15,54,3,3,1,0.9999999948531725,0.4692951645845217,0.5307048302686508,0.0,0.0
50,15,56,3,3,6,0.793633221242098,0.749264024770497,0.04436919647160098,9.12923191472264e-06,294.34417595777825
50,15,57,6,6,24,0.8297968424491005,0.86535258937819,-0.03555574692908958,2.9396873338051116e-05,1408.4808110121298
50,15,58,8,8,30,0.7473754991454159,0.7921282361614352,-0.04475273701601934,4.804435775069367e-05,1598.3627198246718
50,15,59,8,8,2,0.8592795752751561,0.6498179596961847,0.20946161557897136,0.0,65.26431062274644
50,15,60,6,6,1,1.000000036013083,0.10127589851502465,0.8987241374980584,0.0,0.0
50,15,61,7,7,14,0.8313548492600825,0.7303425026157728,0.10101234664430969,1.846849768584302e-05,776.9651417925144
50,15,62,7,7,3,0.8594431750321242,0.5961414800250043,0.26330169500711986,6.080966578894545e-06,139.806566149317
50,15,64,0,0,7,0.8758542570355412,0.8201022977477184,0.05575195928782284,9.284761966244078e-06,382.7784046006724
50,15,65,5,5,20,0.7859257076886137,0.7921402303488373,-0.006214522660223598,2.996373493473505e-05,1045.791502973653
50,15,66,3,3,5,0.7988772736040622,0.7755635507290372,0.02331372287502509,6.923675266822828e-06,249.93405972002444
50,15,68,3,3,1,1.0000000643624614,0.5152793350666166,0.48472072929584475,0.0,0.0
50,15,69,4,4,8,0.8213586459310661,0.7977756811688526,0.023582964762213554,0.0,431.24548946445503
50,15,70,9,9,34,0.8506037276340268,0.8195723694444175,0.031031358189609337,4.5370652020820366e-05,1883.81515032159
50,15,72,2,2,5,0.8422886148849537,0.7180854184943244,0.12420319639062927,6.717436247764491e-06,242.79069766542165
50,15,73,1,1,3,0.8623565185683748,0.7319074541877251,0.13044906438064974,4.980390298980943e-06,150.7721902051937
50,15,75,4,4,16,0.8841356384046443,0.8452794069627996,0.03885623144184469,0.0,1021.0170023030321
50,15,76,7,7,30,0.8076121242181769,0.7881998354951839,0.019412288722992943,4.1630453339183975e-05,1682.489586814511
50,15,77,8,8,6,0.8223106516337945,0.808606246289702,0.013704405344092452,1.0823594032070534e-05,311.236693697318
50,15,78,2,2,9,0.7476955690769576,0.7544042669683555,-0.006708697891397941,1.3639331887337038e-05,481.39514743639194
50,15,79,5,5,1,0.9999999040835047,0.2147034932019899,0.7852964108815148,0.0,0.0
50,15,80,0,0,5,0.7993762240241701,0.6914300709856764,0.10794615303849364,6.875526237366077e-06,225.5503901911144
50,15,81,6,6,6,0.7925404993299534,0.6775274614456274,0.11501303788432604,7.817360422401078e-06,299.35767338645365
50,15,83,4,4,19,0.8618716552249994,0.8524976990561381,0.009373956168861275,3.0226141577652334e-05,1208.6397873861072
50,15,85,5,5,18,0.7993567805676292,0.80846108661496,-0.009104306047330812,2.3782540235441404e-05,998.9079724014705
50,15,86,6,6,30,0.8543176615296051,0.8347507968949442,0.01956686463466084,4.68733408612514e-05,1914.6320976598158
50,15,87,1,1,19,0.812526988109013,0.8169158952597668,-0.004388907150753796,2.701612266074688e-05,1163.292296193047
50,15,88,9,9,6,0.8302689021105631,0.7928052329671712,0.03746366914339194,8.234734038259268e-06,356.5007671457069
50,15,89,9,9,16,0.7896334668491193,0.7698273493648116,0.019806117484307717,0.0,892.0592701216203
50,15,90,2,2,1,1.0000000245547371,0.21743851276321458,0.7825615117915226,0.0,0.0
50,15,92,1,1,19,0.7925870934582774,0.7572782451517898,0.03530884830648762,3.2289270953391724e-05,1114.742120628171
50,15,93,2,2,9,0.7846355122477073,0.7221475247350745,0.06248798751263285,1.922613458358931e-05,534.252976302794
50,15,94,9,9,56,0.8493386726528342,0.8567823381819584,-0.007443665529124122,9.248437461762553e-05,3205.338674970101
50,15,95,2,2,7,0.8369001932467109,0.7982690483722447,0.03863114487446628,1.2608419275892815e-05,398.9291103198451
50,15,96,7,7,1,0.9999999022670865,0.4507872926908616,0.5492126095762249,0.0,0.0
50,15,97,2,2,1,1.0000000547106525,0.5245225392666345,0.47547751544401795,0.0,0.0
50,15,98,5,5,11,0.8103153258210583,0.7781315588010306,0.032183767020027676,1.7342466132266186e-05,651.2907059127944
50,15,99,9,9,4,0.8128382070183466,0.7148104397576945,0.0980277672606521,0.0,194.50277210823606
50,16,0,5,5,32,0.8937144464248026,0.8749134123411832,0.018801034083619328,0.0,2101.991669347063
50,16,1,9,9,3,0.8738257187093084,0.7020422628421106,0.1717834558671978,4.911067090404624e-06,151.00342361743262
50,16,2,6,6,19,0.8164937458343691,0.7845718828561379,0.031921862978231186,3.302645923641505e-05,1046.9231868824977
50,16,3,4,4,48,0.8229439890138416,0.8037358250133982,0.01920816400044334,4.2140869161162564e-05,2866.4658732712214
50,16,4,8,8,5,0.8253884142339866,0.7765037152203164,0.04888469901367021,7.493469760725407e-06,255.69705124917442
50,16,5,9,9,1,0.9999999766796276,0.26882956022756327,0.7311704164520643,0.0,0.0
50,16,6,7,7,1,1.0000000802125162,0.5252164869861377,0.47478359322637853,0.0,0.0
50,16,7,6,6,1,1.0000000626004248,0.5437504562184096,0.4562496063820153,0.0,0.0
50,16,8,4,4,2,0.8624438154847975,0.6137008908177713,0.2487429246670262,0.0,67.89510744248338
50,16,9,7,7,6,0.8092161292257207,0.6806391555263895,0.1285769736993312,8.867046598091134e-06,330.49036332185744
50,16,10,1,1,4,0.7429813504374454,0.4732221266466056,0.2697592237908398,0.0,169.07138592537777
50,16,11,0,0,14,0.6871042758678579,0.697269612872648,-0.010165337004790054,1.7339521915260028e-05,699.2674327292049
50,16,12,0,0,5,0.8410132216831245,0.6038373705883425,0.237175851094782,7.017223776098807e-06,242.0820853988937
50,16,13,2,2,1,0.9999999292901892,0.197730190922116,0.8022697383680732,0.0,0.0
50,16,14,3,3,6,0.8416483101682418,0.7346498654863683,0.10699844468187347,1.0707169380816125e-05,338.4333855379749
50,16,15,4,4,27,0.8826010119510831,0.8799142667549695,0.0026867451961135602,5.156358137266202e-05,1702.8479907304077
50,16,16,6,6,2,0.841239854471643,0.7834955237397412,0.05774433073190177,0.0,77.7847545657468
50,16,17,7,7,8,0.8713249062974168,0.7971135240746169,0.07421138222279988,0.0,421.1781012591997
50,16,19,5,5,21,0.7960099496792039,0.7909609994565396,0.005048950222664272,3.2102352131028124e-05,1240.921304097655
50,16,20,1,1,7,0.8206070366746638,0.8339294001825637,-0.013322363507899837,1.1100319851340143e-05,389.42800454961815
50,16,21,8,8,14,0.8696087688429665,0.8786028372988266,-0.00899406845586015,2.5391027002142775e-05,851.9687757484919
50,16,23,3,3,8,0.8355976349920421,0.8475054889532783,-0.01190785396123617,0.0,403.17287937489743
50,16,24,5,5,1,1.0000000339724944,0.6380880202310483,0.3619120137414461,0.0,0.0
50,16,25,7,7,1,1.0000000173230201,0.4841545224018629,0.5158454949211573,0.0,0.0
50,16,26,4,4,4,0.7867430660171758,0.6536996268879994,0.13304343912917638,0.0,196.15379168231908
50,16,27,8,8,20,0.8262393611160442,0.7758266834190556,0.05041267769698865,1.905757528959542e-05,1178.6725936706098
50,16,28,0,0,1,1.000000003695402,0.5585604513996689,0.44143955229573306,0.0,0.0
50,16,29,2,2,3,0.8102346351622336,0.6451376003795459,0.16509703478268767,5.7377602508993135e-06,140.70937660720517
50,16,30,0,0,7,0.8945091066027382,0.8302154810611724,0.06429362554156581,1.2545899399655664e-05,449.9936894725431
50,16,32,3,3,7,0.824503136400204,0.7360529877918165,0.08845014860838751,1.0776646524207514e-05,388.92385927581125
50,16,33,1,1,34,0.8139164047009375,0.7906401594935382,0.02327624520739935,4.284072546880862e-05,1681.7456995796822
50,16,35,4,4,15,0.7890290465777174,0.7393020763810642,0.049726970196653286,1.9282080653282402e-05,790.784686571442
50,16,37,7,7,1,0.999999967543223,0.5195489912511424,0.48045097629208056,0.0,0.0
50,16,38,8,8,28,0.8492080632570183,0.8709797390213098,-0.02177167576429151,3.6110768486396526e-05,1725.8057671416036
50,16,39,7,7,5,0.887836153748096,0.8067679291954604,0.08106822455263563,8.762278990988167e-06,261.72895929364756
50,16,40,5,5,1,1.000000063761687,0.21965962844620823,0.7803404353154788,0.0,0.0
50,16,41,9,9,1,0.9999998763145,0.27591794687618687,0.7240819294383132,0.0,0.0
50,16,42,4,4,2,0.8449683271460403,0.6926660658902172,0.15230226125582313,0.0,76.73304977212268
50,16,43,3,3,17,0.8879009400964971,0.8401854285378094,0.047715511558687695,3.054208796577482e-05,1039.861377362103
50,16,45,5,5,24,0.784927587136081,0.7385746802074766,0.04635290692860439,2.8792977793928732e-05,1225.244461546529
50,16,46,6,6,3,0.8003156548204748,0.630572098215621,0.16974355660485385,4.613240192294338e-06,138.09432025667158
50,16,48,1,1,1,1.0000000054726244,0.574106215116523,0.4258937903561013,0.0,0.0
50,16,51,2,2,31,0.845453408052356,0.8336034906841409,0.011849917368215168,4.645541883372748e-05,2014.6230353018386
50,16,52,0,0,9,0.8755414788528155,0.8151994554575186,0.06034202339529693,1.3541255581901346e-05,476.3369642572613
50,16,53,3,3,28,0.8658048235782422,0.8744755186871772,-0.008670695108935034,4.989768931885162e-05,1858.1460590196684
50,16,54,3,3,1,0.9999999612940592,0.348182098028035,0.6518178632660242,0.0,0.0
50,16,55,8,8,24,0.8121856624737334,0.8350979115329106,-0.022912249059177214,3.442240866078275e-05,1312.582100628199
50,16,56,3,3,2,0.8980013875444878,0.5064655860333303,0.3915358015111575,0.0,70.72817595775604
50,16,57,6,6,22,0.8546695462452694,0.8472318838905974,0.0074376623546719145,2.8666604282855362e-05,1364.0173721643112
50,16,58,8,8,1,0.9999999212977955,0.48529146775159143,0.5147084535462041,0.0,0.0
50,16,59,8,8,22,0.8255846116747899,0.81487450889465,0.010710102780139952,3.2326017200791425e-05,1126.1898376157385
50,16,61,7,7,8,0.7452825122379542,0.7453839858450784,-0.00010147360712420284,0.0,424.7889278049227
50,16,64,0,0,19,0.8909157166664025,0.8710016061617157,0.01991411050468672,3.71282334005697e-05,1187.1009844080584
50,16,65,5,5,16,0.7970156620671713,0.781676122108915,0.01533953995825632,0.0,912.3393748673248
50,16,67,6,6,2,0.8567449867905323,0.541801952880499,0.3149430339100333,0.0,76.93608697012257
50,16,68,3,3,1,0.99999998699465,0.7209708715787574,0.2790291154158926,0.0,0.0
50,16,69,4,4,1,1.0000000027601148,0.2900152986952286,0.7099847040648862,0.0,0.0
50,16,70,9,9,2,0.892532043431443,0.5672902793462694,0.3252417640851736,0.0,79.83567412588594
50,16,73,1,1,1,0.9999999175309885,0.381769637839203,0.6182302796917856,0.0,0.0
50,16,74,6,6,18,0.8420074921546167,0.8378882152287772,0.004119276925839466,2.4549199558594287e-05,1161.0394750880264
50,16,75,4,4,32,0.9248502627337721,0.9124661410998967,0.012384121633875478,0.0,2288.589834020904
50,16,76,7,7,6,0.8092885828688676,0.7818277274627479,0.027460855406119755,7.85075411726063e-06,315.79596173504706
50,16,78,2,2,1,0.9999999000992458,0.5243770303379197,0.47562286976132606,0.0,0.0
50,16,79,5,5,2,0.859345027939974,0.6244510871534562,0.23489394078651782,0.0,73.95596991773627
50,16,81,6,6,17,0.8434692954127041,0.7924320163586044,0.051037279054099716,2.2112344863006554e-05,904.0856081569148
50,16,83,4,4,5,0.8754580140176651,0.655003554055905,0.22045445996176005,9.91219947558545e-06,280.5978054469805
50,16,84,0,0,1,1.000000008041406,0.29158525423499787,0.7084147538064081,0.0,0.0
50,16,85,5,5,19,0.8135012590472198,0.7991379453334633,0.014363313713756543,2.7349933446479456e-05,1022.8376607224591
50,16,86,6,6,13,0.8213860416705729,0.7963894289501384,0.02499661272043452,1.9483998842439216e-05,796.8474982478089
50,16,87,1,1,1,1.00000001363296,0.46396580814738236,0.5360342054855778,0.0,0.0
50,16,88,9,9,25,0.8590337928238768,0.8621216745558188,-0.003087881731941966,3.854671125670292e-05,1452.0111612849396
50,16,89,9,9,9,0.7998573086325207,0.7485574432433878,0.05129986538913289,1.0579271647433993e-05,431.9263115411736
50,16,90,2,2,9,0.8159208533426011,0.6778756591307247,0.13804519421187644,1.1041207948995151e-05,477.07065946711504
50,16,92,1,1,53,0.8251091342563245,0.7940935113721447,0.031015622884179805,7.96612535406734e-05,2926.2884964310374
50,16,93,2,2,1,0.9999999424586674,0.4276843501000133,0.572315592358654,0.0,0.0
50,16,95,2,2,3,0.9225788491489707,0.7683642082580225,0.15421464089094816,5.972989561617588e-06,159.2674261399757
50,16,96,7,7,4,0.7832861301664973,0.5464106454722263,0.236875484694271,0.0,176.31104481575414
50,16,98,5,5,14,0.7562029208594825,0.7429674254519401,0.01323549540754243,1.4259457663923254e-05,793.090297700153
50,16,99,9,9,10,0.7697171863574527,0.6802677880017114,0.08944939835574128,1.253017690489152e-05,513.4876487879183
50,17,0,5,5,19,0.8631202574006153,0.8453191290450509,0.017801128355564355,2.9863175896887162e-05,1228.922088494399
50,17,1,9,9,1,0.9999999827396007,0.46649591056482465,0.533504072174776,0.0,0.0
50,17,2,6,6,17,0.752604981179901,0.7690469382321669,-0.01644195705226581,1.9725761856910758e-05,863.5910752492531
50,17,3,4,4,4,0.8134920364111075,0.7503940434968304,0.06309799291427709,0.0,198.38342628013572
50,17,4,8,8,15,0.7908980285729524,0.7967119227971966,-0.005813894224244165,1.7072720317315288e-05,891.084038935369
50,17,5,9,9,72,0.8434275232940673,0.8344403353755999,0.00898718791846742,0.00010902662970101729,4146.371521015578
50,17,6,7,7,1,0.9999999736217293,0.3759960244010293,0.6240039492207,0.0,0.0
50,17,7,6,6,3,0.8699225622009854,0.6356665738244424,0.23425598837654305,5.337856020143872e-06,158.82653737858817
50,17,9,7,7,7,0.7904107273972224,0.7067754925124499,0.08363523488477254,1.1038676687675742e-05,387.02019813380986
50,17,10,1,1,25,0.7529191668000967,0.7061481723515611,0.04677099444853561,3.771036393338862e-05,1240.4228296536974
50,17,11,0,0,8,0.8241434597355224,0.6625637604319824,0.16157969930354,0.0,444.68068265617393
50,17,12,0,0,3,0.8055076501235686,0.6580170342964003,0.14749061582716827,4.915133129477272e-06,134.50454275238948
50,17,13,2,2,6,0.8172226843290185,0.733314248316991,0.08390843601202747,8.744699238120052e-06,296.46049783009653
50,17,14,3,3,1,0.9999999112976744,0.36893171102674766,0.6310682002709267,0.0,0.0
50,17,15,4,4,11,0.873814163021618,0.8470451768581732,0.026768986163444808,1.9259134107806884e-05,716.0158466662734
50,17,16,6,6,28,0.7632664211975304,0.7616488169119505,0.0016176042855798878,3.645887378749914e-05,1452.7554518494703
50,17,17,7,7,1,0.9999999286426817,0.38922184958933176,0.6107780790533499,0.0,0.0
50,17,18,2,2,6,0.852463904767614,0.7143470545383299,0.1381168502292841,1.1035074048949403e-05,359.65845122117236
50,17,19,5,5,35,0.8285889042421478,0.8385470188007761,-0.009958114558628273,4.936685261496811e-05,2134.5908694059326
50,17,20,1,1,9,0.8247418510139042,0.7430446179443109,0.08169723306959331,1.5945909876623654e-05,528.5500328166536
50,17,21,8,8,2,0.9051382768910534,0.6943704372593598,0.21076783963169365,0.0,66.8174041563676
50,17,22,4,4,19,0.7695772828750722,0.7402887563520594,0.029288526523012837,2.5327299786878715e-05,991.1949825663963
50,17,23,3,3,5,0.8127611639352141,0.6318794566714258,0.18088170726378838,6.364306408489379e-06,219.35701598836383
50,17,24,5,5,6,0.8721106753179807,0.8456524168920704,0.02645825842591032,1.2815943721832258e-05,404.0939945402398
50,17,26,4,4,5,0.8651536142775789,0.752902061850045,0.11225155242753382,8.258179442417373e-06,296.3741989366564
50,17,28,0,0,11,0.8399813985053234,0.7808229280008393,0.059158470504484084,1.7071291859925713e-05,645.631338843418
50,17,29,2,2,2,0.8519390710626932,0.43995586026269073,0.41198321080000244,0.0,73.86362114840526
50,17,30,0,0,1,0.999999897774644,0.6198701366067947,0.38012976116784936,0.0,0.0
50,17,31,1,1,2,0.8714044995890357,0.6103782976142951,0.2610262019747406,0.0,69.03759181576467
50,17,32,3,3,2,0.8413534160300955,0.46993107854111327,0.37142233748898223,0.0,76.7968898029718
50,17,33,1,1,7,0.7955989845493978,0.7175550651809105,0.07804391936848731,1.0869459849723472e-05,334.2846472356182
50,17,34,9,9,3,0.8724512192079615,0.6892068019679864,0.1832444172399751,6.319387557038061e-06,160.16718626726157
50,17,36,9,9,5,0.8686924256432921,0.6938814602393634,0.1748109654039287,1.0021204718344677e-05,293.1043792683926
50,17,37,7,7,15,0.7858082692696278,0.7664332813633438,0.019374987906284002,1.878395204872019e-05,731.6997521185181
50,17,38,8,8,12,0.8570762213195647,0.8113324148578084,0.04574380646175635,2.2430657486077657e-05,721.0931758292842
50,17,39,7,7,23,0.8661053413450709,0.8780399684237715,-0.011934627078700633,3.8979253927944685e-05,1414.3764521841267
50,17,40,5,5,6,0.6924776414404209,0.6377666794631686,0.05471096197725234,7.288208676908387e-06,282.64209148734915
50,17,41,9,9,42,0.9042683966622553,0.8889726455859834,0.015295751076271902,6.726397869713466e-05,2663.1930140100844
50,17,42,4,4,2,0.9393977066041134,0.7934253372689164,0.14597236933519697,0.0,82.73785628301914
50,17,43,3,3,1,1.0000000749583555,0.4810021245984109,0.5189979503599447,0.0,0.0
50,17,44,0,0,3,0.8569307212674019,0.6525620647940149,0.20436865647338698,4.025478379843503e-06,152.11971356075753
50,17,45,5,5,2,0.8643116503430476,0.30396827071297455,0.560343379630073,0.0,61.744698007427225
50,17,46,6,6,7,0.8153699316564434,0.7086108949470322,0.10675903670941123,1.1139384718714544e-05,421.56123231602123
50,17,47,8,8,10,0.8487304326605979,0.7593202712397729,0.08941016142082503,1.4758187185555867e-05,496.69772161712467
50,17,49,5,5,5,0.8555147810202541,0.8481710523424635,0.007343728677790651,7.97006031232086e-06,285.8560542166076
50,17,50,1,1,5,0.8075358586253311,0.7760814625835283,0.03145439604180278,1.0041405645794758e-05,275.0071762751505
50,17,51,2,2,30,0.8451945744137073,0.8157477350461617,0.029446839367545552,3.9641929005116455e-05,1894.7644652321326
50,17,52,0,0,4,0.8598228707642469,0.7344460771372348,0.12537679362701215,0.0,187.78358247829195
50,17,53,3,3,1,0.9999999754621609,0.5038005785196032,0.49619939694255766,0.0,0.0
50,17,56,3,3,19,0.8566375683892667,0.8386917865236292,0.017945781865637556,2.637231863928298e-05,1023.2180410909393
50,17,57,6,6,13,0.8620388838367706,0.812545126067676,0.04949375776909459,2.2932970259458443e-05,761.517051468836
50,17,58,8,8,18,0.7919037371200945,0.7561285717480748,0.035775165372019746,2.5358742990735444e-05,993.7686855107568
50,17,59,8,8,4,0.8280835192214362,0.680089543939684,0.14799397528175218,0.0,192.54400849325364
50,17,60,6,6,7,0.7735090342978947,0.6997287136782803,0.07378032061961448,9.45053750047844e-06,354.8079522715697
50,17,61,7,7,26,0.7463964369271118,0.7803178005621736,-0.03392136363506182,3.614333645269394e-05,1334.790790142154
50,17,62,7,7,3,0.8353735766546241,0.5395741585348284,0.2957994181197957,4.613079817961641e-06,155.64516777284666
50,17,63,1,1,1,1.0000000369084003,0.35169857978968483,0.6483014571187156,0.0,0.0
50,17,64,0,0,8,0.8698087850173516,0.8264037520317851,0.04340503298556653,0.0,430.18025368833474
50,17,66,3,3,11,0.8694775103517725,0.8646228244690704,0.004854685882702103,1.8342735356685763e-05,717.4727016567059
50,17,67,6,6,1,1.0000000457228566,0.4843887448151006,0.5156113009077561,0.0,0.0
50,17,68,3,3,4,0.8567727320050651,0.7516106934044658,0.10516203860059925,0.0,210.0818764537877
50,17,69,4,4,1,1.0000000339283122,0.3159023189531153,0.6840977149751968,0.0,0.0
50,17,71,3,3,1,0.9999999458201548,0.6559475835908155,0.3440523622293393,0.0,0.0
50,17,72,2,2,6,0.7883323279911392,0.6917442785804591,0.09658804941068011,1.0973908779263134e-05,331.79614979197936
50,17,73,1,1,5,0.7979759430287496,0.7190772239948139,0.07889871903393575,8.756031617476716e-06,256.4805860093041
50,17,74,6,6,20,0.8619919281508097,0.7849648442287935,0.07702708392201618,4.072139380117178e-05,1370.5289379326698
50,17,75,4,4,17,0.8954424456875774,0.876138825438671,0.019303620248906306,2.605177496236417e-05,1141.3566984680676
50,17,77,8,8,21,0.8308662234586313,0.8506104040432555,-0.019744180584624238,3.435781207428133e-05,1296.6977772868358
50,17,78,2,2,1,1.00000002770296,0.5924672188182477,0.4075328088847122,0.0,0.0
50,17,79,5,5,5,0.8301827617611648,0.8303978308959832,-0.00021506913481839085,8.317990895310984e-06,277.8393373490847
50,17,80,0,0,5,0.828106156342535,0.6975828446960269,0.1305233116465081,1.0336705496938395e-05,267.8508035301226
50,17,83,4,4,1,1.0000000419214194,0.47990861932544254,0.520091422595977,0.0,0.0
50,17,84,0,0,4,0.8109597527666822,0.537407843206927,0.27355190955975517,0.0,189.85436716765264
50,17,85,5,5,7,0.8178085275800666,0.7936540538860593,0.02415447369400736,9.625704659986706e-06,361.8981988279814
50,17,86,6,6,3,0.841258689994408,0.7371452223833359,0.1041134676110721,4.9436909677727885e-06,150.5419808035774
50,17,87,1,1,8,0.7991637931592659,0.7511339489811847,0.048029844178081205,0.0,407.12181329973487
50,17,89,9,9,6,0.8080830859027828,0.725038417664001,0.08304466823878176,9.450724670607968e-06,310.0658002113738
50,17,90,2,2,3,0.8701690363701279,0.6966758161193692,0.17349322025075864,4.392133554076991e-06,132.80039117786023
50,17,91,8,8,1,0.9999999043723692,0.4451516072939471,0.5548482970784221,0.0,0.0
50,17,92,1,1,1,1.0000000282342998,0.38192141276848207,0.6180786154658178,0.0,0.0
50,17,94,9,9,10,0.8253614856834999,0.7691651735388648,0.05619631214463505,1.3102395550185463e-05,538.7591798917515
50,17,95,2,2,37,0.8666229485242222,0.8342434425483659,0.03237950597585626,5.677817842686247e-05,2475.9121992623477
50,17,96,7,7,19,0.7770509825095236,0.7769578005431157,9.31819664079514e-05,2.1331392863570654e-05,818.776204189093
50,17,97,2,2,7,0.831943671837418,0.8059151418675354,0.026028529969882586,1.0271772479461933e-05,408.56824679513613
50,17,99,9,9,1,1.0000000135665277,0.09463864791589184,0.9053613656506359,0.0,0.0
50,18,0,5,5,8,0.8550106091816357,0.7911512207832491,0.06385938839838667,0.0,477.4089024785235
50,18,1,9,9,33,0.805579480022131,0.8360525213988655,-0.030473041376734566,4.82278651098146e-05,2070.486736941097
50,18,3,4,4,1,1.0000000869676415,0.6027911256626378,0.3972089613050037,0.0,0.0
50,18,4,8,8,5,0.8038870177471179,0.6565097983689542,0.14737721937816373,1.0796379885321277e-05,279.0272090915169
50,18,5,9,9,7,0.8319583266669146,0.7586855196279856,0.07327280703892902,1.0114431587363367e-05,399.7790674916692
50,18,8,4,4,1,0.9999999832517149,0.37058429570683016,0.6294156875448847,0.0,0.0
50,18,9,7,7,21,0.8324073269039113,0.7844741326049536,0.047933194298957704,3.083680946700067e-05,1249.3549059179616
50,18,10,1,1,28,0.8237623968526967,0.7412151298530324,0.0825472669996643,3.8595428069957234e-05,1375.4782393679263
50,18,11,0,0,14,0.7957154718891886,0.7290275134029899,0.06668795848619868,1.632268181019957e-05,714.7834811598185
50,18,12,0,0,6,0.8395907764657503,0.761988881024438,0.07760189544131235,9.778895196390611e-06,325.9433327818356
50,18,13,2,2,13,0.7898796049473829,0.7771107295810882,0.012768875366294674,2.0115934081731057e-05,707.0565023102582
50,18,14,3,3,35,0.7935696506002933,0.8000804166605993,-0.006510766060305984,6.940707316067985e-05,2031.8695214759325
50,18,15,4,4,1,1.000000028003025,0.4633271694688777,0.5366728585341474,0.0,0.0
50,18,16,6,6,5,0.7127803005532495,0.6031357672797897,0.1096445332734598,6.675367849431734e-06,217.99903646658484
50,18,19,5,5,12,0.8214435293001441,0.7668520374821992,0.05459149181794487,1.6281915597774263e-05,690.4532425006938
50,18,20,1,1,56,0.8508545177503555,0.8346855704824564,0.01616894726789908,7.811234793132878e-05,3361.3010409193457
50,18,21,8,8,6,0.8660952895549885,0.787630727960833,0.07846456159415549,1.0271965213418135e-05,324.2814258297599
50,18,22,4,4,3,0.8479883806021177,0.5948846898725216,0.25310369072959604,5.108700436866662e-06,146.82262948234194
50,18,23,3,3,4,0.8619449708120472,0.6258909908814196,0.2360539799306276,0.0,169.95893145571614
50,18,25,7,7,2,0.8969904752247023,0.5759594211246148,0.3210310541000875,0.0,79.19592936617472
50,18,26,4,4,1,0.9999999332830104,0.5169251635421598,0.4830747697408506,0.0,0.0
50,18,28,0,0,10,0.7660962888725228,0.7057213241550342,0.0603749647174886,1.4768944668688694e-05,553.9873312046919
50,18,29,2,2,13,0.7940160713798756,0.7875752938459459,0.006440777533929687,1.891111209691665e-05,715.3909969601955
50,18,30,0,0,8,0.8553399745206132,0.8246028918943917,0.030737082626221435,0.0,465.66702231425967
50,18,31,1,1,21,0.8924261628735796,0.8611245318623922,0.031301631011187325,3.4891095671102864e-05,1272.4664789250253
50,18,32,3,3,7,0.7025183387873127,0.6695151123683952,0.03300322641891751,8.695019354223987e-06,316.15803006541717
50,18,33,1,1,2,0.8449285550790846,0.5781599173521115,0.2667686377269731,0.0,59.87783913297615
50,18,36,9,9,4,0.8612649600913993,0.8110692196088435,0.05019574048255582,0.0,206.50443422767057
50,18,37,7,7,29,0.80611346282747,0.8064441872154627,-0.0003307243879927535,4.2755564278808703e-05,1511.3618827887713
50,18,38,8,8,7,0.8236059201246931,0.7863459343341594,0.03725998579053369,9.560499910240433e-06,368.070914225194
50,18,39,7,7,1,1.0000000049104714,0.3642615930534654,0.635738411857006,0.0,0.0
50,18,40,5,5,3,0.7324286857716263,0.5615995397854668,0.1708291459861595,4.040270356668621e-06,116.95327429930956
50,18,41,9,9,7,0.8249326297677763,0.7912132546983712,0.03371937506940503,1.20922399156629e-05,386.36459769631404
50,18,42,4,4,1,1.0000000520136334,0.42705070445196847,0.5729493475616649,0.0,0.0
50,18,43,3,3,1,0.9999999454748737,0.5891052118062403,0.4108947336686334,0.0,0.0
50,18,44,0,0,35,0.7988088503830666,0.7929347518517421,0.005874098531324479,4.305446863907244e-05,1975.5595290000344
50,18,45,5,5,2,0.9255365917162995,0.6757210050112699,0.24981558670502968,0.0,86.64278251184568
50,18,48,1,1,11,0.8062876786036216,0.7491166491943086,0.05717102940931296,1.7519289981907545e-05,593.5297379970377
50,18,49,5,5,13,0.8844422317313781,0.820346159215077,0.06409607251630112,2.238483531675575e-05,778.1910146564088
50,18,51,2,2,3,0.8878661731410146,0.7564853139364227,0.13138085920459186,5.460222283589826e-06,156.4439628998411
50,18,52,0,0,2,0.9042634348265939,0.5951502848874566,0.3091131499391373,0.0,74.53853191375944
50,18,53,3,3,13,0.8637259189646409,0.8339955779135863,0.029730341051054654,2.6688375905247792e-05,866.527173847256
50,18,54,3,3,7,0.8277833260707577,0.7231316609849939,0.10465166508576373,1.1855165002368986e-05,426.7647698482718
50,18,58,8,8,3,0.8184078956506293,0.6884372135147934,0.12997068213583596,4.313884657648143e-06,121.2493159433037
50,18,59,8,8,8,0.7945432784489213,0.7699638099984919,0.024579468450429354,0.0,377.2746493459367
50,18,60,6,6,16,0.8318196614398945,0.7822063804458359,0.049613280994058595,0.0,861.2790032465967
50,18,62,7,7,3,0.8465759854649,0.6718112953047863,0.17476469016011364,5.710793579640159e-06,143.46292238113438
50,18,63,1,1,11,0.8008187262881528,0.7686492162511352,0.03216951003701751,2.3245474873412015e-05,680.880997020985
50,18,64,0,0,11,0.8765666685313586,0.8284345644517367,0.048132104079621874,2.252987388518941e-05,674.0947771903758
50,18,65,5,5,3,0.7353886401797077,0.5600639742233967,0.17532466595631102,4.038318673872495e-06,111.76784375047708
50,18,66,3,3,13,0.8763082421369869,0.8813335788749849,-0.005025336737997987,2.5322299431191426e-05,813.4840667084698
50,18,67,6,6,11,0.7796260797841662,0.7567058531761537,0.022920226608012517,1.7186033831001336e-05,592.158011326382
50,18,68,3,3,3,0.8740658943550393,0.7961525514967187,0.07791334285832063,5.5145065368268315e-06,144.2960042861107
50,18,69,4,4,3,0.8912367175114478,0.8027118001567501,0.0885249173546977,5.656183080637513e-06,154.78130320732467
50,18,70,9,9,1,1.0000000739219739,0.6481048188956814,0.3518952550262925,0.0,0.0
50,18,72,2,2,20,0.7848268115284865,0.7890663141556608,-0.0042395026271742076,3.009825629105507e-05,1112.306497252983
50,18,73,1,1,20,0.835609083935839,0.8194387322678901,0.01617035166794889,3.126022361225441e-05,1217.3219314019736
50,18,75,4,4,2,0.8775807032217198,0.7867690622593969,0.09081164096232286,0.0,92.12934378254883
50,18,76,7,7,8,0.818042478503905,0.7571029846276095,0.06093949387629549,0.0,432.65711693329285
50,18,78,2,2,12,0.7927764698451083,0.7334600574147873,0.05931641243032104,1.9065335900723748e-05,660.7485499654267
50,18,79,5,5,3,0.8089855223702852,0.557864508951089,0.25112101341919624,4.209886998176215e-06,118.10146460457581
50,18,80,0,0,3,0.8223563106191201,0.7673796891399393,0.05497662147918081,4.787544208786679e-06,140.8419104655071
50,18,81,6,6,1,0.9999999734272815,0.6078508791241379,0.3921490943031436,0.0,0.0
50,18,82,0,0,6,0.787955195344137,0.7505500210240923,0.037405174320044754,8.726756722049357e-06,332.48879516327645
50,18,83,4,4,9,0.8115965919286269,0.8218548104070218,-0.01025821847839492,1.4389161017739907e-05,472.5426433954981
50,18,85,5,5,2,0.8079223988340073,0.48568771907859676,0.32223467975541054,0.0,68.5030494830815
50,18,86,6,6,6,0.809432643316863,0.6670367156279015,0.1423959276889616,8.785822575513246e-06,309.360545572856
50,18,87,1,1,5,0.7730121470214679,0.5387512661328933,0.23426088088857466,7.887047103296985e-06,251.71166888852335
50,18,88,9,9,3,0.8739380192637207,0.7285060403248584,0.14543197893886228,6.003553474499964e-06,148.30083590724726
50,18,89,9,9,19,0.8065326594664265,0.7174754315879183,0.08905722787850823,2.9993599591581614e-05,1013.2135085504473
50,18,91,8,8,8,0.8013254352762093,0.7570307422529053,0.04429469302330391,0.0,477.082105017521
50,18,92,1,1,6,0.8362377845804296,0.7457863404491409,0.0904514441312887,7.783066377932635e-06,348.76658834633906
50,18,93,2,2,21,0.827501060574717,0.8323694752892489,-0.004868414714531921,3.653100382906124e-05,1328.9123965456793
50,18,94,9,9,6,0.8283717590935854,0.705452479322064,0.1229192797715214,8.504422613295677e-06,295.66812406072955
50,18,95,2,2,3,0.8576543318899907,0.7648026494799488,0.09285168241004194,5.745118830153435e-06,147.58809740219945
50,18,96,7,7,5,0.8615342069293379,0.81393082095417,0.04760338597516789,6.577663747001785e-06,219.96912166378095
50,18,97,2,2,6,0.8708586927598633,0.8011453179308733,0.06971337482898998,1.1927706038391322e-05,381.7319578086981
50,18,98,5,5,68,0.8071938265583559,0.8132962928087286,-0.006102466250372696,0.00012359114138932932,3808.726295066052
50,18,99,9,9,2,0.873519335388175,0.5587811735900392,0.31473816179813574,0.0,79.04781865184916
50,19,1,9,9,1,1.0000000858380653,0.4934184597716722,0.5065816260663931,0.0,0.0
50,19,2,6,6,16,0.7778632837850213,0.7333015000902556,0.04456178369476571,0.0,769.4761585910287
50,19,5,9,9,1,1.0000000569867649,0.2807033972570766,0.7192966597296883,0.0,0.0
50,19,6,7,7,20,0.87319213861061,0.8261110242349309,0.04708111437567908,2.298912624048341e-05,1371.782273495146
50,19,7,6,6,7,0.8258915643608657,0.739427867122548,0.0864636972383177,1.0665312002404813e-05,422.1118382198789
50,19,10,1,1,4,0.8203310354696004,0.5620587034882614,0.25827233198133903,0.0,185.46086770207904
50,19,13,2,2,8,0.790916226012641,0.6679736593045571,0.1229425667080839,0.0,427.5225240761682
50,19,14,3,3,2,0.833899809069959,0.5063338407595898,0.3275659683103692,0.0,76.87966908292132
50,19,16,6,6,8,0.7617553862230715,0.7590332416825584,0.002722144540513116,0.0,420.3484516507047
50,19,17,7,7,21,0.8046708663867312,0.8047058236675703,-3.495728083902083e-05,2.726848793838541e-05,1103.781333846794
50,19,18,2,2,4,0.7994650603956058,0.6950053689376633,0.10445969145794254,0.0,189.63044354282073
50,19,19,5,5,1,0.9999999762204728,0.562357605708323,0.4376423705121497,0.0,0.0
50,19,20,1,1,4,0.8114428904559541,0.756701165433802,0.05474172502215213,0.0,194.328820059344
50,19,21,8,8,4,0.8524831013867935,0.7621145328853187,0.09036856850147479,0.0,193.13659599011334
50,19,23,3,3,1,0.9999999801674853,0.4147342720476025,0.5852657081198828,0.0,0.0
50,19,24,5,5,2,0.945816603698105,0.7726011289368294,0.17321547476127563,0.0,92.68369744848714
50,19,25,7,7,8,0.7712554303022129,0.7011394118732275,0.0701160184289854,0.0,449.92606228970124
50,19,27,8,8,2,0.9052596160309548,0.557416362605711,0.3478432534252438,0.0,85.1561831339339
50,19,28,0,0,11,0.8111847004818271,0.7584595645639318,0.052725135917895294,1.6141080243844216e-05,631.4772839192323
50,19,31,1,1,14,0.8474748217338517,0.8001311216550088,0.04734370007884292,2.089507294224703e-05,753.0062274588615
50,19,32,3,3,1,1.0000001146143547,0.1668353035367895,0.8331648110775651,0.0,0.0
50,19,33,1,1,15,0.8232440466534624,0.7865022575698442,0.03674178908361825,1.8108405931488842e-05,706.5598055296579
50,19,35,4,4,3,0.7958548045576378,0.5943182970376903,0.20153650751994745,5.630192451418868e-06,142.12304666327205
50,19,36,9,9,25,0.8388812098016205,0.8521127059964063,-0.013231496194785808,3.777792061351892e-05,1492.7371748357516
50,19,37,7,7,4,0.7569714090281915,0.5777172293219474,0.17925417970624413,0.0,187.59871685331547
50,19,38,8,8,36,0.888496493890909,0.8650636218869793,0.02343287200392974,6.336481830926165e-05,2297.489026938238
50,19,39,7,7,2,0.8749197519972679,0.7063832853461142,0.16853646665115374,0.0,72.58988605571193
50,19,40,5,5,6,0.7046893439948281,0.6026074011007565,0.10208194289407158,9.179917706332182e-06,299.3014200531457
50,19,41,9,9,3,0.8194783344436679,0.5871592615050493,0.23231907293861864,4.531798996781581e-06,133.21972392903083
50,19,42,4,4,4,0.7740940851851609,0.7007271796592898,0.0733669055258711,0.0,188.1394387731637
50,19,43,3,3,33,0.8901021584263589,0.867127691591287,0.02297446683507187,5.620617315821021e-05,2104.6946925593743
50,19,44,0,0,17,0.8071738530647222,0.7780374372182676,0.029136415846454655,2.6950371336086955e-05,967.7927825737339
50,19,45,5,5,2,0.8712667221128955,0.5405577919010431,0.3307089302118523,0.0,68.48718849625784
50,19,46,6,6,8,0.746792943339393,0.7611237594272479,-0.014330816087854914,0.0,434.4326331109771
50,19,48,1,1,6,0.8509824090979125,0.8139127303908164,0.0370696787070961,9.977436302709935e-06,332.0168535763986
50,19,49,5,5,4,0.8487718771466165,0.7134158840723664,0.13535599307425006,0.0,205.29569654068996
50,19,50,1,1,4,0.868570377024271,0.7166998530413523,0.15187052398291867,0.0,233.39966906296377
50,19,51,2,2,10,0.8616453258873491,0.7954143406846662,0.06623098520268289,1.508749299955116e-05,637.6505752148364
50,19,52,0,0,1,1.000000010994879,0.7743431754342021,0.22565683556067695,0.0,0.0
50,19,53,3,3,1,1.0000000075403832,0.5854881529732953,0.41451185456708795,0.0,0.0
50,19,54,3,3,1,1.0000000672114893,0.17400416772628147,0.8259958994852078,0.0,0.0
50,19,55,8,8,1,0.9999999411046656,0.5783276721629783,0.4216722689416873,0.0,0.0
50,19,56,3,3,1,1.0000000635600585,0.10846613798250958,0.891533925577549,0.0,0.0
50,19,57,6,6,4,0.8589175989574162,0.8352713570730742,0.023646241884341945,0.0,227.0510389578737
50,19,59,8,8,22,0.7944931220124746,0.7415715380494969,0.052921583962977636,2.51680679464979e-05,1067.4191002010593
50,19,60,6,6,41,0.8312769422847589,0.8138470090655487,0.01742993321921016,5.5122558328355525e-05,2271.940352099024
50,19,61,7,7,4,0.828463649355404,0.6131214207003871,0.21534222865501684,0.0,177.8013131938508
50,19,62,7,7,6,0.7944679155175927,0.768298947068899,0.026168968448693652,8.392982571660186e-06,307.8041380698944
50,19,64,0,0,20,0.9032992170686822,0.8966130632759086,0.006686153792773597,3.5525174214428504e-05,1266.6283059184345
50,19,66,3,3,9,0.8787586255808114,0.7920438841182826,0.08671474146252878,1.4752659215352433e-05,529.0944062503601
50,19,67,6,6,15,0.8386243093196676,0.7995588427821322,0.0390654665375354,2.0510434446110663e-05,886.1164759397321
50,19,68,3,3,4,0.8300102549908711,0.7095606728715471,0.120449582119324,0.0,190.4661216411338
50,19,69,4,4,1,1.0000000230778165,0.6962687853212742,0.3037312377565423,0.0,0.0
50,19,70,9,9,3,0.8851815902651953,0.6933098485664007,0.19187174169879462,4.79230908584806e-06,146.76292183480894
50,19,72,2,2,13,0.7925666688380649,0.7219579210197051,0.0706087478183598,1.8757039472861313e-05,702.2696458395798
50,19,73,1,1,5,0.819435606187232,0.7488034707936493,0.0706321353935827,8.965398822530585e-06,262.98893363985763
50,19,76,7,7,9,0.809847174596112,0.7213707046674372,0.08847646992867475,1.2426556688636695e-05,449.20061783786787
50,19,77,8,8,50,0.8156519484512567,0.8333420383463069,-0.017690089895050276,9.550531804487662e-05,2983.253411757402
50,19,78,2,2,4,0.8428373517714054,0.6282722712027758,0.21456508056862955,0.0,210.3386361323271
50,19,79,5,5,15,0.8282701992609909,0.7994169040515604,0.028853295209430474,1.7323224554414858e-05,930.2635074808192
50,19,80,0,0,47,0.8783346891051469,0.8516180327225101,0.02671665638263676,5.170479461568519e-05,2790.621957001675
50,19,82,0,0,7,0.8846738833108699,0.803723708170883,0.08095017513998692,1.0510505090791734e-05,416.4389133327761
50,19,83,4,4,25,0.896380433843203,0.8878106879771511,0.008569745866051859,3.216120624062982e-05,1568.4574141387548
50,19,84,0,0,16,0.8274991149960387,0.70870098464651,0.11879813034952869,0.0,803.6648237792956
50,19,85,5,5,2,0.9213777535051391,0.5473186320166545,0.3740591214884845,0.0,69.71302385996916
50,19,86,6,6,3,0.8728683172336142,0.7765920007767316,0.09627631645688262,5.417957136111775e-06,156.45582912060001
50,19,87,1,1,2,0.9200053787505945,0.6559958710863338,0.2640095076642607,0.0,79.06774295558021
50,19,88,9,9,1,1.0000000470959047,0.16910027176743572,0.830899775328469,0.0,0.0
50,19,90,2,2,3,0.8433517969727583,0.5852123961246676,0.2581394008480907,4.689615061687163e-06,122.61627271070394
50,19,91,8,8,3,0.8949913533342686,0.7549952744695891,0.13999607886467946,5.410820057530438e-06,155.6095975050839
50,19,92,1,1,32,0.8238171273902168,0.8088580644674723,0.014959062922744515,0.0,1819.6121662943165
50,19,95,2,2,10,0.8565574611516263,0.8080307203076859,0.048526740843940486,1.576011392192136e-05,597.0466594827928
50,19,96,7,7,4,0.8708110973959604,0.7099765054195472,0.16083459197641325,0.0,180.54638708764548
50,19,97,2,2,3,0.8740189144416163,0.7267667429729101,0.14725217146870617,6.010283237234163e-06,155.58487935897375
50,19,98,5,5,8,0.6950358545901242,0.6925532351412156,0.002482619448908596,0.0,403.8594939135038
50,19,99,9,9,14,0.7937677247138842,0.7743905294452519,0.019377195268632352,2.230628491936142e-05,768.1146318950277
50,20,0,5,5,3,0.8678516301850513,0.8369559398745149,0.030895690310536406,5.144530168241664e-06,161.9921190589056
50,20,2,6,6,5,0.8350230069049234,0.5941811278843755,0.24084187902054788,9.965872103937101e-06,251.46794851551616
50,20,3,4,4,4,0.8709844882367318,0.6369304699591142,0.23405401827761763,0.0,223.93924297620876
50,20,4,8,8,8,0.8282944944261602,0.7569364215533613,0.07135807287279894,0.0,454.36950537629883
50,20,5,9,9,5,0.7946902275706441,0.6530362768829779,0.14165395068766617,8.424494459280724e-06,264.3242456569823
50,20,6,7,7,4,0.842858506015584,0.6713748964733193,0.17148360954226471,0.0,230.4064614774771
50,20,8,4,4,9,0.8199245016214334,0.8009514481013037,0.01897305352012968,1.227005652151871e-05,471.16116868030645
50,20,9,7,7,13,0.8741963305431196,0.7717259524581651,0.10247037808495452,2.1911858360779438e-05,806.6239532119057
50,20,10,1,1,8,0.7794303319649218,0.7351545135317652,0.044275818433156644,0.0,433.4046755538718
50,20,11,0,0,2,0.8373444502024523,0.521479006141195,0.3158654440612573,0.0,70.89677350708948
50,20,12,0,0,1,0.9999999418557757,0.4888540359681756,0.5111459058876,0.0,0.0
50,20,14,3,3,5,0.748861277581174,0.6330921182330077,0.11576915934816634,6.596635114026035e-06,251.3549634860139
50,20,15,4,4,6,0.8502145126066379,0.8152295947325641,0.03498491787407387,9.734937238071236e-06,309.2734039886512
50,20,16,6,6,2,0.8523035529319092,0.5827595535966894,0.2695439993352198,0.0,77.32334900659524
50,20,17,7,7,7,0.8420025336781979,0.7873350721728358,0.05466746150536206,1.1747806634965655e-05,363.7165632149138
50,20,18,2,2,10,0.8436250751211997,0.7710850898448607,0.07253998527633898,1.9181498705982514e-05,612.9486894445143
50,20,20,1,1,66,0.8186547894783456,0.8247615089313214,-0.006106719452975806,0.0001096481879311625,4001.369784771097
50,20,21,8,8,26,0.8777141574773544,0.8615466746315977,0.016167482845756642,4.055364593245907e-05,1641.304372716975
50,20,22,4,4,2,0.876788230106697,0.6315185297213499,0.24526970038534712,0.0,63.53318249943944
50,20,23,3,3,1,0.9999999544485616,0.20318029001607787,0.7968196644324838,0.0,0.0
50,20,24,5,5,2,0.908690828195039,0.8273565481086127,0.08133428008642629,0.0,87.36676341897329
50,20,26,4,4,47,0.8091195853071936,0.8115127401923795,-0.0023931548851858775,6.503457505590311e-05,2751.5148000641902
50,20,28,0,0,3,0.839470918637187,0.5814332579550853,0.25803766068210177,3.3432567222717012e-06,122.52019485435305
50,20,29,2,2,56,0.7845572750210841,0.7906768257165965,-0.006119550695512399,7.881863799636768e-05,3015.888385256968
50,20,30,0,0,1,0.9999999790698058,0.5118891591213339,0.48811081994847183,0.0,0.0
50,20,31,1,1,3,0.8943215869124247,0.7138793885255966,0.18044219838682807,4.806127712402786e-06,126.12393184652234
50,20,32,3,3,4,0.8330010453710807,0.72506694950283,0.10793409586825065,0.0,207.57909833679236
50,20,33,1,1,5,0.7922635242475586,0.7231405133202435,0.0691230109273151,6.850246367460751e-06,219.84050093625478
50,20,34,9,9,1,0.9999999653076961,0.6587443272384262,0.34125563806926984,0.0,0.0
50,20,35,4,4,2,0.8852955624786178,0.35627695676431653,0.5290186057143014,0.0,72.45393788904913
50,20,36,9,9,3,0.8489493293982977,0.6649362334446245,0.1840130959536732,5.1627536850088485e-06,138.32532642869006
50,20,38,8,8,24,0.8488592550682718,0.8780485540367149,-0.029189298968443134,2.8107836751294928e-05,1428.9111705579483
50,20,39,7,7,8,0.8788652692782402,0.7897936613451628,0.08907160793307733,0.0,451.98897562174386
50,20,40,5,5,2,0.8095626006650153,0.5602340630166615,0.24932853764835383,0.0,66.89926513012617
50,20,41,9,9,1,1.0000000157530229,0.12391036622031797,0.876089649532705,0.0,0.0
50,20,42,4,4,29,0.800696918766194,0.7989940984558281,0.001702820310365838,3.6309064310900044e-05,1678.3126405312728
50,20,43,3,3,1,0.9999999597373563,0.4443175702676999,0.5556823894696564,0.0,0.0
50,20,44,0,0,4,0.8661032611324141,0.7238468845718429,0.14225637656057122,0.0,227.4899465689221
50,20,46,6,6,1,0.9999999592870494,0.28436894012276304,0.7156310191642864,0.0,0.0
50,20,47,8,8,17,0.8451790418294562,0.785367172544311,0.05981186928514526,2.4345384297503072e-05,886.5569984764745
50,20,48,1,1,30,0.8020285201976421,0.8167662820129664,-0.014737761815324268,4.571780996506208e-05,1689.0038727719987
50,20,49,5,5,2,0.8388761716351271,0.7106126413220287,0.12826353031309834,0.0,67.97514856202523
50,20,51,2,2,5,0.8398714008307283,0.686624411359828,0.15324698947090032,7.422891567400416e-06,288.4764203592038
50,20,52,0,0,32,0.8783929156115275,0.8455206620860911,0.032872253525436435,0.0,1850.3666862718292
50,20,54,3,3,5,0.8789976027981438,0.8017305108316212,0.0772670919665226,8.09738579868612e-06,306.1783646733018
50,20,56,3,3,1,1.0000000318092725,0.5515273741979805,0.44847265761129207,0.0,0.0
50,20,57,6,6,15,0.8422869439604185,0.7728835185987241,0.06940342536169442,2.7025407886166963e-05,901.9662692951422
50,20,58,8,8,3,0.8396020994544037,0.6655465020906159,0.17405559736378773,5.202831526107372e-06,140.37663891160258
50,20,59,8,8,9,0.8504821326768288,0.7396167559662623,0.11086537671056651,1.531674058845212e-05,461.37573255189375
50,20,60,6,6,6,0.8425037463709358,0.7498438501022817,0.09265989626865412,9.207157515535253e-06,319.5890535296323
50,20,61,7,7,1,0.9999999751133377,0.6325160486352881,0.3674839264780496,0.0,0.0
50,20,62,7,7,1,1.000000100653167,0.2900451350644876,0.7099549655886793,0.0,0.0
50,20,63,1,1,5,0.8473940520440435,0.6778767677188353,0.16951728432520818,9.391447283523682e-06,294.37826044325135
50,20,64,0,0,51,0.8773628583156899,0.8768570970122013,0.0005057613034886721,0.00011574036576514918,3140.4043709630673
50,20,65,5,5,1,0.9999999799451634,0.6177507762577127,0.38224920368745074,0.0,0.0
50,20,66,3,3,1,1.00000004724386,0.350411322792682,0.649588724451178,0.0,0.0
50,20,67,6,6,1,1.000000041740305,0.6387612147811232,0.36123882695918175,0.0,0.0
50,20,68,3,3,9,0.8403928198143698,0.8454485638251364,-0.005055744010766694,1.3496348364095143e-05,490.1935568619818
50,20,69,4,4,1,1.000000104442505,0.5053193159369507,0.4946807885055544,0.0,0.0
50,20,70,9,9,21,0.8262320306777965,0.8129630579838408,0.01326897269395566,3.163905427471359e-05,1206.69819081742
50,20,72,2,2,2,0.9133079165505583,0.4751774399475497,0.43813047660300863,0.0,64.92792183069362
50,20,73,1,1,1,0.9999999674300757,0.42529871894750004,0.5747012484825756,0.0,0.0
50,20,74,6,6,27,0.8381610696555147,0.8334966994625596,0.004664370192955181,5.120690580227889e-05,1674.070781061429
50,20,75,4,4,3,0.874846975968802,0.7597834019839264,0.11506357398487566,4.7033391047294215e-06,155.0370301825305
50,20,76,7,7,4,0.7958603371271205,0.678550697236437,0.11730963989068344,0.0,178.37525457354215
50,20,77,8,8,4,0.7841679193467697,0.6149415062856369,0.16922641306113273,0.0,188.1808546209546
50,20,78,2,2,21,0.812163376894172,0.7951256250118655,0.017037751882306496,2.8740274096189765e-05,1233.4119310710437
50,20,79,5,5,7,0.8330861804696471,0.8059752278482196,0.027110952621427487,1.4460146436071872e-05,364.6735970969437
50,20,80,0,0,5,0.8547983839982534,0.7889003023638897,0.06589808163436361,1.0142375276757803e-05,264.23763914709366
50,20,81,6,6,30,0.8160314521552693,0.7926589144845729,0.02337253767069636,4.6780346826632236e-05,1609.5150920330113
50,20,82,0,0,16,0.8859882708244264,0.867056288255567,0.018931982568859418,0.0,1015.359251493757
50,20,83,4,4,8,0.8634541289433099,0.7998985720656738,0.06355555687763603,0.0,512.8839562111187
50,20,84,0,0,7,0.7281138166629569,0.6585809681559726,0.06953284850698438,1.0634437440589445e-05,313.15765308762735
50,20,85,5,5,43,0.8626345588057881,0.844746177126307,0.017888381679481147,6.068861441750872e-05,2413.214655425724
50,20,86,6,6,2,0.8917038309420305,0.6535496462982129,0.23815418464381766,0.0,83.49411238485615
50,20,87,1,1,35,0.8416288473087632,0.8086905981370055,0.032938249171757694,4.920455663269554e-05,2039.940270501911
50,20,88,9,9,4,0.8584037937265055,0.6723930578013442,0.18601073592516137,0.0,209.37646419717197
50,20,89,9,9,30,0.8023624854858966,0.8135809458917377,-0.011218460405841069,3.5586211364621085e-05,1591.4410463783408
50,20,90,2,2,2,0.8916171915793973,0.42932550599336405,0.4622916855860333,0.0,71.9001749691685
50,20,91,8,8,20,0.813672983439254,0.797780137082844,0.015892846356409973,2.8140475593833984e-05,1221.9803914818813
50,20,93,2,2,2,0.887229239778695,0.3674203644997121,0.5198088752789829,0.0,78.62736247871513
50,20,94,9,9,12,0.7711373392969544,0.7819105752832112,-0.01077323598625679,1.5082988368169366e-05,650.1201467532579
50,20,95,2,2,14,0.8618418568898891,0.8467617817114499,0.015080075178439234,2.2463285120694427e-05,872.6600177951177
50,20,96,7,7,13,0.8555650801606265,0.7849490501340011,0.07061603002662542,1.5923457687461664e-05,695.7743340687841
50,20,97,2,2,1,0.999999969983616,0.7446825029030535,0.25531746708056247,0.0,0.0
50,20,98,5,5,19,0.7568722016817734,0.7633575799329887,-0.006485378251215312,3.539726521042176e-05,1108.1108832501743
50,20,99,9,9,5,0.7636187782689713,0.6973965820800322,0.0662221961889391,8.94636327962313e-06,267.5668760236209
50,21,1,9,9,6,0.8132449208288673,0.7644277918139893,0.048817129014878,7.701243271373633e-06,328.1120320886752
50,21,2,6,6,15,0.8342552976131669,0.7402053589100032,0.0940499387031637,2.0038653628137763e-05,804.379192953109
50,21,3,4,4,10,0.7828229709364247,0.7512859658754865,0.03153700506093826,1.2783881891829555e-05,566.9755010666021
50,21,4,8,8,19,0.8204881713189681,0.8085795017194841,0.011908669599484,3.607323134079668e-05,1152.3283472963208
50,21,5,9,9,11,0.7903909222703684,0.7670058178390802,0.023385104431288273,1.5790384202418943e-05,615.9390088506551
50,21,7,6,6,2,0.8810139128369259,0.5799119029974096,0.3011020098395163,0.0,76.42355156420909
50,21,8,4,4,1,1.0000000550918018,0.4522943437594058,0.547705711332396,0.0,0.0
50,21,9,7,7,11,0.8145342443774682,0.8083537163711499,0.006180528006318298,1.4940761445243929e-05,635.9764913348249
50,21,10,1,1,1,0.9999998842025595,0.10172536308180229,0.8982745211207572,0.0,0.0
50,21,11,0,0,2,0.9212823031056939,0.5577454781291433,0.3635368249765506,0.0,80.1789147458802
50,21,12,0,0,5,0.7839078575052238,0.652517078504405,0.13139077900081886,7.191428343508396e-06,244.2604929884408
50,21,13,2,2,10,0.7828580270914738,0.6762424693100633,0.10661555778141052,1.646437739068875e-05,526.3169833416988
50,21,14,3,3,6,0.8359077054496332,0.7373013848946899,0.09860632055494334,1.1209606034804553e-05,311.49313856384737
50,21,15,4,4,1,0.9999999718013396,0.7648541824411051,0.23514578936023445,0.0,0.0
50,21,16,6,6,10,0.786662428538833,0.7578748659074619,0.028787562631371055,1.5361858859502327e-05,528.6227000950822
50,21,18,2,2,9,0.7936865930202401,0.6719056593414707,0.12178093367876941,1.8314796974235695e-05,502.713582845994
50,21,19,5,5,7,0.8207206768372634,0.7313062060576414,0.08941447077962195,1.0704864933371708e-05,366.81555936292096
50,21,20,1,1,6,0.8146420069702722,0.8348288107603772,-0.020186803790104957,1.0040567080519673e-05,354.78457930682214
50,21,21,8,8,2,0.938534202633063,0.8324293533636109,0.10610484926945207,0.0,68.59405673284343
50,21,22,4,4,3,0.7855825599540374,0.5820795473082813,0.2035030126457561,5.210379926115639e-06,137.49241906424925
50,21,23,3,3,6,0.6605558724866809,0.6422936803068471,0.018262192179833825,6.139205316312212e-06,233.2771432834198
50,21,24,5,5,20,0.9019527853796462,0.8738540154818482,0.028098769897798026,3.104184422154842e-05,1431.0547897717086
50,21,25,7,7,10,0.7757128239426915,0.7513063889581074,0.024406434984584058,1.5140047375357071e-05,555.2523346996365
50,21,26,4,4,3,0.9005526305521505,0.6007505740249972,0.2998020565271533,7.169821155782396e-06,160.5109866768064
50,21,27,8,8,25,0.830804520067489,0.8210073092671938,0.009797210800295164,2.8254556675929038e-05,1549.9858132693862
50,21,28,0,0,5,0.7987676509012785,0.7500390992588608,0.04872855164241774,8.635920032976508e-06,263.93916621956487
50,21,29,2,2,9,0.7302751636104072,0.6913519530424955,0.038923210567911704,1.0883999550195287e-05,425.5558398649859
50,21,30,0,0,26,0.8849914984516318,0.8707737315742093,0.014217766877422489,4.4862643084337265e-05,1686.9383754718015
50,21,31,1,1,3,0.8747253308018107,0.8193976353857577,0.05532769541605298,4.9535233317370255e-06,152.32288889661245
50,21,32,3,3,5,0.8096742394831367,0.6723504619851756,0.1373237774979611,8.259705238880237e-06,251.04478532749005
50,21,33,1,1,2,0.8996719210612867,0.6661154314179862,0.23355648964330045,0.0,63.718831635635034
50,21,34,9,9,4,0.9097093689831548,0.8639679051930393,0.045741463790115455,0.0,239.67370270240679
50,21,35,4,4,3,0.8787470783106311,0.5017484486863012,0.37699862962432995,3.91604370708528e-06,132.53841154592706
50,21,36,9,9,9,0.8129917098639057,0.8112721004632318,0.0017196094006738383,1.517757007114491e-05,535.7552643489164
50,21,37,7,7,4,0.8084248059994202,0.5671664916763811,0.24125831432303912,0.0,198.54738142232998
50,21,38,8,8,9,0.8612611662290235,0.8025996167846527,0.05866154944437074,1.5165703273868752e-05,560.5038112407706
50,21,39,7,7,3,0.7906916409330337,0.6742821750321983,0.11640946590083534,4.670865860460926e-06,121.53236071416698
50,21,40,5,5,4,0.7227555447448077,0.5540648832951267,0.16869066144968103,0.0,159.93979589039932
50,21,41,9,9,1,0.9999999661259175,0.23808470296024917,0.7619152631656683,0.0,0.0
50,21,42,4,4,6,0.8375176596782942,0.7330380427724094,0.10447961690588481,6.725933308569416e-06,314.3945968831015
50,21,43,3,3,25,0.8724190034692078,0.873173635830415,-0.0007546323612072081,4.3940651830224165e-05,1575.2945806615362
50,21,45,5,5,11,0.8145495777890803,0.74829384789228,0.06625572989680029,1.381091627083498e-05,576.8305180629907
50,21,46,6,6,27,0.7961697030273143,0.7786837889177745,0.017485914109539813,3.8316651753592465e-05,1568.304531338488
50,21,48,1,1,3,0.8108167419652119,0.7126393063308237,0.09817743563438819,5.25347672396897e-06,137.10911497374974
50,21,49,5,5,2,0.8878228729474545,0.724471769279394,0.1633511036680605,0.0,72.37525060418582
50,21,50,1,1,6,0.8397046972790688,0.7767569479452182,0.06294774933385061,1.0662019278034998e-05,356.72102395506647
50,21,51,2,2,11,0.8448250871744556,0.7477781338385051,0.09704695333595048,2.2774429107145144e-05,671.2493634383601
50,21,52,0,0,1,0.9999999141960277,0.6333801020220882,0.3666198121739396,0.0,0.0
50,21,53,3,3,2,0.9169658544540915,0.6541779507202784,0.2627879037338131,0.0,77.70781380922645
50,21,54,3,3,42,0.8485556968498885,0.856882497638008,-0.008326800788119426,7.727897165580105e-05,2626.344557495439
50,21,55,8,8,25,0.8374060157858446,0.8444851534098644,-0.007079137624019793,3.651922619668581e-05,1431.6642193790556
50,21,57,6,6,12,0.8517222424673844,0.8221508266807318,0.029571415786652566,2.041762864581926e-05,769.6743579213128
50,21,58,8,8,4,0.800813388526163,0.6190453899118726,0.18176799861429038,0.0,174.0238427683868
50,21,59,8,8,6,0.8348594443284004,0.7056759510381875,0.12918349329021295,8.539590179880651e-06,291.12279776383093
50,21,60,6,6,1,1.0000000309784078,0.34051952354495363,0.6594805074334542,0.0,0.0
50,21,62,7,7,4,0.7998301730566174,0.6720971595507959,0.12773301350582156,0.0,196.86384328866149
50,21,63,1,1,7,0.8675065428457253,0.7282433185510039,0.13926322429472138,1.1831971045265854e-05,395.93278203301463
50,21,64,0,0,2,0.7867376193832246,0.5907569066193146,0.19598071276391005,0.0,71.03063338433198
50,21,65,5,5,1,1.0000000930897912,0.2865437425601,0.7134563505296911,0.0,0.0
50,21,66,3,3,36,0.8849703961064644,0.8757579627871747,0.009212433319289781,6.690777033738713e-05,2310.984747297829
50,21,67,6,6,12,0.845562501079203,0.8036961242271247,0.04186637685207839,1.7861037589683635e-05,713.9727855670966
50,21,68,3,3,2,0.8568671053501303,0.6629615115180659,0.1939055938320644,0.0,66.64644849662487
50,21,69,4,4,4,0.8081344006216313,0.6674831989773492,0.14065120164428213,0.0,189.56719416194795
50,21,70,9,9,5,0.8182511051198921,0.7069742529489886,0.11127685217090344,7.683342505842917e-06,250.45789647424868
50,21,71,3,3,5,0.8277922276158257,0.7443441599568548,0.08344806765897095,7.069749736367813e-06,252.50055508316356
50,21,72,2,2,2,0.8379117939961969,0.5050325774620031,0.3328792165341937,0.0,67.88104598508582
50,21,73,1,1,1,1.000000010816715,0.5527235259601285,0.44727648485658655,0.0,0.0
50,21,74,6,6,6,0.8832127458734231,0.7922995065578994,0.09091323931552375,1.118512239466937e-05,363.32127206104434
50,21,75,4,4,4,0.8859621191934901,0.8409780505502827,0.044984068643207364,0.0,237.66474185460626
50,21,76,7,7,13,0.8092398425425599,0.7175401944382618,0.09169964810429809,2.1351205313748143e-05,684.2565668705256
50,21,77,8,8,24,0.8503042663068268,0.8305388247307823,0.01976544157604443,2.5146424225550043e-05,1453.76611906371
50,21,78,2,2,33,0.7907349000096577,0.8009229232977166,-0.0101880232880589,5.220602262641383e-05,2014.769248639727
50,21,79,5,5,6,0.8382650411970214,0.7550810970229157,0.08318394417410568,7.321778513906475e-06,301.36029566438395
50,21,82,0,0,24,0.868653481812358,0.8668174785748555,0.0018360032375025481,3.501342500487264e-05,1566.330603305622
50,21,83,4,4,5,0.8736947519696997,0.7340215194318777,0.13967323253782205,1.1896252999522868e-05,284.6501173911437
50,21,84,0,0,32,0.776032407473712,0.794557686549667,-0.018525279075954915,0.0,1619.0938064907766
50,21,85,5,5,4,0.8644322750227518,0.6987960199885291,0.16563625503422263,0.0,211.8239439757191
50,21,86,6,6,5,0.8704092430021402,0.802452130877111,0.0679571121250292,7.272884241339018e-06,301.2049194058093
50,21,87,1,1,4,0.8581854764429024,0.5729992114644004,0.2851862649785021,0.0,203.40587177323235
50,21,88,9,9,8,0.8520095260822326,0.8080188006019217,0.04399072548031091,0.0,437.9635887788426
50,21,90,2,2,3,0.8072993362655982,0.6553271094683735,0.15197222679722477,3.7232440882793396e-06,124.1603814421954
50,21,91,8,8,19,0.8254110430464765,0.7860415797525603,0.03936946329391622,3.4513736869288426e-05,1132.343271057052
50,21,92,1,1,1,1.0000000946341325,0.26720255014432426,0.7327975444898083,0.0,0.0
50,21,93,2,2,8,0.7860026245189989,0.7500572985346852,0.03594532598431377,0.0,405.0074154819524
50,21,94,9,9,57,0.8506417470836546,0.8311857386976503,0.019456008386004253,8.112605016062291e-05,3312.7992638221135
50,21,95,2,2,2,0.9357419737869442,0.46076803519951276,0.4749739385874315,0.0,86.53688392532251
50,21,96,7,7,1,0.9999999947271504,0.2767151703891827,0.7232848243379677,0.0,0.0
50,21,97,2,2,2,0.9490488451408167,0.6656393605061423,0.2834094846346744,0.0,92.96657663031176
50,21,98,5,5,3,0.7559339520483602,0.5090094924094409,0.2469244596389193,4.018370609305028e-06,125.55624770597402
50,21,99,9,9,7,0.8171571182877639,0.6839444803788848,0.13321263790887916,1.412148389946853e-05,390.2807567308005
50,22,0,5,5,12,0.8369994038539839,0.8416081897012772,-0.004608785847293295,2.005656130408982e-05,785.1714007838814
50,22,1,9,9,16,0.8041931604706098,0.7899201212966996,0.014273039173910207,0.0,944.7638147558329
50,22,2,6,6,8,0.7980054292188563,0.7297861262160681,0.06821930300278822,0.0,428.0900429630624
50,22,3,4,4,23,0.829283556226484,0.7967212807318275,0.03256227549465651,4.51276448331103e-05,1446.758025482395
50,22,5,9,9,6,0.8818279785457059,0.8167618971008243,0.06506608144488168,1.1613922048563039e-05,363.2497104652259
50,22,10,1,1,5,0.8007655504712502,0.6037249666617274,0.19704058380952283,8.680760810843165e-06,262.35661249624894
50,22,11,0,0,18,0.7735597910395583,0.67937996851171,0.09417982252784829,1.7527775334938444e-05,930.187739145427
50,22,12,0,0,8,0.814260404716419,0.68478790251536,0.129472502201059,0.0,362.3235590637311
50,22,13,2,2,23,0.7879779406758338,0.7929543698646714,-0.004976429188837561,3.7848488994701773e-05,1211.2319993652682
50,22,14,3,3,5,0.7324572419468358,0.6154734750482401,0.11698376689859569,1.0183770407655638e-05,232.29898882452113
50,22,16,6,6,2,0.9146887515687018,0.6124071987900236,0.3022815527786782,0.0,75.20131715167065
50,22,18,2,2,2,0.8786455273033528,0.638003605740186,0.24064192156316677,0.0,74.31150221044369
50,22,20,1,1,3,0.8494095589074853,0.6327133281381684,0.21669623076931688,3.866794025982842e-06,120.85626455018065
50,22,21,8,8,2,0.9008451762931899,0.6922698320063274,0.20857534428686253,0.0,84.75892962581219
50,22,22,4,4,3,0.8371338384074551,0.5107119156341119,0.32642192277334325,5.041673361095589e-06,148.5625192698009
50,22,23,3,3,1,0.9999999732685677,0.5321566084285189,0.46784336484004885,0.0,0.0
50,22,24,5,5,10,0.8817775921282813,0.8586092633205451,0.023168328807736227,2.3727744100149717e-05,692.9973237419009
50,22,25,7,7,8,0.7952160010155883,0.7079103371871405,0.08730566382844784,0.0,433.24025079413303
50,22,27,8,8,15,0.8531776137766576,0.8112646201750575,0.04191299360160006,3.153794071629752e-05,897.8081181012435
50,22,29,2,2,28,0.7847263890961056,0.7905032547966615,-0.005776865700555911,3.399204262789909e-05,1474.5363708132866
50,22,30,0,0,26,0.8886352328487446,0.8663851880912643,0.02225004475748027,5.61524754216445e-05,1740.7622215570648
50,22,31,1,1,1,0.999999930739512,0.25622409930088624,0.7437758314386258,0.0,0.0
50,22,32,3,3,2,0.8824131665138831,0.6273353714468898,0.25507779506699335,0.0,77.53417835277007
50,22,33,1,1,10,0.839026252900663,0.7294191679052341,0.10960708499542893,1.5795562242403134e-05,498.45719733572236
50,22,34,9,9,1,1.00000002149512,0.5806318390318861,0.4193681824632338,0.0,0.0
50,22,36,9,9,16,0.8743814927472007,0.83109075648326,0.04329073626394064,0.0,1043.5134990717324
50,22,37,7,7,1,0.999999921955064,0.32608340181771495,0.6739165201373492,0.0,0.0
50,22,38,8,8,8,0.8356175796884993,0.7852962883401187,0.05032129134838059,0.0,464.85734666768224
50,22,39,7,7,1,0.9999998918817491,0.4910899738781019,0.5089099180036472,0.0,0.0
50,22,41,9,9,15,0.8275267068022778,0.8089475902888011,0.018579116513476657,1.9328657584723878e-05,766.1488067300093
50,22,42,4,4,10,0.8438973086846856,0.7941365878512726,0.049760720833412986,2.221820578311807e-05,627.833884154535
50,22,43,3,3,14,0.8464638020098474,0.8213571349127704,0.025106667097076985,2.3109987233752093e-05,865.2871822001554
50,22,44,0,0,1,1.0000000010600703,0.3642861853780893,0.6357138156819809,0.0,0.0
50,22,45,5,5,4,0.7778971891147448,0.6807072305568835,0.09718995855786128,0.0,203.3615005519144
50,22,46,6,6,1,0.999999900853971,0.5604164888809781,0.4395834119729929,0.0,0.0
50,22,47,8,8,2,0.7900854636836921,0.3670159087507984,0.4230695549328937,0.0,62.675247075691416
50,22,48,1,1,8,0.8420682053652792,0.7121301214642421,0.129938083901037,0.0,426.2844285273429
50,22,49,5,5,13,0.8948721598023954,0.8549357797051906,0.03993638009720479,2.0991689691719987e-05,752.9916942873537
50,22,51,2,2,42,0.8429257078025806,0.8318238298434428,0.011101877959137751,8.826553794486163e-05,2623.0213361003584
50,22,52,0,0,1,0.9999999426776299,0.7419178978492458,0.25808204482838415,0.0,0.0
50,22,53,3,3,6,0.8666001037371036,0.7400383369788273,0.12656176675827635,8.812029511347196e-06,310.6064789526456
50,22,54,3,3,9,0.8175850651184263,0.75571243726025,0.06187262785817638,1.637839502969697e-05,516.6513115688057
50,22,55,8,8,27,0.8562773239533031,0.7754746267081912,0.08080269724511191,3.499052911129791e-05,1417.7987419677988
50,22,56,3,3,4,0.7495918019123908,0.6652366793321961,0.08435512258019473,0.0,163.34949014722898
50,22,58,8,8,6,0.8083777968861798,0.6663970500281864,0.14198074685799345,8.2637695777189e-06,304.78858328634124
50,22,59,8,8,3,0.8344416928325024,0.6767738215258033,0.15766787130669901,4.536563270005333e-06,125.67022397677513
50,22,60,6,6,12,0.7819711888320298,0.7579578170288883,0.024013371803141448,1.5094325159634513e-05,587.7119706348519
50,22,62,7,7,1,0.9999999476581953,0.27886683452655087,0.7211331131316445,0.0,0.0
50,22,63,1,1,3,0.8633994144875836,0.8071625925053733,0.05623682198221036,4.895106293192148e-06,155.88966150981486
50,22,64,0,0,8,0.8605139709716798,0.8337002725951311,0.026813698376548678,0.0,472.2446599688925
50,22,65,5,5,10,0.835066225198448,0.7162942352068741,0.1187719899915739,1.41613541475115e-05,527.7142943039893
50,22,66,3,3,18,0.8954458692762932,0.8630563052758179,0.032389564000475324,2.7800867980061538e-05,1117.023742752284
50,22,67,6,6,6,0.7820575599969006,0.7241108186247399,0.057946741372160715,7.36378344269156e-06,300.631976436805
50,22,68,3,3,28,0.8572638144843724,0.8237598233093936,0.03350399117497882,3.943191540894327e-05,1573.9753122904035
50,22,69,4,4,1,0.9999999852363599,0.45009001709756447,0.5499099681387954,0.0,0.0
50,22,70,9,9,15,0.8134004370959788,0.7765986132903213,0.03680182380565744,2.4441028102382738e-05,789.4352961580332
50,22,71,3,3,17,0.8091136549825857,0.7226024517034465,0.08651120327913919,2.0987804476927322e-05,867.9106923455664
50,22,72,2,2,57,0.8263719573484609,0.8073892950503121,0.018982662298148822,6.809188339867715e-05,3395.7963807667893
50,22,73,1,1,4,0.8699378232344713,0.7039692386531101,0.1659685845813612,0.0,224.69777966107935
50,22,74,6,6,17,0.8594105924950667,0.7925999219194211,0.0668106705756456,2.9461850789544926e-05,1032.3458362057575
50,22,75,4,4,3,0.7822968417163711,0.5988160581745863,0.18348078354178488,3.7792038735381363e-06,122.35113092843403
50,22,76,7,7,2,0.9151824653453499,0.8267055599115892,0.08847690543376063,0.0,75.85580458922335
50,22,77,8,8,1,0.9999999714151159,0.5316849310133128,0.46831504040180305,0.0,0.0
50,22,78,2,2,4,0.8123624458233606,0.6432055959793866,0.16915684984397394,0.0,180.31843765700225
50,22,79,5,5,35,0.8430944487361824,0.8459814725937753,-0.002887023857592874,6.693657506172983e-05,1923.1412325559481
50,22,80,0,0,5,0.8078986930516722,0.7443875131629584,0.0635111798887138,1.0407242672079082e-05,252.64345869873435
50,22,82,0,0,1,1.0000000825485167,0.5493714634246276,0.4506286191238891,0.0,0.0
50,22,83,4,4,49,0.8740882044750832,0.8550795616711555,0.019008642803927667,6.706622307314802e-05,3130.1495732866315
50,22,84,0,0,35,0.7759258312998449,0.7663996247674583,0.009526206532386672,3.535191199767317e-05,1715.1274371922368
50,22,85,5,5,6,0.8363765891741746,0.7128648277893911,0.12351176138478348,8.915540271842842e-06,291.730147637346
50,22,88,9,9,20,0.8680350814068255,0.853681293495984,0.01435378791084152,3.305780001214925e-05,1222.0472723913003
50,22,89,9,9,9,0.7771334177163172,0.7691240237229174,0.008009393993399727,9.889708649400679e-06,448.44585336892413
50,22,90,2,2,2,0.8290038257755319,0.592697720567101,0.23630610520843087,0.0,75.35891760667747
50,22,91,8,8,12,0.8220147220666002,0.7976727416594888,0.02434198040711144,1.7489954510914967e-05,713.4458503106449
50,22,92,1,1,2,0.8562285158576326,0.5940230017374688,0.2622055141201638,0.0,76.93118407243296
50,22,94,9,9,1,1.0000000527540567,0.3002361538459543,0.6997638989081023,0.0,0.0
50,22,95,2,2,35,0.8666828203382432,0.8586733740331041,0.008009446305139112,5.8847322012567884e-05,2358.3170056716745
50,22,96,7,7,5,0.8063619943029019,0.7292807653417109,0.07708122896119096,7.893796031711663e-06,219.21166287764666
50,22,97,2,2,1,1.0000000044645003,0.655500797638315,0.3444992068261853,0.0,0.0
50,22,98,5,5,10,0.8211319256613996,0.7070453082379909,0.11408661742340864,1.5792911531755076e-05,597.0945035246322
50,22,99,9,9,16,0.7741833960415009,0.7614177453959383,0.012765650645562565,0.0,891.356585693517
50,23,0,5,5,3,0.9075475534746144,0.7658271664254956,0.1417203870491187,5.519054745083448e-06,154.30601976858696
50,23,2,6,6,10,0.8036646722110904,0.7120780076202903,0.09158666459080012,1.3446029348093904e-05,516.6789107586718
50,23,3,4,4,7,0.825999686370504,0.7937136036928395,0.03228608267766453,1.6040768078565148e-05,422.7425233985145
50,23,4,8,8,2,0.883343858228846,0.6982947076257771,0.18504915060306892,0.0,63.771100159355925
50,23,5,9,9,10,0.7972728666811326,0.8059168510533767,-0.008643984372244118,1.1202387266199742e-05,496.57349682965264
50,23,6,7,7,5,0.8781669809099026,0.7683486111207788,0.10981836978912385,8.334499815461561e-06,323.488873289809
50,23,7,6,6,8,0.7891012674094448,0.764606308419925,0.0244949589895197,0.0,451.0885204181119
50,23,8,4,4,1,1.000000079086881,0.22439015267609214,0.775609926410789,0.0,0.0
50,23,9,7,7,4,0.8315604993399681,0.7740463275532965,0.05751417178667162,0.0,217.91401667590412
50,23,11,0,0,17,0.6898409300492062,0.6972444844374158,-0.00740355438820961,2.1345893896204165e-05,842.5051156432947
50,23,13,2,2,42,0.846448020485539,0.8179682066835433,0.028479813801995713,6.102503945014988e-05,2387.636792601994
50,23,14,3,3,8,0.8578488143948768,0.7927298369672883,0.06511897742758854,0.0,468.7306080050365
50,23,15,4,4,5,0.8102279029578103,0.6791236481779059,0.1311042547799044,1.1267756893993283e-05,269.3787388816599
50,23,16,6,6,8,0.7432004811249738,0.6189116962725109,0.12428878485246297,0.0,410.64892590283324
50,23,17,7,7,4,0.8198513458236955,0.6379594054478339,0.18189194037586154,0.0,172.89621593311796
50,23,18,2,2,12,0.7522335979345923,0.7566217833866966,-0.004388185452104287,1.9054072310135877e-05,579.9630089296842
50,23,19,5,5,2,0.8743373472931631,0.593487029371593,0.2808503179215701,0.0,64.69335671717326
50,23,20,1,1,4,0.7757767331240846,0.6895079569888054,0.08626877613527917,0.0,191.31177665285412
50,23,21,8,8,1,0.9999999731039778,0.5854509987649317,0.41454897433904614,0.0,0.0
50,23,22,4,4,9,0.6991635850744671,0.6551760646161515,0.043987520458315554,1.3269435190756762e-05,426.5892324005786
50,23,24,5,5,2,0.8857947463835885,0.6202958963749748,0.2654988500086136,0.0,75.46292268758806
50,23,25,7,7,12,0.8258358791316596,0.7762223153760853,0.04961356375557424,1.4445943292453056e-05,618.1340525715685
50,23,26,4,4,5,0.8191007412971899,0.7575112617329646,0.061589479564225336,6.743402252919469e-06,242.58738954498043
50,23,27,8,8,18,0.8144360442558426,0.8021231837942595,0.012312860461583086,3.6687958720630495e-05,1078.9526839930334
50,23,28,0,0,12,0.7785212165971512,0.766061969995801,0.012459246601350227,1.552997047978061e-05,680.5637296032578
50,23,30,0,0,4,0.8535694304020696,0.7823699873970075,0.07119944300506209,0.0,198.781610905036
50,23,31,1,1,1,1.0000000536385303,0.677442573653168,0.3225574799853623,0.0,0.0
50,23,34,9,9,1,0.9999999555457415,0.6974076252558914,0.3025923302898501,0.0,0.0
50,23,35,4,4,3,0.7741060197556355,0.509330599322912,0.2647754204327235,4.302343596031921e-06,123.058743083375
50,23,36,9,9,2,0.8946059436228667,0.6832593483823873,0.21134659524047938,0.0,70.2410857828636
50,23,37,7,7,1,1.000000022163502,0.4051051557937757,0.5948948663697262,0.0,0.0
50,23,39,7,7,5,0.8214952936753684,0.7734208007118657,0.048074492963502746,8.340813813621714e-06,265.10297612406964
50,23,40,5,5,17,0.8015022517308209,0.783301910417511,0.018200341313309942,2.597944542895923e-05,902.4244863691317
50,23,41,9,9,16,0.8568829807093139,0.8456772993860701,0.011205681323243843,0.0,880.141830104026
50,23,42,4,4,11,0.8203057049219818,0.7465456519200144,0.07376005300196742,1.3601484949304803e-05,631.7975625985176
50,23,43,3,3,3,0.8811885535627693,0.7095003542923174,0.17168819927045187,4.5911139902802045e-06,157.49607165831466
50,23,44,0,0,1,0.9999999978425959,0.336151690350125,0.6638483074924708,0.0,0.0
50,23,45,5,5,39,0.8086898687652908,0.7619761958291578,0.046713672936133044,4.385351570395992e-05,1967.7148130200271
50,23,47,8,8,31,0.8295058388646466,0.8286925486283665,0.0008132902362800731,3.759023116485769e-05,1680.2555879242916
50,23,48,1,1,15,0.7708496836500045,0.7886711744874619,-0.017821490837457432,2.5084727789537172e-05,829.3433902365244
50,23,50,1,1,1,0.9999999363057851,0.5587644583043047,0.44123547800148044,0.0,0.0
50,23,54,3,3,1,0.9999999711275059,0.37041278238631337,0.6295871887411926,0.0,0.0
50,23,55,8,8,3,0.860392972172614,0.6053084268856201,0.25508454528699387,5.8807400171153905e-06,156.91308337677032
50,23,57,6,6,26,0.8254301038719095,0.8196415782573159,0.0057885256145936426,4.18782760087135e-05,1554.87902770603
50,23,59,8,8,6,0.8389435191469571,0.6917877991275615,0.14715572001939559,7.720847400729989e-06,279.6682143620595
50,23,60,6,6,1,1.0000000014704435,0.4711304539394838,0.5288695475309597,0.0,0.0
50,23,61,7,7,7,0.8015269006963793,0.7207879341014662,0.08073896659491309,1.1551042119342873e-05,369.284496156827
50,23,62,7,7,10,0.8221853490337379,0.8212735523107036,0.0009117967230342083,1.181217679418487e-05,562.3767421221605
50,23,63,1,1,8,0.8190452501516108,0.7585342818037388,0.06051096834787195,0.0,465.71414846884045
50,23,67,6,6,2,0.9333642592193812,0.724978753635337,0.20838550558404412,0.0,85.03904578667289
50,23,68,3,3,4,0.8811360483471303,0.7290194966494046,0.15211655169772575,0.0,203.29841623016554
50,23,69,4,4,8,0.8547691567368052,0.842967779753598,0.011801376983207157,0.0,466.52496387089485
50,23,72,2,2,4,0.8114128411731946,0.7332636025144412,0.07814923865875334,0.0,206.21653756103
50,23,73,1,1,2,0.8767363987081387,0.5737912915314444,0.3029451071766943,0.0,80.43568396672364
50,23,74,6,6,41,0.8424145734044006,0.8582237586658267,-0.01580918526142605,5.653003561689376e-05,2546.765318904574
50,23,76,7,7,6,0.8341310023966213,0.7469281547927054,0.08720284760391595,8.539349555217268e-06,312.0898201149698
50,23,77,8,8,5,0.867056851781021,0.6678860000441151,0.19917085173690585,7.51424072768359e-06,290.6029165645697
50,23,78,2,2,2,0.8912340723281693,0.661705886307096,0.22952818602107328,0.0,83.54120533458328
50,23,80,0,0,13,0.8655464765635269,0.8157769133853954,0.049769563178131526,2.058926057395882e-05,803.7475955161782
50,23,81,6,6,1,1.0000001096784024,0.4263914619142121,0.5736086477641902,0.0,0.0
50,23,83,4,4,1,1.0000000191933762,0.671608522097113,0.32839149709626325,0.0,0.0
50,23,84,0,0,1,0.9999999604005817,0.5689804026680196,0.43101955773256206,0.0,0.0
50,23,85,5,5,3,0.816574989230565,0.7156613726015407,0.10091361662902432,4.878995887332468e-06,129.92751797443745
50,23,86,6,6,16,0.8686353753581038,0.835576585789828,0.03305878956827579,0.0,998.5937425738392
50,23,87,1,1,5,0.791870351079203,0.6459085142011202,0.14596183687808284,7.918750751306672e-06,271.8483770065852
50,23,89,9,9,4,0.873469343183432,0.5822242928426197,0.2912450503408123,0.0,180.07609457259238
50,23,90,2,2,16,0.7639200010386323,0.7955606427429569,-0.03164064170432457,0.0,772.5700580758096
50,23,91,8,8,3,0.8682983464628455,0.7319831336950212,0.13631521276782432,5.305646953165198e-06,161.1258912820246
50,23,92,1,1,11,0.7769264064219197,0.7984420027045783,-0.021515596282658644,1.4232276179572935e-05,603.6249869991435
50,23,93,2,2,1,1.0000000546785661,0.572226294806147,0.42777375987241917,0.0,0.0
50,23,94,9,9,30,0.8225873302324421,0.8171334513113049,0.005453878921137245,4.8402501686324924e-05,1655.07936737384
50,23,95,2,2,1,1.0000000344140518,0.39090594806659135,0.6090940863474605,0.0,0.0
50,23,97,2,2,5,0.8317036592427249,0.711582436178292,0.12012122306443296,8.111152776441909e-06,269.88437216308887
50,23,98,5,5,7,0.7637814541089822,0.6474048097822979,0.11637664432668438,8.914467924634068e-06,374.46538239817295
50,23,99,9,9,8,0.8329147807177935,0.7679139627783249,0.06500081793946855,0.0,465.2544678637282
50,24,0,5,5,1,1.0000000173507975,0.7504157856065894,0.24958423174420807,0.0,0.0
50,24,1,9,9,13,0.823523266447521,0.7655066580017637,0.0580166084457574,2.0605176916031866e-05,784.2652720812295
50,24,2,6,6,25,0.7743440037560948,0.7998520726816272,-0.025508068925532368,3.293909502105126e-05,1348.3065778247394
50,24,3,4,4,6,0.8572193776629774,0.771444602147105,0.08577477551587243,9.92698759364135e-06,369.3783544217674
50,24,4,8,8,1,0.9999999987295098,0.4750561366927435,0.5249438620367664,0.0,0.0
50,24,5,9,9,1,1.0000000117858696,0.34951197853205984,0.6504880332538098,0.0,0.0
50,24,6,7,7,1,0.9999999167070042,0.5953297870438569,0.4046701296631473,0.0,0.0
50,24,9,7,7,6,0.8867483350584067,0.674729965890765,0.21201836916764172,9.002066415586626e-06,349.2002687788902
50,24,10,1,1,30,0.7448639647999946,0.7463583821042471,-0.0014944173042524822,3.3156852720602644e-05,1600.8045706753787
50,24,11,0,0,3,0.7783523504563042,0.5074417341764653,0.2709106162798389,4.0495448058077795e-06,123.91739660451378
50,24,12,0,0,12,0.742786492216015,0.7302118855918593,0.01257460662415566,1.5020859502077228e-05,550.3842152199251
50,24,13,2,2,8,0.7681913194545837,0.7087376863865517,0.059453633068032086,0.0,417.83846910436176
50,24,14,3,3,9,0.846232740004123,0.7137674778308888,0.13246526217323418,1.3823025515037153e-05,566.9987530226159
50,24,15,4,4,23,0.8276027973609589,0.8570473136608495,-0.029444516299890644,3.797857892415721e-05,1356.663130496944
50,24,16,6,6,7,0.7722053446431006,0.6409318024463451,0.13127354219675558,9.687846916768085e-06,374.9664831787583
50,24,17,7,7,10,0.8020694910274168,0.7887832591774574,0.013286231849959362,1.444610511194549e-05,532.5912787333656
50,24,18,2,2,12,0.8044606327303454,0.7694533046471742,0.035007328083171196,1.9212171947684063e-05,729.8076589194676
50,24,20,1,1,20,0.8211443140875103,0.8331318849460387,-0.011987570858528418,3.0340099964189376e-05,1227.9544269204553
50,24,21,8,8,7,0.8406106321477377,0.8463647396678138,-0.005754107520076102,1.188124324402447e-05,396.6718370947436
50,24,22,4,4,7,0.7893364274406671,0.6657385057696117,0.12359792167105543,1.0979456680249126e-05,388.7699441311817
50,24,24,5,5,7,0.8610009046058352,0.7945914457593507,0.06640945884648453,1.1552866764703157e-05,457.69926293885857
50,24,26,4,4,27,0.8230200267988877,0.7847731294960877,0.038246897302800065,3.69377527867152e-05,1583.1782309899174
50,24,28,0,0,9,0.758136309056609,0.7351512341096452,0.02298507494696378,1.4032381763198476e-05,501.60619115753457
50,24,29,2,2,18,0.8590743339398673,0.784570783243731,0.07450355069613634,3.159427159267499e-05,1052.7651373795472
50,24,32,3,3,2,0.8201191256629395,0.5522168330874453,0.26790229257549425,0.0,78.41249128429811
50,24,33,1,1,39,0.8251612369899497,0.8109019640973899,0.014259272892559793,4.759861588394034e-05,1831.1226053940454
50,24,35,4,4,2,0.8520665104944332,0.6606103633400476,0.19145614715438553,0.0,72.94730569371762
50,24,36,9,9,4,0.8514352829637342,0.7209191860762961,0.13051609688743804,0.0,219.57673247364383
50,24,37,7,7,11,0.7969403734137397,0.6808372249277291,0.11610314848601055,1.3651716321798134e-05,533.01868014693
50,24,38,8,8,16,0.8899381880227786,0.8822157911540013,0.007722396868777293,0.0,1070.4521924035316
50,24,40,5,5,17,0.7447233887467569,0.7336667331774677,0.011056655569289253,2.0715566606655025e-05,850.9381230265874
50,24,41,9,9,9,0.8332037550353644,0.7816699734051827,0.05153378163018163,1.2982206839908203e-05,511.44487666321885
50,24,42,4,4,5,0.8272172171107229,0.7533244732544458,0.07389274385627709,9.255264457784654e-06,282.2471830184875
50,24,44,0,0,2,0.8236136613717393,0.45976081446497563,0.36385284690676367,0.0,69.6100314932961
50,24,45,5,5,8,0.770131362268807,0.6829918694618573,0.08713949280694966,0.0,420.3146237737397
50,24,46,6,6,9,0.7829060027737118,0.7168052029136083,0.06610079986010353,1.1802643473877738e-05,456.35647205996946
50,24,47,8,8,1,0.9999999770725915,0.4258938018121906,0.5741061752604009,0.0,0.0
50,24,49,5,5,8,0.8620327237621687,0.8409821011022637,0.021050622659904983,0.0,424.70040999844724
50,24,50,1,1,1,0.9999999320295201,0.7000785104908932,0.2999214215386269,0.0,0.0
50,24,52,0,0,9,0.8730289965282788,0.7902301976924838,0.082798798835795,1.5708830082552553e-05,533.8971418421572
50,24,53,3,3,13,0.8727721501195524,0.8565931301486737,0.016179019970878783,1.9547798069931966e-05,814.0415339541502
50,24,54,3,3,1,0.9999999814977947,0.6006414241668739,0.39935855733092074,0.0,0.0
50,24,55,8,8,1,0.999999993524156,0.44237650934404005,0.557623484180116,0.0,0.0
50,24,56,3,3,16,0.7999188488623329,0.7607231442594266,0.039195704602906334,0.0,838.9765500639044
50,24,57,6,6,2,0.8632896293358062,0.5159615711542839,0.34732805818152235,0.0,55.55705233522893
50,24,58,8,8,6,0.8085998777020941,0.7074792787999676,0.10112059890212644,8.730768068759679e-06,290.71833774182875
50,24,59,8,8,6,0.7550458900452439,0.6677804849746288,0.08726540507061509,8.028393275961225e-06,263.7540060953044
50,24,60,6,6,12,0.8133228830297736,0.7877896999458052,0.025533183083968458,1.5939565377066572e-05,646.7675303329045
50,24,61,7,7,5,0.8175451355975132,0.7102287009193182,0.10731643467819496,7.849537623593775e-06,264.5210028525007
50,24,62,7,7,1,0.999999978700715,0.4611720542273338,0.5388279244733811,0.0,0.0
50,24,63,1,1,1,0.9999999826340963,0.3020266808217834,0.6979733018123129,0.0,0.0
50,24,64,0,0,30,0.8947851340609012,0.8787790279075915,0.016006106153309663,5.216490870360066e-05,1885.916902528424
50,24,65,5,5,9,0.8049668876788,0.7512377239390561,0.0537291637397439,1.059089709821329e-05,429.4281535674482
50,24,66,3,3,7,0.8106776241324807,0.7594363709399479,0.05124125319253281,1.0367919072423372e-05,363.72623909975925
50,24,67,6,6,5,0.8499044514682197,0.6720751844172352,0.17782926705098445,9.442314962453334e-06,286.92806561476556
50,24,68,3,3,13,0.8561339079856601,0.8376121561542713,0.018521751831388822,2.0662468569980647e-05,725.1495671983788
50,24,69,4,4,4,0.7918592713885586,0.7695655896190352,0.0222936817695234,0.0,205.3204011683272
50,24,70,9,9,13,0.7834403788486007,0.7639966041304035,0.01944377471819725,1.6380711714970527e-05,630.3834051712112
50,24,71,3,3,1,1.000000115178437,0.258132993544402,0.741867121634035,0.0,0.0
50,24,73,1,1,1,1.0000000361309052,0.28503519352104467,0.7149648426098605,0.0,0.0
50,24,74,6,6,5,0.825185779444921,0.7634288316541737,0.06175694779074725,9.953597759610064e-06,288.06665021000777
50,24,75,4,4,19,0.8892964328153984,0.8844862523529552,0.004810180462443192,3.777408665576033e-05,1231.4758923943973
50,24,76,7,7,1,1.0000000284780113,0.5058213658804294,0.4941786625975819,0.0,0.0
50,24,77,8,8,5,0.864664375204275,0.7795983107497034,0.08506606445457154,8.513650466951682e-06,285.28010795221644
50,24,78,2,2,11,0.7903669967654525,0.7346507369952864,0.05571625977016614,1.732039778649053e-05,599.4308039712398
50,24,79,5,5,23,0.8238003399786404,0.7930192104184661,0.030781129560174314,2.902969218583861e-05,1128.1061595895612
50,24,80,0,0,1,1.0000000753065312,0.39418165846709957,0.6058184168394316,0.0,0.0
50,24,81,6,6,2,0.8883960747427689,0.595624541537624,0.29277153320514493,0.0,63.93690652201491
50,24,82,0,0,1,1.000000024510574,0.519570037304923,0.480429987205651,0.0,0.0
50,24,83,4,4,15,0.841269543068606,0.8184490311665391,0.02282051190206691,3.012145069309866e-05,916.1678785135857
50,24,84,0,0,23,0.7697631061531209,0.7788473063626113,-0.009084200209490412,3.235239652682922e-05,1179.0813926788712
50,24,85,5,5,1,0.9999999506516455,0.5051515562466604,0.49484839440498507,0.0,0.0
50,24,87,1,1,7,0.7761103537621925,0.6781785282339721,0.09793182552822044,1.2240138911231308e-05,370.7000246545423
50,24,88,9,9,1,0.9999998971232257,0.3831540531596053,0.6168458439636204,0.0,0.0
50,24,89,9,9,4,0.8163985369058093,0.6973651794989318,0.11903335740687748,0.0,183.39144274551023
50,24,90,2,2,9,0.8187494179344911,0.7366664237683582,0.08208299416613285,1.5067554339421247e-05,471.44218806227093
50,24,91,8,8,19,0.8459835924112084,0.8117067144315111,0.03427687797969725,3.1619601674651694e-05,1188.0822849730182
50,24,92,1,1,26,0.8031065060626326,0.8030099814198471,9.652464278542272e-05,3.3069392628974835e-05,1524.8993284662524
50,24,93,2,2,7,0.8121177284005963,0.7343370523117617,0.07778067608883454,1.0669161505456967e-05,396.3795449295974
50,24,94,9,9,1,0.9999999092610005,0.5275363193279778,0.4724635899330226,0.0,0.0
50,24,97,2,2,10,0.8491420026470934,0.8231009576559155,0.026041044991177875,1.6399355075745733e-05,516.2075582139536
50,24,98,5,5,6,0.8284469172631278,0.7344483706544395,0.09399854660868834,7.217122275586439e-06,318.8232023138616
50,24,99,9,9,7,0.6986306649328471,0.7102867667472713,-0.011656101814424225,1.0052673234970711e-05,297.62772683865836
50,25,0,5,5,2,0.8534288494823173,0.7007071431496991,0.15272170633261828,0.0,77.92985524396813
50,25,1,9,9,1,0.9999999479447679,0.6189704800310274,0.3810294679137405,0.0,0.0
50,25,2,6,6,13,0.8359062682726085,0.7797205235935551,0.05618574467905335,1.9573560864467168e-05,717.3161278860156
50,25,3,4,4,8,0.8251243263404303,0.7635751400488897,0.0615491862915406,0.0,470.86982406455365
50,25,4,8,8,26,0.843248427241253,0.8351149066715561,0.008133520569696961,3.7933718959130746e-05,1696.4073584163298
50,25,5,9,9,7,0.7832891553559945,0.6821811546619774,0.10110800069401715,9.925136771855866e-06,334.1191343176929
50,25,6,7,7,1,0.9999999791284416,0.6095462652037908,0.3904537139246508,0.0,0.0
50,25,7,6,6,20,0.8067588269442261,0.7408237262598919,0.06593510068433417,3.936555611386235e-05,1174.4267971056815
50,25,9,7,7,45,0.8358796099465327,0.809847104676962,0.026032505269570683,6.261575879572573e-05,2694.863000405003
50,25,10,1,1,19,0.7540702394316197,0.6835245875612529,0.07054565187036677,2.4436809346278193e-05,963.8885336544746
50,25,11,0,0,2,0.816089309340301,0.5954588151828702,0.22063049415743075,0.0,73.657698324991
50,25,13,2,2,2,0.8270646296283586,0.5420603064133029,0.28500432321505564,0.0,67.21078828159108
50,25,14,3,3,3,0.8586521607651184,0.620685278502473,0.2379668822626454,5.868812397470659e-06,159.96508685175297
50,25,15,4,4,29,0.8722736024830914,0.8599272052980474,0.012346397185043934,4.066520085341276e-05,1769.0740495013333
50,25,16,6,6,14,0.787136517049553,0.7555114390265782,0.03162507802297476,1.784067977311294e-05,735.3897549167234
50,25,17,7,7,1,1.0000000710242445,0.6422289876875568,0.3577710833366877,0.0,0.0
50,25,18,2,2,4,0.8571225635622067,0.7930657003273881,0.06405686323481863,0.0,206.97572380609307
50,25,20,1,1,8,0.8207341045535625,0.7346511814065654,0.08608292314699717,0.0,488.7068946275992
50,25,21,8,8,2,0.8027407860871686,0.7273676825733819,0.07537310351378668,0.0,72.0634610231385
50,25,23,3,3,29,0.8550826463947581,0.8307638735227709,0.024318772871987138,3.4662662182760984e-05,1521.1217750680678
50,25,24,5,5,7,0.8999334395487295,0.8653346374661065,0.034598802082623004,1.489511397935466e-05,490.40868102652513
50,25,26,4,4,3,0.78518887017737,0.44238117293093904,0.342807697246431,4.2277079315816375e-06,124.57686532134605
50,25,27,8,8,5,0.8618577323417307,0.7283501315068432,0.13350760083488744,1.063823572830731e-05,289.82548380226035
50,25,28,0,0,11,0.8083259331356754,0.7273182685012255,0.08100766463444986,1.595075250486637e-05,629.3227114841699
50,25,29,2,2,18,0.7785373020015004,0.7662599963742263,0.012277305627274138,2.5902855298510646e-05,1013.9005331963027
50,25,30,0,0,7,0.888935849418891,0.7669567165238682,0.12197913289502282,1.4095039507463347e-05,442.7044186329854
50,25,31,1,1,45,0.869605725739656,0.8710456133174851,-0.001439887577829091,7.36656312831489e-05,2642.573265658571
50,25,32,3,3,6,0.8353856560951594,0.7368910257165134,0.09849463037864592,1.0147989552979849e-05,345.93674699237226
50,25,33,1,1,1,0.9999999565756429,0.23275624408147536,0.7672437124941676,0.0,0.0
50,25,34,9,9,36,0.8460447858728406,0.835775202610668,0.010269583262172644,4.092852623334178e-05,2141.3754774668105
50,25,35,4,4,1,1.0000000624306964,0.34273424246768985,0.6572658199630066,0.0,0.0
50,25,36,9,9,4,0.8822514294305891,0.7878063631622997,0.09444506626828941,0.0,203.78075300556156
50,25,38,8,8,9,0.8245092876271934,0.8133467139491392,0.011162573678054288,1.4826954476536243e-05,501.3560922780279
50,25,39,7,7,29,0.8620967912777521,0.8410730366595487,0.021023754618203383,4.3934670353494234e-05,1802.191456954957
50,25,40,5,5,14,0.7266214362555241,0.6449605202446564,0.08166091601086767,1.6270466916182718e-05,652.9776276343695
50,25,41,9,9,1,0.9999999387961621,0.7035187375961347,0.2964812012000274,0.0,0.0
50,25,42,4,4,13,0.833008694372423,0.7357930619653318,0.09721563240709119,1.756465191569273e-05,707.6776134151527
50,25,43,3,3,1,1.0000000540128688,0.6539005006332698,0.3460995533795991,0.0,0.0
50,25,46,6,6,27,0.7710152262309375,0.7267144790806505,0.04430074715028709,5.185869720696347e-05,1471.9286152733214
50,25,47,8,8,4,0.7814695075239532,0.6200143090061979,0.16145519851775525,0.0,172.38684733818846
50,25,49,5,5,3,0.8814924512338799,0.7477637160819438,0.13372873515193606,5.091921837449301e-06,135.52877399870164
50,25,50,1,1,33,0.8378759287677813,0.8299725263573771,0.007903402410404214,7.318580460744022e-05,2104.6221602487053
50,25,51,2,2,25,0.8464922543062754,0.8377727296927295,0.00871952461354586,3.8376914132265035e-05,1572.4291465888714
50,25,52,0,0,2,0.9424040501264114,0.7949607978765615,0.1474432522498499,0.0,72.39848207933728
50,25,53,3,3,5,0.8706470566630338,0.8185477592381624,0.052099297424871405,8.820782174531057e-06,270.2193943046291
50,25,54,3,3,12,0.8554962046598283,0.8334348585932152,0.02206134606661314,2.219611924624199e-05,793.1965168894918
50,25,55,8,8,4,0.8379959194847215,0.5256776485250272,0.31231827095969433,0.0,227.05545853577755
50,25,56,3,3,19,0.8075623556555582,0.7840236926777642,0.023538662977794056,2.5073461366106135e-05,960.1563032416526
50,25,57,6,6,11,0.8420123308128387,0.777004511216142,0.06500781959669666,1.6888213019896036e-05,616.1183149474243
50,25,58,8,8,1,0.9999998863667706,0.5690174123913885,0.43098247397538214,0.0,0.0
50,25,59,8,8,2,0.7844336931965944,0.5376685836829711,0.2467651095136233,0.0,66.29848796092736
50,25,60,6,6,1,1.0000000002294624,0.427430448804541,0.5725695514249214,0.0,0.0
50,25,61,7,7,84,0.785081011449867,0.7841975259545492,0.000883485495317804,9.324941560144134e-05,4634.400529396702
50,25,62,7,7,8,0.8347457538399237,0.806688428436158,0.02805732540376571,0.0,467.5656063649785
50,25,63,1,1,13,0.859172179396012,0.7754271784079507,0.08374500098806126,2.7625621775956904e-05,857.9843652803958
50,25,64,0,0,7,0.9014327805031278,0.7835186927023884,0.11791408780073942,1.0999779212532222e-05,369.40583773960964
50,25,65,5,5,1,0.999999947665095,0.4867469606511748,0.5132529870139202,0.0,0.0
50,25,66,3,3,5,0.8523446590633025,0.7941529846769583,0.058191674386344205,7.836016562233978e-06,284.8441354957209
50,25,67,6,6,15,0.8656112828371504,0.8221940028160322,0.04341728002111822,3.1187255388264394e-05,871.9233657057555
50,25,68,3,3,11,0.7881394447147901,0.7844055279428418,0.0037339167719483424,1.5632914011946958e-05,551.2901779934025
50,25,69,4,4,1,1.0000000416555146,0.4307678443469543,0.5692321973085603,0.0,0.0
50,25,70,9,9,11,0.8121306066309965,0.779439421153062,0.03269118547793448,2.357166255785793e-05,637.2027931440654
50,25,71,3,3,11,0.8744015531302554,0.8310541935522266,0.04334735957802871,1.541896150471446e-05,631.5217562137183
50,25,72,2,2,5,0.8697120428984617,0.7243771004050951,0.14533494249336665,1.0317574337808084e-05,304.4651820263802
50,25,74,6,6,3,0.8118674422874074,0.7188261299537714,0.093041312333636,5.371725334673574e-06,120.36842776566758
50,25,75,4,4,21,0.8816748823315624,0.8679521689510084,0.013722713380554086,2.889136055805925e-05,1295.8743978770892
50,25,76,7,7,23,0.7974121609465545,0.8301318259252659,-0.03271966497871137,3.1864750670298876e-05,1216.731413139568
50,25,79,5,5,25,0.8171864529588119,0.8020333709693402,0.015153081989471628,3.294757473829853e-05,1282.6281721711816
50,25,80,0,0,12,0.8250509306230658,0.8071483359273322,0.01790259469573363,1.3978150001816067e-05,616.554582902083
50,25,81,6,6,2,0.8580621391401108,0.5162125985910253,0.34184954054908545,0.0,78.58639360698992
50,25,82,0,0,8,0.875418933741596,0.8468721920620359,0.02854674167956006,0.0,475.31241238968795
50,25,83,4,4,8,0.7833242179864035,0.785797323782466,-0.0024731057960625247,0.0,370.80060803788126
50,25,84,0,0,5,0.8104854680727926,0.7749570919019259,0.03552837617086679,7.390959787512729e-06,246.65507102325304
50,25,86,6,6,21,0.8614308100791549,0.8362654865845897,0.02516532349456524,3.614068183270356e-05,1362.0518487161378
50,25,88,9,9,5,0.841014877945101,0.7269980713942412,0.11401680655085977,9.040415835657237e-06,247.8645927527717
50,25,89,9,9,2,0.8975147562936772,0.4655559587624007,0.4319587975312765,0.0,72.66880569441827
50,25,90,2,2,20,0.8168778523374179,0.806115353275117,0.010762499062300979,3.023406154433984e-05,1071.867818299056
50,25,91,8,8,2,0.8993539057981542,0.7187697687663863,0.1805841370317679,0.0,84.71492353588386
50,25,92,1,1,2,0.8739010054817297,0.5958322645029732,0.27806874097875645,0.0,80.86913540286143
50,25,93,2,2,3,0.8715335926462796,0.6802102468053711,0.1913233458409085,6.479428822172395e-06,159.50764175168183
50,25,94,9,9,8,0.8188923648590185,0.7514271502289482,0.06746521463007027,0.0,416.60861697355614
50,25,95,2,2,1,1.0000000130878617,0.2205061960773193,0.7794938170105423,0.0,0.0
50,25,96,7,7,22,0.8976301185146419,0.8049748320328528,0.09265528648178911,3.2319335245783526e-05,1148.9644015575989
50,25,97,2,2,5,0.8526150840400059,0.7682251607879665,0.08438992325203931,9.42545747898207e-06,300.9281543153786
50,25,98,5,5,1,0.9999998998700889,0.3205734296579124,0.6794264702121764,0.0,0.0
50,26,0,5,5,4,0.8514480559541842,0.7015669522865257,0.1498811036676585,0.0,214.9709861083864
50,26,1,9,9,9,0.8084120124145344,0.7869800377272964,0.02143197468723801,1.871364292671249e-05,545.3574837415663
50,26,5,9,9,5,0.8802319285710821,0.7282637223693915,0.1519682062016906,7.893447433158675e-06,260.4121367274587
50,26,6,7,7,12,0.8450439750353106,0.8047799522466894,0.04026402278862118,2.1125053954361705e-05,809.1673769205105
50,26,7,6,6,1,1.0000000614074402,0.5355933147944475,0.46440674661299275,0.0,0.0
50,26,8,4,4,6,0.8350808610808337,0.701937632814061,0.13314322826677272,8.350454477134662e-06,279.7272228087253
50,26,9,7,7,3,0.7867674826315302,0.642085384790528,0.14468209784100217,4.970851256550083e-06,133.2866750743152
50,26,10,1,1,5,0.8127955438709356,0.5883780368658567,0.2244175070050789,7.3574226985889564e-06,259.5128642365907
50,26,11,0,0,7,0.7412164857008721,0.6573091512678785,0.08390733443299359,9.426776923162636e-06,353.2696877122811
50,26,12,0,0,16,0.7954109068314714,0.7189696964471812,0.07644121038429019,0.0,859.3251787394624
50,26,14,3,3,3,0.8111361574164132,0.6414819721961547,0.16965418522025855,4.267939220104536e-06,116.60838336289937
50,26,15,4,4,2,0.8765932339064967,0.6558275543184304,0.22076567958806625,0.0,79.75334373546195
50,26,16,6,6,6,0.7483535491059076,0.6260214545138086,0.12233209459209893,8.523987497070095e-06,299.9289091267707
50,26,17,7,7,1,1.0000000363268906,0.2653839249156209,0.7346161114112697,0.0,0.0
50,26,18,2,2,13,0.839528406844002,0.8256662176325392,0.013862189211462761,1.93298312110936e-05,855.652988938602
50,26,19,5,5,44,0.8332994947251411,0.8178112590181944,0.015488235706946685,7.497477637508551e-05,2698.4049223584975
50,26,20,1,1,9,0.825253235875875,0.7931844377016469,0.03206879817422803,1.8188942457059693e-05,570.5086992950154
50,26,21,8,8,1,0.9999999522424606,0.4081458244799413,0.5918541277625193,0.0,0.0
50,26,22,4,4,16,0.7572360890800299,0.7414770804036576,0.015759008676372366,0.0,835.6511740803415
50,26,23,3,3,17,0.8180957897370258,0.8076139635477332,0.010481826189292609,2.1320101626930076e-05,820.0519793047613
50,26,24,5,5,1,1.0000000315871145,0.6352405790196668,0.3647594525674477,0.0,0.0
50,26,25,7,7,23,0.7932559334619765,0.7634702634378427,0.029785670024133792,2.4917983658127647e-05,1189.6210882592968
50,26,26,4,4,16,0.8303860098118976,0.7873403139875341,0.04304569582436346,0.0,923.6032706131449
50,26,27,8,8,9,0.7771923754766791,0.7194818983363727,0.057710477140306415,1.1810567156690162e-05,489.47542486969826
50,26,28,0,0,1,0.9999999646065286,0.6862819101267311,0.3137180544797975,0.0,0.0
50,26,29,2,2,1,1.0000000092371057,0.4426821133458291,0.5573178958912767,0.0,0.0
50,26,30,0,0,2,0.919642357774292,0.7235078678192532,0.1961344899550388,0.0,77.55234314351219
50,26,31,1,1,2,0.9152646554792015,0.7941838053117252,0.12108085016747638,0.0,79.2196842281761
50,26,33,1,1,31,0.8228910902506925,0.8194827800722342,0.003408310178458329,4.2663525524761994e-05,1532.2760972825345
50,26,34,9,9,6,0.8409555939884182,0.8018300814949308,0.03912551249348739,7.4242820628348405e-06,299.85662395090935
50,26,35,4,4,5,0.7712997509281059,0.6594360518887674,0.11186369903933846,7.89115465781114e-06,257.37139430765745
50,26,36,9,9,2,0.9374584808709658,0.7914296652045623,0.14602881566640358,0.0,64.86950322657296
50,26,37,7,7,57,0.8304289606241452,0.8117951040165662,0.01863385660757899,7.18012226476311e-05,2873.8772857705935
50,26,40,5,5,2,0.7891917346129741,0.5418641882208999,0.24732754639207422,0.0,64.67069135567314
50,26,41,9,9,1,1.0000001439329507,0.30055153064271717,0.6994486132902336,0.0,0.0
50,26,42,4,4,5,0.8173981072392397,0.6925692347864263,0.12482887245281338,7.179089796918913e-06,256.37866218854845
50,26,43,3,3,12,0.8583578797771193,0.8665581127271406,-0.008200232950021258,1.830999018851547e-05,772.7254442019532
50,26,44,0,0,8,0.7770030001787619,0.7576867864462914,0.0193162137324705,0.0,414.8082728690868
50,26,45,5,5,8,0.7355082039000945,0.707712048282369,0.027796155617725526,0.0,377.9563657204462
50,26,46,6,6,1,0.9999999869747199,0.4713623790207841,0.5286376079539359,0.0,0.0
50,26,47,8,8,18,0.871373966665906,0.8500025625012807,0.02137140416462535,2.7024422352323444e-05,954.0989241633329
50,26,48,1,1,23,0.8231386294992145,0.7811698504276322,0.04196877907158225,3.864045235311122e-05,1284.0488453296748
50,26,49,5,5,8,0.8669459498701455,0.846945113357459,0.02000083651268647,0.0,450.30978352134633
50,26,50,1,1,1,1.0000000201738222,0.32892776025343995,0.6710722599203822,0.0,0.0
50,26,51,2,2,1,1.000000007091078,0.611960818319939,0.38803918877113897,0.0,0.0
50,26,53,3,3,3,0.8894460122149483,0.7288263791212463,0.16061963309370209,5.711525126352429e-06,159.32739868302835
50,26,54,3,3,19,0.7715325778682743,0.7744731723299277,-0.0029405944616534008,2.2232603995363388e-05,966.8749443337362
50,26,55,8,8,1,1.000000036268613,0.42800233049498504,0.571997705773628,0.0,0.0
50,26,57,6,6,12,0.8175971336784134,0.7816269650452923,0.03597016863312108,1.761037573754432e-05,633.878209460222
50,26,58,8,8,4,0.7432810054246993,0.6444992859969076,0.09878171942779168,0.0,185.8120942411497
50,26,59,8,8,14,0.8080380680364325,0.7648173011590946,0.04322076687733789,2.073824989222253e-05,722.8602755598781
50,26,60,6,6,3,0.8177929210998496,0.5334007524761596,0.28439216862369,4.692118239342101e-06,122.21472005917988
50,26,61,7,7,1,0.9999999094829893,0.6557798558431924,0.3442200536397969,0.0,0.0
50,26,63,1,1,5,0.8760564290700855,0.8273476203774919,0.04870880869259364,1.0856303975386777e-05,317.49722687919444
50,26,64,0,0,1,0.9999999427263011,0.5030999390626099,0.49690000366369125,0.0,0.0
50,26,65,5,5,25,0.79532674495942,0.7780565385052806,0.01727020645413946,4.556758466266473e-05,1393.4724696620985
50,26,66,3,3,3,0.8673690105078156,0.7150598455761497,0.1523091649316659,4.6933082486844304e-06,140.62227916053766
50,26,67,6,6,3,0.8726603626512188,0.7179211493197876,0.15473921333143126,6.458530684470893e-06,166.83155128025172
50,26,68,3,3,11,0.8775581331421897,0.8330701885829401,0.04448794455924954,1.9865309552731555e-05,651.7073143664874
50,26,70,9,9,6,0.8509026015774326,0.8142133558814173,0.03668924569601528,1.0560465614172278e-05,351.28698809054396
50,26,71,3,3,1,0.9999999429157209,0.4710979424640432,0.5289020004516778,0.0,0.0
50,26,72,2,2,4,0.8323891217051894,0.7651649273151722,0.06722419439001726,0.0,230.99755143763815
50,26,73,1,1,5,0.8319572896024044,0.7388176161358087,0.0931396734665958,7.789829985107013e-06,261.3281518991827
50,26,74,6,6,8,0.7924399270541779,0.7969666342207656,-0.004526707166587762,0.0,494.75010115250626
50,26,76,7,7,6,0.7526447214028065,0.6454837991588198,0.10716092224398666,7.4001804680994e-06,285.74499853678475
50,26,77,8,8,9,0.8397895824964425,0.7849877527977097,0.05480182969873282,1.881857848546733e-05,560.4264460724474
50,26,78,2,2,1,0.9999999812438685,0.3415866824373184,0.6584132988065501,0.0,0.0
50,26,79,5,5,38,0.8198727145815797,0.8465001603717796,-0.026627445790199822,4.629790872150862e-05,2115.502588883539
50,26,80,0,0,51,0.8573495323659318,0.8475498589536924,0.009799673412239418,8.160859080052938e-05,3113.9614764100165
50,26,81,6,6,2,0.8572266923680759,0.5236136130086386,0.3336130793594373,0.0,60.01334448446465
50,26,82,0,0,4,0.8602363429970533,0.8306076406716789,0.0296287023253744,0.0,207.85733493811148
50,26,83,4,4,7,0.8046963848501358,0.770339748551447,0.03435663629868879,1.11423291279001e-05,372.1174507654531
50,26,85,5,5,13,0.8408588592035269,0.767845371694858,0.07301348750866887,1.7913798054028646e-05,655.1812471592971
50,26,86,6,6,4,0.8388612707884537,0.6733807176391075,0.1654805531493463,0.0,219.02024753828366
50,26,87,1,1,34,0.8036023797212875,0.7844428407723423,0.019159538948945176,4.517735653688212e-05,1977.3468637817634
50,26,88,9,9,1,0.9999999760049717,0.46779637549921566,0.532203600505756,0.0,0.0
50,26,89,9,9,5,0.8472966440409656,0.7440344593472932,0.10326218469367243,7.967314638488285e-06,242.84554324137127
50,26,90,2,2,9,0.7853099170117986,0.7497839763285472,0.035525940683251434,1.3960657185380981e-05,467.203672666519
50,26,91,8,8,4,0.7746743922766874,0.6210497217028905,0.15362467057379692,0.0,206.5389139823407
50,26,92,1,1,4,0.7745791985737925,0.6605938776823542,0.11398532089143831,0.0,198.7637324051025
50,26,93,2,2,43,0.8639536629768455,0.8443475721082596,0.01960609086858589,6.438236612271578e-05,2595.327733632328
50,26,94,9,9,4,0.7895357763783102,0.8062523360004032,-0.016716559622093063,0.0,188.63169446636164
50,26,95,2,2,1,0.9999999828631388,0.49155657781466805,0.5084434050484707,0.0,0.0
50,26,96,7,7,1,1.000000031923208,0.5976210165802363,0.4023790153429718,0.0,0.0
50,26,97,2,2,4,0.8960380630404883,0.7575209640594234,0.1385170989810649,0.0,232.00613402168082
50,26,99,9,9,1,0.9999999623434774,0.20297863989096232,0.7970213224525151,0.0,0.0
50,27,0,5,5,12,0.8747242302567214,0.8267245468125419,0.047999683444179486,1.690202062853653e-05,740.9170072427191
50,27,1,9,9,2,0.7845508250621309,0.5392003078014694,0.24535051726066148,0.0,69.34803129537981
50,27,3,4,4,4,0.8293981478843427,0.6752460457546998,0.15415210212964292,0.0,216.75055073776608
50,27,4,8,8,2,0.9397500143484028,0.6209206073644397,0.3188294069839631,0.0,84.00585507327725
50,27,5,9,9,3,0.8386911079934016,0.6449969120309528,0.19369419596244886,4.948427379602625e-06,129.92762007756195
50,27,6,7,7,5,0.8728063944374972,0.7752118483100834,0.0975945461274138,6.8057738832800625e-06,319.25227371507725
50,27,7,6,6,2,0.8487094984082992,0.4395926430023727,0.4091168554059265,0.0,81.19038842440249
50,27,8,4,4,2,0.8870339519083438,0.5354906884578553,0.3515432634504885,0.0,68.55201287627332
50,27,9,7,7,5,0.8300248032067653,0.6111443471436345,0.21888045606313078,8.309405955915793e-06,288.354322661502
50,27,10,1,1,2,0.8516021311161964,0.409349506473031,0.44225262464316545,0.0,77.55834676073208
50,27,11,0,0,3,0.8044140641974294,0.5788655345193923,0.22554852967803718,5.093559235387492e-06,137.36542826089192
50,27,12,0,0,5,0.7855146898850631,0.6104531386467171,0.175061551238346,7.1552192718771575e-06,203.79240057058416
50,27,13,2,2,9,0.7976952854455555,0.7591928148161387,0.03850247062941681,1.4326017065001552e-05,465.2302101856934
50,27,14,3,3,19,0.8440467881659529,0.8155508170404501,0.02849597112550284,3.1912673552999625e-05,1165.7170166686558
50,27,15,4,4,1,1.0000000424583653,0.6616266511128599,0.33837339134550537,0.0,0.0
50,27,17,7,7,19,0.841042059958915,0.7931095330637062,0.04793252689520877,2.66920468649043e-05,1016.0168556270174
50,27,18,2,2,20,0.8535118436276853,0.8022465426392043,0.05126530098848103,3.790723202918522e-05,1248.0196501981752
50,27,19,5,5,1,1.0000000168995848,0.4518193465414356,0.5481806703581493,0.0,0.0
50,27,20,1,1,16,0.8366375351844465,0.816075790974245,0.020561744210201516,0.0,917.6402447347931
50,27,21,8,8,9,0.8992730220001122,0.8728819769978367,0.026391045002275515,1.7043226114239318e-05,567.7171468448096
50,27,22,4,4,5,0.757936640531394,0.6905540141558316,0.06738262637556236,6.646460418568488e-06,206.82732800638038
50,27,24,5,5,33,0.891798699469401,0.8920362644864143,-0.0002375650170132193,6.170133403275603e-05,2389.9122943399043
50,27,26,4,4,6,0.7699896896596041,0.6248829400636577,0.14510674959594638,8.37953211576079e-06,287.86671057787134
50,27,27,8,8,9,0.8676039304451062,0.7910316269502372,0.07657230349486899,1.4382948337509816e-05,537.1003937942448
50,27,28,0,0,14,0.8005375159546414,0.7200189239173497,0.08051859203729173,1.7072209537810668e-05,742.4793409382687
50,27,29,2,2,25,0.8360702850077776,0.7815663909343024,0.05450389407347522,4.015889345956833e-05,1460.9324528136387
50,27,30,0,0,29,0.9065001822213861,0.8914932477299058,0.015006934491480273,5.567338120729262e-05,2056.6144435656624
50,27,31,1,1,6,0.8125844177934606,0.7592915138408338,0.05329290395262676,8.872515301612027e-06,352.9702698533295
50,27,32,3,3,22,0.8134230870446173,0.7702831257310547,0.04313996131356257,3.8184093106762635e-05,1343.6709493563058
50,27,33,1,1,2,0.8520571932817734,0.455218321436356,0.39683887184541744,0.0,54.59929526763728
50,27,35,4,4,6,0.727980819184812,0.6820530065826202,0.0459278126021917,6.641284787894116e-06,282.7926340637243
50,27,36,9,9,1,0.9999999454074343,0.6078620909562543,0.39213785445118,0.0,0.0
50,27,38,8,8,14,0.873633948537719,0.7721335249400456,0.10150042359767342,2.4920630764334785e-05,824.1931734311015
50,27,39,7,7,12,0.814395181293784,0.7938558944991975,0.020539286794586498,1.7241993772123782e-05,710.5715989982734
50,27,40,5,5,8,0.7607081136353174,0.6409063244036458,0.11980178923167162,0.0,391.34255144789245
50,27,41,9,9,15,0.8595091545294623,0.8339467852463187,0.025562369283143593,2.5612556199965677e-05,906.5771589981573
50,27,42,4,4,2,0.8706917954175123,0.4061505918836891,0.46454120353382317,0.0,73.76812800858916
50,27,44,0,0,12,0.755656422906119,0.7113732802761534,0.04428314262996558,1.528826117623946e-05,588.5310285110576
50,27,45,5,5,9,0.6712060835341005,0.5623266243216202,0.10887945921248032,1.2773465269403328e-05,420.68761773980066
50,27,46,6,6,4,0.7817788519409862,0.5389876308216565,0.24279122111932971,0.0,202.42543279810323
50,27,47,8,8,10,0.7840605723823825,0.7534180205578627,0.030642551824519804,1.5897393757699197e-05,476.4475592184752
50,27,48,1,1,2,0.8266666821789075,0.6141062494376773,0.21256043274123015,0.0,53.186948093036754
50,27,49,5,5,15,0.8185456480106338,0.837868257442202,-0.01932260943156816,2.2580021458655254e-05,831.965710375356
50,27,50,1,1,24,0.8080553414883327,0.7927618857482279,0.015293455740104767,4.23625502958716e-05,1555.8358158148271
50,27,51,2,2,3,0.8563107380232222,0.7541374980539873,0.10217323996923489,4.6852233195477856e-06,159.08952021903772
50,27,52,0,0,2,0.9386131493712807,0.7525886780861734,0.18602447128510735,0.0,68.90405310315855
50,27,54,3,3,18,0.8678183213855912,0.8026212704600946,0.06519705092549666,3.250698908668489e-05,1128.577743822774
50,27,55,8,8,16,0.8300656725654155,0.797879337311722,0.03218633525369352,0.0,940.6784432549902
50,27,56,3,3,6,0.8523177584154181,0.7327061612589919,0.11961159715642622,8.720819701078017e-06,298.4264220188137
50,27,57,6,6,1,1.0000000230116979,0.2852003860534162,0.7147996369582816,0.0,0.0
50,27,58,8,8,4,0.8096580467750115,0.6436441327568493,0.16601391401816223,0.0,199.01753826588143
50,27,60,6,6,4,0.7932367196777752,0.6637783071522602,0.12945841252551504,0.0,179.48992681066588
50,27,61,7,7,6,0.7627255671611539,0.631851405500287,0.13087416166086696,9.49718743526402e-06,315.17456280475915
50,27,62,7,7,8,0.879913256558583,0.8139249009376891,0.06598835562089389,0.0,514.6791342108088
50,27,63,1,1,17,0.823560806976316,0.7812411316673211,0.04231967530899483,2.121356604372101e-05,1000.5251509374807
50,27,64,0,0,5,0.8681036045544077,0.8622269540349392,0.005876650519468507,1.031276953194333e-05,281.6907374735818
50,27,65,5,5,5,0.7623775901751666,0.6658090830799701,0.09656850709519649,6.859222090575373e-06,202.72952852161126
50,27,66,3,3,5,0.8513495648023517,0.7861955120890246,0.06515405271332708,8.982055062032978e-06,238.68300817880476
50,27,68,3,3,1,1.000000070667703,0.6249026284302781,0.3750974422374249,0.0,0.0
50,27,69,4,4,3,0.7979534484892923,0.5545476236987379,0.2434058247905544,4.410454853703175e-06,129.401121735722
50,27,70,9,9,12,0.7970830526545168,0.6877006611618448,0.10938239149267204,1.3445718697393356e-05,577.4437883323563
50,27,71,3,3,23,0.8388144196728695,0.8007899103263031,0.038024509346566426,3.479547585831739e-05,1274.916958031481
50,27,72,2,2,4,0.8138211625748786,0.6889331816664569,0.12488798090842168,0.0,220.4182497736628
50,27,73,1,1,16,0.8977121180566748,0.8717110525360202,0.02600106552065462,0.0,1039.3951969579753
50,27,74,6,6,16,0.8246010344640703,0.8015274458424776,0.0230735886215927,0.0,998.8944870721707
50,27,75,4,4,2,0.7881766698686521,0.6854898701379057,0.10268679973074635,0.0,69.84552540517369
50,27,76,7,7,2,0.8237977711425062,0.6773606107229828,0.14643716041952337,0.0,73.10159904007057
50,27,77,8,8,1,0.9999998962623303,0.3118031720293853,0.688196724232945,0.0,0.0
50,27,78,2,2,13,0.7849870044246202,0.7868103755257977,-0.0018233711011774734,2.069416011357745e-05,807.7227286293121
50,27,81,6,6,1,0.9999999036590034,0.5606675248118891,0.4393323788471143,0.0,0.0
50,27,82,0,0,1,0.9999999913572465,0.6266905262249413,0.37330946513230523,0.0,0.0
50,27,83,4,4,25,0.8458493500269952,0.8526773410752643,-0.006827991048269033,3.9495051827777584e-05,1478.5412758640198
50,27,85,5,5,2,0.9021239056657253,0.4891381998128823,0.412985705852843,0.0,74.06097398275443
50,27,88,9,9,3,0.8250396100478643,0.6575862383794928,0.1674533716683715,5.543252853111571e-06,147.14124544293358
50,27,89,9,9,2,0.915867210232749,0.5977858425682807,0.31808136766446826,0.0,82.89633203851531
50,27,90,2,2,2,0.8765649664221766,0.5949759153641003,0.2815890510580763,0.0,65.90742547854066
50,27,91,8,8,4,0.7999367483425618,0.5913179426507736,0.20861880569178815,0.0,208.13174591820788
50,27,92,1,1,25,0.8001411513965095,0.8123174424056211,-0.01217629100911155,5.2187306340568256e-05,1424.937621892468
50,27,93,2,2,2,0.7928752772690422,0.5732508570569188,0.21962442021212336,0.0,67.99824442886565
50,27,94,9,9,7,0.8565582567029469,0.7608729421505197,0.09568531455242724,1.0412375807283651e-05,372.9886674201354
50,27,95,2,2,1,0.999999916149873,0.35045368111417013,0.6495462350357029,0.0,0.0
50,27,96,7,7,15,0.8680946636794471,0.7860435210870182,0.08205114259242885,1.882141653625291e-05,768.4385187771875
50,27,97,2,2,1,0.9999999338383041,0.47949858985519017,0.5205013439831139,0.0,0.0
50,27,98,5,5,4,0.8211435909291445,0.7213087270055143,0.09983486392363017,0.0,215.32697471475265
50,27,99,9,9,5,0.8133552569702862,0.6790623180003179,0.1342929389699683,8.666019565344382e-06,270.2878075281328
50,28,0,5,5,7,0.8706988079747766,0.8460706353781196,0.02462817259665706,1.2842074997070333e-05,469.05306600068667
50,28,1,9,9,3,0.8460395229427707,0.6608750938939847,0.18516442904878605,6.0039784013907765e-06,152.4813522013587
50,28,2,6,6,22,0.8204644267097075,0.8524576421898321,-0.03199321548012457,2.946071431263974e-05,1255.3772781622752
50,28,3,4,4,14,0.8017189800731157,0.7309817584542607,0.07073722161885498,1.7982497669156107e-05,787.5943423686077
50,28,4,8,8,5,0.8204774232133046,0.6356458391269446,0.18483158408636002,7.470926836000587e-06,265.3006833017821
50,28,5,9,9,13,0.8349147726408651,0.7792831051768414,0.055631667464023704,1.750765276577325e-05,704.041046746445
50,28,7,6,6,6,0.8020538999252196,0.7011751237613496,0.10087877616386998,9.138486783543302e-06,314.9843513072953
50,28,8,4,4,2,0.8938363272341919,0.6631299317564111,0.23070639547778082,0.0,68.81156137242624
50,28,9,7,7,2,0.893402093989968,0.7511190898047838,0.14228300418518414,0.0,72.76850720215891
50,28,11,0,0,11,0.7227076687605459,0.6403430116701809,0.082364657090365,1.299904855597379e-05,496.90824256857826
50,28,12,0,0,13,0.7903616699231168,0.7464690902709571,0.04389257965215976,2.091781315618774e-05,690.8629947263644
50,28,13,2,2,2,0.8675663168555546,0.4051258799346352,0.4624404369209194,0.0,72.89382855684121
50,28,14,3,3,1,0.9999999004714658,0.48160263158386024,0.5183972688876055,0.0,0.0
50,28,15,4,4,8,0.8942684253732577,0.8605965859469215,0.033671839426336225,0.0,479.58339758183047
50,28,16,6,6,1,1.0000000015054304,0.45531267138509246,0.544687330120338,0.0,0.0
50,28,18,2,2,47,0.8757466218727156,0.8735607593442574,0.0021858625284582045,7.482086598702488e-05,3110.527573423818
50,28,19,5,5,8,0.8651482728383277,0.8021810352218453,0.06296723761648249,0.0,485.6491354383889
50,28,20,1,1,1,1.0000000128957518,0.5364655014514967,0.46353451144425506,0.0,0.0
50,28,21,8,8,20,0.8717757565276323,0.8290466373791814,0.0427291191484509,3.0994912510462376e-05,1220.9230526046904
50,28,22,4,4,3,0.7729132574823525,0.558748301245317,0.21416495623703546,5.265272947369584e-06,131.55304885057066
50,28,23,3,3,42,0.8597902298352739,0.8471160987640317,0.012674131071242156,5.889109962917132e-05,2077.676283931056
50,28,24,5,5,2,0.8723475493704776,0.5877149760384056,0.28463257333207204,0.0,83.56341533906877
50,28,25,7,7,16,0.8327274575635895,0.7287548061047721,0.1039726514588174,0.0,899.2970996021103
50,28,26,4,4,10,0.7365161667934322,0.6847567370075331,0.05175942978589909,1.4344311328665715e-05,473.24845380638567
50,28,27,8,8,12,0.7917217325261159,0.7503026939754603,0.04141903855065554,2.103612504607549e-05,687.7313461852337
50,28,28,0,0,2,0.8842939274887384,0.43599231227138274,0.4483016152173556,0.0,64.02654716103063
50,28,29,2,2,18,0.7515253518121298,0.7317272235760482,0.019798128236081514,2.2370600801500693e-05,945.2435270471749
50,28,30,0,0,2,0.9186443358051647,0.6992127049242002,0.2194316308809645,0.0,76.71777206231
50,28,31,1,1,22,0.8680331064493351,0.8638350546611112,0.0041980517882238555,3.7520959533048604e-05,1252.2808758467088
50,28,32,3,3,56,0.8364111352409979,0.8175954669200077,0.01881566832099013,6.246997844190165e-05,3114.1453180060116
50,28,33,1,1,3,0.8307252683649647,0.5632604823636745,0.2674647860012902,5.729557373461415e-06,128.88252010051957
50,28,35,4,4,2,0.8537916902755844,0.7264181246737966,0.1273735656017878,0.0,75.58004479124526
50,28,36,9,9,1,1.000000011947829,0.40803537516189814,0.5919646367859308,0.0,0.0
50,28,37,7,7,12,0.7600975497855793,0.7329284254978293,0.02716912428774998,1.5688056204024853e-05,541.1146278338288
50,28,39,7,7,7,0.8652139666443727,0.8527675273354222,0.012446439308950508,9.748317687372615e-06,367.2157642420495
50,28,40,5,5,6,0.6836037234022461,0.6814383057602841,0.0021654176419619864,8.480236766254338e-06,285.21060077615823
50,28,41,9,9,11,0.8446889957839572,0.8046738102682272,0.04001518551573002,1.6315063587844126e-05,610.9474333369205
50,28,43,3,3,3,0.8903861499866631,0.7492975720349595,0.1410885779517036,5.142201435974209e-06,151.0143803760015
50,28,44,0,0,5,0.7921575976349902,0.6660496832813458,0.12610791435364432,7.325979086650905e-06,250.77541886659247
50,28,45,5,5,3,0.7370756772134369,0.5349716122122176,0.20210406500121936,4.6879792321060425e-06,124.56471232752138
50,28,46,6,6,1,0.9999999793424887,0.48738591726220837,0.5126140620802804,0.0,0.0
50,28,47,8,8,5,0.86738236636907,0.7387462923428931,0.12863607402617683,8.25542328087938e-06,251.89928214102548
50,28,48,1,1,5,0.7997888083100004,0.7347538944327704,0.06503491387723004,7.781046731691637e-06,248.29793156415067
50,28,50,1,1,2,0.8616918053133766,0.5786860696723669,0.2830057356410097,0.0,77.8595266151354
50,28,51,2,2,3,0.8388085649219597,0.6973043070954414,0.1415042578265182,5.650734160134165e-06,151.66719814227966
50,28,52,0,0,20,0.890972545427257,0.8433875483122865,0.04758499711497055,3.4534921104515806e-05,1206.0302267287902
50,28,53,3,3,2,0.9201401503730225,0.6392139950126176,0.280926155360405,0.0,68.55630716309997
50,28,54,3,3,12,0.8847487354459295,0.8294689525837783,0.05527978286215118,2.100062260095953e-05,793.9612874952765
50,28,55,8,8,22,0.8445549955907453,0.8175484903474091,0.027006505243336254,3.418851451078238e-05,1331.953354077367
50,28,56,3,3,3,0.8642482696258222,0.6992020944021807,0.1650461752236415,5.247517795597158e-06,133.04039736906134
50,28,57,6,6,13,0.8278915256656295,0.8205163222692141,0.007375203396415397,1.6134140878477102e-05,747.8024471355434
50,28,58,8,8,2,0.8907031869563549,0.5893688319255883,0.30133435503076655,0.0,65.0644128456159
50,28,59,8,8,15,0.845399425677176,0.7650104108417989,0.08038901483537708,1.8467352307719393e-05,694.6197217278727
50,28,60,6,6,2,0.8906340782939853,0.643636209141376,0.24699786915260935,0.0,71.40841826516046
50,28,61,7,7,1,0.9999999555759801,0.3708863399523341,0.629113615623646,0.0,0.0
50,28,62,7,7,51,0.8571692343687108,0.846609415676782,0.01055981869192879,9.423492166901661e-05,3128.8909500489517
50,28,63,1,1,2,0.8090885808810045,0.3419483452344438,0.46714023564656076,0.0,64.07826204555353
50,28,65,5,5,21,0.8126375526024595,0.7908233566981218,0.021814195904337752,3.366990573141633e-05,1147.579306683443
50,28,66,3,3,1,1.0000000244487375,0.5442935999876839,0.4557064244610536,0.0,0.0
50,28,67,6,6,13,0.8856954291781469,0.8104544811195374,0.07524094805860948,2.1679655185822087e-05,831.2550557417367
50,28,68,3,3,18,0.8697576211872483,0.7384266133139494,0.13133100787329888,3.023519076374006e-05,1056.1144817664722
50,28,70,9,9,1,0.9999999839404944,0.6974229613472657,0.3025770225932287,0.0,0.0
50,28,71,3,3,10,0.7790867882085188,0.7758065200227294,0.0032802681857894145,1.329209564499264e-05,531.2560148261559
50,28,72,2,2,35,0.8614755557755285,0.8034422482048771,0.05803330757065139,6.463652036688747e-05,2102.9339643728185
50,28,74,6,6,8,0.8107031538587811,0.7777024218855725,0.03300073197320863,0.0,495.55818796363207
50,28,75,4,4,2,0.8924211218047584,0.7179682704011223,0.1744528514036361,0.0,89.12127366301237
50,28,76,7,7,43,0.8438908330973056,0.8388221872988761,0.005068645798429472,6.842890748202193e-05,2341.625236916872
50,28,78,2,2,7,0.8047265630865945,0.7402722504844764,0.06445431260211809,8.706030314571358e-06,398.7481198370774
50,28,79,5,5,3,0.8682857783059545,0.547003351560695,0.32128242674525953,4.183217084173534e-06,134.145869749126
50,28,80,0,0,17,0.8627266748129759,0.8628019011215345,-7.52263085586069e-05,3.6209271454820114e-05,1008.3237051576932
50,28,81,6,6,1,0.999999973103561,0.3426236984688285,0.6573762746347325,0.0,0.0
50,28,82,0,0,1,0.999999964355117,0.5004779355671717,0.49952202878794527,0.0,0.0
50,28,83,4,4,2,0.9237743132341127,0.7309144637058007,0.19285984952831203,0.0,85.17188658911898
50,28,87,1,1,42,0.8090126732506935,0.8084155427403379,0.0005971305103555924,6.953181995957707e-05,2507.188534542728
50,28,88,9,9,2,0.8654525938166664,0.5750935113434049,0.2903590824732615,0.0,69.51777372295052
50,28,90,2,2,28,0.7763826231956398,0.7961658814865795,-0.019783258290939743,4.0375111493738245e-05,1352.5810036361754
50,28,91,8,8,13,0.8429692512587862,0.7482136678386884,0.09475558342009782,2.224872660223017e-05,814.6894892261771
50,28,93,2,2,3,0.8051389669984671,0.5759948225568897,0.22914414444157738,5.446939582619069e-06,147.06257595160366
50,28,94,9,9,12,0.8307624951567198,0.8091422937147791,0.021620201441940767,2.0734908660513452e-05,696.5610787676117
50,28,95,2,2,12,0.8002527056452245,0.7990480544611406,0.0012046511840839713,1.9008467874232025e-05,687.8575354438196
50,28,96,7,7,1,1.0000000588173965,0.716376291185855,0.2836237676315415,0.0,0.0
50,28,97,2,2,4,0.8305831261687505,0.7474308053944859,0.0831523207742646,0.0,198.8747647845489
50,28,98,5,5,2,0.8646286683665336,0.53435639317906,0.3302722751874736,0.0,78.33769172444987
50,28,99,9,9,7,0.8230231241489936,0.7690045563145694,0.05401856783442416,9.476707546460197e-06,375.1389800517492
50,29,1,9,9,7,0.7860779512994236,0.7729888692682614,0.013089082031162214,8.92708737835855e-06,349.97761597909636
50,29,3,4,4,6,0.8032941670903953,0.682546910287187,0.1207472568032083,8.013032754040292e-06,323.1167069171568
50,29,4,8,8,9,0.7750524309817788,0.7425514605640872,0.03250097041769162,1.629760559362499e-05,505.5293312792099
50,29,5,9,9,2,0.8238468668774721,0.41259730110631065,0.41124956577116145,0.0,73.60594718087984
50,29,7,6,6,8,0.7887978521548143,0.7572324209735514,0.03156543118126298,0.0,455.63416868461235
50,29,8,4,4,60,0.8155175165349823,0.8015605340898285,0.013956982445153754,7.905323768675926e-05,3062.768266314229
50,29,10,1,1,4,0.7499760753204886,0.5832001604760064,0.16677591484448218,0.0,183.45014854155048
50,29,11,0,0,1,0.99999993537615,0.246180050988808,0.7538198843873419,0.0,0.0
50,29,12,0,0,4,0.7727808521230118,0.6790086898168088,0.093772162306203,0.0,170.4041717056767
50,29,13,2,2,12,0.8100229862194327,0.7732715672382371,0.036751418981195605,1.534285717603859e-05,632.1798355665337
50,29,14,3,3,4,0.8353087727711324,0.6457864335410124,0.18952233923011996,0.0,233.62760842590558
50,29,15,4,4,4,0.8269739945275822,0.7696555098734991,0.05731848465408318,0.0,211.86447484039675
50,29,16,6,6,6,0.8300432681652913,0.6822876610008874,0.14775560716440383,6.766891772252204e-06,296.38467417130846
50,29,17,7,7,1,1.0000000745832036,0.41833000866297093,0.5816700659202327,0.0,0.0
50,29,18,2,2,4,0.7815720466089312,0.6070840129312887,0.17448803367764254,0.0,177.96944069366563
50,29,19,5,5,9,0.8496055093912459,0.8378327074651464,0.01177280192609953,1.383595403869801e-05,547.4357655790617
50,29,20,1,1,12,0.8261229240833864,0.7956980698335574,0.030424854249828992,2.062038904333258e-05,769.6919384409733
50,29,21,8,8,11,0.8525455089541154,0.838132890222715,0.014412618731400428,2.1166525749799687e-05,658.3678647697088
50,29,22,4,4,1,0.999999886273695,0.39691758815444067,0.6030822981192543,0.0,0.0
50,29,23,3,3,1,1.0000000735719117,0.396824489592657,0.6031755839792547,0.0,0.0
50,29,24,5,5,4,0.9118477363098011,0.8787562538090263,0.03309148250077476,0.0,253.76061541065795
50,29,25,7,7,1,1.000000045486833,0.5229977329480712,0.4770023125387618,0.0,0.0
50,29,26,4,4,1,0.999999941673032,0.5061974639882325,0.49380247768479946,0.0,0.0
50,29,27,8,8,3,0.8399590484038055,0.7065594097346201,0.13339963866918547,5.068193873603088e-06,158.39071561276535
50,29,28,0,0,1,0.9999999785313252,0.4474509937860604,0.5525489847452647,0.0,0.0
50,29,29,2,2,3,0.8568568590908537,0.6115782399176136,0.24527861917324012,6.480608692778074e-06,161.0447782324786
50,29,30,0,0,4,0.8735154954023961,0.7338858714458751,0.139629623956521,0.0,241.1416164490419
50,29,31,1,1,55,0.8805800879295389,0.870267687302262,0.010312400627276896,8.85501735350314e-05,3379.337974919826
50,29,32,3,3,2,0.8565668709738832,0.5274533804977566,0.3291134904761266,0.0,80.31965590376281
50,29,33,1,1,11,0.8070958577282433,0.7484408863018389,0.05865497142640441,1.309504141212268e-05,525.8566181205854
50,29,34,9,9,9,0.8542747528212569,0.8399634434778414,0.014311309343415513,1.5117635081264607e-05,525.9669686826091
50,29,35,4,4,7,0.7476791517845939,0.6380982659871008,0.10958088579749303,1.0134583361797392e-05,339.121122191264
50,29,36,9,9,8,0.8961374635499981,0.8155061486391539,0.08063131491084419,0.0,490.73779773734026
50,29,37,7,7,18,0.8355087732106621,0.7738627397275831,0.061646033483078955,2.132387384206383e-05,900.6308655105022
50,29,38,8,8,3,0.9093362086247124,0.7758017205520343,0.1335344880726781,6.222866559943399e-06,160.9335560646154
50,29,39,7,7,8,0.864771694509469,0.8479279558516787,0.01684373865779032,0.0,481.7169275202238
50,29,40,5,5,30,0.7407232990892877,0.7642584249553936,-0.023535125866105955,4.319370438542346e-05,1480.4387161792586
50,29,41,9,9,4,0.7778472149200998,0.6792772470210057,0.09856996789909411,0.0,194.0876731094025
50,29,42,4,4,25,0.8320307213426382,0.8128005388741737,0.01923018246846453,4.055007953841827e-05,1555.064046289009
50,29,43,3,3,6,0.8317757195202572,0.8012706439466755,0.03050507557358173,1.2487785496150284e-05,365.28416009609026
50,29,44,0,0,11,0.7313831434011708,0.7512906463302642,-0.01990750292909338,1.2393782367426283e-05,548.1910158591159
50,29,45,5,5,12,0.713731239451919,0.6085220142127352,0.10520922523918375,1.351566605735424e-05,528.6321379532855
50,29,46,6,6,1,1.0000001095604256,0.24057186106092907,0.7594282484994965,0.0,0.0
50,29,47,8,8,21,0.8330052368070467,0.8441110229706047,-0.011105786163557951,3.050589809427976e-05,1118.3087999331
50,29,48,1,1,1,1.0000000029266884,0.5742355105489705,0.42576449237771796,0.0,0.0
50,29,49,5,5,18,0.8215429486895263,0.8335836093709563,-0.01204066068143006,2.304124484289538e-05,1008.5135637270921
50,29,50,1,1,10,0.8160921705253564,0.7787346249685201,0.03735754555683635,1.772904344391406e-05,631.6449400944072
50,29,52,0,0,1,0.9999999311598131,0.4804545071648599,0.5195454239949533,0.0,0.0
50,29,53,3,3,10,0.8535657032729159,0.8316858783302024,0.021879824942713566,1.4064905319587625e-05,558.0570057035088
50,29,54,3,3,2,0.9263725284085591,0.586467933491006,0.3399045949175531,0.0,84.4466323437797
50,29,55,8,8,2,0.8602792723888982,0.4305628140976654,0.42971645829123284,0.0,76.80214591666835
50,29,56,3,3,11,0.7647756186586444,0.7252521174984824,0.03952350116016201,1.4913179932348488e-05,550.5467419659071
50,29,57,6,6,4,0.8311665913756485,0.7697843380623423,0.06138225331330627,0.0,221.92627935330125
50,29,59,8,8,7,0.80608845171333,0.8185184339085201,-0.012429982195190092,9.287913020065753e-06,329.23551157546774
50,29,60,6,6,1,1.0000000411682435,0.07957376339649624,0.9204262777717472,0.0,0.0
50,29,61,7,7,1,1.0000000758036596,0.43399520405783903,0.5660048717458206,0.0,0.0
50,29,62,7,7,43,0.8575922499943124,0.8049904532730735,0.05260179672123888,8.971231422283864e-05,2558.0627941887865
50,29,63,1,1,19,0.8124848459252046,0.7931507878521065,0.01933405807309818,3.357154574501269e-05,1133.5098685753558
50,29,64,0,0,43,0.9011194269393651,0.8755161181320547,0.025603308807310432,6.852056031002417e-05,2644.0444322111225
50,29,65,5,5,9,0.8002509935856728,0.7321832094469174,0.06806778413875536,1.4459873441406732e-05,462.6199188299264
50,29,66,3,3,9,0.8541537866553093,0.8437465196609154,0.010407266994393871,1.2097103312829918e-05,515.2813957506296
50,29,67,6,6,13,0.8120026997975898,0.8464882986645896,-0.03448559886699987,1.8345886080073347e-05,718.0478976936126
50,29,68,3,3,7,0.821115728023526,0.7708586095624649,0.05025711846106107,1.1599540544914907e-05,367.6498099456285
50,29,69,4,4,1,0.9999999770428355,0.3215270613535785,0.678472915689257,0.0,0.0
50,29,72,2,2,8,0.810282264308876,0.7178463018176816,0.09243596249119435,0.0,457.63366414768467
50,29,73,1,1,20,0.8874448607938797,0.8260373491743787,0.06140751161950109,3.827572682594919e-05,1339.394252659667
50,29,74,6,6,3,0.854230623611862,0.7046316934620129,0.14959893014984904,4.332443204044642e-06,141.72380604496323
50,29,76,7,7,21,0.8263994116860475,0.8305334504624791,-0.004134038776431592,2.7060720258840558e-05,1158.094897732107
50,29,77,8,8,1,1.000000015887245,0.38226185633688864,0.6177381595503564,0.0,0.0
50,29,78,2,2,5,0.8225637177311675,0.7042581186322284,0.11830559909893912,7.190257681726662e-06,255.28810972324413
50,29,79,5,5,69,0.8642849088065384,0.8531106427318325,0.011174266074705952,8.092012257337917e-05,3936.5029868614824
50,29,80,0,0,1,0.9999999165095492,0.6421648692210803,0.35783504728846893,0.0,0.0
50,29,81,6,6,6,0.8105747805482938,0.7402232631516817,0.07035151739661205,7.925395779439245e-06,290.9591311705371
50,29,82,0,0,5,0.8657266070084803,0.6760676860962479,0.18965892091223235,8.668754443128061e-06,269.85618918045355
50,29,83,4,4,9,0.8317076135514182,0.8373504435407123,-0.005642829989294107,1.1181558364230056e-05,488.3695821262672
50,29,84,0,0,35,0.7837175993359426,0.7902193650779289,-0.006501765741986243,3.956105951375636e-05,1791.7659666254553
50,29,85,5,5,1,1.0000000426933244,0.6316023136087165,0.3683977290846079,0.0,0.0
50,29,86,6,6,9,0.8639093410909129,0.8577907825973625,0.006118558493550363,1.6003735696530347e-05,550.170984753643
50,29,87,1,1,29,0.7692965666782079,0.7834493824690842,-0.01415281579087635,2.8427881560435725e-05,1593.816767674004
50,29,88,9,9,1,1.0000000357207142,0.42393007852947234,0.5760699571912418,0.0,0.0
50,29,89,9,9,12,0.7395880067479716,0.7380641889489654,0.001523817799006233,1.539026557436809e-05,585.9323858448065
50,29,90,2,2,16,0.7923258203703786,0.7238729026012833,0.06845291776909523,0.0,812.9942142218134
50,29,91,8,8,1,0.9999999347279461,0.585912554768795,0.4140873799591511,0.0,0.0
50,29,93,2,2,2,0.8034934466653477,0.42833255043018365,0.3751608962351641,0.0,64.02831538497597
50,29,94,9,9,12,0.8389677749515047,0.7896461796227142,0.049321595328790435,1.569939789934495e-05,675.2142755349043
50,29,95,2,2,1,0.999999944131486,0.5459693703522492,0.4540305737792367,0.0,0.0
50,29,96,7,7,19,0.8632245577147099,0.8112895610932387,0.05193499662147116,3.1515433238563574e-05,964.0463158582654
50,29,97,2,2,3,0.8873209063268167,0.786285375884965,0.10103553044185165,5.0617471049039755e-06,163.3135479824952
50,29,98,5,5,6,0.7804638528749014,0.6613068932613134,0.11915695961358796,1.1205578252578504e-05,328.6707736530268
50,29,99,9,9,6,0.7888365283730221,0.7297576417362609,0.059078886636761196,8.495589063029631e-06,292.5663705831071
50,30,0,5,5,5,0.9109635510313868,0.8647401286871779,0.04622342234420895,1.3799719265093843e-05,328.9650621412575
50,30,1,9,9,9,0.8000616964206176,0.7830224960154094,0.017039200405208232,1.268974080910882e-05,515.8247174567864
50,30,2,6,6,33,0.8244514384159098,0.7929917051231836,0.03145973329272622,4.775691571081424e-05,1753.0583711573724
50,30,3,4,4,15,0.7948816727042731,0.7918380788595121,0.00304359384476105,2.2634680109631722e-05,793.7917657370922
50,30,4,8,8,42,0.8318169255679989,0.8364754801800028,-0.004658554612003929,5.181679110957839e-05,2474.84375625366
50,30,5,9,9,5,0.7919679840608961,0.6708996157288084,0.12106836833208767,8.857546407885128e-06,253.04007693169277
50,30,6,7,7,58,0.8549050741219943,0.842926363725097,0.011978710396897352,0.00012804825493477928,3938.7703001258096
50,30,7,6,6,4,0.8579338681397087,0.7198240878707851,0.13810978026892362,0.0,252.93383397110415
50,30,9,7,7,19,0.8176241538916659,0.7970377204479108,0.020586433443755103,2.816719693433575e-05,1168.6842757054817
50,30,10,1,1,13,0.7822689976893913,0.719991897290227,0.06227710039916434,1.8013406457457578e-05,658.2683386145524
50,30,11,0,0,2,0.8005122099638451,0.612677199022216,0.18783501094162913,0.0,71.79158857161651
50,30,13,2,2,2,0.8649033563892885,0.5365204710149676,0.3283828853743209,0.0,74.73451147520187
50,30,14,3,3,27,0.8168151578375168,0.8318062259388649,-0.014991068101348093,2.8378620738955376e-05,1627.9387516771246
50,30,15,4,4,2,0.9018677010297034,0.684547125044001,0.21732057598570242,0.0,86.0711811262346
50,30,16,6,6,2,0.8449970157242274,0.5743266903102394,0.27067032541398794,0.0,77.15833930978764
50,30,17,7,7,11,0.8311542367383781,0.7560026276228277,0.07515160911555041,1.5618206070300396e-05,609.2901814874932
50,30,19,5,5,25,0.8229232723424701,0.8306954134834338,-0.007772141140963695,4.167898149308424e-05,1510.7796796942207
50,30,20,1,1,1,1.0000000357086536,0.6928302729587243,0.30716976274992924,0.0,0.0
50,30,21,8,8,3,0.8168032529094859,0.7632138327848765,0.05358942012460932,4.601583790328304e-06,130.60448779750953
50,30,22,4,4,9,0.7710601916941715,0.5900879969449537,0.18097219474921777,1.2016467470860466e-05,465.58108204878204
50,30,23,3,3,34,0.8228393719346789,0.8511851089540208,-0.028345737019341843,4.8601697020003345e-05,1613.5604734388764
50,30,24,5,5,1,0.9999999534935184,0.8008158410101485,0.19918411248336998,0.0,0.0
50,30,25,7,7,15,0.7677671539595448,0.7740202220028637,-0.006253068043318932,2.3603287087811065e-05,809.4555405232641
50,30,26,4,4,2,0.9097572219921327,0.6514617055448275,0.2582955164473052,0.0,84.46165630575138
50,30,29,2,2,1,1.0000000610323068,0.7740567855231164,0.22594327550919036,0.0,0.0
50,30,30,0,0,7,0.8876156788003886,0.858779878935991,0.02883579986439766,1.2470505712090762e-05,443.187014407807
50,30,31,1,1,1,0.9999999877828291,0.3967194962140715,0.6032804915687575,0.0,0.0
50,30,32,3,3,41,0.828241422612723,0.8201497437738211,0.008091678838901939,6.824708232939674e-05,2376.371498993538
50,30,33,1,1,2,0.7982814094310847,0.5018922192619422,0.29638919016914256,0.0,59.343114326654906
50,30,34,9,9,1,1.0000000446301278,0.650434919974638,0.34956512465548983,0.0,0.0
50,30,35,4,4,9,0.7951982383164649,0.697767272643703,0.09743096567276188,1.101840693653022e-05,477.0526117889288
50,30,36,9,9,7,0.8348280929101068,0.8225970470605255,0.012231045849581346,1.249404067326794e-05,405.58811304336405
50,30,37,7,7,6,0.8272899600134433,0.6910661795746741,0.13622378043876926,9.58337536589721e-06,295.96853100390456
50,30,38,8,8,14,0.8685806635866153,0.8570541862562818,0.011526477330333518,2.2933712068150275e-05,870.2200271600801
50,30,39,7,7,29,0.8772433205510485,0.8823933983719857,-0.005150077820937238,4.969701067913929e-05,1671.5962036338342
50,30,40,5,5,41,0.7417391650957417,0.7207665585894157,0.02097260650632593,4.980141618979835e-05,2085.5094871705073
50,30,41,9,9,7,0.8674112901285105,0.8738727990216901,-0.006461508893179646,1.1553348054276326e-05,399.7677073948505
50,30,42,4,4,24,0.8374560016842384,0.830451088711654,0.007004912972584432,3.767312833050847e-05,1417.248938150719
50,30,43,3,3,18,0.8815881336893207,0.8893034366144247,-0.007715302925104028,2.694079682930912e-05,1254.0341570984242
50,30,44,0,0,1,1.0000000179671116,0.3384358870141608,0.6615641309529507,0.0,0.0
50,30,45,5,5,1,0.9999999930399532,0.21254877669865255,0.7874512163413007,0.0,0.0
50,30,46,6,6,6,0.7324044502845555,0.5605402519620114,0.17186419832254407,7.532312785717531e-06,271.8904920042723
50,30,47,8,8,8,0.8027784751126037,0.8224925576032197,-0.019714082490616014,0.0,372.31090183809533
50,30,50,1,1,2,0.9032198630435184,0.5481323939190359,0.3550874691244825,0.0,79.44115851950707
50,30,52,0,0,4,0.8674340636083148,0.7496476907169998,0.117786372891315,0.0,190.27982973263363
50,30,53,3,3,17,0.8912130845401034,0.8329229840725734,0.058290100467530026,2.950357601571883e-05,1111.1654062326847
50,30,55,8,8,32,0.8138662189239505,0.7865505718814041,0.02731564704254641,0.0,1888.0167004470472
50,30,56,3,3,10,0.8146566879630501,0.8295186145771838,-0.014861926614133658,1.5530522136553912e-05,493.5157642057406
50,30,57,6,6,1,1.000000073402061,0.3488348467360811,0.65116522666598,0.0,0.0
50,30,59,8,8,1,0.9999999689588324,0.3061555757870373,0.693844393171795,0.0,0.0
50,30,60,6,6,2,0.9014679973185793,0.624092338958699,0.2773756583598803,0.0,72.14432508373578
50,30,61,7,7,33,0.7887741436836618,0.7922873311090018,-0.003513187425340014,4.136140942439636e-05,1827.3037064444072
50,30,62,7,7,3,0.8959722995203611,0.5957590385209374,0.3002132609994237,6.312035060751475e-06,149.62345508721748
50,30,63,1,1,10,0.8020916325665148,0.7588360524377834,0.04325558012873143,1.4358912365218554e-05,578.7722696955032
50,30,64,0,0,6,0.8886743378467385,0.8284846748947963,0.06018966295194228,1.1544836691723556e-05,332.10380179125275
50,30,65,5,5,15,0.790879621135178,0.7563440336341354,0.034535587501042575,2.1010890093030562e-05,821.1727223455836
50,30,66,3,3,7,0.8361678626749453,0.7003350855215846,0.13583277715336062,1.2642156424212559e-05,387.68644204613435
50,30,67,6,6,10,0.8550010556235883,0.804953997648199,0.05004705797538933,1.9529505227725374e-05,581.8959445323286
50,30,68,3,3,31,0.8615522320055007,0.8575877975952273,0.0039644344102733875,4.881003561982002e-05,1760.3287854628513
50,30,70,9,9,1,1.0000001049902196,0.5179572850513815,0.48204281993883813,0.0,0.0
50,30,71,3,3,1,1.0000000519134877,0.4477620604691214,0.5522379914443662,0.0,0.0
50,30,72,2,2,15,0.8456232446410459,0.7847859072480727,0.060837337392973145,1.939229306865183e-05,870.7125357712538
50,30,74,6,6,15,0.8462537287763959,0.8091724430912305,0.037081285685165444,3.0411419865273816e-05,945.0221998536715
50,30,75,4,4,2,0.7985771419506524,0.5345991099758165,0.26397803197483594,0.0,63.127255937819726
50,30,77,8,8,1,1.0000000627065209,0.5441882251272634,0.4558118375792575,0.0,0.0
50,30,78,2,2,1,0.9999999568877856,0.6334131333124464,0.3665868235753392,0.0,0.0
50,30,79,5,5,6,0.7871696883866331,0.7274185783254989,0.059751110061134205,7.054250400926629e-06,338.0931947711003
50,30,80,0,0,13,0.8185402520074493,0.8138197342431823,0.004720517764266963,1.4629623569074116e-05,743.2931580497111
50,30,81,6,6,34,0.8352633084586414,0.8066450554304075,0.028618253028233842,4.987380533036673e-05,1847.6304768648522
50,30,82,0,0,32,0.8924037458583994,0.8217700652202387,0.07063368063816078,0.0,2023.9890487610123
50,30,83,4,4,5,0.8287804779328916,0.6643548135767526,0.16442566435613892,7.606078026092966e-06,249.8557464025843
50,30,84,0,0,1,0.999999975329841,0.46093502618964316,0.5390649491401978,0.0,0.0
50,30,85,5,5,16,0.85274292982391,0.8077765913768173,0.044966338447092635,0.0,868.4284965482656
50,30,86,6,6,20,0.8406913444314703,0.8570427879824766,-0.01635144355100626,2.693052791917159e-05,1220.609082034589
50,30,87,1,1,3,0.8053964388174241,0.6486253794962656,0.15677105932115842,4.801401378261177e-06,130.11149879841227
50,30,88,9,9,33,0.8782021121251972,0.8587437037177204,0.019458408407476813,6.55432080822808e-05,2076.1491611018737
50,30,89,9,9,2,0.8471518422398867,0.5046877745683451,0.3424640676715416,0.0,66.74759914668007
50,30,90,2,2,3,0.8736406434932691,0.6709116125995402,0.20272903089372885,4.73504749142345e-06,135.64465619910365
50,30,91,8,8,2,0.8772746956921589,0.4826919962623062,0.3945826994298527,0.0,72.27722946969769
50,30,92,1,1,1,1.0000000703146203,0.5015981018773991,0.4984019684372213,0.0,0.0
50,30,94,9,9,5,0.8455389104118938,0.7046443629189848,0.14089454749290897,8.099563015874565e-06,249.9056341968847
50,30,95,2,2,1,0.9999999834012965,0.4441142381855865,0.55588574521571,0.0,0.0
50,30,96,7,7,1,0.9999999543156837,0.4849069380166707,0.515093016299013,0.0,0.0
50,30,97,2,2,43,0.9087561557793787,0.8638220780312945,0.04493407774808422,6.182938730397107e-05,2971.543529494751
50,30,98,5,5,10,0.7530492539800809,0.7043744553138078,0.04867479866627311,1.9298286811479084e-05,569.7985617831634
50,30,99,9,9,1,1.0000000287933564,0.3172485652795413,0.682751463513815,0.0,0.0
50,31,0,5,5,4,0.906495029522578,0.7081580197617561,0.19833700976082191,0.0,244.650739060438
50,31,2,6,6,19,0.817685384227304,0.7969164182820044,0.020768965945299533,4.2695803705320466e-05,1077.3850998169353
50,31,4,8,8,27,0.8369085268646194,0.8205174106397988,0.01639111622482059,3.8544773613543664e-05,1673.1314612198548
50,31,5,9,9,1,0.9999999545482858,0.4072848717938794,0.5927150827544064,0.0,0.0
50,31,7,6,6,6,0.833414062407724,0.7785122693627047,0.0549017930450193,1.0402155632443756e-05,351.9878411315988
50,31,8,4,4,2,0.900113308376812,0.6086070688675976,0.2915062395092144,0.0,76.83094608065805
50,31,9,7,7,5,0.8855309798230543,0.850783129777775,0.03474785004527925,9.929627535410742e-06,297.3854582848149
50,31,10,1,1,7,0.8279906003910954,0.5264304632303339,0.30156013716076147,9.589634316040056e-06,366.2977192948107
50,31,12,0,0,5,0.861323890175851,0.8171996440346543,0.0441242461411967,7.2636049436015484e-06,263.03076836613104
50,31,13,2,2,30,0.8207810963373985,0.7862128714363644,0.03456822490103406,3.580381017835936e-05,1588.9516854820552
50,31,14,3,3,50,0.8014562171647779,0.8063765085977576,-0.004920291432979673,4.945620564630992e-05,2962.23989897206
50,31,15,4,4,14,0.8485815782622923,0.8340939861813305,0.014487592080961842,2.171977890371701e-05,721.3585612310997
50,31,16,6,6,61,0.8039399049947739,0.7885710202492662,0.015368884745507683,6.759467865689792e-05,3446.8661402073412
50,31,17,7,7,3,0.8681187547266719,0.7898476521553501,0.07827110257132175,5.0053822656917116e-06,138.37080527253826
50,31,18,2,2,3,0.8308952430604541,0.7132176239698915,0.11767761909056262,5.820924451355913e-06,161.35189662524013
50,31,19,5,5,3,0.8559519161807498,0.685149173618564,0.17080274256218586,5.3115840639652665e-06,156.780607337812
50,31,20,1,1,10,0.8464070788938184,0.8038817151503559,0.042525363743462496,1.736121074992907e-05,612.4601548852054
50,31,21,8,8,3,0.882605863281891,0.8049809090424407,0.07762495423945026,5.390996179590383e-06,160.3691194030993
50,31,22,4,4,8,0.7277130429343471,0.7018707862791465,0.02584225665520068,0.0,432.7530175143874
50,31,23,3,3,17,0.8350137853343651,0.7890086681565013,0.04600511717786382,1.9542476933454495e-05,776.798527278822
50,31,25,7,7,1,1.0000000509665496,0.18036940426717293,0.8196306466993767,0.0,0.0
50,31,27,8,8,3,0.8359549561003078,0.6771090877448644,0.15884586835544334,4.576544553021741e-06,131.65320203527213
50,31,28,0,0,41,0.8326565547792724,0.8047086899603798,0.027947864818892554,5.772990095432882e-05,2437.5045757382363
50,31,29,2,2,3,0.8179497190432827,0.5598766944727208,0.2580730245705619,5.359385866043905e-06,145.26925516609992
50,31,31,1,1,4,0.8841968151407591,0.7633041738307971,0.12089264130996202,0.0,194.0765601002612
50,31,32,3,3,26,0.8197039080685437,0.7975880148063272,0.022115893262216413,3.657774247295856e-05,1482.197128048452
50,31,33,1,1,7,0.784655365208456,0.7817568678851591,0.0028984973232969446,9.366007643074626e-06,299.02191647941015
50,31,34,9,9,1,0.9999999875153703,0.2778575214216531,0.7221424660937172,0.0,0.0
50,31,35,4,4,20,0.7335951737446496,0.7509489878207016,-0.017353814076052076,3.79082426339947e-05,1065.4567805868853
50,31,36,9,9,63,0.858677935766174,0.8669467162591582,-0.008268780492984185,0.00011401263936242687,4061.4125617283876
50,31,37,7,7,9,0.7901657561214511,0.6993763348952636,0.0907894212261875,1.318256457825011e-05,440.8283421006541
50,31,38,8,8,14,0.8511819295859836,0.8274138165797262,0.023768113006257363,2.4205328284089016e-05,870.5934151533071
50,31,39,7,7,2,0.9331103228788188,0.7706959000082576,0.16241442287056118,0.0,80.99213115676615
50,31,40,5,5,1,0.9999999065287195,0.3783475009745539,0.6216524055541657,0.0,0.0
50,31,41,9,9,6,0.930471898889647,0.8938078212326948,0.03666407765695223,9.642341763572551e-06,403.9039606984766
50,31,42,4,4,13,0.8161511022104074,0.7644232114499708,0.0517278907604366,1.8982780250034527e-05,768.3120276011069
50,31,45,5,5,2,0.8574086757940153,0.6273765505084512,0.23003212528556405,0.0,69.72170282312868
50,31,46,6,6,3,0.8422109502622014,0.6714370823798406,0.17077386788236082,4.71315883103657e-06,146.95468297920516
50,31,47,8,8,9,0.7881802686094987,0.7096531931273614,0.07852707548213733,1.0638716467978528e-05,428.10712969420945
50,31,48,1,1,36,0.8079879742678944,0.8071966863936849,0.0007912878742094565,5.013752542560625e-05,2000.4661264374265
50,31,49,5,5,6,0.8606438069332804,0.7956865108229382,0.06495729611034218,1.0824804111258738e-05,336.66728168556523
50,31,50,1,1,4,0.8086671881978164,0.777436850534013,0.031230337663803343,0.0,217.17140444784906
50,31,51,2,2,1,0.9999999535389352,0.3303619096778583,0.669638043861077,0.0,0.0
50,31,52,0,0,6,0.8344161800643489,0.7246509272266627,0.10976525283768623,8.446043420697703e-06,332.53096977618884
50,31,53,3,3,4,0.8544552413896855,0.7150523125359937,0.13940292885369188,0.0,218.94531379064168
50,31,55,8,8,1,0.9999999943780857,0.1794482944102548,0.820551699967831,0.0,0.0
50,31,57,6,6,17,0.8407102917185019,0.7865926233896954,0.05411766832880649,2.236992033576325e-05,932.9684009464044
50,31,58,8,8,12,0.8175906857060933,0.7434481028703814,0.07414258283571185,1.9949579029002573e-05,647.11394294695
50,31,60,6,6,1,1.0000000426505444,0.607676523656229,0.3923235189943154,0.0,0.0
50,31,61,7,7,10,0.7638698726452915,0.7064931076544461,0.05737676499084543,1.2302189006271629e-05,487.298678494504
50,31,62,7,7,1,1.0000000707073482,0.646611164887272,0.3533889058200762,0.0,0.0
50,31,64,0,0,25,0.8902157077239513,0.9013923675961588,-0.011176659872207506,3.8260686715472745e-05,1601.5239543129892
50,31,66,3,3,2,0.7998026034727234,0.5545004759059836,0.24530212756673975,0.0,67.35071855813588
50,31,69,4,4,16,0.8280361443300107,0.8270405498391407,0.0009955944908700554,0.0,901.5908676561804
50,31,70,9,9,9,0.858150181595026,0.7342602936977928,0.12388988789723321,1.4714796185633661e-05,543.1916860734466
50,31,72,2,2,17,0.8562308729398229,0.7813300422996782,0.07490083064014474,1.9158445574935362e-05,947.5181649495946
50,31,74,6,6,3,0.8543917287540556,0.586000646705332,0.26839108204872353,5.370429050675023e-06,134.58958560479545
50,31,75,4,4,3,0.8512799453388523,0.8099184327558134,0.041361512583038884,5.5158133594128215e-06,148.13315717939784
50,31,77,8,8,29,0.8499387005857738,0.7988111271986638,0.05112757338711005,6.0509830043971334e-05,1639.2252270539434
50,31,78,2,2,5,0.7957352013023125,0.6700869038304701,0.12564829747184236,1.2869900379667792e-05,289.712356066197
50,31,79,5,5,19,0.773010382822959,0.7788701398933836,-0.0058597570704246316,4.087600653403026e-05,1091.1061656553024
50,31,80,0,0,7,0.7545412422247877,0.7549916109968411,-0.0004503687720534,9.754021892732054e-06,350.62237139934075
50,31,81,6,6,4,0.7920261986044743,0.7134057165910307,0.07862048201344363,0.0,191.97698131269985
50,31,82,0,0,1,1.0000000114831722,0.6131977442625651,0.38680226722060707,0.0,0.0
50,31,83,4,4,26,0.8574278768467932,0.8343770753445683,0.023050801502224938,3.1499043128743637e-05,1491.2283558418958
50,31,84,0,0,8,0.8128842666139121,0.7811301338980732,0.031754132715838934,0.0,400.9812746493365
50,31,85,5,5,13,0.8444055253871461,0.7722765730161938,0.07212895237095229,1.799294387043343e-05,722.0799386000054
50,31,86,6,6,3,0.8669596891973578,0.7856643745780676,0.08129531461929018,5.329017456915638e-06,153.53525570054765
50,31,88,9,9,3,0.8947315383868852,0.7869307457858254,0.10780079260105979,4.763996565288191e-06,160.0356831478413
50,31,90,2,2,23,0.8194116090411994,0.8065512809052822,0.012860328135917198,3.8354522759058927e-05,1203.7928895337216
50,31,91,8,8,2,0.8815301149079668,0.6218543339829207,0.2596757809250462,0.0,83.15874131000704
50,31,92,1,1,8,0.8065762959977305,0.7717709575139593,0.03480533848377121,0.0,445.11196772821245
50,31,93,2,2,14,0.8392628967709778,0.8206111709138318,0.018651725857145918,2.6340903124592298e-05,925.9821987816368
50,31,94,9,9,1,0.9999999556885464,0.7045494151901283,0.2954505404984181,0.0,0.0
50,31,95,2,2,1,1.0000000124600759,0.6414857053864922,0.35851430707358367,0.0,0.0
50,31,98,5,5,4,0.8588052445332974,0.6190231777474472,0.23978206678585023,0.0,225.12843499572594
50,31,99,9,9,3,0.8295017686594994,0.7169920296016664,0.11250973905783301,4.296255464641392e-06,143.39441420094684
50,32,0,5,5,1,0.9999999251231754,0.5776616000720827,0.4223383250510927,0.0,0.0
50,32,1,9,9,4,0.8575472034598058,0.655972379913646,0.20157482354615985,0.0,221.662032742723
50,32,2,6,6,12,0.8417957790176116,0.7772685879932298,0.06452719102438176,2.2187741530062295e-05,695.7273816201163
50,32,3,4,4,1,1.0000000175029762,0.5643411343933967,0.43565888310957945,0.0,0.0
50,32,4,8,8,6,0.7410568072746995,0.6719051766216407,0.06915163065305874,8.157314931506612e-06,290.61618472854127
50,32,5,9,9,8,0.8472047772330755,0.7878550710381956,0.05934970619487989,0.0,458.0897037733711
50,32,6,7,7,45,0.8228918475772928,0.8319211051961508,-0.009029257618857978,9.475788273638818e-05,2827.228544119002
50,32,7,6,6,6,0.8267632712240875,0.696294440581173,0.1304688306429146,1.0831030621309874e-05,341.14305059156334
50,32,8,4,4,11,0.7442448048879778,0.7197454847241489,0.02449932016382894,1.3597424099768648e-05,503.73828641469254
50,32,9,7,7,2,0.7911279251392374,0.5519279186679553,0.23920000647128203,0.0,70.50605668789824
50,32,10,1,1,1,0.9999999500214214,0.2913783834721741,0.7086215665492472,0.0,0.0
50,32,11,0,0,18,0.7416918011264508,0.6782336035329013,0.06345819759354954,2.183718812874451e-05,927.6090741510478
50,32,12,0,0,14,0.7434904980397404,0.7086870828663921,0.034803415173348284,1.8195470135565655e-05,706.4792916569688
50,32,13,2,2,6,0.809016557891167,0.7891337835065133,0.01988277438465369,8.179909349467777e-06,286.49800462064786
50,32,14,3,3,38,0.8207464595202334,0.8041350426030615,0.01661141691717194,7.617373691416123e-05,2399.1223957068305
50,32,15,4,4,8,0.8397350083351288,0.8560980123109173,-0.016363003975788493,0.0,496.01840250509144
50,32,16,6,6,2,0.7903148658809674,0.4054852513696067,0.3848296145113607,0.0,71.15758537325901
50,32,17,7,7,5,0.8269289515113416,0.7890062943421605,0.037922657169181084,7.734816389734468e-06,257.66027238984077
50,32,18,2,2,1,0.9999999913626002,0.3749223796367343,0.6250776117258658,0.0,0.0
50,32,19,5,5,31,0.8409287806173273,0.829647661271665,0.011281119345662338,4.871380892015149e-05,1862.2565478926606
50,32,20,1,1,2,0.895080217194977,0.5310230550299058,0.3640571621650712,0.0,61.329896600159806
50,32,22,4,4,3,0.7892997549409133,0.5821412371669363,0.20715851777397698,4.59632572937056e-06,137.7834007258899
50,32,24,5,5,1,0.9999999019163631,0.3591690346988515,0.6408308672175116,0.0,0.0
50,32,25,7,7,9,0.8185573341017465,0.7017326460976318,0.11682468800411472,1.1273097159372155e-05,466.7952451757913
50,32,26,4,4,4,0.7705415503907251,0.45203273261797167,0.31850881777275347,0.0,198.16357312425507
50,32,27,8,8,3,0.8481869486998808,0.631469046851113,0.2167179018487677,4.982313947163721e-06,146.55734698485924
50,32,29,2,2,2,0.8124450603184755,0.4732479668054172,0.3391970935130583,0.0,73.42340258857915
50,32,30,0,0,1,1.0000000215780105,0.682962319314201,0.31703770226380945,0.0,0.0
50,32,31,1,1,11,0.864947534209695,0.79745163880136,0.0674958954083349,1.6803703248465603e-05,623.4736470989509
50,32,32,3,3,1,0.9999999732382806,0.3149012799542579,0.6850986932840227,0.0,0.0
50,32,33,1,1,5,0.7665952760040716,0.5985620471347243,0.16803322886934735,6.9932836783763815e-06,208.01365899535588
50,32,34,9,9,21,0.8675170690347939,0.8560461541597354,0.011470914875058469,3.554709956522319e-05,1280.2351084034328
50,32,35,4,4,5,0.8173002471870418,0.6549988407338421,0.16230140645319968,1.0489999156251148e-05,274.07018884564326
50,32,36,9,9,25,0.8604022874193392,0.8443234906480414,0.016078796771297865,3.497637195837857e-05,1535.0425200599564
50,32,37,7,7,3,0.7907882067670917,0.647420425431227,0.1433677813358647,3.761631622443637e-06,114.3373830788039
50,32,38,8,8,4,0.8494223564829689,0.7441152116379876,0.10530714484498138,0.0,213.93380180217753
50,32,39,7,7,7,0.8792783031732041,0.8255832383974055,0.05369506477579855,9.752219005803666e-06,428.3684726528122
50,32,40,5,5,1,1.0000000727366904,0.5295572027577614,0.47044286997892903,0.0,0.0
50,32,42,4,4,6,0.8224100327255326,0.7646347735799536,0.05777525914557902,1.1077469191411308e-05,323.69940100073103
50,32,43,3,3,5,0.8358514748258452,0.7951107129691707,0.04074076185667452,8.636160967394121e-06,280.32187434493505
50,32,45,5,5,3,0.7612616963967677,0.5452962460500156,0.21596545034675207,4.4064493978487255e-06,136.02284516303516
50,32,46,6,6,1,1.000000088196775,0.42624893479029075,0.5737511534064843,0.0,0.0
50,32,49,5,5,19,0.8670095596581227,0.8300624162569914,0.036947143401131255,2.5541792344649905e-05,1101.6488566341377
50,32,50,1,1,16,0.848202840983025,0.7885505111630354,0.05965232981998958,0.0,1037.5642388745614
50,32,51,2,2,7,0.8559147891796602,0.7702965825330823,0.08561820664657793,9.863398611889024e-06,443.5381501903151
50,32,52,0,0,23,0.8774369482672297,0.8630450037543658,0.014391944512863963,3.406272853384022e-05,1374.4223069986344
50,32,53,3,3,46,0.8530837286601484,0.8724753005838608,-0.019391571923712436,7.192937758649199e-05,3056.908505189922
50,32,54,3,3,32,0.8532013561367848,0.8299362720369265,0.02326508409985828,0.0,1980.9106867824464
50,32,55,8,8,2,0.9332833168142447,0.721005741647425,0.21227757516681967,0.0,67.92298032008677
50,32,56,3,3,14,0.833267764666254,0.7761880773304148,0.057079687335839124,1.9496678502805465e-05,723.0419364008849
50,32,57,6,6,2,0.8862438463500217,0.61643400107285,0.2698098452771718,0.0,79.87178554786803
50,32,58,8,8,9,0.7753259857820413,0.6241187165692496,0.1512072692127917,1.2543234447071994e-05,465.4318836469919
50,32,59,8,8,1,0.9999999089025379,0.23297457214935596,0.7670253367531819,0.0,0.0
50,32,60,6,6,32,0.8179286392020639,0.7866958573064421,0.03123278189562184,0.0,1642.327765344504
50,32,61,7,7,36,0.785994333551886,0.7372903742294792,0.04870395932240679,5.092271636594047e-05,2005.1896009729246
50,32,62,7,7,19,0.8320419826080806,0.8247429968952193,0.00729898571286125,2.639971017082663e-05,1082.557929719828
50,32,63,1,1,1,1.0000000439627188,0.40529318893591776,0.5947068550268011,0.0,0.0
50,32,64,0,0,7,0.8410601355995272,0.7889335456799027,0.05212658991962449,1.4478406650601682e-05,396.2642260144059
50,32,65,5,5,1,1.0000000552381034,0.5810128401923789,0.41898721504572456,0.0,0.0
50,32,66,3,3,7,0.8476700690786757,0.7945013613588234,0.05316870771985227,1.5438149542549456e-05,385.762593381975
50,32,67,6,6,4,0.7856459597349039,0.5550335732098401,0.23061238652506377,0.0,181.24060424991103
50,32,69,4,4,1,1.000000085852947,0.49901859369885737,0.5009814921540896,0.0,0.0
50,32,70,9,9,32,0.8364120154511114,0.860769777337815,-0.024357761886703577,0.0,1859.8835215899283
50,32,71,3,3,21,0.8158734911442695,0.7869146396689631,0.028958851475306413,3.083622170716235e-05,1120.0964341771562
50,32,72,2,2,1,0.9999999656542762,0.557686654379592,0.4423133112746842,0.0,0.0
50,32,75,4,4,2,0.8683907047528008,0.25901484849544304,0.6093758562573577,0.0,70.60400827340628
50,32,76,7,7,10,0.7882875644301296,0.7996875781589812,-0.011400013728851577,1.3760365837077131e-05,532.3300673526172
50,32,78,2,2,2,0.8498882595537978,0.5794548918414174,0.27043336771238036,0.0,75.40275741924226
50,32,79,5,5,4,0.7818989813813134,0.6859929245609532,0.09590605682036024,0.0,179.06640151285262
50,32,81,6,6,1,1.0000000075167181,0.2958505618033178,0.7041494457134003,0.0,0.0
50,32,82,0,0,22,0.880384808320079,0.864450038485691,0.01593476983438802,5.044978087019497e-05,1412.1399372841004
50,32,83,4,4,6,0.8540254668859492,0.8059582192947824,0.04806724759116676,9.558816385347539e-06,354.52864751536845
50,32,84,0,0,1,0.9999999917064405,0.21508436440828882,0.7849156272981517,0.0,0.0
50,32,85,5,5,3,0.8154907221366166,0.6363598052641511,0.1791309168724654,5.344455200652405e-06,136.1985373386518
50,32,86,6,6,4,0.8642269424556,0.6188004957781059,0.24542644667749403,0.0,229.84952447644176
50,32,88,9,9,11,0.8730744008081863,0.81032739614753,0.0627470046606563,1.6207441898865928e-05,628.6958126847614
50,32,89,9,9,9,0.7762885875493596,0.7065217785326255,0.06976680901673404,1.2449222163570959e-05,447.55048569727165
50,32,90,2,2,1,0.9999999679868745,0.25738195952810566,0.7426180084587688,0.0,0.0
50,32,92,1,1,2,0.9013840678874429,0.6257979022483445,0.2755861656390983,0.0,78.58131253475707
50,32,93,2,2,30,0.8282191482041057,0.7780524132506778,0.05016673495342794,4.562385714165497e-05,1789.0328484179722
50,32,95,2,2,1,1.000000035231989,0.6714519653138015,0.32854806991818764,0.0,0.0
50,32,96,7,7,12,0.8412283065303771,0.7740851698254959,0.06714313670488115,1.729838149000348e-05,591.216429525525
50,32,97,2,2,6,0.877090025687464,0.7722418649785163,0.10484816070894765,1.1062472019918123e-05,366.7802329603746
50,32,99,9,9,2,0.8529603620690336,0.48486801160720316,0.3680923504618304,0.0,81.92232072467583
50,33,0,5,5,1,0.9999999286296992,0.6706906633010702,0.32930926532862903,0.0,0.0
50,33,1,9,9,26,0.8152530502705855,0.8248119662792865,-0.009558916008701068,3.669347963641803e-05,1580.984892921181
50,33,3,4,4,7,0.8347998487127994,0.7099286969705896,0.12487115174220986,1.1163161937841347e-05,363.9425778007172
50,33,4,8,8,2,0.8768298668133427,0.6213756764048826,0.2554541904084602,0.0,68.1333864632232
50,33,5,9,9,2,0.8997244915697064,0.6166368496321483,0.2830876419375581,0.0,77.7599664670058
50,33,8,4,4,13,0.7847899789103856,0.7276085461696453,0.05718143274074028,1.9495213124087306e-05,647.206821848382
50,33,10,1,1,1,0.9999999945301357,0.36666476589135627,0.6333352286387794,0.0,0.0
50,33,12,0,0,1,1.0000000103974689,0.3456305486006976,0.6543694617967712,0.0,0.0
50,33,14,3,3,2,0.8778175750711616,0.4607325919359504,0.41708498313521125,0.0,76.47415920502031
50,33,15,4,4,25,0.8617271478783817,0.8643185497890453,-0.0025914019106636488,3.966281158789657e-05,1617.0013237102787
50,33,16,6,6,1,0.9999999672637826,0.43147497007507296,0.5685249971887096,0.0,0.0
50,33,17,7,7,1,1.0000000778695792,0.5187763654761853,0.4812237123933939,0.0,0.0
50,33,18,2,2,3,0.8588461194611335,0.7407537271209104,0.11809239234022317,5.197594001411302e-06,128.40472613384287
50,33,20,1,1,14,0.8484879306660249,0.7889648526702624,0.05952307799576251,2.2120619422080497e-05,873.466166263094
50,33,21,8,8,34,0.902801336935387,0.8746124090820039,0.028188927853383117,5.923579581973686e-05,2245.7755594012688
50,33,22,4,4,2,0.8449016883161646,0.6643178750368648,0.18058381327929984,0.0,73.10243763623286
50,33,26,4,4,3,0.8151937587728012,0.6633924921174322,0.15180126665536897,4.0408243853991424e-06,134.317102073186
50,33,27,8,8,1,1.0000000106032987,0.5192819003257566,0.4807181102775421,0.0,0.0
50,33,28,0,0,3,0.8555673015302611,0.5970111199638163,0.2585561815664448,5.925794333347824e-06,150.666376287627
50,33,29,2,2,18,0.822881867757593,0.7248547503051246,0.09802711745246839,2.5289058323195335e-05,958.5199298646381
50,33,31,1,1,1,1.0000000255251473,0.7192139734335034,0.280786052091644,0.0,0.0
50,33,32,3,3,13,0.7872499937087132,0.7601213443804826,0.02712864932823056,1.8866951611782167e-05,646.459131838814
50,33,33,1,1,75,0.8071231120358885,0.8032230020624375,0.003900109973451027,9.905625960747162e-05,3501.2412403970397
50,33,34,9,9,1,0.9999999735913901,0.3667739396698733,0.6332260339215168,0.0,0.0
50,33,35,4,4,35,0.7807658169613901,0.7938446613127177,-0.013078844351327557,3.891492665626667e-05,1946.1422746146152
50,33,36,9,9,3,0.8940100268690581,0.6068902247993991,0.2871198020696589,5.002010260847357e-06,150.8203810588486
50,33,37,7,7,4,0.818467255047156,0.6041744442424621,0.21429281080469387,0.0,188.20896403158568
50,33,38,8,8,20,0.8679368701346395,0.8514139763323445,0.01652289380229499,3.7412995554591883e-05,1142.375462508441
50,33,40,5,5,4,0.7846922276177296,0.5579098894740625,0.2267823381436671,0.0,199.2337906570586
50,33,42,4,4,11,0.8273907415021015,0.7721242964010069,0.055266445101094575,1.7034133546329048e-05,623.8089905297112
50,33,44,0,0,8,0.7969609924424045,0.737259857728226,0.05970113471417848,0.0,458.9435372784488
50,33,47,8,8,4,0.9079174335437703,0.7060243602696612,0.2018930732741091,0.0,202.06753829243905
50,33,48,1,1,4,0.8678791855182785,0.5833956107567885,0.28448357476149,0.0,215.73396372868893
50,33,49,5,5,2,0.932823318612691,0.7932285163353389,0.1395948022773521,0.0,71.681485090429
50,33,52,0,0,29,0.8694124361970276,0.8801384452917067,-0.010726009094679134,3.8628119512207216e-05,1688.2108172454177
50,33,54,3,3,18,0.8763448140026683,0.8545182694332885,0.021826544569379824,3.802596035767002e-05,1138.8450905075
50,33,55,8,8,3,0.8142003964843139,0.6134997766996623,0.2007006197846516,4.50218906095197e-06,139.24096195577525
50,33,57,6,6,10,0.8324765392263677,0.7969263495920599,0.03555018963430778,1.6917181205564945e-05,588.1907321687219
50,33,58,8,8,39,0.7856318076550491,0.7878751834534821,-0.002243375798432923,5.625861408780614e-05,2100.508983920954
50,33,60,6,6,4,0.828175237228913,0.6694042598726071,0.15877097735630585,0.0,178.46257656119016
50,33,63,1,1,14,0.8464711346650831,0.7873975478233048,0.059073586841778214,2.3270087034165705e-05,871.9859059245492
50,33,64,0,0,2,0.8077594292347485,0.5981023274589463,0.2096571017758022,0.0,66.79596807095994
50,33,65,5,5,7,0.82568427456409,0.6744723593835715,0.15121191518051846,9.812924844910231e-06,371.9851662015572
50,33,66,3,3,77,0.9152838008237074,0.8848000122438449,0.03048378857986256,0.00010741926631962787,4749.919703643135
50,33,67,6,6,5,0.8466282043630827,0.6436488897447211,0.2029793146183616,7.486506667589332e-06,242.69046342649747
50,33,69,4,4,8,0.8804364018383463,0.8517428794171499,0.028693522421196382,0.0,461.9397186628141
50,33,70,9,9,10,0.7893128315705973,0.7238051105670125,0.06550772100358482,1.6661021625162952e-05,551.9125123439047
50,33,71,3,3,59,0.8454051262000114,0.856006763355135,-0.010601637155123633,8.477666909077525e-05,3310.7574152450534
50,33,72,2,2,11,0.7914870933451172,0.7078579126620568,0.08362918068306047,1.7919321260989015e-05,640.9643612611264
50,33,73,1,1,1,1.0000000458114013,0.6530915236810347,0.3469085221303666,0.0,0.0
50,33,75,4,4,11,0.8565037250264753,0.8583329686897345,-0.0018292436632592057,1.479706533446743e-05,645.4883733664963
50,33,76,7,7,4,0.7746329167833528,0.727880388725896,0.04675252805745678,0.0,175.53583907729399
50,33,78,2,2,66,0.8404969301497749,0.8072044097350255,0.033292520414749394,9.124410545472207e-05,4184.976274963514
50,33,79,5,5,12,0.8202859665845269,0.7616231282243566,0.05866283836017028,2.0216127633656076e-05,646.0505708683353
50,33,80,0,0,3,0.9020768335023884,0.754970618358848,0.1471062151435404,5.211683323597149e-06,155.3429523860658
50,33,82,0,0,5,0.8511778698166391,0.7534398389513539,0.09773803086528521,7.045541041373683e-06,278.23960759966536
50,33,83,4,4,9,0.8786200757243241,0.7694811627664552,0.10913891295786893,1.7541757611634547e-05,550.5530564558869
50,33,84,0,0,3,0.8368660175232885,0.6584795319889827,0.1783864855343058,5.867804389939439e-06,145.94043597649195
50,33,85,5,5,5,0.8171485891300876,0.7055619622762914,0.11158662685379617,7.4001574586313686e-06,219.38965696221604
50,33,86,6,6,3,0.8291155562465559,0.7759920989848201,0.05312345726173573,4.120960858480001e-06,142.98377021959624
50,33,87,1,1,9,0.7315653265651874,0.7361153197307722,-0.004549993165584798,1.217172488097449e-05,449.2583843701982
50,33,88,9,9,1,0.9999999390698009,0.5489402705461885,0.45105966852361234,0.0,0.0
50,33,89,9,9,18,0.8264801511215217,0.7830907357584139,0.04338941536310781,2.3809111698131642e-05,962.8090202496494
50,33,90,2,2,6,0.7975256461156115,0.7392745793807656,0.058251066734845924,7.969483668952124e-06,285.1544551604668
50,33,91,8,8,8,0.827950736172024,0.7682252990387901,0.05972543713323386,0.0,454.473935381646
50,33,92,1,1,6,0.8757847553153052,0.7342217725216608,0.14156298279364443,7.5042495258392395e-06,334.4106446468849
50,33,93,2,2,1,1.000000007260646,0.5416583066434246,0.45834170061722146,0.0,0.0
50,33,94,9,9,7,0.8406260569553673,0.8011440294801395,0.03948202747522778,1.0191874725084931e-05,376.41029634730063
50,33,96,7,7,5,0.8138947039919913,0.7419797351601335,0.07191496883185777,9.157026000132122e-06,234.97656990407737
50,33,97,2,2,21,0.8549128870363872,0.8569750521208911,-0.002062165084503853,2.8357123785822775e-05,1317.483203691017
50,33,98,5,5,26,0.8129085067420038,0.7645353857202989,0.04837312102170488,3.455230205822609e-05,1537.2937217753197
50,33,99,9,9,11,0.793206392450092,0.760131241967331,0.033075150482760995,1.3156404366369698e-05,610.569451138049
50,34,0,5,5,6,0.8144889907785238,0.7927210607648617,0.021767930013662062,9.724496354184307e-06,346.12453863654423
50,34,2,6,6,11,0.8150213750955743,0.8087447980303295,0.0062765770652447594,1.7822745541841485e-05,617.5648546567587
50,34,3,4,4,41,0.8204407799289727,0.8059512824679324,0.014489497461040335,9.383818825046471e-05,2507.813388628817
50,34,4,8,8,4,0.8655810829622969,0.72564819480862,0.13993288815367688,0.0,218.34507532393147
50,34,5,9,9,10,0.8290183007899028,0.753881185283588,0.07513711550631474,1.501583957082027e-05,539.8638485757797
50,34,6,7,7,5,0.846421694893655,0.7664668468064406,0.07995484808721443,1.0558614092085452e-05,315.15467963224273
50,34,7,6,6,14,0.8094864419033274,0.8024274927539389,0.007058949149388538,2.5292131255894213e-05,895.8745976486082
50,34,8,4,4,6,0.7698505689264503,0.6770780914916029,0.0927724774348474,7.79933720046065e-06,257.63323264613945
50,34,9,7,7,1,1.0000000035433736,0.5664546727668296,0.433545330776544,0.0,0.0
50,34,10,1,1,5,0.7766835402130399,0.6445408115305595,0.13214272868248034,1.1011632235264743e-05,254.8143349459903
50,34,11,0,0,7,0.7659014873078672,0.6226959652881698,0.14320552201969738,8.100036586968583e-06,310.6918731945131
50,34,12,0,0,16,0.8238071072246971,0.7231363433708579,0.10067076385383922,0.0,812.2124008738969
50,34,13,2,2,2,0.8576816958183981,0.6402872329603929,0.21739446285800523,0.0,66.88528488479177
50,34,15,4,4,5,0.8143757961030192,0.7209110064665925,0.09346478963642679,9.0593471280644e-06,264.39571624482085
50,34,16,6,6,1,1.0000000367053297,0.3768678639438015,0.6231321727615282,0.0,0.0
50,34,17,7,7,6,0.850198154094753,0.7916873396840574,0.05851081441069561,7.4788652498915735e-06,313.26182155030494
50,34,18,2,2,1,0.9999999579518343,0.4354150137820084,0.5645849441698259,0.0,0.0
50,34,19,5,5,4,0.822083464539145,0.6880961016262419,0.13398736291290314,0.0,223.9174074315001
50,34,20,1,1,5,0.8167215616716869,0.7027086448955322,0.11401291677615466,8.943888948795131e-06,264.9080169880227
50,34,21,8,8,7,0.8115666003859733,0.7673711903774707,0.04419541000850258,7.899646215742113e-06,345.4836936996724
50,34,23,3,3,2,0.9127686100533586,0.7024568508470066,0.21031175920635203,0.0,73.68057243794223
50,34,24,5,5,15,0.871651439305412,0.8454337674055037,0.026217671899908312,2.5602293526801447e-05,1086.9131040025975
50,34,25,7,7,1,1.0000000738949608,0.36746488963526647,0.6325351842596943,0.0,0.0
50,34,26,4,4,2,0.8349136868539915,0.4970065881104564,0.3379070987435351,0.0,74.88378600654647
50,34,27,8,8,29,0.8391674601764946,0.8066783642004575,0.03248909597603711,3.360787331084319e-05,1679.5087176322643
50,34,28,0,0,2,0.8277936225358153,0.6172371681605926,0.21055645437522275,0.0,72.63447065925884
50,34,29,2,2,7,0.7732015714565288,0.6664420531979028,0.10675951825862595,9.732227485165206e-06,364.8036461995195
50,34,30,0,0,7,0.8781115721603828,0.8218647814188452,0.0562467907415376,1.2601912221581688e-05,428.85883214810616
50,34,31,1,1,1,0.9999999835627947,0.5982769076047457,0.401723075958049,0.0,0.0
50,34,32,3,3,23,0.7462551043100533,0.787899269124925,-0.041644164814871765,2.9510637452548958e-05,1221.8965435667756
50,34,33,1,1,3,0.7780132011402788,0.5851614190920971,0.19285178204818176,4.4514778920593934e-06,115.06274866465992
50,34,34,9,9,16,0.8424409543555766,0.8318585696806233,0.010582384674953316,0.0,943.478689220881
50,34,35,4,4,1,1.0000000077552118,0.4053845738580127,0.5946154338971992,0.0,0.0
50,34,36,9,9,5,0.863803185177153,0.8220082584332494,0.041794926743903615,7.636128527724656e-06,247.43006935826628
50,34,37,7,7,2,0.8568216707371279,0.5393097035422012,0.3175119671949267,0.0,63.24969334605285
50,34,38,8,8,1,0.9999999422211022,0.5606370003970824,0.4393629418240198,0.0,0.0
50,34,39,7,7,8,0.8585112133770118,0.8403381443698419,0.018173069007169862,0.0,471.38289666143396
50,34,40,5,5,3,0.7758547929918305,0.53963797939452,0.2362168135973105,4.555378138729293e-06,122.62897029292303
50,34,41,9,9,5,0.7971610430376175,0.6871572603572688,0.11000378268034872,7.276896445978228e-06,239.02970964931416
50,34,43,3,3,27,0.8773827762014741,0.8584409076148188,0.018941868586655253,4.331886157289128e-05,1737.5900818701248
50,34,44,0,0,11,0.7691151000375066,0.7204502211496264,0.04866487888788018,2.1783980720070175e-05,597.4886368618196
50,34,45,5,5,24,0.818469699822367,0.7543265822208548,0.06414311760151215,3.569022465917646e-05,1210.7950508207894
50,34,46,6,6,8,0.7371390454444295,0.6478905190857832,0.08924852635864633,0.0,410.3331219488528
50,34,47,8,8,1,1.000000032167609,0.43594646862434533,0.5640535635432637,0.0,0.0
50,34,48,1,1,1,0.9999999630204283,0.430613843481721,0.5693861195387073,0.0,0.0
50,34,49,5,5,3,0.8631252075114217,0.6590325308576962,0.20409267665372555,4.940210494918962e-06,138.74630286910107
50,34,50,1,1,2,0.8646519437874962,0.5442988271199278,0.3203531166675684,0.0,72.94889569805643
50,34,51,2,2,8,0.8442185549762148,0.7985054224001338,0.045713132576081006,0.0,488.81615896244296
50,34,53,3,3,11,0.8465830945691241,0.8309274801814772,0.015655614387646843,2.0382849915485818e-05,694.9435238551278
50,34,54,3,3,2,0.8617411621911287,0.7397439094740774,0.12199725271705131,0.0,77.02053819507888
50,34,55,8,8,5,0.7514288101018615,0.6417018495681455,0.109726960533716,9.060604844807607e-06,229.56156575435247
50,34,56,3,3,78,0.8101287271390226,0.8241851536635233,-0.014056426524500676,0.00011878337089844107,4006.620852473922
50,34,57,6,6,6,0.8366619993491955,0.6508160786032074,0.18584592074598805,9.851626777365938e-06,320.3779027460393
50,34,60,6,6,9,0.8351316659367792,0.801920478721716,0.03321118721506322,1.2069487138477715e-05,439.5587365259414
50,34,61,7,7,2,0.8374116198138809,0.44411909113825837,0.39329252867562253,0.0,72.98070914066088
50,34,62,7,7,6,0.808095068740241,0.6820693567803623,0.12602571195987866,1.0589025498890954e-05,322.65770150363437
50,34,63,1,1,2,0.9134602690628788,0.5274367096682276,0.38602355939465116,0.0,88.30576346419141
50,34,64,0,0,8,0.9111741489585085,0.9048705652469905,0.006303583711517957,0.0,500.65544730882357
50,34,66,3,3,2,0.9000653999068121,0.5376968373049413,0.3623685626018708,0.0,82.07261928692222
50,34,67,6,6,4,0.808993530649979,0.6689979059043567,0.13999562474562233,0.0,199.92612780931302
50,34,68,3,3,32,0.8664112530514825,0.868451060662682,-0.0020398076111994845,0.0,1801.4263800408767
50,34,69,4,4,2,0.9390540818852584,0.7751101483190596,0.16394393356619885,0.0,83.17410553407522
50,34,70,9,9,18,0.8326836815031429,0.7786806997927814,0.05400298171036144,2.4432047219977507e-05,940.3602651766505
50,34,71,3,3,11,0.8164900845160236,0.7331574035076109,0.08333268100841262,1.3048885618884501e-05,553.4432778537175
50,34,72,2,2,8,0.8067371699832956,0.7379852721338735,0.06875189784942204,0.0,423.2367194479928
50,34,75,4,4,1,1.0000000263841673,0.5194399920174031,0.4805600343667642,0.0,0.0
50,34,76,7,7,4,0.795821999649116,0.5907405412890522,0.20508145836006386,0.0,180.2582874510645
50,34,77,8,8,3,0.7784725856436395,0.633654129203138,0.1448184564405015,4.198637682976756e-06,122.92328084082966
50,34,80,0,0,11,0.7993948734934179,0.7363256119917433,0.06306926150167458,1.583433302100033e-05,557.1038773384605
50,34,82,0,0,1,0.9999999165712241,0.5480862312092583,0.45191368536196586,0.0,0.0
50,34,83,4,4,2,0.956374852030495,0.7457603412438183,0.2106145107866767,0.0,93.61216068084426
50,34,85,5,5,12,0.8534300357963928,0.8064424326852384,0.04698760311115435,2.0790800099746113e-05,685.3460171356555
50,34,86,6,6,8,0.7809383923823321,0.7444637873125505,0.03647460506978162,0.0,457.92236097991866
50,34,87,1,1,10,0.8336996385757867,0.7948536161203178,0.038846022455468865,1.7918235658395443e-05,613.1656368907114
50,34,89,9,9,11,0.7292983123452547,0.7090182683804429,0.020280043964811756,1.4463100581086964e-05,510.99738949487903
50,34,90,2,2,1,1.0000000600260877,0.317794979934575,0.6822050800915127,0.0,0.0
50,34,91,8,8,2,0.8831437475621643,0.577503590502716,0.30564015705944825,0.0,71.0962992217866
50,34,92,1,1,1,0.9999999624920246,0.4747284732722316,0.5252714892197929,0.0,0.0
50,34,93,2,2,1,0.9999999549995515,0.18755532753177379,0.8124446274677777,0.0,0.0
50,34,95,2,2,4,0.9152640398859843,0.8005774062747125,0.11468663361127174,0.0,231.3847636808619
50,34,96,7,7,7,0.87946117003543,0.7822375474639749,0.09722362257145511,8.587636695320889e-06,333.4074682147002
50,34,97,2,2,2,0.8498846247405518,0.640185054297427,0.20969957044312482,0.0,77.58767952559522
50,34,98,5,5,6,0.8184536575283191,0.621290743485664,0.19716291404265507,9.028762361320742e-06,325.7650019493008
50,35,0,5,5,28,0.8352692599998094,0.8191530875818935,0.016116172417915853,5.5251629945633035e-05,1790.6333503474884
50,35,1,9,9,21,0.8319426323658575,0.8100477296128923,0.02189490275296524,3.408446538375679e-05,1304.5362123649236
50,35,2,6,6,30,0.8042060476586538,0.7632302372372503,0.040975810421403525,4.078551208883063e-05,1657.5331780807549
50,35,3,4,4,1,1.0000000605813293,0.6104617389755304,0.38953832160579893,0.0,0.0
50,35,4,8,8,5,0.8731282594712032,0.8303087806162488,0.04281947885495441,8.895066602842948e-06,306.81006291910717
50,35,6,7,7,17,0.8409182636605214,0.807024281993457,0.033893981667064366,2.492660268130226e-05,1157.222206121797
50,35,7,6,6,4,0.8158868811474838,0.7580719864667614,0.05781489468072232,0.0,215.26546667898464
50,35,8,4,4,12,0.8317588449512667,0.7651154860879307,0.06664335886333606,1.5232762252051554e-05,636.1325778977969
50,35,12,0,0,20,0.8257535861946875,0.7980089395639187,0.02774464663076881,2.6842726915141217e-05,1077.0957255608846
50,35,13,2,2,18,0.7892597704448111,0.78282283624096,0.006436934203851052,2.3217522739998e-05,984.2822987974711
50,35,14,3,3,1,1.0000000748219042,0.3671119699094932,0.6328881049124111,0.0,0.0
50,35,16,6,6,1,1.0000000524304458,0.35692803941681506,0.6430720130136307,0.0,0.0
50,35,17,7,7,14,0.8448454357081412,0.7653663195130204,0.07947911619512082,1.9855803761352372e-05,768.9537484733684
50,35,18,2,2,17,0.8219392506632172,0.7702677235107067,0.051671527152510444,2.9653610785006077e-05,1049.8484344172125
50,35,20,1,1,10,0.8375003806990946,0.8326942844115128,0.004806096287581774,1.8552122624220837e-05,617.6094609243366
50,35,21,8,8,17,0.9070804040569768,0.8686838269059696,0.038396577151007194,2.7910914176031938e-05,1077.1430679264136
50,35,23,3,3,16,0.8623076679616051,0.8082112763794271,0.05409639158217794,0.0,816.2122712491655
50,35,24,5,5,2,0.9147114365135035,0.8583371707159109,0.05637426579759264,0.0,90.67837882386702
50,35,25,7,7,12,0.8092919439136941,0.7297381037850017,0.07955384012869238,1.5884783869858772e-05,615.5445176951634
50,35,26,4,4,8,0.7594840511310931,0.6979248331584269,0.06155921797266617,0.0,393.8105447851747
50,35,27,8,8,7,0.8486993388987958,0.807788914147759,0.04091042475103679,1.4395285299483032e-05,428.5859441801907
50,35,28,0,0,6,0.7733397719091202,0.6876771102005902,0.08566266170852999,8.045381682490098e-06,304.9290788459354
50,35,29,2,2,10,0.7397443904248744,0.7464397794191463,-0.006695388994271911,1.6187064408325843e-05,512.5627534459045
50,35,30,0,0,77,0.8920766640685728,0.889711537463827,0.0023651266047457487,9.523015643613565e-05,5089.143033584768
50,35,31,1,1,20,0.8406045893953557,0.8546527853035024,-0.014048195908146766,3.239797618073048e-05,1160.8997539782763
50,35,32,3,3,1,1.0000000447931514,0.3422633683626778,0.6577366764304736,0.0,0.0
50,35,34,9,9,7,0.8086549342474068,0.8089586960300001,-0.0003037617825933925,1.0994209792736238e-05,361.55588276257566
50,35,35,4,4,6,0.7411151908464014,0.7358502034902328,0.005264987356168649,1.0432767485382094e-05,307.02801006059644
50,35,36,9,9,41,0.8782250652960911,0.8676395743016211,0.010585490994470037,5.793938999010613e-05,2538.0473837435975
50,35,37,7,7,28,0.8278792291181644,0.7772964295951461,0.05058279952301825,3.377642910949531e-05,1394.0912576082035
50,35,39,7,7,7,0.8102036196296266,0.795721686251142,0.01448193337848458,1.1373763894912154e-05,379.4661374795818
50,35,41,9,9,29,0.8986494703437073,0.8826236852668473,0.016025785076860033,5.139193346396668e-05,1846.0759908974007
50,35,42,4,4,5,0.8301887648019938,0.7210483697045783,0.10914039509741547,7.832674311125316e-06,264.78654025528374
50,35,44,0,0,1,1.0000000116463719,0.0963465671485037,0.9036534444978681,0.0,0.0
50,35,45,5,5,2,0.8470110322518078,0.5419248928526191,0.3050861393991887,0.0,72.20556581587795
50,35,46,6,6,4,0.8018109747802198,0.6245022126947297,0.17730876208549007,0.0,196.11457429130414
50,35,47,8,8,32,0.8484746473864313,0.7909258932013203,0.05754875418511096,0.0,1676.9127466240839
50,35,48,1,1,12,0.8032576180200455,0.7460122869108236,0.05724533110922192,1.7069263582513714e-05,688.2257401772714
50,35,49,5,5,3,0.8532500375804786,0.7021672090225554,0.1510828285579232,4.874354628323742e-06,137.95766213049907
50,35,50,1,1,21,0.8361318766443064,0.7703410959006642,0.0657907807436422,3.4539923507657515e-05,1275.4182440228972
50,35,51,2,2,7,0.8621783785176994,0.7861284193590197,0.07604995915867974,1.1247724847700482e-05,436.2721257481146
50,35,52,0,0,11,0.8244063306441677,0.8625290487937189,-0.03812271814955126,1.8884499951221428e-05,593.0080319143493
50,35,55,8,8,1,0.9999999756612672,0.4487408475662367,0.5512591280950305,0.0,0.0
50,35,56,3,3,4,0.8777763392244327,0.7378119130696864,0.13996442615474625,0.0,181.11458039418258
50,35,57,6,6,13,0.8156785767925073,0.8282104076400798,-0.012531830847572478,1.554095390190882e-05,689.848767445226
50,35,58,8,8,41,0.8133145394330432,0.8077606468713249,0.005553892561718343,5.58717576148511e-05,2152.070019461886
50,35,59,8,8,25,0.8385708216887401,0.8356024929482345,0.002968328740505566,3.468780423514671e-05,1297.1659521562628
50,35,60,6,6,6,0.7268307887564027,0.7488211548416023,-0.021990366085199553,7.3969302461672256e-06,287.9541644667433
50,35,61,7,7,1,1.0000000505548423,0.17178299209194836,0.828217058462894,0.0,0.0
50,35,62,7,7,2,0.8650287235708346,0.5932201467427461,0.27180857682808846,0.0,82.11669235029551
50,35,63,1,1,9,0.8304533337020422,0.7536629657377608,0.0767903679642814,1.692246205460418e-05,514.2051279534089
50,35,64,0,0,2,0.8002095655532092,0.4603628652863226,0.3398467002668866,0.0,73.87858266389259
50,35,66,3,3,1,1.0000000621513176,0.5275521428630413,0.47244791928827634,0.0,0.0
50,35,67,6,6,5,0.8397292921227882,0.7110216021832394,0.12870768993954884,7.446095598206028e-06,278.24181383403436
50,35,68,3,3,1,1.0000000990325681,0.377900402451204,0.6220996965813641,0.0,0.0
50,35,69,4,4,35,0.8632214655900791,0.8546252129932645,0.008596252596814513,5.378325774258274e-05,2009.3976163896284
50,35,71,3,3,9,0.8601305481554068,0.835621606402318,0.02450894175308882,1.6511773248069014e-05,502.42256532559907
50,35,72,2,2,14,0.7982526670841181,0.7747536352841291,0.023499031799989023,2.064085507433691e-05,761.3938981199926
50,35,74,6,6,5,0.7956230883138863,0.705550143723372,0.09007294459051429,7.2389197302220154e-06,269.558588966992
50,35,76,7,7,1,0.9999999527346042,0.4782343914997853,0.5217655612348189,0.0,0.0
50,35,77,8,8,11,0.850850603775788,0.8232930974989949,0.027557506276793098,1.8162373885808967e-05,666.8003347496397
50,35,78,2,2,4,0.8015618558552815,0.6539314620958051,0.1476303937594764,0.0,220.2185296644781
50,35,79,5,5,1,0.9999999455269729,0.3326899453338558,0.6673100001931171,0.0,0.0
50,35,80,0,0,1,0.9999999236793348,0.5283106772023101,0.4716892464770247,0.0,0.0
50,35,81,6,6,4,0.7706404724857977,0.6172500676069731,0.1533904048788246,0.0,176.71749724060564
50,35,82,0,0,22,0.870322891855075,0.8774280776131396,-0.007105185758064514,3.474830105070751e-05,1365.5230208621906
50,35,83,4,4,1,0.9999999879138382,0.45336597469260803,0.5466340132212302,0.0,0.0
50,35,84,0,0,33,0.7223987082587304,0.7467315838810595,-0.02433287562232911,4.491710507090687e-05,1544.687426826514
50,35,85,5,5,12,0.8582221556715098,0.7823240134772365,0.07589814219427338,1.5455693069936528e-05,641.5224760982397
50,35,87,1,1,5,0.8650084212817852,0.7267560161457062,0.13825240513607906,8.481939301584637e-06,229.37993316783758
50,35,88,9,9,18,0.8931399168112655,0.8650638572001125,0.028076059611153004,2.6788720140039928e-05,1110.9738215647405
50,35,89,9,9,1,0.9999999433792529,0.5175884780501427,0.48241146532911017,0.0,0.0
50,35,90,2,2,23,0.82144320728422,0.7579849630373581,0.06345824424686197,3.122107577394035e-05,1211.837525125868
50,35,91,8,8,3,0.8002431108399909,0.6298171314118215,0.1704259794281694,4.301710323358483e-06,136.3880312910584
50,35,92,1,1,23,0.8169760180277779,0.8040590388331956,0.012916979194582234,4.625417131730655e-05,1402.6605070731384
50,35,93,2,2,7,0.7624712123621822,0.7167057190876911,0.04576549327449109,1.1529591179586632e-05,361.1232069713555
50,35,94,9,9,3,0.8454359946285872,0.715103208425856,0.13033278620273125,5.3212264328589974e-06,148.46564014931917
50,35,95,2,2,3,0.882898096464553,0.6865365176908025,0.1963615787737505,5.221079519980873e-06,150.80765331807498
50,35,96,7,7,4,0.8918758381655744,0.7178401725606622,0.17403566560491213,0.0,187.24357718364396
50,35,97,2,2,5,0.8707106191574813,0.8307842731491895,0.03992634600829181,8.272394905055547e-06,307.96485946435
50,35,98,5,5,7,0.8295166302453983,0.744872859468201,0.08464377077719731,1.049962029246126e-05,414.76330141444487
50,35,99,9,9,24,0.7966145538903816,0.7547002149254789,0.04191433896490271,3.2491255026636146e-05,1324.0119121931061
50,36,0,5,5,3,0.9177665145772811,0.7453787892840833,0.1723877252931978,6.955771208073826e-06,165.33992454497547
50,36,1,9,9,7,0.8549734977457462,0.7998066996292409,0.05516679811650527,1.26469471455058e-05,426.01512443544476
50,36,3,4,4,1,0.9999998832416701,0.47307998014111785,0.5269199031005523,0.0,0.0
50,36,4,8,8,1,0.9999999552374964,0.5124786158859012,0.48752133935159525,0.0,0.0
50,36,7,6,6,3,0.829278206288001,0.566238005642997,0.263040200645004,5.1459340387242565e-06,155.34176869946174
50,36,8,4,4,4,0.8604383398314553,0.7429318418594848,0.11750649797197055,0.0,203.19313289016932
50,36,10,1,1,3,0.7548352549255186,0.5669665918291645,0.18786866309635408,4.25923577410262e-06,131.67701201533947
50,36,12,0,0,5,0.8498639005424868,0.6272221779523797,0.22264172259010717,7.189524420405307e-06,244.05953472582695
50,36,13,2,2,1,0.9999999332784566,0.43752005598101656,0.56247987729744,0.0,0.0
50,36,14,3,3,3,0.7564545188738969,0.5566134915447982,0.1998410273290987,4.1623251317017115e-06,139.01008979075448
50,36,16,6,6,1,0.9999999959764003,0.34334767648112513,0.6566523194952751,0.0,0.0
50,36,17,7,7,5,0.7861593585559378,0.7161590391497613,0.07000031940617646,6.739573600601149e-06,234.97209957925529
50,36,18,2,2,15,0.7770841391296275,0.7806986850739654,-0.0036145459443379657,1.8734264482441645e-05,838.8521264770824
50,36,19,5,5,5,0.8756070766421808,0.7836875230415011,0.09191955360067972,9.26959114673137e-06,290.48807202339253
50,36,20,1,1,2,0.9020981218317895,0.6632644540729621,0.23883366775882742,0.0,83.38895064097025
50,36,21,8,8,14,0.8539216648149873,0.8101150440808782,0.043806620734109125,2.423185212754632e-05,865.217141759163
50,36,22,4,4,16,0.7472016927170931,0.7112383461630781,0.03596334655401501,0.0,791.319386492562
50,36,23,3,3,4,0.7929453430305565,0.6792743286687047,0.11367101436185179,0.0,176.01175080374506
50,36,24,5,5,5,0.9054172797124428,0.838929919933097,0.06648735977934583,1.3212766189496133e-05,339.7860152346097
50,36,25,7,7,1,1.0000000514076437,0.43152303064754555,0.5684770207600982,0.0,0.0
50,36,26,4,4,2,0.7545615306699683,0.44708574840588233,0.307475782264086,0.0,66.50852150356903
50,36,28,0,0,11,0.7905474509909948,0.7437649001657413,0.04678255082525351,1.2383560621022548e-05,585.7524289274099
50,36,30,0,0,3,0.908682729425339,0.6556483945966294,0.25303433482870963,5.794763116385643e-06,168.03845210787048
50,36,32,3,3,1,0.999999981172076,0.40745419238236835,0.5925457887897077,0.0,0.0
50,36,33,1,1,5,0.8224589795183346,0.693476189241799,0.12898279027653559,6.995974370676951e-06,226.1703079764354
50,36,34,9,9,1,0.999999927431651,0.3327296952498235,0.6672702321818276,0.0,0.0
50,36,35,4,4,1,1.000000052468062,0.3547946926783597,0.6452053597897022,0.0,0.0
50,36,36,9,9,2,0.8918023108391002,0.6620431968548326,0.22975911398426763,0.0,70.11975229491645
50,36,37,7,7,1,0.9999999287516594,0.647530249496042,0.35246967925561745,0.0,0.0
50,36,38,8,8,1,0.9999999221261345,0.5329019994790493,0.4670979226470853,0.0,0.0
50,36,39,7,7,3,0.8807980815176463,0.5925477731000542,0.288250308417592,5.9647501674867265e-06,150.37962749878622
50,36,40,5,5,11,0.7384562768237634,0.6923528403304031,0.04610343649336024,1.565975642827535e-05,573.0128375193375
50,36,41,9,9,5,0.761382319574522,0.6500511428429983,0.1113311767315237,6.79413894794955e-06,224.7815669818518
50,36,42,4,4,1,0.9999999532787017,0.42126152634924513,0.5787384269294567,0.0,0.0
50,36,43,3,3,30,0.8685257662659944,0.8780001876004297,-0.009474421334435323,6.215127320034559e-05,2028.6333358234263
50,36,44,0,0,3,0.8238508602993955,0.5177536588052293,0.3060972014941662,5.3440517380061455e-06,141.74009246035297
50,36,45,5,5,7,0.710293071575781,0.6809827236557908,0.02931034791999021,7.988067707636844e-06,303.9519939146727
50,36,46,6,6,2,0.8470239295663284,0.3686866987494265,0.47833723081690194,0.0,64.47617035016097
50,36,47,8,8,1,0.999999915614595,0.5813261477373226,0.4186737678772724,0.0,0.0
50,36,48,1,1,18,0.8225569488744581,0.8091061885193631,0.01345076035509496,2.780865299890203e-05,1059.323065674847
50,36,49,5,5,6,0.8333887095170243,0.7604811404047181,0.07290756911230611,9.733004088299022e-06,308.17401707633417
50,36,50,1,1,3,0.8514779273455014,0.6881543366435183,0.1633235907019831,6.18122414844543e-06,151.18148281317733
50,36,51,2,2,6,0.8235323389846729,0.7349193337332036,0.08861300525146931,6.884212322442796e-06,334.3863093592284
50,36,52,0,0,9,0.8563364556505337,0.8069248202668966,0.04941163538363713,1.2810291672891176e-05,503.85682291575574
50,36,53,3,3,1,0.9999999873193832,0.45124752363169573,0.5487524636876875,0.0,0.0
50,36,54,3,3,5,0.7994358034121303,0.7365829605303007,0.06285284288182957,7.010091466623671e-06,251.39298579978367
50,36,55,8,8,21,0.8053923389854458,0.8132241407849301,-0.007831801799484284,2.1205896524466737e-05,1255.3844194512203
50,36,56,3,3,3,0.8971758302413716,0.6074604428638644,0.28971538737750724,4.837511453819489e-06,136.40626212096
50,36,57,6,6,16,0.8346286486084594,0.785241092157307,0.04938755645115245,0.0,941.8038469082392
50,36,58,8,8,25,0.7852519298041681,0.7736555548154168,0.011596374988751323,3.474136973475625e-05,1337.8117313179696
50,36,59,8,8,8,0.8549012944266569,0.7624191214938255,0.09248217293283134,0.0,437.31080379533637
50,36,60,6,6,11,0.8726867218579509,0.775519797118748,0.09716692473920296,1.9584756132767243e-05,586.8020112479655
50,36,61,7,7,5,0.8177188248463269,0.6723596814000166,0.1453591434463103,8.299600252093459e-06,289.81339720486807
50,36,62,7,7,13,0.8351145779430104,0.763061839577096,0.07205273836591441,2.0620316134677903e-05,716.9137545458364
50,36,63,1,1,5,0.8026677862011591,0.7161368469799861,0.08653093922117294,1.0031849786176644e-05,266.7176275729143
50,36,64,0,0,1,1.0000000100313016,0.4856298002844111,0.5143702097468905,0.0,0.0
50,36,65,5,5,1,0.9999999672139754,0.6087882451084178,0.39121172210555766,0.0,0.0
50,36,66,3,3,7,0.882442465593979,0.8434300911348807,0.03901237445909833,1.1842559855739086e-05,398.27075175580006
50,36,67,6,6,28,0.8323046496890131,0.7916402515656752,0.040664398123337886,3.715390207244465e-05,1627.3075925028943
50,36,69,4,4,7,0.856307764073326,0.8580652997979157,-0.0017575357245896983,1.01403446534563e-05,387.18235686939244
50,36,70,9,9,4,0.7442962056259232,0.6655562496503974,0.07873995597552585,0.0,158.28030703618097
50,36,71,3,3,2,0.8847790843471978,0.70668115530905,0.1780979290381478,0.0,74.0177840812529
50,36,72,2,2,5,0.8097340310201075,0.7158013301232585,0.09393270089684902,1.1507376866157346e-05,283.9039479336853
50,36,73,1,1,2,0.9121735140793601,0.6481531093582268,0.2640204047211333,0.0,71.8943079381869
50,36,74,6,6,5,0.7969197688944937,0.7511887294975522,0.04573103939694145,1.0417227509253668e-05,295.32875597468706
50,36,75,4,4,19,0.8897742114754287,0.8716225938269023,0.018151617648526353,4.199684384567126e-05,1204.8451671668358
50,36,76,7,7,21,0.7699171178837653,0.7467716343737477,0.02314548351001755,2.783084034323191e-05,1132.5703983944547
50,36,77,8,8,2,0.9311624193175481,0.5221403439778818,0.4090220753396663,0.0,86.91186459225766
50,36,79,5,5,1,0.9999999708611779,0.4092653473334007,0.5907346235277772,0.0,0.0
50,36,80,0,0,4,0.7644545786796328,0.6143843356477101,0.15007024303192273,0.0,157.71582544303163
50,36,81,6,6,6,0.7771325623198313,0.6930119738504245,0.08412058846940684,7.830203438476746e-06,297.9848851592582
50,36,83,4,4,1,1.0000000173720711,0.527513494517213,0.47248652285485815,0.0,0.0
50,36,85,5,5,1,0.9999999123739373,0.2699782991810267,0.7300216131929105,0.0,0.0
50,36,87,1,1,17,0.7948242428991382,0.7930394412879298,0.0017848016112084197,2.21627676035273e-05,917.50631601895
50,36,88,9,9,3,0.8281680915025833,0.7619428553246307,0.06622523617795262,5.600520131994117e-06,139.07279498959645
50,36,89,9,9,2,0.9075974114144949,0.6246865119290538,0.2829108994854411,0.0,63.99876003727796
50,36,90,2,2,11,0.8211476476994254,0.73411344882845,0.08703419887097541,1.864178655957885e-05,566.9233748643643
50,36,91,8,8,13,0.8038830597210349,0.7893056938288954,0.014577365892139538,2.0447827863878215e-05,805.4113025606476
50,36,92,1,1,11,0.8076213221845407,0.6867174232313129,0.12090389895322784,1.4670669207171831e-05,606.9845686187726
50,36,93,2,2,2,0.8957875818062295,0.5887235495382394,0.3070640322679902,0.0,72.61587497001261
50,36,94,9,9,3,0.8165360858680107,0.6717917364631607,0.14474434940485004,3.914612465966847e-06,118.78614594025773
50,36,95,2,2,2,0.916397415067083,0.7130772962841562,0.20332011878292688,0.0,87.30041875022293
50,36,96,7,7,7,0.8495002960100367,0.7078578904755504,0.14164240553448637,1.0838812787549364e-05,312.38139185174884
50,36,97,2,2,7,0.8709633861596703,0.8477354510469056,0.023227935112764664,1.6690329319310907e-05,475.5970983552556
50,36,98,5,5,7,0.8484165395356282,0.7575409387573472,0.09087560077828105,1.1637358410868025e-05,401.9502622656863
50,37,0,5,5,1,0.9999999330934016,0.6360691612738609,0.3639307718195407,0.0,0.0
50,37,2,6,6,19,0.8151287212659744,0.7520255610528036,0.06310316021317075,4.054671173932757e-05,1074.6547082044847
50,37,3,4,4,1,1.0000000846911719,0.48799068532341505,0.5120093993677568,0.0,0.0
50,37,4,8,8,1,1.0000000802433804,0.3667458093968559,0.6332542708465245,0.0,0.0
50,37,5,9,9,23,0.8013890082344642,0.8202735411814087,-0.018884532946944477,3.659569988349825e-05,1383.7485756603007
50,37,7,6,6,5,0.8698431333448404,0.758285879701564,0.1115572536432764,8.187791526726986e-06,302.1213644995807
50,37,8,4,4,4,0.7854476651682419,0.5998996336701499,0.18554803149809207,0.0,174.755782186763
50,37,11,0,0,2,0.8394824155521612,0.3730579076191867,0.46642450793297446,0.0,69.69688588219311
50,37,12,0,0,6,0.7501765558126073,0.7255500187598533,0.024626537052754083,7.798604529755148e-06,255.90939269516016
50,37,13,2,2,11,0.8120122302531303,0.7681231536575797,0.043889076595550636,1.2284638522444045e-05,541.2948004001123
50,37,14,3,3,1,1.0000000787362988,0.2376666093128664,0.7623334694234324,0.0,0.0
50,37,16,6,6,19,0.7738872416720318,0.7146145437862153,0.05927269788581657,2.8964484390854165e-05,978.3163471010656
50,37,17,7,7,1,0.9999999533221519,0.4995495091322555,0.5004504441898964,0.0,0.0
50,37,18,2,2,11,0.73932398103948,0.6647442255751784,0.07457975546430162,1.4166656892232515e-05,485.1562389198126
50,37,19,5,5,8,0.8650399245444018,0.7687964987161627,0.09624342582823908,0.0,457.09089651110463
50,37,21,8,8,3,0.9138829739445582,0.8199977197523913,0.09388525419216687,6.409931800720046e-06,163.40503331026878
50,37,25,7,7,9,0.7995648800621983,0.7233807438410552,0.07618413622114306,1.6056857891486684e-05,484.96183970834795
50,37,26,4,4,60,0.822498151356436,0.8071374322335605,0.01536071912287551,8.501991205961118e-05,3365.9597710831576
50,37,27,8,8,1,0.9999999464503065,0.49371903593607286,0.5062809105142336,0.0,0.0
50,37,28,0,0,26,0.7918243238876526,0.7983058967398088,-0.0064815728521562255,3.7766832555266465e-05,1593.2210632042477
50,37,29,2,2,1,1.0000000276249361,0.48733356669949685,0.5126664609254392,0.0,0.0
50,37,30,0,0,1,1.0000000578781587,0.7777028275708338,0.22229723030732496,0.0,0.0
50,37,31,1,1,27,0.8643489904047095,0.8772841457120353,-0.012935155307325807,3.642783030634713e-05,1614.6623358094973
50,37,32,3,3,6,0.7917747107383636,0.6605875286600895,0.13118718207827407,9.627242364653775e-06,335.10112797751526
50,37,34,9,9,7,0.8480066253097088,0.8133201128304178,0.034686512479291,1.1202095367028792e-05,420.21325330171146
50,37,35,4,4,14,0.7772903932791082,0.7289974483982258,0.04829294488088243,2.280445347795e-05,734.7700799630081
50,37,36,9,9,1,1.0000000423156317,0.5921763551792744,0.4078236871363573,0.0,0.0
50,37,37,7,7,6,0.7073561595544544,0.7227280358481021,-0.015371876293647668,8.09831163533605e-06,257.3402379826312
50,37,38,8,8,5,0.8551953576708917,0.743817722843991,0.11137763482690077,7.966077540025778e-06,247.31761330291633
50,37,39,7,7,4,0.8203143537393777,0.8012539989773709,0.019060354762006737,0.0,185.81281685335307
50,37,40,5,5,3,0.8544335521156947,0.8139835655870794,0.04044998652861531,5.189936299891176e-06,142.42046604778326
50,37,41,9,9,31,0.8640539160897901,0.8774027091502781,-0.013348793060487973,5.774840842216276e-05,1854.6473709904496
50,37,42,4,4,28,0.8193857411142523,0.7898410625366178,0.029544678577634542,3.4050207519867285e-05,1592.881541374548
50,37,43,3,3,29,0.8668971860741153,0.859762435613191,0.007134750460924266,4.5033434942042974e-05,1898.2381270611286
50,37,44,0,0,11,0.8013218027299909,0.7873958491434726,0.01392595358651827,1.1319289428448598e-05,566.7176533875077
50,37,45,5,5,4,0.8277482118502733,0.6398912077571396,0.18785700409313366,0.0,201.9119927758843
50,37,46,6,6,2,0.8502384116247087,0.6324155738069168,0.21782283781779188,0.0,71.47924622554582
50,37,47,8,8,2,0.8851416056668338,0.603800520196742,0.28134108547009173,0.0,66.82381742966102
50,37,48,1,1,1,1.0000000325265157,0.5499497496798258,0.4500502828466899,0.0,0.0
50,37,49,5,5,4,0.8563905084011896,0.7563915863451192,0.09999892205607042,0.0,191.35367435706792
50,37,51,2,2,2,0.9045418792660279,0.7371589501826064,0.16738292908342156,0.0,92.14134220027378
50,37,52,0,0,1,0.9999999648604276,0.724871365158778,0.2751285997016496,0.0,0.0
50,37,53,3,3,1,1.0000000329324952,0.29497253577963106,0.7050274971528641,0.0,0.0
50,37,54,3,3,3,0.8348357443737163,0.7151560823433037,0.11967966203041258,5.756474133571986e-06,141.5590177258804
50,37,56,3,3,20,0.8313594193670574,0.776913465989553,0.05444595337750435,2.439486782504359e-05,1052.6984275675952
50,37,57,6,6,5,0.909163034079228,0.7637505155420281,0.14541251853719994,9.474134697261206e-06,313.2886641266822
50,37,58,8,8,5,0.8182218186181399,0.7368529141726503,0.08136890444548961,7.753743098249392e-06,253.06503520191086
50,37,59,8,8,17,0.8167667679392409,0.8243084422878871,-0.007541674348646277,2.5815586080267152e-05,856.0585078170034
50,37,62,7,7,5,0.9015143193123504,0.798716662353634,0.10279765695871634,9.176549470760814e-06,319.98675873202734
50,37,63,1,1,1,1.0000000579032968,0.6600547446991379,0.3399453132041589,0.0,0.0
50,37,65,5,5,71,0.807238003268453,0.7896778363965464,0.017560166871906535,7.71622655889855e-05,3854.233463068446
50,37,66,3,3,1,1.0000000490437724,0.5977899034833849,0.4022101455603875,0.0,0.0
50,37,67,6,6,1,0.9999999903382284,0.33090481787485115,0.6690951724633772,0.0,0.0
50,37,68,3,3,18,0.8753158980034065,0.844214144016007,0.03110175398739945,2.7207225667767312e-05,1007.7829173673804
50,37,71,3,3,2,0.8225849559960391,0.47938590582798357,0.3431990501680555,0.0,69.2802742106727
50,37,72,2,2,4,0.844682838420311,0.6975044140912683,0.1471784243290427,0.0,189.85328138049206
50,37,73,1,1,19,0.8166739122777966,0.8335669333952703,-0.016893021117473705,2.8326107214379135e-05,1111.9202925491104
50,37,74,6,6,9,0.8577224420394042,0.791343381809074,0.06637906023033013,1.2885125741033667e-05,565.2449608285266
50,37,76,7,7,1,1.000000001343306,0.5109651171288087,0.48903488421449726,0.0,0.0
50,37,78,2,2,4,0.8378832706678501,0.7581048741482768,0.0797783965195733,0.0,203.6987265482441
50,37,79,5,5,6,0.8884996754467265,0.7446141475218016,0.14388552792492493,1.1627618178683172e-05,361.7533539550436
50,37,80,0,0,2,0.9328022619518299,0.8361017199407191,0.09670054201111078,0.0,73.54925206104254
50,37,81,6,6,8,0.8221527830479045,0.7636941138225439,0.05845866922536058,0.0,398.4493088520955
50,37,82,0,0,4,0.8180643487997278,0.6470155584265778,0.17104879037315002,0.0,190.9553578727774
50,37,83,4,4,11,0.837848183973337,0.8157664102853385,0.022081773687998574,1.592713522106949e-05,660.3548033241369
50,37,84,0,0,3,0.8252528734261145,0.5704144820600352,0.25483839136607933,4.284820537031125e-06,118.52691900741836
50,37,85,5,5,7,0.8061548661641071,0.74508533436361,0.06106953180049712,1.0776234950784813e-05,351.9020671063475
50,37,86,6,6,13,0.8358718000111335,0.7893718040682906,0.04649999594284293,1.8512666748740286e-05,805.7262052460146
50,37,87,1,1,26,0.7976172880264973,0.759834508489837,0.037782779536660316,4.095724303590651e-05,1465.994293698872
50,37,88,9,9,19,0.849843535731255,0.8422369285411957,0.007606607190059345,2.8576450120216635e-05,1150.8515154204144
50,37,90,2,2,1,0.9999999833211384,0.36569678100500014,0.6343032023161382,0.0,0.0
50,37,91,8,8,9,0.7547005599631357,0.7248710882409851,0.029829471722150558,1.6474279133870418e-05,489.4463020230563
50,37,93,2,2,11,0.7879215120134644,0.7534443903808467,0.034477121632617735,1.4301448745225773e-05,628.8897806266853
50,37,94,9,9,8,0.8363425592253747,0.7850332077147604,0.05130935151061433,0.0,403.04154084453523
50,37,95,2,2,3,0.7871855566275249,0.7106823744790061,0.07650318214851881,5.619634853531543e-06,136.16029618877653
50,37,96,7,7,5,0.8876479467354106,0.7855663647682524,0.10208158196715822,7.8437513943586e-06,246.1073865191132
50,37,97,2,2,4,0.8070787009162805,0.7420999179460016,0.06497878297027893,0.0,212.9263193666448
50,37,98,5,5,22,0.814558122697059,0.808030293543557,0.006527829153501918,3.0379527972727504e-05,1217.1041288059878
50,37,99,9,9,4,0.7815734909668705,0.7095096524806956,0.07206383848617481,0.0,180.33331995495973
50,38,0,5,5,9,0.8369097704731762,0.841102867141758,-0.004193096668581808,1.3474495519937501e-05,525.5272970834656
50,38,1,9,9,6,0.8143123488988405,0.6514476666673801,0.16286468223146044,8.912121196531376e-06,304.1592878692098
50,38,2,6,6,3,0.8086145348896007,0.6813563958759187,0.127258139013682,4.488009823374259e-06,125.22631126592233
50,38,4,8,8,12,0.8480272695786675,0.8056072898378807,0.04241997974078682,2.1038612766683346e-05,676.0400436096515
50,38,5,9,9,5,0.8203875341330419,0.7047811560934862,0.11560637803955565,6.676238805632851e-06,236.12174947902375
50,38,6,7,7,17,0.8447701526408289,0.8326122141464166,0.012157938494412268,3.670069296375887e-05,1122.9766032072073
50,38,7,6,6,3,0.8414954363457239,0.5910586907029056,0.25043674564281826,4.785618635966497e-06,165.68526259918607
50,38,8,4,4,1,0.999999917125294,0.4707811598105054,0.5292187573147886,0.0,0.0
50,38,9,7,7,3,0.9228489661771835,0.7058591445050434,0.2169898216721401,5.027930801955039e-06,167.08755103000544
50,38,10,1,1,1,1.0000000642700133,0.17777206899684636,0.8222279952731669,0.0,0.0
50,38,12,0,0,9,0.7979115833364576,0.7619641347734543,0.03594744856300336,1.3570101631031587e-05,477.78984927185485
50,38,13,2,2,6,0.8057556964498213,0.6552102415259577,0.1505454549238635,8.918880516330982e-06,302.6005232334747
50,38,15,4,4,2,0.8981129245576795,0.798415077101176,0.09969784745650356,0.0,80.71866802213196
50,38,17,7,7,2,0.8893733840879737,0.7501794768253713,0.1391939072626024,0.0,73.39263414758281
50,38,18,2,2,23,0.8669335761798442,0.8260828574561123,0.040850718723731916,3.8249923404695155e-05,1464.6140302311962
50,38,19,5,5,29,0.8359087615192285,0.8247403230145255,0.01116843850470306,5.339533336464902e-05,1707.5644898729295
50,38,22,4,4,3,0.757885575839234,0.4260038876065849,0.3318816882326491,3.759181792370404e-06,131.57409258335858
50,38,23,3,3,10,0.8543820006303657,0.7592414321802889,0.09514056845007679,1.307620703997348e-05,468.4873613979492
50,38,24,5,5,24,0.8830018530180765,0.8751981353261455,0.007803717691931,5.733621298290089e-05,1821.8941069592936
50,38,25,7,7,1,1.0000000619662954,0.367701470058997,0.6322985919072984,0.0,0.0
50,38,26,4,4,1,0.9999999483872629,0.34248030285139147,0.6575196455358714,0.0,0.0
50,38,27,8,8,2,0.9492225866745629,0.49779202240826637,0.4514305642662966,0.0,90.9580590181159
50,38,29,2,2,3,0.8160598068585397,0.5217300389157895,0.29432976794275023,4.634095699728441e-06,137.80176491694715
50,38,30,0,0,7,0.8992098406011639,0.8429352849917633,0.056274555609400645,1.14304158636592e-05,454.84996597786335
50,38,31,1,1,5,0.8013330367717502,0.8170295146773978,-0.015696477905647654,6.687047586079623e-06,240.2700929783575
50,38,33,1,1,19,0.8010042347410794,0.8433036700004787,-0.042299435259399276,2.7858650944664948e-05,902.7861813693814
50,38,34,9,9,2,0.9010256142840027,0.6058304521435012,0.29519516214050157,0.0,88.37547409529975
50,38,35,4,4,1,0.9999999572846601,0.34689084709882123,0.6531091101858388,0.0,0.0
50,38,36,9,9,5,0.8548329677227192,0.7949459194653383,0.05988704825738089,8.083295060218324e-06,274.5972700635201
50,38,37,7,7,2,0.8493740954859216,0.6430553596987265,0.20631873578719506,0.0,68.595936031027
50,38,38,8,8,4,0.8716709547873909,0.7503464346705244,0.12132452011686645,0.0,213.4435525249051
50,38,39,7,7,8,0.8616419507149624,0.8214028022996546,0.040239148415307846,0.0,433.67903378960625
50,38,40,5,5,26,0.7905415523722158,0.7289464737544666,0.061595078617749155,3.184823926158545e-05,1266.885624496577
50,38,41,9,9,1,1.0000000360648342,0.33770847295146483,0.6622915631133695,0.0,0.0
50,38,42,4,4,1,0.9999999790961291,0.627582860593756,0.37241711850237313,0.0,0.0
50,38,43,3,3,5,0.8928290292821085,0.8413434837015482,0.05148554558056029,9.435656148706732e-06,331.8602555177603
50,38,44,0,0,7,0.81537265510272,0.7085643024142111,0.10680835268850886,1.4783641487530774e-05,408.8066133293506
50,38,45,5,5,1,0.9999999770675033,0.3030021839127362,0.6969977931547671,0.0,0.0
50,38,46,6,6,1,1.0000000639057351,0.29724537247569627,0.7027546914300389,0.0,0.0
50,38,47,8,8,3,0.8880208036399357,0.682129725196887,0.20589107844304877,5.074930659878747e-06,128.87862391290102
50,38,48,1,1,12,0.7985405392923872,0.7388703605147906,0.059670178777596616,1.5994733457001134e-05,653.228838583525
50,38,49,5,5,1,0.9999999759638243,0.679788672047409,0.3202113039164153,0.0,0.0
50,38,50,1,1,15,0.7809154839379753,0.8001894354591554,-0.019273951521180166,2.3661034099619547e-05,829.0027661105923
50,38,51,2,2,1,0.9999999395363856,0.09818727690687096,0.9018126626295146,0.0,0.0
50,38,52,0,0,5,0.8495084893780666,0.7921887045086483,0.057319784869418244,8.028679005364154e-06,253.4593468954693
50,38,53,3,3,1,0.9999999730036058,0.49659676085065063,0.5034032121529551,0.0,0.0
50,38,54,3,3,23,0.831626038963337,0.8092215353107973,0.022404503652539653,3.2997687644075676e-05,1300.5526339213677
50,38,55,8,8,6,0.8482409394994936,0.7586271286580386,0.08961381084145503,1.0949419102273315e-05,336.2776767239962
50,38,56,3,3,27,0.8349704944479446,0.7831167868752196,0.051853707572725005,4.062305015640509e-05,1442.2950787616685
50,38,57,6,6,2,0.9209515202626807,0.7320031764205126,0.18894834384216808,0.0,68.67298993279017
50,38,58,8,8,8,0.8195484878183329,0.7539525984281896,0.06559588939014327,0.0,416.39475579462163
50,38,59,8,8,12,0.7236541549085186,0.6755070630794366,0.048147091829081945,1.2493989018285342e-05,532.9305420074403
50,38,60,6,6,10,0.7951654853372365,0.7303287142080053,0.06483677112923125,1.4698054888419312e-05,535.5684555598111
50,38,61,7,7,8,0.7382074096113732,0.6749861136438631,0.06322129596751014,0.0,447.00102801518005
50,38,62,7,7,6,0.8439545163073761,0.7314423574895295,0.1125121588178466,9.253493498832319e-06,324.1365369204792
50,38,63,1,1,1,1.0000000427546696,0.38683608519936286,0.6131639575553067,0.0,0.0
50,38,64,0,0,1,1.0000000796778061,0.22358110165127243,0.7764189780265337,0.0,0.0
50,38,65,5,5,13,0.7935516266008724,0.758486745495344,0.03506488110552841,2.1422706404575377e-05,750.5380590083687
50,38,66,3,3,15,0.8464276370560779,0.8573024923758212,-0.010874855319743304,2.335984565890754e-05,913.0789225082633
50,38,67,6,6,40,0.8446664607873577,0.8271824708722982,0.017483989915059506,6.303825828466056e-05,2220.288710216629
50,38,68,3,3,10,0.8485689628561842,0.8106859797140638,0.03788298314212046,1.5347969668007646e-05,577.0901382813333
50,38,69,4,4,4,0.8556688819017939,0.7570213405033577,0.09864754139843623,0.0,204.2154004606146
50,38,70,9,9,5,0.7989281718054457,0.7883205766621475,0.010607595143298232,7.208377346440646e-06,235.23219101038606
50,38,71,3,3,1,0.999999995334482,0.4875946103310209,0.5124053850034611,0.0,0.0
50,38,73,1,1,7,0.8841118543378375,0.8083438726812143,0.07576798165662313,1.4088888213882769e-05,454.9467114478049
50,38,74,6,6,2,0.875206095077981,0.6773111745785922,0.19789492049938873,0.0,84.86231657751883
50,38,75,4,4,1,1.0000000174634804,0.3938176292042475,0.606182388259233,0.0,0.0
50,38,76,7,7,1,1.0000000143932575,0.5815705662699925,0.418429448123265,0.0,0.0
50,38,77,8,8,1,0.9999999831729205,0.657822636890522,0.3421773462823985,0.0,0.0
50,38,78,2,2,1,0.9999999773877425,0.2781610284606486,0.7218389489270939,0.0,0.0
50,38,82,0,0,36,0.8601983092126638,0.8407081935433119,0.019490115669351882,5.250258142866536e-05,2208.4741344646704
50,38,83,4,4,9,0.8412843006373345,0.8106128754520597,0.03067142518527477,1.414414557731372e-05,525.619815281569
50,38,84,0,0,4,0.7180485613440973,0.5985366699644026,0.11951189137969476,0.0,179.79013113727353
50,38,85,5,5,4,0.8775360526026362,0.7610927751284995,0.11644327747413674,0.0,199.2560319381788
50,38,86,6,6,13,0.8199862444557918,0.8016125765844406,0.018373667871351196,2.0944797715864466e-05,727.3276192195152
50,38,88,9,9,1,0.9999999692109188,0.2874907405510574,0.7125092286598614,0.0,0.0
50,38,89,9,9,16,0.8344635459716652,0.8094019827463841,0.02506156322528108,0.0,895.2697037589145
50,38,92,1,1,1,1.0000000324040732,0.5088459212484485,0.4911541111556247,0.0,0.0
50,38,95,2,2,7,0.8656317009666294,0.7949725970775249,0.07065910388910457,1.1267012838516619e-05,411.31519768182284
50,38,96,7,7,1,0.9999999796972179,0.30027076089523563,0.6997292188019822,0.0,0.0
50,38,99,9,9,58,0.794358349488368,0.8119886456438474,-0.017630296155479397,7.670866854235941e-05,3399.163032190941
50,39,0,5,5,1,1.0000001354703003,0.4114550800505983,0.588545055419702,0.0,0.0
50,39,1,9,9,9,0.8483218981663246,0.8087650337475464,0.03955686441877826,1.5466879496165743e-05,543.683559692909
50,39,4,8,8,8,0.7834658719339612,0.7665200348770737,0.01694583705688757,0.0,412.413864568028
50,39,5,9,9,8,0.8561292529417726,0.7599739693451978,0.09615528359657477,0.0,430.48472104573835
50,39,7,6,6,6,0.8208154777466834,0.7331943434112852,0.0876211343353982,1.1963375138657962e-05,334.6424255689662
50,39,8,4,4,13,0.859880864029549,0.8115017240361789,0.04837913999337007,2.1600167896318034e-05,671.9388631571394
50,39,10,1,1,5,0.7874242298460351,0.5911696704750851,0.19625455937095004,6.262421688595655e-06,257.1960381190548
50,39,12,0,0,2,0.8314411555049581,0.535383805966438,0.29605734953852014,0.0,70.01692682276403
50,39,14,3,3,1,0.9999999510092464,0.413177943744641,0.5868220072646054,0.0,0.0
50,39,15,4,4,43,0.8486471693467443,0.8495796068828897,-0.0009324375361453585,7.404514746580946e-05,2573.756443390243
50,39,17,7,7,61,0.8193787426104581,0.8314044855491339,-0.012025742938675865,9.031208640764905e-05,3368.3172573112124
50,39,18,2,2,8,0.8493410180602082,0.72679801244656,0.12254300561364828,0.0,497.2991139237286
50,39,20,1,1,4,0.8612223566794788,0.7233962969376257,0.13782605974185302,0.0,221.51447622142203
50,39,21,8,8,16,0.874967278643704,0.8584581573968654,0.016509121246838676,0.0,894.3379777202113
50,39,22,4,4,8,0.7507894979354066,0.6560474846118483,0.09474201332355836,0.0,395.97158977544353
50,39,23,3,3,10,0.8053167937079289,0.8299813843092314,-0.02466459060130255,1.2428668208197144e-05,465.82341033155393
50,39,24,5,5,2,0.9191813721118138,0.7722450069896167,0.1469363651221971,0.0,92.85730085264832
50,39,25,7,7,19,0.8130578134138026,0.7708748381802251,0.0421829752335775,2.634051136196919e-05,1093.2446925132083
50,39,26,4,4,1,1.000000014884685,0.5082480422188285,0.4917519726658566,0.0,0.0
50,39,28,0,0,14,0.7946156489402928,0.7629755413853441,0.031640107554948727,2.058264686922171e-05,788.1163591666435
50,39,30,0,0,15,0.8542774660121591,0.8176403567200409,0.036637109292118275,2.4305744551221795e-05,933.4057311559914
50,39,31,1,1,3,0.8750887619107857,0.7826345510804504,0.09245421083033523,4.191573462617659e-06,135.52212682476116
50,39,33,1,1,1,1.0000000063984014,0.017404775555269123,0.9825952308431323,0.0,0.0
50,39,34,9,9,11,0.8526103790932026,0.8170887666990772,0.035521612394125435,1.913751051180184e-05,755.133687587787
50,39,35,4,4,2,0.8997066634795685,0.6011732567121777,0.2985334067673908,0.0,77.66991522663623
50,39,36,9,9,22,0.8750091189722671,0.8362863868899757,0.03872273208229138,3.847195677978552e-05,1322.626218342794
50,39,38,8,8,13,0.8495887734076482,0.8089480382566663,0.04064073515098188,2.2310729502952462e-05,781.0097122387025
50,39,39,7,7,20,0.8537723249229496,0.8313737308057788,0.022398594117170822,2.8227115680711788e-05,1188.958315475497
50,39,40,5,5,9,0.6668750992776793,0.6639167027632761,0.0029583965144032165,1.3337941873357432e-05,421.20009906616775
50,39,41,9,9,1,0.9999999099579928,0.13215089988825798,0.8678490100697348,0.0,0.0
50,39,42,4,4,15,0.7969959094177729,0.7656756066008027,0.03132030281697018,2.3563300254132783e-05,837.2160416441775
50,39,43,3,3,7,0.8703268005916615,0.8327610369056495,0.037565763686011944,1.2071643966325521e-05,421.5063560805555
50,39,46,6,6,10,0.8079418889979278,0.7439633286831733,0.06397856031475457,1.601767736368645e-05,593.9721279703703
50,39,47,8,8,15,0.840449260398219,0.7844974924595991,0.05595176793861989,1.9520853801552438e-05,785.6755501465624
50,39,48,1,1,3,0.803223016069039,0.6377204963656962,0.16550251970334284,4.349205433210525e-06,124.06110546484392
50,39,49,5,5,1,0.9999999422590076,0.4635220296319607,0.5364779126270469,0.0,0.0
50,39,50,1,1,1,1.000000046632908,0.555803503326948,0.44419654330596003,0.0,0.0
50,39,51,2,2,1,0.9999999128979594,0.5069962430909412,0.49300366980701826,0.0,0.0
50,39,52,0,0,4,0.8821148648361179,0.8239075879218113,0.058207276914306605,0.0,180.65958920438868
50,39,54,3,3,6,0.8532658342906445,0.7905569168687787,0.0627089174218658,1.1006707636489605e-05,362.7208137119321
50,39,55,8,8,2,0.791455650426442,0.43060300074513086,0.3608526496813111,0.0,65.77112354046002
50,39,56,3,3,4,0.8518237337860435,0.7482043988091434,0.10361933497690012,0.0,171.46509947545954
50,39,57,6,6,29,0.8712762972645793,0.8587987370871868,0.012477560177392544,3.380657299132159e-05,1789.9232520077467
50,39,58,8,8,33,0.7872159536125485,0.7776709606261234,0.009544992986425083,4.781960116889324e-05,1809.56917854143
50,39,59,8,8,19,0.8176900710666135,0.8028370258433916,0.01485304522322195,2.9432061958779448e-05,942.7724911637372
50,39,61,7,7,1,1.0000000107085083,0.33930332320831336,0.660696687500195,0.0,0.0
50,39,62,7,7,7,0.84894509538837,0.8020648384015342,0.046880256986835844,1.3741972984997548e-05,436.0243840779767
50,39,63,1,1,13,0.7918705165983384,0.7862186208995677,0.00565189569877067,2.4021735627315447e-05,719.7714193142847
50,39,66,3,3,7,0.8839816793867462,0.8290110341835147,0.05497064520323147,1.1337604515999502e-05,417.6307605308407
50,39,67,6,6,3,0.8209981752920659,0.7114916844926319,0.10950649079943398,4.07309858209512e-06,127.93777397186724
50,39,68,3,3,18,0.8786653456136286,0.8497832548203027,0.028882090793325932,3.095761933150006e-05,1021.6334221942551
50,39,69,4,4,87,0.8266464923150979,0.8583704715715063,-0.03172397925640835,0.000131302373238874,4922.571245327593
50,39,70,9,9,1,1.0000000760067718,0.35703158777224814,0.6429684882345237,0.0,0.0
50,39,71,3,3,44,0.8311767494428169,0.8293075664615254,0.0018691829812915728,5.7427412947676804e-05,2404.8877292690913
50,39,72,2,2,2,0.8393885430781074,0.6350781597567954,0.20431038332131202,0.0,66.4748875613209
50,39,73,1,1,12,0.8420702419498179,0.7891986534460306,0.05287158850378737,2.2192550943960023e-05,753.1719282026985
50,39,74,6,6,3,0.8278365845000177,0.7701764699529201,0.05766011454709763,5.688875258666297e-06,146.71369782255545
50,39,75,4,4,3,0.8481244194563694,0.8616614795340984,-0.013537060077729035,3.7349324991278167e-06,150.38919737601103
50,39,76,7,7,2,0.8777233822538111,0.5462949464738868,0.3314284357799243,0.0,75.94666960076843
50,39,78,2,2,1,0.9999999977162353,0.4647706725380453,0.5352293251781899,0.0,0.0
50,39,79,5,5,1,0.9999999890001967,0.40128893869961213,0.5987110503005846,0.0,0.0
50,39,80,0,0,5,0.8375899026569529,0.6201141586539571,0.21747574400299574,9.655830392652679e-06,280.88766092027527
50,39,81,6,6,55,0.8209870132430872,0.8151380087406339,0.005849004502453292,6.477008498471789e-05,2936.669985652156
50,39,82,0,0,33,0.8868740730619911,0.8555254956121835,0.03134857744980757,4.766459560496554e-05,2095.68107806309
50,39,83,4,4,5,0.8166877214467051,0.7977560298278493,0.018931691618855773,9.148342755138624e-06,274.5031866974426
50,39,84,0,0,3,0.7999398142988945,0.6527488238682219,0.14719099043067263,4.184865578634841e-06,127.57200947536876
50,39,85,5,5,4,0.8473294319729936,0.7621319184751685,0.08519751349782512,0.0,206.45030307822628
50,39,86,6,6,11,0.8151941615180986,0.8223638184601492,-0.007169656942050517,1.8203829134173762e-05,623.041443995749
50,39,88,9,9,20,0.8685900827310881,0.8068830760337208,0.061707006697367284,3.130962512902245e-05,1152.0285398628826
50,39,89,9,9,2,0.8404209537030553,0.5329351729227573,0.307485780780298,0.0,63.99819458015184
50,39,92,1,1,8,0.8138816362054555,0.7522482398647584,0.06163339634069709,0.0,455.81142300772825
50,39,93,2,2,1,1.0000000193442011,0.14834453151296853,0.8516554878312326,0.0,0.0
50,39,94,9,9,2,0.8697906191508255,0.5325710151119839,0.33721960403884155,0.0,75.95798039279254
50,39,95,2,2,11,0.7758118395867054,0.8103272703570558,-0.03451543077035035,1.8261010365180726e-05,619.3646364461019
50,39,96,7,7,7,0.78464707441019,0.6652908756863619,0.11935619872382808,8.676495063379993e-06,288.21601936698937
50,39,97,2,2,3,0.8327416727228796,0.698203523845186,0.13453814887769355,4.9208698975815365e-06,146.12037206508188
50,39,99,9,9,17,0.8403105163722865,0.7815036617861634,0.058806854586123114,2.443258401935858e-05,960.4366294273225
50,40,0,5,5,7,0.8514279466594942,0.789722985152276,0.06170496150721816,1.3118779639235775e-05,427.35724092673433
50,40,2,6,6,8,0.8190411783662244,0.6504673208491843,0.16857385751704002,0.0,406.57023577256035
50,40,4,8,8,32,0.8485384837848793,0.8273413631067719,0.021197120678107417,0.0,2089.5521925132084
50,40,6,7,7,3,0.9114187874967221,0.7446771778698974,0.16674160962682472,6.4885928568314775e-06,165.5297133615401
50,40,7,6,6,4,0.8001418346412796,0.7852612161660386,0.014880618475241025,0.0,225.6982079443027
50,40,8,4,4,1,0.9999999630199413,0.46778357350483957,0.5322163895151018,0.0,0.0
50,40,9,7,7,11,0.7990655976320312,0.7393498115903001,0.05971578604173111,1.4994674652411794e-05,651.6466222691022
50,40,10,1,1,3,0.7820867420486837,0.5019440165686132,0.28014272548007046,4.313892429975092e-06,126.81749712100242
50,40,11,0,0,1,0.9999999844249171,0.32501078824138663,0.6749891961835305,0.0,0.0
50,40,12,0,0,8,0.8059510112691121,0.7694773515530249,0.03647365971608718,0.0,421.52358149396315
50,40,13,2,2,13,0.7681404738753587,0.7835419862345518,-0.015401512359193181,1.9228530961895388e-05,652.9516071534283
50,40,14,3,3,5,0.8146259122597436,0.7367706122624025,0.07785529999734109,7.408370506120194e-06,279.6805119581737
50,40,15,4,4,30,0.8584055970441958,0.8392704674271633,0.019135129617032565,4.834267565795858e-05,1830.3643384420068
50,40,16,6,6,9,0.7423134513909974,0.6442472732028018,0.09806617818819552,1.1331042373866067e-05,447.91636273226544
50,40,17,7,7,5,0.810629245375953,0.7802677338103005,0.030361511565652588,8.745310448232686e-06,243.64410853986294
50,40,18,2,2,13,0.8275090001809834,0.8163532971237603,0.011155703057223132,1.5313602564483556e-05,783.8067069512591
50,40,19,5,5,16,0.8434670805828735,0.7959690114662713,0.04749806911660215,0.0,973.793549879331
50,40,21,8,8,18,0.8994883765481462,0.8976989054263432,0.0017894711218029435,3.2745646388496696e-05,1169.2386882434641
50,40,23,3,3,3,0.8094972654687499,0.6765176951306849,0.13297957033806496,4.539387108970001e-06,124.82328206329875
50,40,24,5,5,12,0.9089654957235521,0.8968456654378744,0.012119830285677757,2.883131888661346e-05,904.6784588428511
50,40,25,7,7,5,0.7662327973891268,0.6846838120691214,0.08154898532000532,8.572430985479822e-06,250.7232337380352
50,40,27,8,8,20,0.8127265621761494,0.8361204242239396,-0.02339386204779026,4.203587094639217e-05,1171.9348259316114
50,40,29,2,2,2,0.8566629421265027,0.6470633553620219,0.20959958676448087,0.0,69.954996182811
50,40,30,0,0,6,0.9036936994093384,0.8605866897282615,0.043107009681076947,1.1182219819440329e-05,379.9899323445833
50,40,32,3,3,8,0.8022820670210893,0.760541180601053,0.04174088642003626,0.0,421.1134749768318
50,40,33,1,1,4,0.7450016158589466,0.5857127368951136,0.15928887896383304,0.0,141.6827607008038
50,40,35,4,4,19,0.7410508573867418,0.7398468357436129,0.0012040216431289386,4.2524673418369965e-05,1008.5857435128036
50,40,36,9,9,4,0.8464900231616063,0.8173344130432444,0.029155610118361874,0.0,195.31300086343404
50,40,39,7,7,2,0.881816389727373,0.7202260245568307,0.16159036517054226,0.0,78.18953495290201
50,40,40,5,5,8,0.7929696870256135,0.7720102507506602,0.020959436274953336,0.0,373.94959967903304
50,40,41,9,9,5,0.8314472101599732,0.7504958650615384,0.08095134509843482,7.936430005685503e-06,246.61205316891883
50,40,44,0,0,1,0.9999999401188576,0.474060839214954,0.5259391009039036,0.0,0.0
50,40,45,5,5,33,0.8396444385724062,0.7910265845454001,0.048617854027006135,4.42423759499387e-05,1886.8710871619774
50,40,47,8,8,1,0.9999999746016839,0.3174992690458463,0.6825007055558376,0.0,0.0
50,40,48,1,1,9,0.8285399983984562,0.7153341959624435,0.11320580243601264,1.636457273681404e-05,520.7383255162788
50,40,49,5,5,1,1.0000000326754859,0.5587288719977404,0.4412711606777455,0.0,0.0
50,40,50,1,1,1,1.0000000124829087,0.379949760698564,0.6200502517843447,0.0,0.0
50,40,51,2,2,7,0.8508803360669529,0.7357468645282631,0.1151334715386898,9.591689070896077e-06,417.0811719063737
50,40,54,3,3,14,0.8950789371134528,0.797487460217197,0.0975914768962558,2.909832374437072e-05,977.0724815467075
50,40,55,8,8,1,0.9999999655237898,0.6191229147755969,0.3808770507481929,0.0,0.0
50,40,56,3,3,13,0.8336987904510689,0.7763396032385178,0.057359187212551066,1.906004587464359e-05,681.6655781430741
50,40,58,8,8,8,0.80482889812352,0.7034465042066184,0.10138239391690163,0.0,429.8865268456548
50,40,59,8,8,3,0.8831081317076538,0.5494523665489385,0.3336557651587153,4.5969564649377195e-06,125.20640743230278
50,40,60,6,6,10,0.7929190795388802,0.765648272874174,0.02727080666470616,1.4700051602976674e-05,496.66942351538
50,40,61,7,7,10,0.8338132620415368,0.7976379926452125,0.03617526939632432,1.1843976465525796e-05,503.81933072057814
50,40,63,1,1,10,0.8094549143106039,0.7652868925993602,0.04416802171124368,1.9497132116023616e-05,604.4944368199943
50,40,64,0,0,1,0.9999999380444378,0.49634913947651843,0.5036507985679193,0.0,0.0
50,40,65,5,5,18,0.8171395381455548,0.7198519670054239,0.09728757114013098,2.738030121491986e-05,991.3294285976011
50,40,66,3,3,18,0.874911495706348,0.8707755304890972,0.004135965217250792,4.036488919963412e-05,1140.9614528141549
50,40,67,6,6,2,0.8231682992290527,0.6135768563193966,0.20959144290965603,0.0,76.39701792243008
50,40,68,3,3,5,0.8133111730714836,0.6365282836295894,0.17678288944189424,7.277546787311429e-06,244.63430310804156
50,40,69,4,4,4,0.7377996047770848,0.6858989640603987,0.0519006407166861,0.0,181.1876432014213
50,40,70,9,9,10,0.8310540062931953,0.8517684511787893,-0.02071444488559404,1.4653710940975707e-05,586.0384473512627
50,40,71,3,3,3,0.8212893821044911,0.6718013773064437,0.14948800479804736,4.505765331518392e-06,135.82091172717227
50,40,72,2,2,4,0.8662796572304456,0.7464544212269065,0.11982523600353912,0.0,227.99106217961534
50,40,74,6,6,3,0.803982887298007,0.5358775041439716,0.2681053831540354,4.094482564979493e-06,134.6284651987902
50,40,75,4,4,7,0.8604739150787685,0.7749973941138456,0.08547652096492286,1.2673777531462796e-05,402.50497513475113
50,40,76,7,7,4,0.8556976562312922,0.7425120540830068,0.11318560214828544,0.0,204.06108740594328
50,40,77,8,8,7,0.7785876187492834,0.6939459768264918,0.08464164192279156,1.0871511756348622e-05,323.1663865909444
50,40,79,5,5,10,0.8120869239325458,0.7796056295459779,0.03248129438656788,1.1067126746403221e-05,543.5038455819666
50,40,80,0,0,2,0.8765124599953288,0.27865290625462924,0.5978595537406995,0.0,73.79710363910173
50,40,81,6,6,15,0.83795772471949,0.7697746376070876,0.0681830871124024,1.9231474405821514e-05,798.8016496492703
50,40,82,0,0,22,0.8707707273948544,0.855490556662006,0.015280170732848375,4.118106277300274e-05,1389.5176714160018
50,40,83,4,4,1,0.999999958425151,0.21367012203662833,0.7863298363885227,0.0,0.0
50,40,84,0,0,13,0.7567481556314662,0.6921859627622435,0.06456219286922271,1.7462762340105678e-05,643.1341524462911
50,40,85,5,5,14,0.8219820722604463,0.7924062966708032,0.029575775589643083,1.9779795810668105e-05,792.9151326488461
50,40,87,1,1,18,0.7143521473409564,0.7443926304471861,-0.030040483106229643,2.2665898816788454e-05,939.7256518254522
50,40,88,9,9,6,0.8959597937261297,0.8413575139074378,0.05460227981869181,1.1305150305527852e-05,361.0738695074935
50,40,89,9,9,1,0.9999999842444706,0.4622260607471709,0.5377739234972997,0.0,0.0
50,40,90,2,2,5,0.7617095930081803,0.6296114014380353,0.13209819157014502,7.128714234695819e-06,208.94393981474124
50,40,91,8,8,15,0.8181618901993464,0.7658489280295394,0.052312962169806965,2.5876692051439068e-05,902.3745883291408
50,40,92,1,1,5,0.8050356015691977,0.7388143706271247,0.066221230942073,7.546398796307684e-06,230.41824875240547
50,40,93,2,2,20,0.8491457139553815,0.8222571822020306,0.02688853175335093,3.1543699108224286e-05,1245.0032221739114
50,40,94,9,9,15,0.812856619700505,0.8254552486044262,-0.01259862890392116,2.72752172954611e-05,884.2298766030029
50,40,95,2,2,11,0.8416142298215535,0.7993608070144649,0.04225342280708866,1.750914770498246e-05,678.8196189933877
50,40,96,7,7,4,0.822668201430841,0.6711206883880819,0.15154751304275904,0.0,173.96261959008018
50,40,97,2,2,8,0.867454721996587,0.8325602197850254,0.03489450221156165,0.0,471.2392279966116
50,40,99,9,9,3,0.7741605806217208,0.42942973083911234,0.34473084978260843,3.74340275514323e-06,115.64282321116309
50,41,0,5,5,1,0.9999999448749806,0.3054995053202035,0.6945004395547771,0.0,0.0
50,41,1,9,9,5,0.8458944352165884,0.7394345075595986,0.10645992765698975,1.0394114418908658e-05,279.2155776200203
50,41,2,6,6,3,0.8452005396043589,0.6738081728872861,0.1713923667170728,4.960234141725893e-06,134.9253436690633
50,41,3,4,4,18,0.8007789751752794,0.7556138799474394,0.04516509522783996,2.8983084857182824e-05,1045.840790658947
50,41,4,8,8,4,0.8375637199826026,0.6755665092207171,0.16199721076188545,0.0,181.60039336953494
50,41,5,9,9,8,0.7922712560602887,0.6568173760938127,0.13545387996647595,0.0,398.677505909066
50,41,6,7,7,9,0.8566515842980096,0.7969254173841082,0.059726166913901424,1.2167275025960651e-05,566.6310361713585
50,41,7,6,6,4,0.8226572583041782,0.6660012779434468,0.15665598036073147,0.0,210.0184099330724
50,41,9,7,7,19,0.8069944603894842,0.7931291676741904,0.013865292715293798,3.408514760220377e-05,1119.5778443651675
50,41,10,1,1,3,0.8381946480808924,0.6201963393575165,0.2179983087233759,4.7230244479462355e-06,133.56060960392435
50,41,12,0,0,1,0.9999999454030895,0.5665517591143059,0.43344818628878357,0.0,0.0
50,41,13,2,2,26,0.8091979264952756,0.8008769990689809,0.008320927426294644,4.0852569483950835e-05,1416.544412912453
50,41,14,3,3,2,0.84914877264541,0.616356921836766,0.23279185080864395,0.0,78.36428728079393
50,41,15,4,4,1,1.0000000298899403,0.5099264180866685,0.4900736118032718,0.0,0.0
50,41,16,6,6,8,0.7710243049900934,0.7427431827486337,0.028281122241459733,0.0,413.3105805915978
50,41,17,7,7,21,0.8502741506863618,0.8045403772152697,0.04573377347109209,3.293327206470876e-05,1143.6865172352154
50,41,18,2,2,1,1.0000000182066204,0.5063774057928209,0.49362261241379957,0.0,0.0
50,41,19,5,5,5,0.8454423869387623,0.7656890566405422,0.07975333029822007,8.220532078506206e-06,246.136077215841
50,41,22,4,4,6,0.7335981133683376,0.7267502467062873,0.006847866662050284,8.545537157399541e-06,286.6516759661867
50,41,23,3,3,1,0.9999999798908424,0.5762253552737372,0.42377462461710524,0.0,0.0
50,41,24,5,5,44,0.8873343488643306,0.8722400857500124,0.015094263114318163,9.158659735885037e-05,3257.8637960518436
50,41,25,7,7,7,0.7418551877663778,0.7095063179497224,0.03234886981665541,1.0247823216486036e-05,378.7514349977433
50,41,27,8,8,33,0.8555982600065911,0.8167974116153708,0.03880084839122033,4.644098666618477e-05,2097.309168840284
50,41,29,2,2,26,0.7978774215812859,0.7819260268264242,0.015951394754861736,3.783851099448028e-05,1467.7570844005609
50,41,30,0,0,4,0.873967586818566,0.7185300913126038,0.1554374955059622,0.0,199.26723841496286
50,41,31,1,1,1,0.9999999969803496,0.4500556137371658,0.5499443832431838,0.0,0.0
50,41,33,1,1,1,1.0000000820910757,0.19948050049987398,0.8005195815912017,0.0,0.0
50,41,34,9,9,1,0.9999999679707191,0.22246073102199562,0.7775392369487235,0.0,0.0
50,41,35,4,4,20,0.785222066349125,0.7437658761779539,0.04145619017117108,3.7272247736742326e-05,1100.9675267550817
50,41,36,9,9,1,0.9999999747904628,0.4219913017442525,0.5780086730462103,0.0,0.0
50,41,37,7,7,8,0.7782439820528583,0.7501184487346377,0.02812553331822054,0.0,368.44052108594644
50,41,38,8,8,2,0.8982492529348501,0.7203662575616762,0.17788299537317398,0.0,86.3068033330036
50,41,39,7,7,3,0.9102970070395605,0.8194034985253317,0.09089350851422884,4.971647775826857e-06,153.74174780102354
50,41,40,5,5,10,0.6692012258457847,0.6123715835110716,0.056829642334713104,1.4476389589990187e-05,494.68878525438106
50,41,42,4,4,3,0.8199200356483122,0.5947728642756436,0.2251471713726686,4.924167313396219e-06,121.81794863171031
50,41,43,3,3,3,0.8531773472066067,0.6259240773471093,0.22725326985949734,4.646174487685799e-06,120.78530544743019
50,41,44,0,0,6,0.7814465214212375,0.6127010652379765,0.16874545618326098,9.086287006204361e-06,286.58054134150393
50,41,45,5,5,2,0.8284874086427826,0.5068210208651176,0.321666387777665,0.0,65.77920781816037
50,41,46,6,6,6,0.8102486840136113,0.6275640785244881,0.18268460548912313,9.368742667034631e-06,325.83073698148263
50,41,48,1,1,8,0.842830646849173,0.7947268045523086,0.048103842296864374,0.0,449.3789099519337
50,41,49,5,5,2,0.8666583641696501,0.5627133129040232,0.303945051265627,0.0,67.74856506228578
50,41,50,1,1,27,0.8294821626096264,0.7815390547965966,0.047943107813029795,3.718576677750257e-05,1548.0172559107148
50,41,51,2,2,9,0.8364477755387967,0.8113382936980129,0.025109481840783765,1.1963509757044353e-05,515.4021605006446
50,41,52,0,0,3,0.860077566850842,0.6151636727720028,0.24491389407883923,5.0958760469388085e-06,132.7695287691361
50,41,53,3,3,38,0.8879493288773516,0.8572180279923683,0.030731300884983215,5.877299333679486e-05,2568.915998153359
50,41,54,3,3,1,1.000000036784004,0.604325715914389,0.39567432086961507,0.0,0.0
50,41,56,3,3,13,0.8231021850653606,0.7709182979743102,0.052183887091050374,1.8520527041680852e-05,698.354843578978
50,41,57,6,6,2,0.8237061019182302,0.4851670080204154,0.33853909389781484,0.0,71.65601498444177
50,41,58,8,8,12,0.8101732078305673,0.739661177953039,0.07051202987752836,1.97760671013236e-05,664.658555318648
50,41,59,8,8,1,0.99999993883084,0.2565341827470082,0.7434657560838318,0.0,0.0
50,41,60,6,6,10,0.7713314767504404,0.7697943777483232,0.0015370990021172926,1.3126954838712352e-05,483.6849805752042
50,41,61,7,7,4,0.8242345174893961,0.7131637482588338,0.11107076923056236,0.0,216.31965981999718
50,41,64,0,0,1,1.000000049262201,0.4906824591870679,0.5093175900751331,0.0,0.0
50,41,68,3,3,1,1.0000000223449341,0.5505779597911377,0.44942206255379646,0.0,0.0
50,41,69,4,4,1,1.0000000709045538,0.6255183603877729,0.3744817105167809,0.0,0.0
50,41,70,9,9,7,0.8187668136583256,0.7719261206302266,0.04684069302809901,1.1979487130722577e-05,383.7899024336985
50,41,71,3,3,3,0.8361962625650636,0.7442359467842248,0.09196031578083885,5.237755535945108e-06,137.12983924584273
50,41,72,2,2,12,0.7997038741715429,0.7787820677549154,0.020921806416627442,2.266416333031636e-05,731.9634549943601
50,41,73,1,1,1,0.9999999898783793,0.4340041097839425,0.5659958800944369,0.0,0.0
50,41,75,4,4,9,0.89812121140163,0.8876441849060458,0.01047702649558424,1.7178620394306495e-05,579.4406355326719
50,41,76,7,7,29,0.8070818683308248,0.798393606150993,0.008688262179831874,3.84686708510623e-05,1609.0782676533915
50,41,78,2,2,9,0.8025283808211457,0.7293651364307674,0.07316324439037836,1.9705598363611154e-05,551.1865102033024
50,41,79,5,5,6,0.8621946900034206,0.7516596312262078,0.11053505877721281,1.0735857042069347e-05,362.3050148376711
50,41,80,0,0,5,0.7552884374319918,0.7202555001246229,0.035032937307368894,6.351561857636506e-06,235.04916028052432
50,41,81,6,6,4,0.7903188665746281,0.7879290112296645,0.0023898553449636095,0.0,175.83571697428698
50,41,82,0,0,5,0.8105886352037767,0.6949319363910814,0.11565669881269525,8.074170027298172e-06,255.8664462720343
50,41,83,4,4,4,0.8777582367944992,0.736295420921045,0.1414628158734541,0.0,235.32790887296622
50,41,84,0,0,6,0.7380974378470069,0.6019173411387669,0.13618009670823994,6.782047596483545e-06,258.92613075983
50,41,85,5,5,18,0.8657696083202749,0.7924581584086532,0.07331144991162175,2.6534751852980933e-05,986.4366170909262
50,41,86,6,6,8,0.9128020582344217,0.7584241648598161,0.1543778933746056,0.0,526.393492206463
50,41,88,9,9,24,0.8598172830596177,0.8823070504665969,-0.022489767406979166,4.021837369348285e-05,1459.5850790849904
50,41,89,9,9,6,0.776718127829255,0.6756723189155001,0.10104580891375492,8.199182581500104e-06,264.0335129692756
50,41,90,2,2,2,0.872817216371691,0.5383785886036204,0.33443862776807054,0.0,64.9291720245972
50,41,91,8,8,9,0.8510499303766932,0.7546209409624122,0.09642898941428102,1.5914098269940762e-05,566.0271676751656
50,41,94,9,9,14,0.8398715376249707,0.7871092359996651,0.0527623016253056,2.1809386481726604e-05,812.9772475775155
50,41,95,2,2,1,1.00000000003316,0.7237939698528574,0.27620603018030254,0.0,0.0
50,41,96,7,7,20,0.8360179315379356,0.8406221994772055,-0.004604267939269935,2.7654616441466723e-05,976.5736273633548
50,41,97,2,2,6,0.8715744918867897,0.8587118654557285,0.012862626431061175,1.0367285958995026e-05,369.06365170210796
50,42,0,5,5,6,0.8099403353825241,0.7576404067512775,0.05229992863124655,8.117012642215515e-06,344.2101221070203
50,42,1,9,9,1,0.9999999641935092,0.4741246515410908,0.5258753126524185,0.0,0.0
50,42,2,6,6,2,0.828373466320929,0.44963677264037766,0.37873669368055135,0.0,64.38820547301243
50,42,3,4,4,8,0.7863746675884467,0.7293476325315933,0.05702703505685336,0.0,452.32857182272465
50,42,4,8,8,8,0.7945038365992708,0.7917811094507057,0.0027227271485651405,0.0,438.54244476814114
50,42,5,9,9,12,0.8354239870757934,0.7961244212479823,0.03929956582781102,1.8358151318441314e-05,674.0354751007899
50,42,6,7,7,41,0.8455190231933443,0.8235841986449427,0.021934824548401566,7.326509980667478e-05,2832.435435966218
50,42,8,4,4,12,0.771240036871205,0.7737915503969185,-0.002551513525713478,1.3633479532409464e-05,638.6932758513543
50,42,9,7,7,4,0.8559516550999832,0.8405163770827481,0.015435278017235099,0.0,225.84632628273172
50,42,10,1,1,46,0.7351605652337421,0.7614861212136421,-0.02632555597990005,6.54866304317527e-05,2272.735374983983
50,42,11,0,0,31,0.7512330237149373,0.7089537562132586,0.04227926750167865,3.7639484622840816e-05,1614.5501120815245
50,42,12,0,0,15,0.7556864761476528,0.7847546706115127,-0.029068194463859887,2.210782606949188e-05,764.9334193165455
50,42,13,2,2,5,0.8144913122508782,0.69824678040837,0.11624453184250827,7.486442699951717e-06,246.58557917967264
50,42,14,3,3,7,0.802811715318707,0.7699925562067276,0.03281915911197941,9.128903487161423e-06,427.3803371540089
50,42,16,6,6,2,0.8837057198985115,0.49315587194780836,0.3905498479507032,0.0,70.67251290321121
50,42,17,7,7,21,0.8157139437045564,0.8236311918091187,-0.007917248104562291,2.8848056196096234e-05,1112.0349256512213
50,42,18,2,2,1,0.9999998714935828,0.11478549395508883,0.885214377538494,0.0,0.0
50,42,20,1,1,4,0.9044382330871067,0.7690170429742332,0.13542119011287346,0.0,226.723600921275
50,42,22,4,4,1,1.0000000437622703,0.421445242913336,0.5785548008489343,0.0,0.0
50,42,23,3,3,1,0.9999999823708392,0.6627055826005823,0.3372943997702569,0.0,0.0
50,42,24,5,5,28,0.8639105707158135,0.8575327251842477,0.006377845531565729,5.3616716164073136e-05,1927.7768878767276
50,42,25,7,7,25,0.8480223933861284,0.7969596988621419,0.051062694523986485,4.2313223567724236e-05,1486.455371498868
50,42,27,8,8,1,1.0000000957901773,0.1937312810452391,0.8062688147449383,0.0,0.0
50,42,29,2,2,14,0.7749542036307393,0.7555451474713376,0.019409056159401694,1.677018128260617e-05,742.5457531001921
50,42,30,0,0,6,0.8568583045535672,0.8546086558871104,0.002249648666456716,1.1584353098495805e-05,357.66669294099427
50,42,32,3,3,14,0.7966232349141625,0.7869314203421341,0.00969181457202839,2.0290749487110067e-05,737.2011381969605
50,42,33,1,1,1,0.99999996720382,0.5687932825941068,0.43120668460971323,0.0,0.0
50,42,34,9,9,5,0.8446987060523906,0.7479830267693247,0.0967156792830659,6.739820806333705e-06,284.08235014560444
50,42,36,9,9,11,0.8690823400249488,0.7884966931797107,0.08058564684523806,2.1974688612944776e-05,675.2854347582977
50,42,37,7,7,9,0.7652215376731254,0.746461982350821,0.018759555322304444,1.3070050759804436e-05,435.6597803607745
50,42,38,8,8,11,0.8808832555189585,0.8668222118139789,0.014061043704979626,1.4897257824377445e-05,695.8846130678234
50,42,39,7,7,8,0.7832605893566507,0.6781700163765032,0.10509057298014746,0.0,452.66731039688983
50,42,40,5,5,3,0.7635729182923788,0.5315471647250676,0.23202575356731125,4.7656415319648795e-06,123.33015243024273
50,42,43,3,3,15,0.8848705515478718,0.835313335300318,0.049557216247553715,2.601034216814048e-05,952.1637429211526
50,42,44,0,0,10,0.8015539089524981,0.7248691361668368,0.07668477278566133,2.0997102739324676e-05,600.8173636857942
50,42,46,6,6,11,0.7667895680036508,0.7003183793465917,0.06647118865705914,1.723552407829474e-05,580.4295123381315
50,42,47,8,8,4,0.8488020421920689,0.7495585260698321,0.09924351612223681,0.0,197.95377900418558
50,42,48,1,1,53,0.8292091984059249,0.8147999883521784,0.014409210053746513,6.95375322854581e-05,3033.5885658539846
50,42,49,5,5,16,0.8819592280343216,0.8800063386892498,0.0019528893450717622,0.0,923.866684331043
50,42,50,1,1,5,0.8290073348190976,0.7432814296320251,0.08572590518707246,8.713545936184571e-06,292.9849472098453
50,42,51,2,2,12,0.8538090522728223,0.8055245749403949,0.04828447733242747,2.1670245594972782e-05,745.8351245901733
50,42,53,3,3,4,0.8290003375304302,0.6157483314871053,0.21325200604332495,0.0,189.97030643799638
50,42,54,3,3,1,0.9999999657857234,0.3607060442354848,0.6392939215502386,0.0,0.0
50,42,55,8,8,8,0.7728994234793684,0.7245326156208954,0.048366807858472916,0.0,371.762097848368
50,42,56,3,3,23,0.850877665691391,0.85459187170885,-0.0037142060174589764,3.622148849333556e-05,1231.2882184439302
50,42,57,6,6,9,0.794501495403751,0.7612622472549968,0.03323924814875423,1.4854460285487703e-05,485.2210946530893
50,42,58,8,8,2,0.8880595380650029,0.5878083500172926,0.30025118804771034,0.0,70.1593021242014
50,42,59,8,8,1,0.9999999144156893,0.4293490313052469,0.5706508831104424,0.0,0.0
50,42,60,6,6,14,0.7723198356413097,0.6932029869956287,0.07911684864568103,1.9123622495858184e-05,675.7221395421454
50,42,61,7,7,7,0.7446417001742509,0.6902689042699712,0.05437279590427968,1.0443872425651376e-05,366.5189829962439
50,42,62,7,7,3,0.8352634888215572,0.6437388142383882,0.19152467458316902,5.250517048461979e-06,146.54370142314247
50,42,64,0,0,2,0.8663615763399489,0.7773517016440892,0.08900987469585975,0.0,80.10606317794917
50,42,65,5,5,1,1.0000001085993921,0.5964137162972428,0.4035863923021493,0.0,0.0
50,42,66,3,3,2,0.7689006341033955,0.4746886414588358,0.29421199264455966,0.0,64.40749158304186
50,42,67,6,6,1,0.9999999984171186,0.5110035323790407,0.4889964660380779,0.0,0.0
50,42,68,3,3,30,0.8655187382097415,0.8436668392951704,0.021851898914571066,4.494979687577738e-05,1794.6441205311253
50,42,69,4,4,6,0.854441149447277,0.7900487322499407,0.06439241719733635,8.266574933365932e-06,317.3153408912145
50,42,70,9,9,23,0.8647278245167006,0.8368868785150558,0.027840946001644773,3.3803944360933435e-05,1335.7324543232878
50,42,71,3,3,14,0.861744138975153,0.7635992717163715,0.09814486725878147,2.193016790982383e-05,853.8251158922693
50,42,72,2,2,9,0.7833093804791874,0.7316719164549087,0.05163746402427871,1.7357399086839473e-05,520.0664056729298
50,42,73,1,1,1,0.9999999169272612,0.3957939267435061,0.6042059901837551,0.0,0.0
50,42,74,6,6,5,0.8343485104082065,0.772664838009944,0.061683672398262446,8.305036265652844e-06,301.9659732284913
50,42,75,4,4,7,0.9018712165671294,0.8549235544523734,0.046947662114755984,1.3553339619712365e-05,481.39562674487667
50,42,77,8,8,9,0.7902822829165105,0.8270493009051377,-0.03676701798862725,1.5284595695472823e-05,474.149101345652
50,42,78,2,2,7,0.8064035625088697,0.7532733275162239,0.0531302349926458,1.1005105840053243e-05,391.1568503407206
50,42,79,5,5,5,0.8295074895966434,0.7066479343533787,0.12285955524326475,8.386522785015713e-06,276.7170610710531
50,42,82,0,0,2,0.8956309896280366,0.6745107557242236,0.22112023390381297,0.0,77.84650600940682
50,42,84,0,0,3,0.802859939409999,0.5900801718090167,0.21277976760098227,4.6145174663471896e-06,130.7614883916326
50,42,86,6,6,3,0.8061899943987962,0.7076604965226493,0.09852949787614695,5.364529027412408e-06,142.3259956060195
50,42,87,1,1,5,0.8122158201794295,0.7815168975827437,0.03069892259668583,8.25301499802052e-06,255.69960883939285
50,42,88,9,9,26,0.8355844812079166,0.8222720246117604,0.013312456596156208,3.9702901588253504e-05,1474.4719105562403
50,42,89,9,9,45,0.8070377309045641,0.8042183090216317,0.0028194218829323825,6.639999679343017e-05,2434.622244380087
50,42,90,2,2,6,0.7890798093656722,0.6409588482467862,0.14812096111888606,8.09231931470114e-06,262.05661801391585
50,42,92,1,1,10,0.8330885252983419,0.7946254380651249,0.03846308723321701,1.3971974320128352e-05,536.4889353624283
50,42,93,2,2,1,0.9999999589656233,0.6477313154043772,0.3522686435612461,0.0,0.0
50,42,94,9,9,3,0.8705594394551277,0.6611256117670546,0.20943382768807306,4.878840133428669e-06,134.11232008529552
50,42,95,2,2,26,0.8681641058017355,0.8418422334286079,0.026321872373127664,4.538269332720594e-05,1779.8686912862051
50,42,96,7,7,11,0.8613253910959926,0.7824003464681853,0.07892504462780725,1.6596699914168122e-05,576.1496551498508
50,42,97,2,2,7,0.860774215164859,0.8257380087773952,0.03503620638746374,1.6292759944177556e-05,443.8607639646721
50,42,99,9,9,26,0.8099822190211045,0.7416941347896684,0.06828808423143606,3.256862284240593e-05,1409.3682881113323
50,43,0,5,5,7,0.8447753095255818,0.8355146097946139,0.00926069973096788,1.1521851767019747e-05,398.5127897447131
50,43,1,9,9,27,0.8070834229454332,0.7857438793962649,0.02133954354916834,4.704133369161969e-05,1603.6190067001307
50,43,2,6,6,36,0.7926337660717572,0.8177045103785969,-0.025070744306839754,4.1776225185348085e-05,1874.9056881268841
50,43,4,8,8,15,0.8678171304063453,0.8166642185549393,0.051152911851406024,2.126471950207369e-05,965.9363187337868
50,43,5,9,9,2,0.8899334645571708,0.824308477248055,0.06562498730911581,0.0,59.512147830257504
50,43,6,7,7,8,0.8305390233825964,0.7840006684062006,0.0465383549763958,0.0,489.8516069048264
50,43,7,6,6,17,0.8146964095571878,0.8115270729419479,0.0031693366152398816,3.1845838852468876e-05,1083.6619861697434
50,43,9,7,7,1,1.0000000484859846,0.3453627291741325,0.654637319311852,0.0,0.0
50,43,10,1,1,13,0.7847882046080786,0.7184026735485488,0.06638553105952982,1.7605578148939708e-05,690.0271929162535
50,43,11,0,0,2,0.8346529995589759,0.4927989874481641,0.3418540121108118,0.0,75.4424228297841
50,43,12,0,0,5,0.8179038911278704,0.6306613891178352,0.18724250201003523,6.728092538095292e-06,251.92100474240698
50,43,14,3,3,4,0.8755314538584424,0.7087271653677194,0.16680428849072304,0.0,202.50653682581458
50,43,15,4,4,2,0.8961657136578282,0.6236375347076369,0.2725281789501912,0.0,80.1278244660478
50,43,16,6,6,6,0.7131683687656555,0.5886387153724767,0.12452965339317879,7.913124148181002e-06,258.94923399233454
50,43,17,7,7,4,0.8115681145588339,0.7269894755999134,0.08457863895892048,0.0,183.5275456136348
50,43,18,2,2,2,0.8828412155234346,0.563687198761146,0.3191540167622886,0.0,75.55726745054285
50,43,19,5,5,30,0.8344802554592317,0.7877282920774845,0.04675196338174714,5.1853215148644654e-05,1907.579848018919
50,43,21,8,8,4,0.7313025686418484,0.6854415958277542,0.04586097281409418,0.0,185.18193780445316
50,43,22,4,4,1,0.9999999924454761,0.15575968896077327,0.8442403034847028,0.0,0.0
50,43,23,3,3,6,0.8503004774353458,0.7734813270873319,0.0768191503480139,6.641294729925665e-06,262.9838645940036
50,43,25,7,7,4,0.8150709987863453,0.7722325771932249,0.042838421593120346,0.0,190.80684155899706
50,43,26,4,4,2,0.818387775810774,0.49648262724889686,0.3219051485618772,0.0,76.3525346097269
50,43,27,8,8,5,0.759177834394881,0.6146349608000665,0.14454287359481444,6.836278777304512e-06,209.13462921889408
50,43,28,0,0,1,1.0000000089859176,0.4708440018804511,0.5291560071054664,0.0,0.0
50,43,29,2,2,1,0.9999999277293979,0.18144638168632213,0.8185535460430758,0.0,0.0
50,43,30,0,0,11,0.8545810985372322,0.8297651531607859,0.02481594537644627,1.4987066862911255e-05,621.2168791938976
50,43,31,1,1,15,0.8453721298249395,0.8222494055673751,0.023122724257564342,2.2576023368502766e-05,823.6501328217975
50,43,32,3,3,2,0.8007469943736447,0.6854390078500326,0.11530798652361207,0.0,73.6903712193699
50,43,33,1,1,3,0.7992908520520524,0.5841874043728166,0.21510344767923584,4.211450188450352e-06,117.94898268749867
50,43,34,9,9,3,0.8790557249843699,0.8442466931170723,0.03480903186729756,4.924146908212511e-06,147.73155889981103
50,43,35,4,4,10,0.8159740740395633,0.7489196046374159,0.06705446940214743,1.9257721146775195e-05,542.1424976646881
50,43,36,9,9,3,0.8762122616425334,0.7138813701979065,0.16233089144462687,5.1959191166701055e-06,162.38150169275374
50,43,37,7,7,6,0.8187656889536729,0.6858662318041862,0.1328994571494867,7.2421369260014755e-06,287.6231063067819
50,43,38,8,8,6,0.87268710754979,0.8269630106888036,0.04572409686098633,1.0656112363095519e-05,335.68609564739734
50,43,39,7,7,3,0.890406714298217,0.7049873823865923,0.18541933191162474,4.741960747297802e-06,140.97594539328958
50,43,40,5,5,5,0.8402533460453817,0.668343370540323,0.1719099755050587,7.480494816216675e-06,250.92412740152508
50,43,41,9,9,4,0.8666840401864723,0.8167207095495033,0.049963330636969006,0.0,207.40727744260468
50,43,42,4,4,29,0.8510568418108054,0.7946373372408319,0.05641950456997358,3.453766399568016e-05,1688.9751830355867
50,43,43,3,3,3,0.8797084471116962,0.692488678397045,0.18721976871465118,5.035170005144575e-06,140.30672000202196
50,43,44,0,0,5,0.851018516560233,0.6468620763084942,0.20415644025173874,1.0812737245998195e-05,296.2983164502952
50,43,45,5,5,6,0.8206687922204499,0.601307870103416,0.21936092211703384,7.016326966074471e-06,289.9640361242881
50,43,47,8,8,9,0.8805960002408639,0.7493230681368729,0.13127293210399105,1.3783762389074345e-05,471.4901563398042
50,43,48,1,1,5,0.8430319506366626,0.7201119771734185,0.12291997346324413,8.586917635793603e-06,250.81249028562178
50,43,49,5,5,4,0.8217135941343557,0.7471558639304533,0.07455773020390244,0.0,198.017986987275
50,43,50,1,1,24,0.8079268688922601,0.8025985324561979,0.00532833643606212,3.520093890572081e-05,1368.6464193540112
50,43,52,0,0,1,1.0000000514231877,0.5821416173656923,0.41785843405749545,0.0,0.0
50,43,54,3,3,1,1.0000000322859315,0.2712818627440193,0.7287181695419123,0.0,0.0
50,43,55,8,8,4,0.7619660336881232,0.6680895387238186,0.09387649496430461,0.0,188.95486375862285
50,43,57,6,6,3,0.8403483991331941,0.5970446564636641,0.24330374266953003,4.856584018522573e-06,130.35447147056752
50,43,58,8,8,4,0.7906868165193688,0.5951566158281747,0.1955302006911941,0.0,185.6726749861186
50,43,59,8,8,1,1.0000000346648472,0.34961368389038927,0.6503863507744579,0.0,0.0
50,43,61,7,7,3,0.8176252472636448,0.6563363968516797,0.16128885041196517,5.791001607793509e-06,147.76896158360515
50,43,62,7,7,24,0.8603006175505801,0.8573571556290781,0.0029434619215019664,4.3186967321865115e-05,1479.2857215774752
50,43,63,1,1,97,0.8327119264876077,0.835229253492142,-0.002517327004534331,0.00019609000735199692,5865.349215560862
50,43,64,0,0,1,0.9999999358622577,0.2728122694686685,0.7271876663935892,0.0,0.0
50,43,66,3,3,15,0.8907525043221114,0.8884547784254183,0.0022977258966930814,2.3680775132256745e-05,938.4010291706032
50,43,67,6,6,6,0.8305389632586255,0.778217949942424,0.05232101331620154,8.950541978181107e-06,358.5510731465881
50,43,68,3,3,3,0.8128725566995572,0.6687325321810698,0.1441400245184874,4.2246467410604115e-06,131.32815675536497
50,43,69,4,4,5,0.8728999228402049,0.7537636645261196,0.11913625831408525,7.79576240728952e-06,281.246450810219
50,43,70,9,9,27,0.8492419356596181,0.7778216591136191,0.07142027654599903,4.316609121693066e-05,1568.8915338177922
50,43,71,3,3,1,0.99999998114503,0.5831913998871939,0.41680858125783604,0.0,0.0
50,43,72,2,2,7,0.8087177309108157,0.6686803564657754,0.14003737444504027,1.1401509043996549e-05,376.4789315371855
50,43,73,1,1,6,0.7878309622600776,0.6959927468267822,0.0918382154332954,8.5354116532509e-06,311.9153985047865
50,43,74,6,6,3,0.8582223854954659,0.5921167170792248,0.26610566841624117,4.978402486050022e-06,135.2452015327226
50,43,75,4,4,1,0.9999999698872432,0.5482821980861099,0.45171777180113326,0.0,0.0
50,43,76,7,7,38,0.828770376397304,0.8128855218024682,0.015884854594835796,5.081508300246622e-05,2125.2630506932346
50,43,78,2,2,7,0.8399576174350529,0.7318343814287434,0.10812323600630958,9.017576006796515e-06,387.135359657172
50,43,80,0,0,11,0.7678060225048402,0.7461089249525935,0.02169709755224669,1.363681214221133e-05,551.169298991681
50,43,81,6,6,5,0.8410176649335009,0.6810130382867434,0.16000462664675752,8.508606136853423e-06,258.97916912293374
50,43,82,0,0,2,0.9119241099954604,0.6889372394997728,0.22298687049568755,0.0,83.97133255885838
50,43,83,4,4,2,0.8337402275928575,0.5356834713129678,0.2980567562798897,0.0,61.44035252487059
50,43,84,0,0,12,0.7772130024591664,0.6856824212777893,0.09153058118137702,1.6952022431357925e-05,615.5315017709929
50,43,85,5,5,12,0.8312226933882769,0.7820472837061788,0.049175409682098103,1.89793542734887e-05,647.2573954918255
50,43,86,6,6,3,0.8647331068195001,0.6792210771835522,0.18551202963594793,5.563153278115385e-06,152.57068970084705
50,43,87,1,1,17,0.7973642151103038,0.8082326884003329,-0.010868473290029157,2.4887209816297865e-05,926.3881902704862
50,43,88,9,9,37,0.8690693310538707,0.8503897471353506,0.018679583918520093,6.335896523652245e-05,2293.5414740576784
50,43,91,8,8,13,0.8594792242176652,0.8101674039699092,0.049311820247756044,1.8477666442914217e-05,736.2714600073505
50,43,92,1,1,2,0.7726953603648431,0.5183124338112122,0.25438292655363093,0.0,71.59156406413247
50,43,94,9,9,7,0.8274879643812468,0.7667628601592027,0.060725104222044135,1.1257202025804737e-05,387.41881414747434
50,43,95,2,2,15,0.8610787187141342,0.8481282639836781,0.012950454730456085,2.7964186594068513e-05,975.4920259516526
50,43,96,7,7,19,0.7862652989984922,0.8010954677054941,-0.014830168707001934,2.4662953723976233e-05,954.8896598428896
50,43,97,2,2,8,0.8810677598994738,0.8629436488430305,0.018124111056443293,0.0,514.0554123452682
50,43,99,9,9,2,0.86487619599469,0.7191586510391221,0.14571754495556788,0.0,80.07928588354005
50,44,0,5,5,4,0.8187712893316768,0.7615295767527676,0.0572417125789092,0.0,216.84336570138743
50,44,1,9,9,3,0.8247266697672312,0.5275323309116595,0.29719433885557167,4.024324620763085e-06,115.19051210994431
50,44,2,6,6,2,0.8874627138143375,0.5036415690339368,0.38382114478040075,0.0,72.26613083750972
50,44,3,4,4,15,0.8255938662712177,0.7541055747815675,0.07148829148965019,1.7593176655145027e-05,813.9864211180395
50,44,4,8,8,11,0.8208647107699619,0.7748541703650097,0.04601054040495223,1.7816365987721273e-05,654.2788176105137
50,44,5,9,9,1,1.0000000376553373,0.7480391883977253,0.251960849257612,0.0,0.0
50,44,6,7,7,9,0.8595525637039179,0.7903953701693432,0.06915719353457461,1.5917644082840217e-05,604.9938755223033
50,44,7,6,6,16,0.8617559800824035,0.816653386575898,0.04510259350650547,0.0,1108.5022473719366
50,44,8,4,4,3,0.831912883632195,0.6324122831187919,0.19950060051340301,5.190910884677199e-06,139.74682751838571
50,44,9,7,7,3,0.8301878736958052,0.5733086944406327,0.25687917925517245,4.427985846008577e-06,130.65938167914726
50,44,10,1,1,1,0.9999999653979742,0.43981777998506866,0.5601821854129055,0.0,0.0
50,44,11,0,0,25,0.7815163443013603,0.6726532082210045,0.1088631360803558,3.727455009713755e-05,1277.9007541814728
50,44,12,0,0,6,0.8202198397526553,0.7207307889339414,0.09948905081871395,8.637721323927252e-06,294.63697615688847
50,44,13,2,2,17,0.7905214859732663,0.7888654514295923,0.0016560345436740231,2.7139252340818822e-05,926.574445342566
50,44,14,3,3,1,1.000000023570854,0.4421905678582498,0.5578094557126041,0.0,0.0
50,44,15,4,4,6,0.8563349050912002,0.6790492962147703,0.17728560887642997,8.992947133663093e-06,320.67889223706663
50,44,16,6,6,18,0.8007191551062413,0.7826380259868008,0.018081129119440487,2.1673689329061152e-05,1026.4275501105756
50,44,18,2,2,2,0.8822822084031694,0.5489950436061377,0.3332871647970317,0.0,71.11572197055949
50,44,20,1,1,1,0.9999999755683067,0.6113486447135821,0.3886513308547246,0.0,0.0
50,44,21,8,8,7,0.844967279959061,0.811498237168684,0.03346904279037699,1.3400765979331018e-05,409.5920752682003
50,44,22,4,4,2,0.8052964319145084,0.5434717309806212,0.2618247009338872,0.0,71.46256669087609
50,44,23,3,3,2,0.8723253697035583,0.5637370196266286,0.30858835007692975,0.0,66.35785315013689
50,44,24,5,5,32,0.8863985657571805,0.8858972443620508,0.0005013213951297057,0.0,2361.958373530355
50,44,25,7,7,14,0.8124143792253776,0.7805502179480308,0.031864161277346814,2.00838861571028e-05,736.0743735224006
50,44,27,8,8,6,0.7684742306045004,0.7477529976337106,0.02072123297078976,9.551116764741212e-06,288.69801044458933
50,44,28,0,0,1,0.9999999458175266,0.42488388294624657,0.57511606287128,0.0,0.0
50,44,31,1,1,4,0.840019835149592,0.645930155629995,0.194089679519597,0.0,190.69461590368468
50,44,32,3,3,1,1.0000000487381966,0.46532771875990925,0.5346723299782874,0.0,0.0
50,44,33,1,1,20,0.8227492313417537,0.8040436319123765,0.018705599429377218,2.988992840316434e-05,973.9487451315532
50,44,34,9,9,13,0.8776597371546135,0.8441827954324241,0.0334769417221894,2.2063307924714483e-05,781.1048760838701
50,44,35,4,4,1,1.0000000821442858,0.3794798402556826,0.6205202418886032,0.0,0.0
50,44,36,9,9,12,0.8414933565506618,0.8229418033469281,0.018551553203733695,1.8717036758213746e-05,733.5818998431278
50,44,37,7,7,2,0.8714013419034901,0.674860171529796,0.196541170373694,0.0,68.72472599458106
50,44,38,8,8,1,1.0000000542640712,0.3301459268031691,0.6698541274609021,0.0,0.0
50,44,39,7,7,3,0.8998710308671239,0.6184304355230057,0.28144059534411825,6.042247979137214e-06,150.77180804570003
50,44,40,5,5,47,0.736695367584748,0.709330088533754,0.02736527905099395,5.7628779299561085e-05,2359.9502263774366
50,44,41,9,9,10,0.7678750762475648,0.7566633874956078,0.011211688751956994,1.384920672324963e-05,476.40977975993434
50,44,42,4,4,1,0.999999961382073,0.46336448107693623,0.5366354803051367,0.0,0.0
50,44,45,5,5,1,0.9999999670384014,0.04709431099662077,0.9529056560417807,0.0,0.0
50,44,47,8,8,17,0.8919916334168543,0.8168163752157991,0.0751752582010552,2.7395224203671302e-05,956.3561815411483
50,44,48,1,1,1,1.000000042041767,0.47078463154381517,0.5292154104979518,0.0,0.0
50,44,50,1,1,10,0.8295082094825775,0.8251438420710496,0.004364367411527903,2.153147094722197e-05,611.0791961035935
50,44,52,0,0,17,0.8987505787579536,0.8538791387690935,0.04487143998886012,2.64609838899375e-05,996.3273455363229
50,44,53,3,3,6,0.8469387196909755,0.793599171539464,0.05333954815151143,8.512844369929803e-06,362.9340504729694
50,44,56,3,3,1,0.999999943142177,0.2820524910024416,0.7179474521397353,0.0,0.0
50,44,58,8,8,1,0.9999998915275158,0.563330202709716,0.4366696888177998,0.0,0.0
50,44,59,8,8,8,0.7796790982093568,0.7070489533960137,0.07263014481334307,0.0,371.3515010603305
50,44,60,6,6,16,0.8059514116247078,0.7735785164919108,0.032372895132797064,0.0,848.1117864852608
50,44,61,7,7,3,0.7705688283280857,0.6949693728563603,0.07559945547172542,4.6989104316757555e-06,135.8534612414357
50,44,62,7,7,10,0.8493166581105007,0.7719669220219236,0.07734973608857709,2.069410526594666e-05,599.6078871932391
50,44,63,1,1,14,0.8392642498511425,0.7574664122674377,0.08179783758370474,1.9359086320303792e-05,829.0339265162888
50,44,64,0,0,33,0.8916423400350441,0.8967634452296077,-0.005121105194563658,4.68500750476004e-05,2061.292772471244
50,44,67,6,6,50,0.8209501901893692,0.8508604777871446,-0.029910287597775365,6.734813858187435e-05,3112.5987517619296
50,44,68,3,3,1,1.0000000147075316,0.5759877469429184,0.4240122677646132,0.0,0.0
50,44,69,4,4,1,1.000000016425193,0.3619760088731333,0.6380240075520597,0.0,0.0
50,44,70,9,9,1,1.0000000086267802,0.4138849940816192,0.586115014545161,0.0,0.0
50,44,73,1,1,2,0.863218991206702,0.6173127761106403,0.2459062150960617,0.0,75.38952928000447
50,44,75,4,4,11,0.8155986963975774,0.8186790747917128,-0.00308037839413533,1.886996318067108e-05,597.0030368713019
50,44,76,7,7,12,0.8301911508028452,0.7863597768341057,0.043831373968739484,1.852414301608425e-05,682.5665147426735
50,44,78,2,2,36,0.8501373434862544,0.8305866524224925,0.019550691063761838,4.337764494648314e-05,2287.557555196812
50,44,79,5,5,1,1.0000000662962734,0.5556422390686411,0.4443578272276323,0.0,0.0
50,44,80,0,0,11,0.7928888174318968,0.7929894217247336,-0.00010060429283687,1.987503530201221e-05,622.1715140610214
50,44,81,6,6,1,1.000000040604244,0.5496441866808242,0.4503558539234198,0.0,0.0
50,44,82,0,0,2,0.8678179182455943,0.67661324352255,0.19120467472304425,0.0,75.67972478074833
50,44,84,0,0,3,0.7683800952824491,0.5873785975172122,0.18100149776523689,4.305435163116511e-06,112.3963557083982
50,44,85,5,5,1,1.000000037670792,0.4784072789029856,0.5215927587678064,0.0,0.0
50,44,86,6,6,2,0.9207958130646254,0.6368770285551301,0.28391878450949537,0.0,87.3051968058882
50,44,87,1,1,15,0.7890063972223571,0.8152022119307735,-0.026195814708416365,2.0559692688314494e-05,820.1154728081825
50,44,88,9,9,5,0.8896922334314826,0.8078104692514623,0.08188176418002036,9.145439497977767e-06,294.6408033577338
50,44,89,9,9,69,0.8161398898027183,0.7898229094838164,0.02631698031890195,0.00010558452598136889,3653.1712277782467
50,44,90,2,2,7,0.7832994536647662,0.7567810761882869,0.026518377476479227,1.0071881980651528e-05,330.8547505429366
50,44,92,1,1,10,0.7724636196553046,0.7573466825851575,0.015116937070147163,1.3438685473055146e-05,545.5121303090244
50,44,93,2,2,59,0.8692961472802689,0.8195971469992478,0.049699000281021144,0.00010111094395435828,3617.692887639128
50,44,94,9,9,1,0.9999999845294519,0.2873112981340144,0.7126886863954376,0.0,0.0
50,44,95,2,2,23,0.84054722053223,0.8477317014375154,-0.007184480905285451,3.373348314460986e-05,1416.3449253897058
50,44,96,7,7,3,0.8722619580856262,0.6823231801789776,0.1899387779066486,5.181388850082346e-06,145.7075265590194
50,44,97,2,2,9,0.8969241354644286,0.8510700387491174,0.045854096715311266,1.9054038540585515e-05,612.023817480034
50,44,98,5,5,2,0.8560306981009105,0.69778350508853,0.15824719301238044,0.0,81.47634898598834
50,44,99,9,9,1,0.9999999275860627,0.3574804787736968,0.6425194488123659,0.0,0.0
50,45,0,5,5,41,0.8935254584094209,0.8967455082635439,-0.0032200498541230527,9.073680755512556e-05,2849.8558434681486
50,45,1,9,9,3,0.8500532070579637,0.7395213610212712,0.11053184603669253,6.549898590631149e-06,154.36608821662955
50,45,3,4,4,3,0.8626168554708611,0.7066150713797227,0.1560017840911384,5.107246084959147e-06,146.27678981038994
50,45,4,8,8,9,0.8508093679603417,0.7785482946725588,0.07226107328778286,1.452997055207056e-05,496.370990401492
50,45,5,9,9,1,0.9999999843867298,0.4010797938197324,0.5989201905669974,0.0,0.0
50,45,6,7,7,4,0.8227753691282845,0.7441013995061714,0.07867396962211315,0.0,207.54741470422005
50,45,7,6,6,87,0.8350433630489559,0.8099102618060291,0.02513310124292678,0.00015290376375868105,5646.506555035923
50,45,8,4,4,1,0.9999999630925638,0.267330030355648,0.7326699327369157,0.0,0.0
50,45,9,7,7,13,0.8121556311068489,0.7868406114638209,0.02531501964302796,2.270501700697952e-05,802.2568985600159
50,45,10,1,1,11,0.7691354710278031,0.6545097086299279,0.11462576239787525,1.765394309815862e-05,577.1603747162744
50,45,11,0,0,3,0.797962925476746,0.6646266621102076,0.13333626336653837,3.7784519053480126e-06,134.06398832238298
50,45,12,0,0,1,0.9999999859262296,0.5671324963021105,0.43286748962411914,0.0,0.0
50,45,13,2,2,12,0.7884550982410136,0.754058416020742,0.03439668222027159,1.5689435146130373e-05,599.91898020198
50,45,14,3,3,2,0.8192953498478294,0.626466136297595,0.1928292135502344,0.0,75.30356224789887
50,45,15,4,4,1,1.0000000438947478,0.5359200286642329,0.4640800152305149,0.0,0.0
50,45,16,6,6,1,1.0000000180367214,0.4618353074103181,0.5381647106264034,0.0,0.0
50,45,17,7,7,22,0.8493607087922075,0.8004143071789883,0.04894640161321917,3.318992746191576e-05,1226.9628781974952
50,45,18,2,2,3,0.851056099239013,0.2923698291274432,0.5586862701115698,4.161618580150449e-06,111.26916575239359
50,45,19,5,5,3,0.8575789698894694,0.6500135690524677,0.2075654008370017,5.01130470362937e-06,136.9550350364922
50,45,20,1,1,1,1.0000000796560724,0.39800319924517213,0.6019968804109003,0.0,0.0
50,45,21,8,8,10,0.9169045044794892,0.8214992575731451,0.09540524690634411,1.5770195816475664e-05,647.9486226119866
50,45,22,4,4,1,0.999999945982487,0.303013643840877,0.6969863021416101,0.0,0.0
50,45,23,3,3,19,0.8166995540524417,0.809950035861261,0.006749518191180637,2.6415267136455995e-05,944.5847988049012
50,45,24,5,5,2,0.8706554166333643,0.7507530523800341,0.11990236425333023,0.0,87.814180039264
50,45,25,7,7,6,0.7288528119366409,0.6288301956810186,0.10002261625562225,6.316796698200764e-06,256.7964101220461
50,45,26,4,4,8,0.7811521834754918,0.7412733865957642,0.03987879687972751,0.0,422.4847420263591
50,45,29,2,2,5,0.8610823556965952,0.784685480387799,0.07639687530879624,8.217154024139159e-06,251.53419995934095
50,45,30,0,0,6,0.8732192502606473,0.8167691496052052,0.05645010065544209,9.24302597501098e-06,382.9376185915128
50,45,31,1,1,9,0.8396272603349495,0.8095013172630788,0.030125943071870664,1.473834886821863e-05,503.10813350993664
50,45,32,3,3,8,0.7859353937734517,0.7244062301740257,0.06152916359942595,0.0,415.8039403367376
50,45,33,1,1,3,0.8532230966866826,0.48600842936054567,0.36721466732613695,5.040085303494357e-06,138.3317771712354
50,45,34,9,9,4,0.9209414434771596,0.8112792701232696,0.10966217335388995,0.0,248.62597409065117
50,45,35,4,4,11,0.7712960518084809,0.6520966228078287,0.11919942900065228,1.2468697391121366e-05,573.8771866653334
50,45,36,9,9,7,0.8063002511899502,0.8180031143558466,-0.011702863165896416,1.2375911369428197e-05,364.44235114451396
50,45,38,8,8,18,0.8849306639420966,0.8624071868684496,0.02252347707364699,3.339418530805445e-05,1237.5076753826356
50,45,39,7,7,18,0.8077594082807762,0.8105682424650129,-0.0028088341842367193,2.099101242533192e-05,1035.344329847857
50,45,41,9,9,13,0.7913836893205402,0.8010833715861122,-0.009699682265572052,2.03163014238835e-05,647.9422875656079
50,45,42,4,4,10,0.8072204535704974,0.756951725955456,0.05026872761504142,1.4132799057479934e-05,570.5475083668122
50,45,44,0,0,8,0.8479422263890055,0.652096830587082,0.1958453958019235,0.0,451.50144549386226
50,45,46,6,6,1,0.9999999942281016,0.3915307186757682,0.6084692755523333,0.0,0.0
50,45,47,8,8,1,1.0000000614813922,0.661807674206748,0.3381923872746442,0.0,0.0
50,45,49,5,5,21,0.8820305685679709,0.8489551788802094,0.03307538968776147,3.386867796973255e-05,1223.9868921895832
50,45,50,1,1,18,0.8210447952346112,0.7956659525917599,0.025378842642851285,3.060890894862994e-05,1094.9567216203086
50,45,51,2,2,19,0.8768232325776947,0.8188563653081624,0.05796686726953226,3.0123700415512098e-05,1182.745358192561
50,45,52,0,0,26,0.8684000532385024,0.8815696088938803,-0.013169555655377807,4.062296691140987e-05,1455.8937736110504
50,45,54,3,3,9,0.8618808249267369,0.7824537782028603,0.07942704672387657,1.320895419079799e-05,512.0897375982213
50,45,55,8,8,22,0.7687781241287968,0.7648417823709549,0.003936341757841855,3.288435083562709e-05,1208.0950492147927
50,45,57,6,6,19,0.8072745777432695,0.7899185461823939,0.017356031560875618,2.794049558859966e-05,1069.5305724485122
50,45,59,8,8,1,1.0000000612703208,0.2452298050025328,0.754770256267788,0.0,0.0
50,45,60,6,6,1,0.9999999998324774,0.5376754544530077,0.46232454537946976,0.0,0.0
50,45,61,7,7,11,0.7439849928313436,0.6358981616230966,0.10808683120824691,1.3818789468357146e-05,539.8585845054259
50,45,62,7,7,9,0.8449659181109094,0.7985871908429442,0.046378727267965214,1.541989888380986e-05,567.7326879580156
50,45,63,1,1,7,0.8583025400139417,0.7610987384812152,0.09720380153272645,9.946955865132291e-06,445.34277313889385
50,45,64,0,0,23,0.891159398363494,0.8723901233475748,0.018769275015919185,3.264748086672924e-05,1367.081489736241
50,45,65,5,5,24,0.7795413951005311,0.7524454893640906,0.027095905736440495,3.6616758453683427e-05,1334.6981589296988
50,45,66,3,3,39,0.8784315965447632,0.8453805022427406,0.03305109430202258,5.5525791253487435e-05,2226.237814286399
50,45,67,6,6,4,0.8160360428667106,0.6993623112037788,0.11667373166293182,0.0,193.7917168666021
50,45,68,3,3,5,0.8504255559821967,0.7803565990561661,0.07006895692603066,8.705531978142358e-06,263.2910547786784
50,45,69,4,4,19,0.8218972641747313,0.7817054434489888,0.040191820725742455,2.366041747203376e-05,981.0991190572632
50,45,70,9,9,1,0.9999999993098121,0.2436968750103577,0.7563031242994545,0.0,0.0
50,45,71,3,3,1,0.9999999675329831,0.4731176626661255,0.5268823048668576,0.0,0.0
50,45,72,2,2,6,0.8167278816639615,0.7645318157001929,0.05219606596376858,1.1416229520652732e-05,334.9137959205806
50,45,73,1,1,4,0.8663726332954159,0.71419766495283,0.15217496834258593,0.0,222.1324712286034
50,45,74,6,6,9,0.8019962115554482,0.7578619869439582,0.04413422461148997,1.8795478048579636e-05,571.9943871562776
50,45,75,4,4,2,0.8938739459173063,0.772073387469292,0.1218005584480143,0.0,82.11777461408334
50,45,77,8,8,5,0.7934080389819095,0.6283255126039529,0.16508252637795662,1.0123890562990991e-05,251.47928507768023
50,45,78,2,2,5,0.8617812991342917,0.7155302140083017,0.14625108512598994,7.92086778232361e-06,277.9129125088572
50,45,79,5,5,18,0.8487223362349108,0.8176080050055765,0.03111433122933427,3.3581044224047976e-05,976.3771660514153
50,45,80,0,0,1,0.9999999895228965,0.38271810757518926,0.6172818819477073,0.0,0.0
50,45,81,6,6,4,0.8347904776350694,0.730097938932557,0.10469253870251238,0.0,183.79866931022855
50,45,82,0,0,46,0.8577573427657716,0.84037036511033,0.017386977655441616,7.742194974389767e-05,2873.7208708574844
50,45,84,0,0,3,0.7992130756310747,0.5518050227752076,0.2474080528558671,4.647625715442027e-06,124.34632022693845
50,45,85,5,5,18,0.8341176136448147,0.7916236550345809,0.04249395861023386,2.460153093106135e-05,972.601869184724
50,45,86,6,6,2,0.814662158702671,0.5410946543378238,0.2735675043648472,0.0,70.2158493018983
50,45,87,1,1,4,0.8367118629054076,0.6111592279831464,0.22555263492226119,0.0,205.0515826277212
50,45,88,9,9,1,0.9999999224879406,0.5558737746362499,0.4441261478516907,0.0,0.0
50,45,89,9,9,5,0.8335860035438506,0.6440656533151532,0.1895203502286974,7.938274587136853e-06,245.69876395676624
50,45,90,2,2,14,0.7954345215713757,0.7684201641116853,0.027014357459690386,1.7833450473904625e-05,714.4887936128473
50,45,91,8,8,10,0.8226590667357899,0.7845209976004747,0.038138069135315256,1.8482693507363275e-05,619.5205744300521
50,45,93,2,2,1,1.000000006482292,0.3149043799179567,0.6850956265643353,0.0,0.0
50,45,94,9,9,3,0.8202542661705332,0.685906971182574,0.13434729498795916,4.188137387048754e-06,120.09437362550587
50,45,95,2,2,13,0.8404960419147475,0.8023717037203647,0.03812433819438277,1.9603178389742833e-05,793.7088024242582
50,45,96,7,7,3,0.8490256620669694,0.4358381492595056,0.4131875128074638,4.441033772820529e-06,116.60248395855795
50,45,98,5,5,3,0.7955257171847825,0.567475633688582,0.22805008349620048,4.843739501048728e-06,142.70514159068847
50,46,0,5,5,2,0.9002839673175708,0.5976835160538986,0.3026004512636722,0.0,80.05521021975207
50,46,1,9,9,2,0.8810570157584353,0.7531090506727601,0.12794796508567519,0.0,82.26153551917619
50,46,2,6,6,3,0.7933514145156525,0.6671240216375158,0.12622739287813667,4.2660591011774274e-06,127.32170842660445
50,46,3,4,4,1,1.0000000040929347,0.4549216796110023,0.5450783244819324,0.0,0.0
50,46,4,8,8,16,0.8317689112189254,0.7977405685371651,0.03402834268176025,0.0,931.867845800704
50,46,5,9,9,5,0.8860213738564005,0.8454260608942133,0.0405953129621871,8.509530069505881e-06,294.0110570684968
50,46,7,6,6,41,0.8205793944582428,0.8411052608074879,-0.020525866349245137,5.1309375533236783e-05,2672.3121647586827
50,46,8,4,4,27,0.832683627739634,0.8139702286019027,0.01871339913773129,3.711357155465084e-05,1384.3189834623504
50,46,9,7,7,17,0.830103735515388,0.7937535882849139,0.03635014723047403,2.548467841607628e-05,1024.191480829495
50,46,10,1,1,5,0.7022659154828623,0.5539015495817255,0.14836436590113677,8.418702989095555e-06,243.9584325935859
50,46,11,0,0,11,0.8201596902428636,0.7296320267514096,0.09052766349145402,1.3322392071822828e-05,590.7848735566813
50,46,12,0,0,24,0.8137074340814457,0.7815893091864146,0.032118124895031186,3.428250754242403e-05,1246.3660996311128
50,46,13,2,2,2,0.8888624531742408,0.467600671376805,0.42126178179743584,0.0,60.925645927802194
50,46,14,3,3,7,0.8122700819931925,0.7567134438494313,0.05555663814376122,1.121070691439323e-05,418.25743958465574
50,46,15,4,4,1,1.0000000104683646,0.7456585438802067,0.2543414665881579,0.0,0.0
50,46,18,2,2,3,0.7921434480601619,0.5794946772968442,0.21264877076331767,4.30402573836098e-06,142.61238434049488
50,46,21,8,8,3,0.881005335266396,0.7953087265638523,0.0856966087025437,5.69938051293029e-06,160.2576512766686
50,46,22,4,4,14,0.772899397568771,0.7534166948997598,0.019482702669011198,2.2094519339452792e-05,728.7603114445163
50,46,23,3,3,4,0.8019975922439972,0.7015469993031003,0.10045059294089698,0.0,175.44147432820492
50,46,25,7,7,2,0.7947841209505613,0.5825066006127383,0.212277520337823,0.0,71.43049642651195
50,46,26,4,4,36,0.8233069152739706,0.7867787331982617,0.03652818207570885,5.085309042644336e-05,2013.8186175227868
50,46,29,2,2,4,0.7473349096514965,0.5585488840837113,0.18878602556778523,0.0,167.24936422412935
50,46,30,0,0,17,0.8717731649460728,0.8560348753908659,0.015738289555206952,2.652988029417631e-05,1050.1218040460687
50,46,31,1,1,1,1.0000000700021745,0.6622262365461118,0.3377738334560627,0.0,0.0
50,46,32,3,3,7,0.7991357240641545,0.6856578950494964,0.11347782901465808,1.2164263716759038e-05,380.0612136493422
50,46,33,1,1,2,0.8455001710114429,0.3947226767984313,0.4507774942130116,0.0,62.37816868793569
50,46,34,9,9,1,1.0000000505761295,0.6400564659282167,0.35994358464791276,0.0,0.0
50,46,35,4,4,7,0.8280925740831552,0.6795157568887874,0.14857681719436777,1.1136563763640612e-05,400.53707488022803
50,46,36,9,9,12,0.8553228095397585,0.8415700363967877,0.013752773142970742,1.6830084855742417e-05,705.1568075694747
50,46,37,7,7,29,0.806303583068791,0.7817380710050628,0.024565512063728256,3.505838463341611e-05,1416.8465118813258
50,46,38,8,8,1,1.0000000103533562,0.4459485451762325,0.5540514651771237,0.0,0.0
50,46,39,7,7,12,0.8883975829461123,0.8625461390598329,0.025851443886279357,1.6678666559422406e-05,676.5792332825333
50,46,40,5,5,2,0.8331578210037667,0.5683853907330142,0.2647724302707525,0.0,78.68808024603085
50,46,42,4,4,3,0.8747841737756783,0.7675980458658944,0.10718612790978388,6.132786473152162e-06,165.5337161562354
50,46,43,3,3,3,0.9258354155908946,0.7639064504000304,0.1619289651908642,4.740520932231094e-06,151.1825589869107
50,46,44,0,0,13,0.8345812067464131,0.7902158285274662,0.04436537821894693,1.8756606008900343e-05,713.3825764941552
50,46,45,5,5,3,0.7979358074930686,0.5440710715185626,0.253864735974506,4.4605879515373096e-06,120.61535082293432
50,46,46,6,6,3,0.8303634438250508,0.6844988210012833,0.14586462282376744,4.664088396427174e-06,135.8758468764703
50,46,47,8,8,6,0.8140043025555156,0.7817537255850379,0.03225057697047773,9.466433337600987e-06,285.77251584435686
50,46,48,1,1,3,0.8534585428283329,0.6101178721797865,0.24334067064854636,4.751218156926918e-06,134.83127326613783
50,46,49,5,5,1,1.0000000568473384,0.6187960334990059,0.3812040233483325,0.0,0.0
50,46,51,2,2,1,0.9999999601386007,0.5192710371930673,0.4807289229455334,0.0,0.0
50,46,52,0,0,25,0.8668365445043396,0.8818055448105945,-0.01496900030625492,4.409978804288842e-05,1416.004935627267
50,46,53,3,3,6,0.8907138843869706,0.8493962947409229,0.0413175896460477,1.1551194618175672e-05,382.99113859169574
50,46,54,3,3,4,0.8165338181992279,0.7104202984259492,0.10611351977327865,0.0,211.499098349088
50,46,55,8,8,1,0.999999888114725,0.4445790391837505,0.5554208489309744,0.0,0.0
50,46,56,3,3,8,0.8228302974223448,0.6924523752272781,0.13037792219506672,0.0,374.76515049261377
50,46,58,8,8,1,1.0000000183734585,0.45726295360362457,0.542737064769834,0.0,0.0
50,46,59,8,8,11,0.8068353761406921,0.8142475152744276,-0.007412139133735507,1.5533513622689127e-05,515.111076337615
50,46,60,6,6,11,0.8039299347756066,0.8026442980611386,0.0012856367144680192,1.8106627392119315e-05,600.0687918928913
50,46,61,7,7,2,0.9112838531631656,0.6489346882575499,0.2623491649056158,0.0,81.4447985256646
50,46,62,7,7,6,0.8541899544528165,0.6697442318552588,0.18444572259755776,7.369217269917842e-06,363.0171837882047
50,46,63,1,1,19,0.8003984859953417,0.7728651844579496,0.027533301537392085,3.0274108626243842e-05,1139.4106691907978
50,46,65,5,5,3,0.8699062134706229,0.7251131875830118,0.14479302588761112,5.662736919080433e-06,147.19224976570146
50,46,66,3,3,13,0.8979416419948129,0.8555604596433048,0.04238118235150801,2.0020135499846554e-05,809.8529086013535
50,46,67,6,6,1,0.9999998800337543,0.5187786367367827,0.4812212432969716,0.0,0.0
50,46,68,3,3,1,1.000000012389318,0.36076378000487236,0.6392362323844456,0.0,0.0
50,46,69,4,4,7,0.8536139838583398,0.8281002204071362,0.025513763451203597,9.996966530100055e-06,373.38193456413273
50,46,70,9,9,11,0.8145947458291094,0.8365178421195899,-0.021923096290480504,1.5648867032853015e-05,587.7214942116682
50,46,71,3,3,5,0.8342101135827321,0.6774703278230346,0.1567397857596975,7.526909868547062e-06,252.84403435337376
50,46,72,2,2,2,0.912412095614878,0.5576332597643774,0.35477883585050063,0.0,83.23805122956651
50,46,73,1,1,3,0.8431367416648602,0.6822156584031815,0.16092108326167864,4.902515670142338e-06,151.29860869988676
50,46,74,6,6,2,0.8551653334429532,0.5985742921288033,0.2565910413141499,0.0,76.05347586182089
50,46,75,4,4,14,0.8775018117392459,0.8829126669342955,-0.00541085519504958,2.162915008957606e-05,894.337983564512
50,46,78,2,2,1,0.9999999622694818,0.5539502432050311,0.4460497190644508,0.0,0.0
50,46,79,5,5,7,0.8282691453271109,0.7539338869948229,0.07433525833228805,1.4434562836525673e-05,347.1467297692197
50,46,80,0,0,36,0.882857453657894,0.8408693733268428,0.04198808033105128,4.52500386787912e-05,2116.3640047281815
50,46,81,6,6,9,0.7623095776782647,0.7654422099088933,-0.0031326322306286514,1.1223984126012393e-05,454.03881095982183
50,46,84,0,0,1,0.9999999755500578,0.4836054504461778,0.51639452510388,0.0,0.0
50,46,85,5,5,3,0.8352157281633381,0.6775113681829339,0.15770435998040422,4.503068020331507e-06,128.19905292395603
50,46,86,6,6,3,0.8347452504752924,0.6898823678529805,0.14486288262231184,4.978222247115243e-06,139.31623548091034
50,46,87,1,1,13,0.7695109953614387,0.7227242188363905,0.04678677652504826,2.233540898200433e-05,729.1098949861998
50,46,90,2,2,6,0.7941285870730811,0.6859121725473152,0.10821641452576591,8.927386455885667e-06,287.8600503930784
50,46,91,8,8,4,0.8171909844336921,0.70595449038351,0.1112364940501821,0.0,229.89272234467228
50,46,93,2,2,2,0.8733014966713871,0.6783306058383376,0.19497089083304953,0.0,73.17293910356868
50,46,94,9,9,3,0.8639887531465663,0.7614651136603102,0.10252363948625609,5.7295331200815725e-06,144.38890190626054
50,46,95,2,2,24,0.844016127266317,0.8299103421609764,0.014105785105340662,4.216327883378272e-05,1547.3019079473825
50,46,96,7,7,8,0.817984870088621,0.8149421673788633,0.0030427027097577053,0.0,385.4127547083899
50,46,99,9,9,1,0.9999999456264713,0.2955276239457052,0.7044723216807661,0.0,0.0
50,47,0,5,5,1,0.9999999728202893,0.29833231857947273,0.7016676542408166,0.0,0.0
50,47,1,9,9,5,0.8401341011826694,0.7992334451371028,0.040900656045566586,1.0442715729342302e-05,288.7633168290949
50,47,2,6,6,8,0.8429673157534381,0.8083721623353902,0.034595153418047864,0.0,413.6433383666218
50,47,4,8,8,1,1.0000000732227974,0.4676064040092117,0.5323936692135857,0.0,0.0
50,47,7,6,6,9,0.856292658182702,0.7761929276984765,0.08009973048422547,1.952227130606714e-05,589.2239535793434
50,47,9,7,7,23,0.8202891199263127,0.7887874498736737,0.03150167005263904,3.9492327316030054e-05,1405.9572387959452
50,47,10,1,1,22,0.6898677855009823,0.725905061202575,-0.036037275701592764,2.6578743318027496e-05,1158.3705371556648
50,47,11,0,0,22,0.7636800183582129,0.7534772491838245,0.010202769174388338,3.668904789106068e-05,1163.2218856914153
50,47,12,0,0,17,0.7739544330270576,0.8049509002720956,-0.030996467245038017,2.738832630953201e-05,897.4699700810091
50,47,13,2,2,2,0.8985088482700659,0.6162680182605348,0.28224083000953115,0.0,71.64179877575108
50,47,14,3,3,21,0.8338024867328364,0.8232501670421217,0.010552319690714684,2.4367498892126425e-05,1306.4081441885407
50,47,15,4,4,14,0.8296263394450912,0.8099524554671813,0.019673883977909923,2.249804537196246e-05,807.9406295774882
50,47,16,6,6,4,0.8527099854404417,0.7118966732051789,0.14081331223526283,0.0,196.75782212704576
50,47,17,7,7,5,0.7928427363943321,0.68702713209216,0.10581560430217207,7.364515474103649e-06,257.29661527052014
50,47,18,2,2,14,0.8015671274719,0.7482996712558335,0.05326745621606643,2.5646860100101436e-05,720.8715856155552
50,47,19,5,5,1,1.0000000277845884,0.5191374862477712,0.4808625415368172,0.0,0.0
50,47,20,1,1,1,0.9999999716617374,0.41929339123099624,0.5807065804307412,0.0,0.0
50,47,21,8,8,1,1.0000000026435014,0.4123156689642975,0.5876843336792039,0.0,0.0
50,47,23,3,3,2,0.8211604999770485,0.6228939480360143,0.19826655194103426,0.0,60.26775245332671
50,47,24,5,5,4,0.8586344266296332,0.8115158362584743,0.04711859037115884,0.0,225.39464094381472
50,47,25,7,7,2,0.7964815641760825,0.3952492774799251,0.4012322866961574,0.0,65.28341399563202
50,47,26,4,4,6,0.8241590190203136,0.7062057950578927,0.11795322396242092,1.1576821137924892e-05,342.83733344033243
50,47,27,8,8,6,0.8528536842954364,0.757246346990435,0.09560733730500137,1.0792105928269793e-05,331.40559731721004
50,47,28,0,0,1,1.0000000355732344,0.5008053850249362,0.49919465054829815,0.0,0.0
50,47,31,1,1,3,0.7725708286015401,0.68150426317793,0.09106656542361014,3.851808221490331e-06,117.77515379977785
50,47,32,3,3,8,0.8425747271615084,0.7675266090693366,0.07504811809217182,0.0,439.59512976144964
50,47,33,1,1,1,0.9999999865372986,0.5174962516331848,0.4825037349041138,0.0,0.0
50,47,34,9,9,1,0.9999999972266432,0.5484320264324366,0.45156797079420663,0.0,0.0
50,47,35,4,4,11,0.8036215662013955,0.6987978380050747,0.1048237281963208,1.9232818394465845e-05,597.5121854458718
50,47,36,9,9,8,0.855544821207642,0.8267785037499006,0.028766317457741386,0.0,450.1886896515962
50,47,37,7,7,1,0.9999999522009276,0.5488595633461235,0.4511403888548041,0.0,0.0
50,47,38,8,8,61,0.8730556680079538,0.8571766764698601,0.01587899153809369,0.000101874494083721,3784.8670461265265
50,47,39,7,7,15,0.8642678584299691,0.8697158020877852,-0.00544794365781609,2.8478644981235044e-05,951.2671957282521
50,47,41,9,9,1,1.0000000130142082,0.5737353091522865,0.4262647038619216,0.0,0.0
50,47,42,4,4,4,0.7831806147482346,0.5387695765849788,0.24441103816325582,0.0,161.6480670419418
50,47,43,3,3,16,0.8599021444502021,0.8298981285859487,0.030004015864253386,0.0,992.8905683608349
50,47,44,0,0,17,0.7751355841072567,0.7336283978187846,0.04150718628847205,2.2980486187472633e-05,826.8135015519009
50,47,45,5,5,28,0.7289872173738946,0.7275394803136206,0.0014477370602740125,4.292161266724505e-05,1359.0436771451084
50,47,46,6,6,43,0.7472621897472599,0.7408982005435663,0.006363989203693632,4.153097834468758e-05,2249.1880934680094
50,47,47,8,8,12,0.7691831529154666,0.7478321700612247,0.021350982854241862,1.2946567157628092e-05,586.8891419560762
50,47,48,1,1,1,0.9999999880517341,0.40974201775800406,0.5902579702937301,0.0,0.0
50,47,49,5,5,20,0.8492875080536544,0.8976186885266905,-0.048331180473036084,2.981296533334445e-05,1141.0957546797795
50,47,50,1,1,5,0.8062613889604532,0.6679837554820145,0.1382776334784387,1.078704293902109e-05,285.5232720150238
50,47,51,2,2,4,0.8258356784159326,0.7044149071432755,0.12142077127265716,0.0,209.34077826071467
50,47,52,0,0,21,0.8750083773704603,0.883817156443671,-0.008808779073210649,3.579083253084778e-05,1166.4126635777436
50,47,53,3,3,2,0.9365292019172036,0.6433926863038072,0.2931365156133964,0.0,86.72909628404304
50,47,54,3,3,1,0.9999999752376123,0.48561061884636353,0.5143893563912487,0.0,0.0
50,47,55,8,8,20,0.780497656711571,0.7537808154270953,0.026716841284475712,2.5880065353761888e-05,1031.6310634007045
50,47,56,3,3,1,1.0000001032671024,0.3341061281144382,0.6658939751526642,0.0,0.0
50,47,57,6,6,1,1.0000000529106412,0.605343482426165,0.3946565704844762,0.0,0.0
50,47,58,8,8,7,0.8288151168137853,0.7377749879319925,0.0910401288817928,1.1158552581956364e-05,361.8331713030688
50,47,59,8,8,18,0.8392403168160475,0.8277900695005006,0.011450247315546891,2.5698813588348978e-05,922.8512695479662
50,47,60,6,6,16,0.8706494690685626,0.7034085379785474,0.16724093109001514,0.0,908.1713774464657
50,47,61,7,7,20,0.7654258422507247,0.7504884312627635,0.014937410987961197,2.169557914141941e-05,1018.5203579935528
50,47,62,7,7,26,0.8521487751638531,0.861330322187051,-0.009181547023197845,4.4743780627092415e-05,1613.248347025784
50,47,63,1,1,1,0.9999999982940871,0.30606638861867314,0.6939336096754141,0.0,0.0
50,47,64,0,0,6,0.7968365268695847,0.8010289422676304,-0.004192415398045712,9.965486558442788e-06,298.98233000085474
50,47,66,3,3,8,0.9008586048197545,0.8536734140438822,0.047185190775872354,0.0,502.0049730454786
50,47,67,6,6,2,0.822197123944244,0.5781901853669693,0.24400693857727473,0.0,72.92239914528416
50,47,68,3,3,15,0.8598318167310075,0.8390236095129667,0.020808207218040775,2.547525521943092e-05,866.7927911308415
50,47,69,4,4,2,0.830507557943603,0.5317165600529884,0.2987909978906146,0.0,70.50567920695188
50,47,70,9,9,3,0.8276621503032525,0.6646430787997081,0.16301907150354444,4.90396468301864e-06,127.86814757042839
50,47,71,3,3,2,0.8496338511942091,0.5885212900161132,0.2611125611780959,0.0,68.19314007946343
50,47,72,2,2,16,0.8478116090117095,0.7566668826196523,0.09114472639205717,0.0,936.9023084587112
50,47,73,1,1,3,0.8838142752077388,0.6824543615324076,0.20135991367533124,5.960945785439786e-06,164.4573853097074
50,47,74,6,6,9,0.831676626933051,0.7447671631879775,0.08690946374507347,1.6888216968118725e-05,524.9907674116278
50,47,75,4,4,5,0.8802059527182573,0.8194098277382174,0.060796124980039945,1.1001883865007597e-05,274.1861555796105
50,47,77,8,8,22,0.8539552600619856,0.8035536135277445,0.050401646534241173,3.498551282175066e-05,1345.4828875050866
50,47,78,2,2,6,0.7671483779346769,0.6619404762251813,0.10520790170949568,9.142217098855164e-06,322.48935884063224
50,47,80,0,0,20,0.8519048310467235,0.8496774001025749,0.0022274309441486784,2.556511952274943e-05,1185.0599162678673
50,47,81,6,6,17,0.8005191274376225,0.7861384810921122,0.014380646345510395,2.745194063711117e-05,911.9221618502729
50,47,82,0,0,2,0.8884483146035497,0.760608943643597,0.12783937095995268,0.0,80.65233857800641
50,47,84,0,0,24,0.7656152630426215,0.7039267107960405,0.061688552246580985,2.7417963776324395e-05,1110.9181747103535
50,47,85,5,5,2,0.9052911121752121,0.5925158768181462,0.31277523535706586,0.0,80.95213692569303
50,47,86,6,6,3,0.84227766159882,0.6940337257726199,0.1482439358262001,5.015422831987243e-06,152.55462186159647
50,47,87,1,1,7,0.8148689699301331,0.7499871099162213,0.06488186001391183,1.2073644514337533e-05,407.7197439428272
50,47,88,9,9,9,0.8074964754347158,0.7454133166156721,0.06208315881904369,1.627697572988441e-05,455.01715561629425
50,47,89,9,9,9,0.7664004128406047,0.7032792423039185,0.0631211705366862,1.3078126570272174e-05,428.39520349269895
50,47,90,2,2,2,0.8689559282450418,0.5944906087046108,0.27446531954043096,0.0,74.42585442493173
50,47,92,1,1,3,0.8310839085549964,0.6880432627566871,0.14304064579830922,4.639941085801234e-06,149.71783965944493
50,47,93,2,2,10,0.7844294358180086,0.7244832336046412,0.05994620221336744,1.4556288538855387e-05,499.67268277980224
50,47,94,9,9,4,0.8709240947845824,0.7753774332833389,0.09554666150124358,0.0,213.8413822753329
50,47,95,2,2,4,0.9048033510244294,0.8224426135731205,0.0823607374513089,0.0,222.80641569857048
50,47,96,7,7,12,0.7595615045002592,0.7866984924131675,-0.027136987912908306,1.54621657720803e-05,569.882357710848
50,47,97,2,2,5,0.9033732389876313,0.8443568430292956,0.05901639595833574,7.477467446005031e-06,312.7242879280902
50,47,99,9,9,37,0.837895814249397,0.8149169570336927,0.02297885721570425,5.359333653942965e-05,2137.728802827926
50,48,0,5,5,17,0.8865326756895348,0.8497572831736093,0.03677539251592543,2.954847546874912e-05,1130.4009431844472
50,48,1,9,9,3,0.8685424706906477,0.7309349501477613,0.13760752054288639,5.156814629879067e-06,145.57042851594153
50,48,2,6,6,1,1.0000001053467458,0.3079815581500807,0.6920185471966651,0.0,0.0
50,48,4,8,8,9,0.8188470956496573,0.7892493339112959,0.029597761738361372,8.50960140326113e-06,481.6492114699382
50,48,5,9,9,29,0.8371354821914683,0.8091912563899365,0.027944225801531775,5.15355687458725e-05,1631.3314181740652
50,48,8,4,4,14,0.8078785243792166,0.7677360714595625,0.040142452919654126,1.904832887063706e-05,680.748306330815
50,48,9,7,7,2,0.8416753036649751,0.5936030174737634,0.2480722861912117,0.0,78.14791323295863
50,48,10,1,1,7,0.7484202605024708,0.7490735683040418,-0.0006533078015710236,8.822564230417711e-06,349.53075392667745
50,48,11,0,0,23,0.7624428756098086,0.7511590906611525,0.011283784948656117,2.2782950576759213e-05,1226.3589086194754
50,48,12,0,0,24,0.8124969380021086,0.7922963558041066,0.020200582198002026,3.100163353675926e-05,1191.4797261279264
50,48,13,2,2,10,0.7777479391879073,0.7125593952104256,0.06518854397748175,1.3973583066370987e-05,520.1024758612797
50,48,14,3,3,3,0.8335144784769848,0.6302144610159452,0.20330001746103954,5.641258926335138e-06,138.99748592965912
50,48,16,6,6,14,0.7673351486700651,0.7600063467882773,0.007328801881787861,2.0066971430688478e-05,764.9482521326349
50,48,17,7,7,15,0.8424766689642691,0.7816393209300057,0.06083734803426344,2.468021567617979e-05,842.3984377695099
50,48,18,2,2,1,0.9999999773590235,0.5466065321116738,0.4533934452473497,0.0,0.0
50,48,20,1,1,1,1.000000012421667,0.4852393775603523,0.5147606348613147,0.0,0.0
50,48,21,8,8,7,0.8953096673811681,0.8672927183037985,0.028016949077369624,1.2804633151602753e-05,441.203791286033
50,48,22,4,4,2,0.8909446368772892,0.2296716628534173,0.6612729740238719,0.0,77.55943742405157
50,48,23,3,3,3,0.8699863797125091,0.6083665195049519,0.26161986020755723,4.503115334331463e-06,116.74791474837028
50,48,24,5,5,27,0.8813138060971137,0.8585569773220421,0.02275682877507168,4.746691470060787e-05,2002.425843409687
50,48,25,7,7,24,0.7962354864003771,0.8212925357358761,-0.025057049335499015,3.774872913100213e-05,1307.9063260939533
50,48,26,4,4,21,0.7943600900076078,0.7953988797012055,-0.0010387896935977192,2.776555093713e-05,1287.3419207332925
50,48,27,8,8,12,0.8037147446999288,0.7492689112180965,0.054445833481832295,2.0692415873313872e-05,692.8070364505392
50,48,28,0,0,5,0.8088050754351088,0.6510685310959952,0.15773654433911366,8.996217322027122e-06,271.2176009673157
50,48,29,2,2,28,0.7445557538977139,0.7375438197527558,0.007011934144958043,4.087800994506246e-05,1390.2468961586644
50,48,30,0,0,3,0.8730344152148349,0.7599270564862813,0.1131073587285536,5.378599791776e-06,153.1500372947362
50,48,31,1,1,4,0.8409116938375341,0.7476326320134425,0.09327906182409151,0.0,203.7826203957765
50,48,32,3,3,13,0.7889820003953912,0.8296251813136214,-0.04064318091823016,2.300577318233651e-05,742.1528288867916
50,48,33,1,1,1,0.9999999843284729,0.08234499722235367,0.9176549871061193,0.0,0.0
50,48,34,9,9,34,0.8499542506103271,0.8407469012722064,0.00920734933812073,5.674867454168825e-05,2043.8485289687524
50,48,35,4,4,25,0.7850604149271738,0.7156409787752427,0.06941943615193114,3.87684070960149e-05,1353.809064724618
50,48,36,9,9,13,0.8546423876632642,0.8355247491248373,0.01911763853842685,1.89294296606598e-05,837.9084422807232
50,48,37,7,7,2,0.8353948591347935,0.5730986590673366,0.2622962000674569,0.0,62.931783763389184
50,48,38,8,8,8,0.8245804580573708,0.7902995789134386,0.034280879143932186,0.0,471.72817879995483
50,48,40,5,5,4,0.8148716468741712,0.5814822642753628,0.23338938259880848,0.0,191.94826730869977
50,48,42,4,4,2,0.9146433268714637,0.6925916888830743,0.22205163798838934,0.0,84.28073008801542
50,48,43,3,3,3,0.7915965291799987,0.6878045515194865,0.10379197766051218,4.050093992083139e-06,116.99136193109453
50,48,44,0,0,1,1.000000054971892,0.2804128061419932,0.7195872488298987,0.0,0.0
50,48,45,5,5,5,0.7732368778638402,0.6135126085946698,0.15972426926917038,6.854460064494617e-06,213.19037757802124
50,48,46,6,6,27,0.8102587486406497,0.742392899266527,0.06786584937412277,4.5151306820515136e-05,1518.656643305843
50,48,47,8,8,9,0.852428693255224,0.775309510444703,0.07711918281052099,1.3225614757253444e-05,439.0891501240591
50,48,48,1,1,25,0.8422392270121152,0.8050029621869288,0.03723626482518638,4.3450254220575966e-05,1446.9866646975795
50,48,49,5,5,6,0.8701885017390827,0.7758331555403172,0.09435534619876551,9.650003569990545e-06,328.66521938173173
50,48,50,1,1,6,0.8453005670503857,0.729771937930963,0.11552862911942274,9.687134781331152e-06,375.63426393275364
50,48,52,0,0,11,0.8702455400916852,0.9124533152950939,-0.04220777520340868,1.7425206730223818e-05,652.3546628757471
50,48,53,3,3,9,0.8118588678121366,0.8205183965542381,-0.008659528742101519,1.4035734020171778e-05,511.93429584751686
50,48,54,3,3,6,0.8256701834197625,0.7822039497040428,0.04346623371571967,8.888582673046934e-06,333.1046151670945
50,48,55,8,8,3,0.8467034644463852,0.6292463144707692,0.21745714997561605,5.957450741586951e-06,132.75027796224234
50,48,57,6,6,1,0.9999999302546887,0.21542464211604467,0.7845752881386441,0.0,0.0
50,48,58,8,8,1,1.0000000713790893,0.38403647717149403,0.6159635942075953,0.0,0.0
50,48,59,8,8,1,1.0000000840852132,0.2351001331796175,0.7648999509055957,0.0,0.0
50,48,61,7,7,10,0.8306525714841739,0.6986805179994534,0.13197205348472052,1.5042035595637899e-05,534.5599875534155
50,48,63,1,1,2,0.8350902197675467,0.5150515501264566,0.32003866964109007,0.0,71.54534076271419
50,48,65,5,5,11,0.7684802091367877,0.7607096125649703,0.007770596571817445,1.681177900351138e-05,565.1096802059507
50,48,68,3,3,4,0.8738615875570181,0.6652844016491996,0.2085771859078186,0.0,194.38038122337736
50,48,69,4,4,2,0.83486294517519,0.5334580613870072,0.30140488378818275,0.0,72.45398379130563
50,48,70,9,9,2,0.8403292001796552,0.6015214093545235,0.2388077908251317,0.0,77.01451003482805
50,48,71,3,3,1,0.9999999951089946,0.3244990492603489,0.6755009458486457,0.0,0.0
50,48,72,2,2,7,0.7656311999449925,0.743355462346237,0.022275737598755563,9.715153500336812e-06,359.30634137939876
50,48,73,1,1,36,0.8557991582136231,0.8398457093911179,0.015953448822505156,5.964637952940907e-05,2253.9216056512505
50,48,74,6,6,17,0.8628236847561567,0.8049209745731806,0.0579027101829761,2.8431580342760843e-05,1081.5652747187735
50,48,75,4,4,5,0.8855311131742798,0.7786480101592759,0.10688310301500392,1.0984320781137874e-05,330.00987617637486
50,48,76,7,7,1,0.9999999912819746,0.3098278861601872,0.6901721051217874,0.0,0.0
50,48,77,8,8,2,0.8098152372343188,0.5258613822048985,0.2839538550294203,0.0,69.73136052979257
50,48,78,2,2,1,1.0000000459218767,0.3596396492085803,0.6403603967132965,0.0,0.0
50,48,80,0,0,2,0.8620534469925827,0.5923674708574592,0.26968597613512346,0.0,65.71719775237776
50,48,81,6,6,17,0.7943017010053411,0.7378565164293406,0.05644518457600056,2.266200259100207e-05,848.264811425291
50,48,82,0,0,2,0.8881587784692604,0.8079014868756237,0.0802572915936367,0.0,74.5841161588259
50,48,83,4,4,2,0.8489908389603994,0.6712212910207291,0.17776954793967026,0.0,68.21997273846914
50,48,86,6,6,8,0.8386844189872171,0.8217481289917009,0.01693628999551622,0.0,495.3933175151271
50,48,88,9,9,1,1.0000000376124958,0.36671043658567265,0.6332896010268232,0.0,0.0
50,48,89,9,9,20,0.8109546706922095,0.8163167190953421,-0.005362048403132591,2.949082885078725e-05,1032.6404419724406
50,48,90,2,2,1,0.9999998983161481,0.4835763957207403,0.5164235025954078,0.0,0.0
50,48,91,8,8,12,0.7878134684198848,0.8090186206629046,-0.021205152243019887,1.8725737737914586e-05,708.7304196123033
50,48,92,1,1,17,0.828292556645635,0.7933219262349875,0.03497063041064741,2.9232279228355323e-05,1007.8309338638778
50,48,93,2,2,16,0.8538849758396547,0.8098418641096533,0.044043111730001416,0.0,1036.671583968048
50,48,94,9,9,17,0.8264173188831113,0.7963635287396458,0.030053790143465542,2.1759913643928176e-05,960.8168785096083
50,48,95,2,2,1,1.0000000031325817,0.5611145924332388,0.43888541069934295,0.0,0.0
50,48,96,7,7,1,0.999999967309162,0.7466767299061434,0.25332323740301854,0.0,0.0
50,48,97,2,2,4,0.8562203540067755,0.7353426524501625,0.12087770155661304,0.0,233.05801153751491
50,48,98,5,5,10,0.7550917034494535,0.7257946583559357,0.029297045093517826,1.5296578335564667e-05,573.4527773507463
50,49,0,5,5,1,0.9999999394961522,0.5139698711652484,0.4860300683309038,0.0,0.0
50,49,1,9,9,42,0.8402619355809839,0.8314770294198187,0.008784906161165229,9.612620225441487e-05,2673.027727450356
50,49,2,6,6,1,0.9999999778058308,0.23311259539545537,0.7668873824103755,0.0,0.0
50,49,3,4,4,2,0.8294859415352867,0.6451708752746378,0.18431506626064886,0.0,77.55945424903662
50,49,4,8,8,1,0.9999999354961747,0.311813420621923,0.6881865148742516,0.0,0.0
50,49,5,9,9,4,0.7731102247371334,0.7147065903600862,0.05840363437704721,0.0,174.44664387225112
50,49,6,7,7,23,0.83631678913301,0.8391390644464342,-0.0028222753134241607,5.353884537075893e-05,1472.2573330369546
50,49,7,6,6,4,0.7591758164506486,0.5960996517217736,0.16307616472887498,0.0,179.08705115520092
50,49,8,4,4,10,0.782440529368113,0.739683181906182,0.04275734746193105,1.4180530470996609e-05,441.4874017446306
50,49,9,7,7,1,1.0000000166906435,0.3392238855620552,0.6607761311285884,0.0,0.0
50,49,10,1,1,2,0.861081557220933,0.545383628690961,0.315697928529972,0.0,77.98145685649628
50,49,11,0,0,10,0.8011799036096464,0.714523527655615,0.08665637595403142,1.5884053997981236e-05,539.3480562530516
50,49,12,0,0,21,0.7677132139627612,0.754227016684262,0.013486197278499201,2.832733013283135e-05,1019.7552728684273
50,49,13,2,2,1,0.9999999813959076,0.220440068553868,0.7795599128420396,0.0,0.0
50,49,14,3,3,9,0.799423942651,0.7774218404927663,0.022002102158233727,1.4469966214694265e-05,539.6614496618513
50,49,15,4,4,1,1.0000000442605608,0.35330795945332805,0.6466920848072327,0.0,0.0
50,49,16,6,6,2,0.8603958119052003,0.5027425867427048,0.35765322516249554,0.0,80.73521940915839
50,49,17,7,7,41,0.8221888740750057,0.8172276271080282,0.004961246966977528,5.5302681500567107e-05,2209.4383374360045
50,49,18,2,2,1,1.0000000494947803,0.23617807870454602,0.7638219707902343,0.0,0.0
50,49,19,5,5,1,1.0000000893404033,0.5456976862442704,0.4543024030961329,0.0,0.0
50,49,20,1,1,3,0.8331990666502644,0.6491104895605542,0.18408857708971027,4.393865243665081e-06,148.81290921136255
50,49,21,8,8,5,0.8491786050193851,0.8177195988321425,0.03145900618724262,9.05013439141124e-06,261.121804394131
50,49,22,4,4,17,0.748933192032601,0.7111288150003605,0.03780437703224049,2.3400327708236472e-05,844.3172925130507
50,49,23,3,3,3,0.8821028474685929,0.8410421652732021,0.04106068219539083,5.323294931466403e-06,127.88409408506718
50,49,24,5,5,1,0.999999965270236,0.696601638535743,0.3033983267344931,0.0,0.0
50,49,25,7,7,2,0.8716761842389624,0.6410729903452917,0.23060319389367068,0.0,80.0561640329121
50,49,26,4,4,2,0.8371627529318345,0.40711967759998374,0.43004307533185077,0.0,76.45439690245168
50,49,27,8,8,1,0.9999998972876586,0.28722966648185266,0.7127702308058059,0.0,0.0
50,49,28,0,0,16,0.7906399220913136,0.746250154244862,0.044389767846451655,0.0,908.8364523442278
50,49,29,2,2,6,0.8154680651920798,0.7590219728945969,0.056446092297482875,8.795183382477736e-06,305.8735393838698
50,49,30,0,0,35,0.8681226481630068,0.8668824870240552,0.0012401611389515343,5.212302102449555e-05,2427.532199395596
50,49,31,1,1,1,1.0000000624077936,0.4597958242691914,0.5402042381386022,0.0,0.0
50,49,32,3,3,1,0.9999999899464902,0.4736961464130694,0.5263038435334209,0.0,0.0
50,49,33,1,1,1,1.0000000484911584,0.5180330347921578,0.48196701369900063,0.0,0.0
50,49,34,9,9,9,0.8695973322195356,0.7900784443919536,0.07951888782758199,1.3180958683593842e-05,556.6201862639576
50,49,35,4,4,6,0.8210511860025017,0.7436113649750397,0.07743982102746205,7.287249728431065e-06,302.388140070486
50,49,36,9,9,1,1.0000000282757302,0.6908048322495894,0.30919519602614076,0.0,0.0
50,49,37,7,7,13,0.7372626951830694,0.6907994782322032,0.04646321695086619,1.5219306164900403e-05,604.1055459589018
50,49,38,8,8,4,0.8244153843815775,0.6370406056322833,0.1873747787492942,0.0,215.54059105108658
50,49,39,7,7,9,0.8387042787481127,0.8184566985856753,0.02024758016243744,1.3247112798332805e-05,479.71416761173094
50,49,40,5,5,2,0.8751170808422878,0.5153671356725527,0.35974994516973513,0.0,78.37752087641265
50,49,41,9,9,1,1.0000000063062446,0.30473233918280107,0.6952676671234436,0.0,0.0
50,49,42,4,4,54,0.8363994212642628,0.8246764170198442,0.011723004244418633,8.793601903838138e-05,3095.574716597331
50,49,43,3,3,4,0.883948238538753,0.8277858940417351,0.05616234449701796,0.0,226.55139530526068
50,49,44,0,0,18,0.8428601495892868,0.7819185570939523,0.060941592495334485,2.6376315040067204e-05,1006.2673195147383
50,49,45,5,5,12,0.8297907457660381,0.7736505360348366,0.056140209731201485,1.9428623969047798e-05,638.4257600813582
50,49,46,6,6,11,0.8044230089667217,0.6999567682108797,0.10446624075584199,1.8106525787423327e-05,595.791201125605
50,49,47,8,8,19,0.8124528363227899,0.8613183808967126,-0.04886554457392278,2.818490584888795e-05,999.2460148675721
50,49,48,1,1,4,0.8673710043951129,0.7366424204295756,0.13072858396553733,0.0,223.6221189614333
50,49,49,5,5,12,0.8951033931853876,0.8586457644451779,0.036457628740209636,1.826706430022672e-05,677.8733538037758
50,49,50,1,1,2,0.8297524511804173,0.5281400177447982,0.30161243343561905,0.0,75.36370858135824
50,49,51,2,2,3,0.8505382247720505,0.6624129204852005,0.18812530428685004,5.945009136991809e-06,151.19373744724896
50,49,52,0,0,1,0.9999999281122282,0.44319416098879827,0.5568057671234299,0.0,0.0
50,49,53,3,3,3,0.8645706041461078,0.7233442906625993,0.14122631348350845,5.979348134267511e-06,153.18267557026465
50,49,54,3,3,2,0.8435378579250562,0.5057896128735011,0.3377482450515551,0.0,75.26822323225839
50,49,55,8,8,2,0.9077026812971739,0.6730797337615454,0.2346229475356285,0.0,86.7504813366459
50,49,56,3,3,5,0.8521378903769617,0.6392576603055748,0.2128802300713869,7.175219885185841e-06,240.20893362034477
50,49,57,6,6,3,0.9070832720471065,0.750391476384484,0.15669179566262248,4.280994483913032e-06,165.01449059924354
50,49,58,8,8,5,0.7525716196641142,0.7140468441846985,0.038524775479415685,7.886187277640116e-06,232.00269588132258
50,49,59,8,8,20,0.851309230194447,0.7580811067291978,0.09322812346524922,2.232200672960491e-05,1026.97079151195
50,49,60,6,6,27,0.8149352159588369,0.7771423887439987,0.03779282721483823,3.911149073857903e-05,1418.4552314924126
50,49,61,7,7,1,1.000000103571663,0.357233625629629,0.642766477942034,0.0,0.0
50,49,62,7,7,7,0.8660622929606684,0.7814708936004252,0.08459139936024318,9.807561051205971e-06,428.0981827618726
50,49,63,1,1,5,0.7948416132577226,0.6198124616125367,0.17502915164518595,8.026494521137858e-06,237.69385633622346
50,49,64,0,0,12,0.8386110235068871,0.8583205059126942,-0.019709482405807055,1.4526929952878355e-05,632.4188384877222
50,49,65,5,5,18,0.784280980969501,0.7524170865750033,0.03186389439449777,2.7799263549892145e-05,1005.8772813372224
50,49,66,3,3,1,0.9999999942364295,0.7025022459477861,0.2974977482886434,0.0,0.0
50,49,67,6,6,10,0.7820651116098143,0.7210960742315732,0.06096903737824111,1.3214037532314514e-05,547.7346074708464
50,49,68,3,3,1,0.9999999143748644,0.33869003989918317,0.6613098744756811,0.0,0.0
50,49,69,4,4,12,0.8426167595462684,0.7973207152423912,0.045296044303877125,1.8133105313790384e-05,656.456936545507
50,49,70,9,9,1,0.999999953372989,0.40697935294721505,0.5930206004257739,0.0,0.0
50,49,71,3,3,6,0.7900336057359675,0.7196624635293234,0.07037114220664409,9.103341613179738e-06,311.3753067171297
50,49,72,2,2,8,0.7478499954068708,0.7809137553787715,-0.0330637599719007,0.0,432.234907499207
50,49,73,1,1,1,0.9999999060963481,0.6350278029815084,0.36497210311483974,0.0,0.0
50,49,74,6,6,2,0.9000862161324499,0.5528487331082457,0.3472374830242042,0.0,88.35077549927307
50,49,75,4,4,22,0.8968429893920752,0.9006068203957546,-0.0037638310036793854,4.1946099163044185e-05,1505.78597956269
50,49,76,7,7,1,1.0000000463789913,0.5128833280287812,0.4871167183502101,0.0,0.0
50,49,77,8,8,3,0.8315162949243434,0.705040487747936,0.12647580717640738,4.33985238314665e-06,152.57619711008905
50,49,78,2,2,8,0.8116058100348646,0.7447018447785292,0.06690396525633546,0.0,443.5500764138123
50,49,79,5,5,7,0.8050520010062249,0.7623859955362847,0.04266600546994015,8.56939948718725e-06,401.64973008374926
50,49,80,0,0,1,0.9999998799957751,0.48194853210871996,0.5180513478870552,0.0,0.0
50,49,81,6,6,20,0.8257765065981236,0.7841779940959825,0.04159851250214108,2.4334545284640067e-05,1007.1603894260538
50,49,82,0,0,10,0.8715503308926471,0.7990954601805784,0.07245487071206869,2.1220022943279045e-05,617.2646781806545
50,49,83,4,4,6,0.7988296696720617,0.7490773584440947,0.04975231122796697,8.907096654143818e-06,300.512033714872
50,49,84,0,0,11,0.8172971251138377,0.7204372015719757,0.09685992354186201,1.7617489147302074e-05,579.1091565604743
50,49,85,5,5,1,1.000000101156803,0.5971820265252781,0.40281807463152486,0.0,0.0
50,49,86,6,6,14,0.8389733371575145,0.8293893666547363,0.00958397050277826,2.597185580732353e-05,902.8112602854414
50,49,87,1,1,2,0.8941147858722083,0.581312485648417,0.3128023002237913,0.0,76.94706075916605
50,49,88,9,9,9,0.8401606484848257,0.8070653432054363,0.03309530527938942,1.5694672820575755e-05,549.121662943082
50,49,89,9,9,2,0.8845345129253759,0.4628331192144536,0.4217013937109223,0.0,68.46170743292471
50,49,90,2,2,11,0.8105244965022039,0.7466108821582282,0.06391361434397569,1.622925509657702e-05,585.4129151157058
50,49,91,8,8,25,0.8231057808669129,0.8162361031301839,0.006869677736728974,3.8641751611472596e-05,1523.9716496200535
50,49,92,1,1,4,0.8696177838794099,0.6304085809741943,0.23920920290521563,0.0,222.00190689385042
50,49,93,2,2,5,0.8610878906726652,0.6416902950845021,0.21939759558816307,8.3289821719668e-06,279.53884826582316
50,49,94,9,9,7,0.8177018798156356,0.7092622714010571,0.10843960841457845,1.0959468324030756e-05,333.2090154661732
50,49,95,2,2,7,0.8487343684833529,0.8041934730046628,0.04454089547869011,1.2901103402211365e-05,417.6349114608726
50,49,96,7,7,14,0.7745374695817032,0.7722737524248867,0.0022637171568165027,2.4219489424378195e-05,724.3881593707902
50,49,97,2,2,53,0.8991468724367424,0.8626413082537192,0.0365055641830232,8.175043362903811e-05,3439.701835142723
50,49,98,5,5,3,0.8006518120270731,0.5936651878161479,0.20698662421092529,4.1774410497763635e-06,126.69848676055737
50,49,99,9,9,3,0.8645304295938671,0.7006710540384073,0.1638593755554597,4.467757784990813e-06,150.46929514775627
