dataset,method,family,attack,fpr,tpr,seed
cifar100,m0_fedavg,F1,A1_LiRA,0.0,0.0004155158507075991,0
cifar100,m0_fedavg,F1,A1_LiRA,0.0001,0.0020726908317649645,0
cifar100,m0_fedavg,F1,A1_LiRA,0.00010473708979594497,0.0021802361107716374,0
cifar100,m0_fedavg,F1,A1_LiRA,0.00010969857978923841,0.0021802361107716374,0
cifar100,m0_fedavg,F1,A1_LiRA,0.00011489510001873086,0.0022388971720480044,0
cifar100,m0_fedavg,F1,A1_LiRA,0.00012033778407775893,0.0022437855938210348,0
cifar100,m0_fedavg,F1,A1_LiRA,0.00012603829296797275,0.002253562437367096,0
cifar100,m0_fedavg,F1,A1_LiRA,0.0001320088400831418,0.00228778138977831,0
cifar100,m0_fedavg,F1,A1_LiRA,0.00013826221737646565,0.00228778138977831,0
cifar100,m0_fedavg,F1,A1_LiRA,0.0001448118227674533,0.0023171119204164936,0
cifar100,m0_fedavg,F1,A1_LiRA,0.00015167168884709225,0.0025859751179331753,0
cifar100,m0_fedavg,F1,A1_LiRA,0.00015885651294280528,0.002590863539706206,0
cifar100,m0_fedavg,F1,A1_LiRA,0.0001663816886076129,0.002830396206584704,0
cifar100,m0_fedavg,F1,A1_LiRA,0.00017426333860096508,0.002830396206584704,0
cifar100,m0_fedavg,F1,A1_LiRA,0.00018251834943190426,0.002981937281548652,0
cifar100,m0_fedavg,F1,A1_LiRA,0.00019116440753857018,0.0030601520299171413,0
cifar100,m0_fedavg,F1,A1_LiRA,0.00020022003718155845,0.0032165815266541197,0
cifar100,m0_fedavg,F1,A1_LiRA,0.00020970464013232327,0.0032508004790653337,0
cifar100,m0_fedavg,F1,A1_LiRA,0.0002196385372416547,0.003377899445164129,0
cifar100,m0_fedavg,F1,A1_LiRA,0.0002300430119772917,0.003504998411262924,0
cifar100,m0_fedavg,F1,A1_LiRA,0.00024094035602395243,0.00355877105076626,0
cifar100,m0_fedavg,F1,A1_LiRA,0.0002523539170434766,0.0035978784249505046,0
cifar100,m0_fedavg,F1,A1_LiRA,0.00026430814869741055,0.0037640847652335445,0
cifar100,m0_fedavg,F1,A1_LiRA,0.00027682866303920667,0.003827634248282942,0
cifar100,m0_fedavg,F1,A1_LiRA,0.0002899422853882875,0.003871630044240217,0
cifar100,m0_fedavg,F1,A1_LiRA,0.0003036771118035457,0.003998729010339012,0
cifar100,m0_fedavg,F1,A1_LiRA,0.0003180625692794119,0.004057390071615379,0
cifar100,m0_fedavg,F1,A1_LiRA,0.00033312947879346737,0.004130716398210838,0
cifar100,m0_fedavg,F1,A1_LiRA,0.0003489101213406774,0.004296922738493877,0
cifar100,m0_fedavg,F1,A1_LiRA,0.00036543830709572547,0.004409356439273581,0
cifar100,m0_fedavg,F1,A1_LiRA,0.0003827494478516311,0.004482682765869039,0
cifar100,m0_fedavg,F1,A1_LiRA,0.0004008806328898465,0.00465866594969814,0
cifar100,m0_fedavg,F1,A1_LiRA,0.000419870708444391,0.004736880698066629,0
cifar100,m0_fedavg,F1,A1_LiRA,0.00043976036093027214,0.004863979664165424,0
cifar100,m0_fedavg,F1,A1_LiRA,0.00046059220411451035,0.0049226407254417915,0
cifar100,m0_fedavg,F1,A1_LiRA,0.00048241087041653687,0.005030186004448464,0
cifar100,m0_fedavg,F1,A1_LiRA,0.0005052631065335679,0.005162173392320289,0
cifar100,m0_fedavg,F1,A1_LiRA,0.0005291978735958442,0.005240388140688779,0
cifar100,m0_fedavg,F1,A1_LiRA,0.0005542664520663107,0.005313714467284237,0
cifar100,m0_fedavg,F1,A1_LiRA,0.0005805225516094895,0.005396817637425757,0
cifar100,m0_fedavg,F1,A1_LiRA,0.0006080224261649427,0.005543470290616675,0
cifar100,m0_fedavg,F1,A1_LiRA,0.0006368249944718586,0.0056363503043042554,0
cifar100,m0_fedavg,F1,A1_LiRA,0.0006669919663030121,0.005743895583310928,0
cifar100,m0_fedavg,F1,A1_LiRA,0.0006985879746785249,0.00592965561068609,0
cifar100,m0_fedavg,F1,A1_LiRA,0.0007316807143427193,0.006022535624373671,0
cifar100,m0_fedavg,F1,A1_LiRA,0.0007663410868007462,0.006262068291252169,0
cifar100,m0_fedavg,F1,A1_LiRA,0.0008026433522257174,0.006423386209762179,0
cifar100,m0_fedavg,F1,A1_LiRA,0.0008406652885618325,0.00660425781536431,0
cifar100,m0_fedavg,F1,A1_LiRA,0.0008804883581643465,0.006716691516144013,0
cifar100,m0_fedavg,F1,A1_LiRA,0.0009221978823334322,0.007039327353164031,0
cifar100,m0_fedavg,F1,A1_LiRA,0.0009658832241158709,0.00720064527167404,0
cifar100,m0_fedavg,F1,A1_LiRA,0.001011637979766207,0.0073033021289076825,0
cifar100,m0_fedavg,F1,A1_LiRA,0.001059560179277616,0.007405958986141325,0
cifar100,m0_fedavg,F1,A1_LiRA,0.0011097524964120721,0.007523281108694058,0
cifar100,m0_fedavg,F1,A1_LiRA,0.0011623224686798518,0.007738371666707404,0
cifar100,m0_fedavg,F1,A1_LiRA,0.001217382727739662,0.00788502431989832,0
cifar100,m0_fedavg,F1,A1_LiRA,0.0012750512407130128,0.008095226456138636,0
cifar100,m0_fedavg,F1,A1_LiRA,0.0013354515629298987,0.008354312810109257,0
cifar100,m0_fedavg,F1,A1_LiRA,0.0013987131026472386,0.008496077041527142,0
cifar100,m0_fedavg,F1,A1_LiRA,0.0014649713983072847,0.008623176007625938,0
cifar100,m0_fedavg,F1,A1_LiRA,0.0015343684089300133,0.008892039205142619,0
cifar100,m0_fedavg,F1,A1_LiRA,0.0016070528182616384,0.009107129763155966,0
cifar100,m0_fedavg,F1,A1_LiRA,0.0016831803533309566,0.009366216117126586,0
cifar100,m0_fedavg,F1,A1_LiRA,0.001762914118095948,0.009620414049324176,0
cifar100,m0_fedavg,F1,A1_LiRA,0.0018464249428955426,0.009913719355706011,0
cifar100,m0_fedavg,F1,A1_LiRA,0.0019338917504552321,0.010182582553222692,0
cifar100,m0_fedavg,F1,A1_LiRA,0.0020255019392306666,0.010314569941094517,0
cifar100,m0_fedavg,F1,A1_LiRA,0.00212145178491063,0.01050032996846968,0
cifar100,m0_fedavg,F1,A1_LiRA,0.002221946860939524,0.010759416322440301,0
cifar100,m0_fedavg,F1,A1_LiRA,0.0023272024789604074,0.011082052159460318,0
cifar100,m0_fedavg,F1,A1_LiRA,0.002437444150122222,0.01134602693520397,0
cifar100,m0_fedavg,F1,A1_LiRA,0.0025529080682395165,0.011663774350450956,0
cifar100,m0_fedavg,F1,A1_LiRA,0.0026738416158399465,0.011913083860875516,0
cifar100,m0_fedavg,F1,A1_LiRA,0.002800503894183631,0.012250384963214626,0
cifar100,m0_fedavg,F1,A1_LiRA,0.0029331662783900424,0.012617016596191919,0
cifar100,m0_fedavg,F1,A1_LiRA,0.003072112998861759,0.012993425072715274,0
cifar100,m0_fedavg,F1,A1_LiRA,0.0032176417502507355,0.01339427565810378,0
cifar100,m0_fedavg,F1,A1_LiRA,0.003370064329271928,0.01372668833866986,0
cifar100,m0_fedavg,F1,A1_LiRA,0.00352970730273065,0.01415198103292352,0
cifar100,m0_fedavg,F1,A1_LiRA,0.0036969127071950283,0.0144843937134896,0
cifar100,m0_fedavg,F1,A1_LiRA,0.003872038781812557,0.014899909564197199,0
cifar100,m0_fedavg,F1,A1_LiRA,0.004055460735840828,0.015320313836677828,0
cifar100,m0_fedavg,F1,A1_LiRA,0.0042475715525368985,0.01581404443575392,0
cifar100,m0_fedavg,F1,A1_LiRA,0.004448782831127585,0.0160829076332706,0
cifar100,m0_fedavg,F1,A1_LiRA,0.004659525668664682,0.016493535062205168,0
cifar100,m0_fedavg,F1,A1_LiRA,0.004880251583654433,0.016899274069366706,0
cifar100,m0_fedavg,F1,A1_LiRA,0.005111433483440166,0.0174418888861731,0
cifar100,m0_fedavg,F1,A1_LiRA,0.0053535666774107244,0.017847627893334637,0
cifar100,m0_fedavg,F1,A1_LiRA,0.005607169938205458,0.018404907975460124,0
cifar100,m0_fedavg,F1,A1_LiRA,0.005872786613189483,0.018937745948720455,0
cifar100,m0_fedavg,F1,A1_LiRA,0.006150985788580504,0.019539021826803216,0
cifar100,m0_fedavg,F1,A1_LiRA,0.00644236350872137,0.020110967174247794,0
cifar100,m0_fedavg,F1,A1_LiRA,0.006747544053110693,0.020858895705521473,0
cifar100,m0_fedavg,F1,A1_LiRA,0.0070671812739274914,0.02151394422310757,0
cifar100,m0_fedavg,F1,A1_LiRA,0.007401959996915644,0.022242319067289126,0
cifar100,m0_fedavg,F1,A1_LiRA,0.007752597488629464,0.02288759074132916,0
cifar100,m0_fedavg,F1,A1_LiRA,0.008119844993184008,0.02373328770806345,0
cifar100,m0_fedavg,F1,A1_LiRA,0.008504489341802677,0.024354117273238336,0
cifar100,m0_fedavg,F1,A1_LiRA,0.00890735463861044,0.025102045804512012,0
cifar100,m0_fedavg,F1,A1_LiRA,0.009329304026284686,0.02600640383252267,0
cifar100,m0_fedavg,F1,A1_LiRA,0.009771241535346501,0.026910761860533327,0
cifar100,m0_fedavg,F1,A1_LiRA,0.010234114021054527,0.027727128296629433,0
cifar100,m0_fedavg,F1,A1_LiRA,0.010718913192051276,0.02873414318187373,0
cifar100,m0_fedavg,F1,A1_LiRA,0.011226677735108135,0.02965805489697651,0
cifar100,m0_fedavg,F1,A1_LiRA,0.01175849554052157,0.030449979224207464,0
cifar100,m0_fedavg,F1,A1_LiRA,0.012315506032928261,0.031549874123139345,0
cifar100,m0_fedavg,F1,A1_LiRA,0.01289890261253308,0.032591107960794855,0
cifar100,m0_fedavg,F1,A1_LiRA,0.013509935211980266,0.03369100285972674,0
cifar100,m0_fedavg,F1,A1_LiRA,0.01414991297434576,0.034639356683694666,0
cifar100,m0_fedavg,F1,A1_LiRA,0.014820207057988586,0.035876127392271404,0
cifar100,m0_fedavg,F1,A1_LiRA,0.01552225357427048,0.03687336543396964,0
cifar100,m0_fedavg,F1,A1_LiRA,0.016257556664437952,0.03803192139417789,0
cifar100,m0_fedavg,F1,A1_LiRA,0.017027691722258997,0.03931757632048493,0
cifar100,m0_fedavg,F1,A1_LiRA,0.017834308769319095,0.04081832180480532,0
cifar100,m0_fedavg,F1,A1_LiRA,0.01867913599020783,0.04235328624153692,0
cifar100,m0_fedavg,F1,A1_LiRA,0.01956398343517065,0.04363894116784396,0
cifar100,m0_fedavg,F1,A1_LiRA,0.020490746898158482,0.045115244543299196,0
cifar100,m0_fedavg,F1,A1_LiRA,0.021461411978584036,0.04671864688485323,0
cifar100,m0_fedavg,F1,A1_LiRA,0.02247805833548725,0.04819983868208149,0
cifar100,m0_fedavg,F1,A1_LiRA,0.02354286414322418,0.0499450052550534,0
cifar100,m0_fedavg,F1,A1_LiRA,0.024658110758226038,0.05154351917483441,0
cifar100,m0_fedavg,F1,A1_LiRA,0.025826187606826773,0.05344022682277027,0
cifar100,m0_fedavg,F1,A1_LiRA,0.027049597304631343,0.055195170239288244,0
cifar100,m0_fedavg,F1,A1_LiRA,0.02833096101839324,0.05711143157431623,0
cifar100,m0_fedavg,F1,A1_LiRA,0.029673024081888696,0.059017916065798155,0
cifar100,m0_fedavg,F1,A1_LiRA,0.03107866187782014,0.06125681323784616,0
cifar100,m0_fedavg,F1,A1_LiRA,0.0325508859983506,0.0633734998655684,0
cifar100,m0_fedavg,F1,A1_LiRA,0.03409285069746811,0.06546574438442548,0
cifar100,m0_fedavg,F1,A1_LiRA,0.03570785964900463,0.06789529000562168,0
cifar100,m0_fedavg,F1,A1_LiRA,0.03739937302478798,0.07028572825263364,0
cifar100,m0_fedavg,F1,A1_LiRA,0.039171014908092605,0.07258817490773103,0
cifar100,m0_fedavg,F1,A1_LiRA,0.04102658105827194,0.075301248991763,0
cifar100,m0_fedavg,F1,A1_LiRA,0.04297004704320839,0.07797521570161073,0
cifar100,m0_fedavg,F1,A1_LiRA,0.04500557675700498,0.0804780876494024,0
cifar100,m0_fedavg,F1,A1_LiRA,0.047137531341167244,0.08347469019627013,0
cifar100,m0_fedavg,F1,A1_LiRA,0.049370478528390035,0.0861388800625718,0
cifar100,m0_fedavg,F1,A1_LiRA,0.05170920242896761,0.08939945738518319,0
cifar100,m0_fedavg,F1,A1_LiRA,0.054158713780794704,0.09284579473516975,0
cifar100,m0_fedavg,F1,A1_LiRA,0.05672426068491978,0.09609659521423508,0
cifar100,m0_fedavg,F1,A1_LiRA,0.05941133984965034,0.09949893676826436,0
cifar100,m0_fedavg,F1,A1_LiRA,0.06222570836730231,0.10313103414562609,0
cifar100,m0_fedavg,F1,A1_LiRA,0.06517339604882427,0.10707599051646176,0
cifar100,m0_fedavg,F1,A1_LiRA,0.06826071834272386,0.11135824798963655,0
cifar100,m0_fedavg,F1,A1_LiRA,0.07149428986597577,0.11527387382983403,0
cifar100,m0_fedavg,F1,A1_LiRA,0.07488103857590023,0.11956590814655488,0
cifar100,m0_fedavg,F1,A1_LiRA,0.07842822061337681,0.12380905824554543,0
cifar100,m0_fedavg,F1,A1_LiRA,0.0821434358491943,0.12858993473956934,0
cifar100,m0_fedavg,F1,A1_LiRA,0.086034644166845,0.13344902598196173,0
cifar100,m0_fedavg,F1,A1_LiRA,0.09011018251665019,0.1389142815242099,0
cifar100,m0_fedavg,F1,A1_LiRA,0.09437878277775381,0.14421821914794808,0
cifar100,m0_fedavg,F1,A1_LiRA,0.09884959046625587,0.15005010632317356,0
cifar100,m0_fedavg,F1,A1_LiRA,0.10353218432956626,0.1560188693080439,0
cifar100,m0_fedavg,F1,A1_LiRA,0.1084365968689611,0.1618067606873121,0
cifar100,m0_fedavg,F1,A1_LiRA,0.11357333583431052,0.16832791533253488,0
cifar100,m0_fedavg,F1,A1_LiRA,0.11895340673703195,0.17420379830371766,0
cifar100,m0_fedavg,F1,A1_LiRA,0.12458833642950082,0.18094493192872682,0
cifar100,m0_fedavg,F1,A1_LiRA,0.1304901978014403,0.18751008236990688,0
cifar100,m0_fedavg,F1,A1_LiRA,0.13667163564620075,0.19470583921980789,0
cifar100,m0_fedavg,F1,A1_LiRA,0.14314589375234785,0.2020335834575807,0
cifar100,m0_fedavg,F1,A1_LiRA,0.14992684327860456,0.20978173196783417,0
cifar100,m0_fedavg,F1,A1_LiRA,0.15702901247293774,0.21816537530858163,0
cifar100,m0_fedavg,F1,A1_LiRA,0.16446761779946645,0.2266027912888324,0
cifar100,m0_fedavg,F1,A1_LiRA,0.17225859653987874,0.23563659472539292,0
cifar100,m0_fedavg,F1,A1_LiRA,0.18041864093920718,0.24391269278713368,0
cifar100,m0_fedavg,F1,A1_LiRA,0.18896523396912096,0.25337667733972086,0
cifar100,m0_fedavg,F1,A1_LiRA,0.19791668678535573,0.2630068682325911,0
cifar100,m0_fedavg,F1,A1_LiRA,0.2072921779595372,0.2731796739422677,0
cifar100,m0_fedavg,F1,A1_LiRA,0.21711179456945054,0.28383154498570135,0
cifar100,m0_fedavg,F1,A1_LiRA,0.22739657523579276,0.296077041527143,0
cifar100,m0_fedavg,F1,A1_LiRA,0.23816855519761582,0.30823454647667,0
cifar100,m0_fedavg,F1,A1_LiRA,0.24945081352303167,0.32010363454158824,0
cifar100,m0_fedavg,F1,A1_LiRA,0.2612675225563329,0.332534891110405,0
cifar100,m0_fedavg,F1,A1_LiRA,0.27364399970746717,0.34558697724439663,0
cifar100,m0_fedavg,F1,A1_LiRA,0.286606761694825,0.3588639307799477,0
cifar100,m0_fedavg,F1,A1_LiRA,0.3001835813575589,0.3732505560579767,0
cifar100,m0_fedavg,F1,A1_LiRA,0.31440354715915003,0.3882237919487693,0
cifar100,m0_fedavg,F1,A1_LiRA,0.3292971255097151,0.40412093955466477,0
cifar100,m0_fedavg,F1,A1_LiRA,0.34489622604057596,0.42021362403148144,0
cifar100,m0_fedavg,F1,A1_LiRA,0.36123426997094304,0.43669738225014054,0
cifar100,m0_fedavg,F1,A1_LiRA,0.3783462617131929,0.45408061007503725,0
cifar100,m0_fedavg,F1,A1_LiRA,0.3962688638701478,0.47212377483929313,0
cifar100,m0_fedavg,F1,A1_LiRA,0.41504047578504766,0.49160413560481997,0
cifar100,m0_fedavg,F1,A1_LiRA,0.43470131581250265,0.5113484711460905,0
cifar100,m0_fedavg,F1,A1_LiRA,0.4552935074866948,0.5313225625106934,0
cifar100,m0_fedavg,F1,A1_LiRA,0.47686116977144694,0.5526605235499719,0
cifar100,m0_fedavg,F1,A1_LiRA,0.499450511585514,0.5754796763864787,0
cifar100,m0_fedavg,F1,A1_LiRA,0.5231099308056264,0.5982694986923471,0
cifar100,m0_fedavg,F1,A1_LiRA,0.5478901179593945,0.6226040622784934,0
cifar100,m0_fedavg,F1,A1_LiRA,0.5738441648302393,0.6469777332388238,0
cifar100,m0_fedavg,F1,A1_LiRA,0.6010276782070382,0.6734680908268765,0
cifar100,m0_fedavg,F1,A1_LiRA,0.6294988990221888,0.7009116906606702,0
cifar100,m0_fedavg,F1,A1_LiRA,0.6593188271333549,0.7295334001417643,0
cifar100,m0_fedavg,F1,A1_LiRA,0.6905513520162331,0.7590985750250532,0
cifar100,m0_fedavg,F1,A1_LiRA,0.7232633896483533,0.7891770341945104,0
cifar100,m0_fedavg,F1,A1_LiRA,0.7575250258771913,0.819837215554958,0
cifar100,m0_fedavg,F1,A1_LiRA,0.7934096665797492,0.850849363283064,0
cifar100,m0_fedavg,F1,A1_LiRA,0.8309941949353395,0.882809864835138,0
cifar100,m0_fedavg,F1,A1_LiRA,0.8703591361485166,0.9163444381981277,0
cifar100,m0_fedavg,F1,A1_LiRA,0.9115888299750827,0.9488182240363698,0
cifar100,m0_fedavg,F1,A1_LiRA,0.9547716114208056,0.9798988096692983,0
cifar100,m0_fedavg,F1,A1_LiRA,1.0,1.0,0
cifar100,m1_glfc,F1,A1_LiRA,0.0,0.0,0
cifar100,m1_glfc,F1,A1_LiRA,0.0001,0.00029853960299126896,0
cifar100,m1_glfc,F1,A1_LiRA,0.00010473708979594497,0.00031322187854821657,0
cifar100,m1_glfc,F1,A1_LiRA,0.00010969857978923841,0.00032301006225284837,0
cifar100,m1_glfc,F1,A1_LiRA,0.00011489510001873086,0.00036216279707137545,0
cifar100,m1_glfc,F1,A1_LiRA,0.00012033778407775893,0.0004013155318899025,0
cifar100,m1_glfc,F1,A1_LiRA,0.00012603829296797275,0.00041110371559453427,0
cifar100,m1_glfc,F1,A1_LiRA,0.0001320088400831418,0.00041599780744685014,0
cifar100,m1_glfc,F1,A1_LiRA,0.00013826221737646565,0.00041599780744685014,0
cifar100,m1_glfc,F1,A1_LiRA,0.0001448118227674533,0.00042578599115148194,0
cifar100,m1_glfc,F1,A1_LiRA,0.00015167168884709225,0.0004355741748561137,0
cifar100,m1_glfc,F1,A1_LiRA,0.00015885651294280528,0.0004453623585607455,0
cifar100,m1_glfc,F1,A1_LiRA,0.0001663816886076129,0.0004943032770839043,0
cifar100,m1_glfc,F1,A1_LiRA,0.00017426333860096508,0.0005285619200501155,0
cifar100,m1_glfc,F1,A1_LiRA,0.00018251834943190426,0.0005579264711640108,0
cifar100,m1_glfc,F1,A1_LiRA,0.00019116440753857018,0.0005823969304255902,0
cifar100,m1_glfc,F1,A1_LiRA,0.00020022003718155845,0.0006019732978348538,0
cifar100,m1_glfc,F1,A1_LiRA,0.00020970464013232327,0.0006166555733918014,0
cifar100,m1_glfc,F1,A1_LiRA,0.0002196385372416547,0.0006264437570964331,0
cifar100,m1_glfc,F1,A1_LiRA,0.0002300430119772917,0.0007047492267334873,0
cifar100,m1_glfc,F1,A1_LiRA,0.00024094035602395243,0.000719431502290435,0
cifar100,m1_glfc,F1,A1_LiRA,0.0002523539170434766,0.0007487960534043303,0
cifar100,m1_glfc,F1,A1_LiRA,0.00026430814869741055,0.0007879487882228573,0
cifar100,m1_glfc,F1,A1_LiRA,0.00027682866303920667,0.0008368897067460163,0
cifar100,m1_glfc,F1,A1_LiRA,0.0002899422853882875,0.0009005129008261227,0
cifar100,m1_glfc,F1,A1_LiRA,0.0003036771118035457,0.0009005129008261227,0
cifar100,m1_glfc,F1,A1_LiRA,0.0003180625692794119,0.0009641360949062292,0
cifar100,m1_glfc,F1,A1_LiRA,0.00033312947879346737,0.0009886065541678086,0
cifar100,m1_glfc,F1,A1_LiRA,0.0003489101213406774,0.0010032888297247563,0
cifar100,m1_glfc,F1,A1_LiRA,0.00036543830709572547,0.0010864883912141262,0
cifar100,m1_glfc,F1,A1_LiRA,0.0003827494478516311,0.0011550056771465486,0
cifar100,m1_glfc,F1,A1_LiRA,0.0004008806328898465,0.0011892643201127599,0
cifar100,m1_glfc,F1,A1_LiRA,0.000419870708444391,0.0012822520653067617,0
cifar100,m1_glfc,F1,A1_LiRA,0.00043976036093027214,0.0013262988919776047,0
cifar100,m1_glfc,F1,A1_LiRA,0.00046059220411451035,0.001360557534943816,0
cifar100,m1_glfc,F1,A1_LiRA,0.00048241087041653687,0.0014143925453192906,0
cifar100,m1_glfc,F1,A1_LiRA,0.0005052631065335679,0.0015171684742179242,0
cifar100,m1_glfc,F1,A1_LiRA,0.0005291978735958442,0.0016003680357072941,0
cifar100,m1_glfc,F1,A1_LiRA,0.0005542664520663107,0.0017080380564582435,0
cifar100,m1_glfc,F1,A1_LiRA,0.0005805225516094895,0.0017618730668337184,0
cifar100,m1_glfc,F1,A1_LiRA,0.0006080224261649427,0.0019527426490740377,0
cifar100,m1_glfc,F1,A1_LiRA,0.0006368249944718586,0.001987001292040249,0
cifar100,m1_glfc,F1,A1_LiRA,0.0006669919663030121,0.001991895383892565,0
cifar100,m1_glfc,F1,A1_LiRA,0.0006985879746785249,0.0021093535883481463,0
cifar100,m1_glfc,F1,A1_LiRA,0.0007316807143427193,0.0021778708742805687,0
cifar100,m1_glfc,F1,A1_LiRA,0.0007663410868007462,0.0022072354253944637,0
cifar100,m1_glfc,F1,A1_LiRA,0.0008026433522257174,0.0022561763439176226,0
cifar100,m1_glfc,F1,A1_LiRA,0.0008406652885618325,0.0023393759054069927,0
cifar100,m1_glfc,F1,A1_LiRA,0.0008804883581643465,0.0024764104772718376,0
cifar100,m1_glfc,F1,A1_LiRA,0.0009221978823334322,0.002657491875807525,0
cifar100,m1_glfc,F1,A1_LiRA,0.0009658832241158709,0.0028238909987862654,0
cifar100,m1_glfc,F1,A1_LiRA,0.001011637979766207,0.002931561019537215,0
cifar100,m1_glfc,F1,A1_LiRA,0.001059560179277616,0.0030734896832543754,0
cifar100,m1_glfc,F1,A1_LiRA,0.0011097524964120721,0.003132218785482166,0
cifar100,m1_glfc,F1,A1_LiRA,0.0011623224686798518,0.003249676989937747,0
cifar100,m1_glfc,F1,A1_LiRA,0.001217382727739662,0.003342664735131749,0
cifar100,m1_glfc,F1,A1_LiRA,0.0012750512407130128,0.003420970204768803,0
cifar100,m1_glfc,F1,A1_LiRA,0.0013354515629298987,0.0034845933988489094,0
cifar100,m1_glfc,F1,A1_LiRA,0.0013987131026472386,0.0035922634195998593,0
cifar100,m1_glfc,F1,A1_LiRA,0.0014649713983072847,0.003675462981089229,0
cifar100,m1_glfc,F1,A1_LiRA,0.0015343684089300133,0.003719509807760072,0
cifar100,m1_glfc,F1,A1_LiRA,0.0016070528182616384,0.003910379390000392,0
cifar100,m1_glfc,F1,A1_LiRA,0.0016831803533309566,0.004018049410751341,0
cifar100,m1_glfc,F1,A1_LiRA,0.001762914118095948,0.004135507615206922,0
cifar100,m1_glfc,F1,A1_LiRA,0.0018464249428955426,0.004292118554481031,0
cifar100,m1_glfc,F1,A1_LiRA,0.0019338917504552321,0.004414470850788927,0
cifar100,m1_glfc,F1,A1_LiRA,0.0020255019392306666,0.004610234524881563,0
cifar100,m1_glfc,F1,A1_LiRA,0.00212145178491063,0.004820680474531146,0
cifar100,m1_glfc,F1,A1_LiRA,0.002221946860939524,0.004987079597509886,0
cifar100,m1_glfc,F1,A1_LiRA,0.0023272024789604074,0.005246466465682628,0
cifar100,m1_glfc,F1,A1_LiRA,0.002437444150122222,0.005417759680513684,0
cifar100,m1_glfc,F1,A1_LiRA,0.0025529080682395165,0.005491171058298422,0
cifar100,m1_glfc,F1,A1_LiRA,0.0026738416158399465,0.005682040640538742,0
cifar100,m1_glfc,F1,A1_LiRA,0.002800503894183631,0.005877804314631377,0
cifar100,m1_glfc,F1,A1_LiRA,0.0029331662783900424,0.00606377980501938,0
cifar100,m1_glfc,F1,A1_LiRA,0.003072112998861759,0.006288908030225911,0
cifar100,m1_glfc,F1,A1_LiRA,0.0032176417502507355,0.006543400806546337,0
cifar100,m1_glfc,F1,A1_LiRA,0.003370064329271928,0.0066902235621158134,0
cifar100,m1_glfc,F1,A1_LiRA,0.00352970730273065,0.006910457695470029,0
cifar100,m1_glfc,F1,A1_LiRA,0.0036969127071950283,0.007091539094005716,0
cifar100,m1_glfc,F1,A1_LiRA,0.003872038781812557,0.00736071414588309,0
cifar100,m1_glfc,F1,A1_LiRA,0.004055460735840828,0.007629889197760463,0
cifar100,m1_glfc,F1,A1_LiRA,0.0042475715525368985,0.00785991151481931,0
cifar100,m1_glfc,F1,A1_LiRA,0.004448782831127585,0.008329744332641635,0
cifar100,m1_glfc,F1,A1_LiRA,0.004659525668664682,0.008760424415645432,0
cifar100,m1_glfc,F1,A1_LiRA,0.004880251583654433,0.00910790493715986,0
cifar100,m1_glfc,F1,A1_LiRA,0.005111433483440166,0.009386868172741866,0
cifar100,m1_glfc,F1,A1_LiRA,0.0053535666774107244,0.009778395520927137,0
cifar100,m1_glfc,F1,A1_LiRA,0.005607169938205458,0.01017971105281704,0
cifar100,m1_glfc,F1,A1_LiRA,0.005872786613189483,0.010644649778787048,0
cifar100,m1_glfc,F1,A1_LiRA,0.006150985788580504,0.011026388943267688,0
cifar100,m1_glfc,F1,A1_LiRA,0.00644236350872137,0.011408128107748326,0
cifar100,m1_glfc,F1,A1_LiRA,0.006747544053110693,0.011721349986296543,0
cifar100,m1_glfc,F1,A1_LiRA,0.0070671812739274914,0.012098195058924866,0
cifar100,m1_glfc,F1,A1_LiRA,0.007401959996915644,0.012572921968599507,0
cifar100,m1_glfc,F1,A1_LiRA,0.007752597488629464,0.013042754786421832,0
cifar100,m1_glfc,F1,A1_LiRA,0.008119844993184008,0.01359089307388121,0
cifar100,m1_glfc,F1,A1_LiRA,0.008504489341802677,0.01400689088132806,0
cifar100,m1_glfc,F1,A1_LiRA,0.00890735463861044,0.01461375827101523,0
cifar100,m1_glfc,F1,A1_LiRA,0.009329304026284686,0.015147214282917662,0
cifar100,m1_glfc,F1,A1_LiRA,0.009771241535346501,0.015915586703731256,0
cifar100,m1_glfc,F1,A1_LiRA,0.010234114021054527,0.016537136368975372,0
cifar100,m1_glfc,F1,A1_LiRA,0.010718913192051276,0.01739360244313065,0
cifar100,m1_glfc,F1,A1_LiRA,0.011226677735108135,0.018142398496534984,0
cifar100,m1_glfc,F1,A1_LiRA,0.01175849554052157,0.018900982733643944,0
cifar100,m1_glfc,F1,A1_LiRA,0.012315506032928261,0.01960573196037743,0
cifar100,m1_glfc,F1,A1_LiRA,0.01289890261253308,0.020403468932304922,0
cifar100,m1_glfc,F1,A1_LiRA,0.013509935211980266,0.021279511373869464,0
cifar100,m1_glfc,F1,A1_LiRA,0.01414991297434576,0.022194706550252536,0
cifar100,m1_glfc,F1,A1_LiRA,0.014820207057988586,0.023060960808112447,0
cifar100,m1_glfc,F1,A1_LiRA,0.01552225357427048,0.02402020281116636,0
cifar100,m1_glfc,F1,A1_LiRA,0.016257556664437952,0.025111585294232804,0
cifar100,m1_glfc,F1,A1_LiRA,0.017027691722258997,0.0261589209506284,0
cifar100,m1_glfc,F1,A1_LiRA,0.017834308769319095,0.02707901021886379,0
cifar100,m1_glfc,F1,A1_LiRA,0.01867913599020783,0.02829763909009044,0
cifar100,m1_glfc,F1,A1_LiRA,0.01956398343517065,0.02940370384871383,0
cifar100,m1_glfc,F1,A1_LiRA,0.020490746898158482,0.030617438628088172,0
cifar100,m1_glfc,F1,A1_LiRA,0.021461411978584036,0.03178712658079167,0
cifar100,m1_glfc,F1,A1_LiRA,0.02247805833548725,0.033040014094984534,0
cifar100,m1_glfc,F1,A1_LiRA,0.02354286414322418,0.034268431149915825,0
cifar100,m1_glfc,F1,A1_LiRA,0.024658110758226038,0.03585411691006617,0
cifar100,m1_glfc,F1,A1_LiRA,0.025826187606826773,0.03726850945538546,0
cifar100,m1_glfc,F1,A1_LiRA,0.027049597304631343,0.03862417289847696,0
cifar100,m1_glfc,F1,A1_LiRA,0.02833096101839324,0.040141341372694886,0
cifar100,m1_glfc,F1,A1_LiRA,0.029673024081888696,0.04196683763360871,0
cifar100,m1_glfc,F1,A1_LiRA,0.03107866187782014,0.0436895579656239,0
cifar100,m1_glfc,F1,A1_LiRA,0.0325508859983506,0.04538780783837751,0
cifar100,m1_glfc,F1,A1_LiRA,0.03409285069746811,0.04712031635409734,0
cifar100,m1_glfc,F1,A1_LiRA,0.03570785964900463,0.0491122117379899,0
cifar100,m1_glfc,F1,A1_LiRA,0.03739937302478798,0.051299870795975096,0
cifar100,m1_glfc,F1,A1_LiRA,0.039171014908092605,0.05351689440507419,0
cifar100,m1_glfc,F1,A1_LiRA,0.04102658105827194,0.055371755217101915,0
cifar100,m1_glfc,F1,A1_LiRA,0.04297004704320839,0.05763771974472417,0
cifar100,m1_glfc,F1,A1_LiRA,0.04500557675700498,0.05984495517011863,0
cifar100,m1_glfc,F1,A1_LiRA,0.047137531341167244,0.061851532829568144,0
cifar100,m1_glfc,F1,A1_LiRA,0.049370478528390035,0.06441114286832936,0
cifar100,m1_glfc,F1,A1_LiRA,0.05170920242896761,0.06734759797971888,0
cifar100,m1_glfc,F1,A1_LiRA,0.054158713780794704,0.0699708312125602,0
cifar100,m1_glfc,F1,A1_LiRA,0.05672426068491978,0.07302963862025763,0
cifar100,m1_glfc,F1,A1_LiRA,0.05941133984965034,0.07589757644571474,0
cifar100,m1_glfc,F1,A1_LiRA,0.06222570836730231,0.07923534708899417,0
cifar100,m1_glfc,F1,A1_LiRA,0.06517339604882427,0.08242140088485181,0
cifar100,m1_glfc,F1,A1_LiRA,0.06826071834272386,0.08560745468070945,0
cifar100,m1_glfc,F1,A1_LiRA,0.07149428986597577,0.08893054304843194,0
cifar100,m1_glfc,F1,A1_LiRA,0.07488103857590023,0.09240534826357621,0
cifar100,m1_glfc,F1,A1_LiRA,0.07842822061337681,0.09611996397948397,0
cifar100,m1_glfc,F1,A1_LiRA,0.0821434358491943,0.10035824752358952,0
cifar100,m1_glfc,F1,A1_LiRA,0.086034644166845,0.10489507067068635,0
cifar100,m1_glfc,F1,A1_LiRA,0.09011018251665019,0.10909420147997338,0
cifar100,m1_glfc,F1,A1_LiRA,0.09437878277775381,0.11368975372929799,0
cifar100,m1_glfc,F1,A1_LiRA,0.09884959046625587,0.11851043420382913,0
cifar100,m1_glfc,F1,A1_LiRA,0.10353218432956626,0.12341920833170197,0
cifar100,m1_glfc,F1,A1_LiRA,0.1084365968689611,0.1282643592654947,0
cifar100,m1_glfc,F1,A1_LiRA,0.11357333583431052,0.13376042441564542,0
cifar100,m1_glfc,F1,A1_LiRA,0.11895340673703195,0.1396675932813907,0
cifar100,m1_glfc,F1,A1_LiRA,0.12458833642950082,0.14544751575897577,0
cifar100,m1_glfc,F1,A1_LiRA,0.1304901978014403,0.15178536470772483,0
cifar100,m1_glfc,F1,A1_LiRA,0.13667163564620075,0.15826514232019107,0
cifar100,m1_glfc,F1,A1_LiRA,0.14314589375234785,0.16534199913863984,0
cifar100,m1_glfc,F1,A1_LiRA,0.14992684327860456,0.17261461963118124,0
cifar100,m1_glfc,F1,A1_LiRA,0.15702901247293774,0.18029834383931717,0
cifar100,m1_glfc,F1,A1_LiRA,0.16446761779946645,0.18810931443561332,0
cifar100,m1_glfc,F1,A1_LiRA,0.17225859653987874,0.19618946008378685,0
cifar100,m1_glfc,F1,A1_LiRA,0.18041864093920718,0.20453878078383775,0
cifar100,m1_glfc,F1,A1_LiRA,0.18896523396912096,0.2140773658040014,0
cifar100,m1_glfc,F1,A1_LiRA,0.19791668678535573,0.2238753376923378,0
cifar100,m1_glfc,F1,A1_LiRA,0.2072921779595372,0.23340902862064916,0
cifar100,m1_glfc,F1,A1_LiRA,0.21711179456945054,0.24349085783641988,0
cifar100,m1_glfc,F1,A1_LiRA,0.22739657523579276,0.2536460984299753,0
cifar100,m1_glfc,F1,A1_LiRA,0.23816855519761582,0.264951450608825,0
cifar100,m1_glfc,F1,A1_LiRA,0.24945081352303167,0.2768881406366235,0
cifar100,m1_glfc,F1,A1_LiRA,0.2612675225563329,0.28901570024666223,0
cifar100,m1_glfc,F1,A1_LiRA,0.27364399970746717,0.3015103167456247,0
cifar100,m1_glfc,F1,A1_LiRA,0.286606761694825,0.31485650522689007,0
cifar100,m1_glfc,F1,A1_LiRA,0.3001835813575589,0.3281390705140754,0
cifar100,m1_glfc,F1,A1_LiRA,0.31440354715915003,0.34207744410947105,0
cifar100,m1_glfc,F1,A1_LiRA,0.3292971255097151,0.3572148702086841,0
cifar100,m1_glfc,F1,A1_LiRA,0.34489622604057596,0.3730913041775968,0
cifar100,m1_glfc,F1,A1_LiRA,0.36123426997094304,0.3890166790650327,0
cifar100,m1_glfc,F1,A1_LiRA,0.3783462617131929,0.4058376727614424,0
cifar100,m1_glfc,F1,A1_LiRA,0.3962688638701478,0.42366684937942917,0
cifar100,m1_glfc,F1,A1_LiRA,0.41504047578504766,0.44252378528640224,0
cifar100,m1_glfc,F1,A1_LiRA,0.43470131581250265,0.46227144591049685,0
cifar100,m1_glfc,F1,A1_LiRA,0.4552935074866948,0.48309580674210095,0
cifar100,m1_glfc,F1,A1_LiRA,0.47686116977144694,0.5048451509337927,0
cifar100,m1_glfc,F1,A1_LiRA,0.499450511585514,0.5270741161270115,0
cifar100,m1_glfc,F1,A1_LiRA,0.5231099308056264,0.5508838729885283,0
cifar100,m1_glfc,F1,A1_LiRA,0.5478901179593945,0.5753102854234369,0
cifar100,m1_glfc,F1,A1_LiRA,0.5738441648302393,0.6007791394228887,0
cifar100,m1_glfc,F1,A1_LiRA,0.6010276782070382,0.6275840804980228,0
cifar100,m1_glfc,F1,A1_LiRA,0.6294988990221888,0.6562928233037078,0
cifar100,m1_glfc,F1,A1_LiRA,0.6593188271333549,0.6864893700324968,0
cifar100,m1_glfc,F1,A1_LiRA,0.6905513520162331,0.7168767863435261,0
cifar100,m1_glfc,F1,A1_LiRA,0.7232633896483533,0.7483751615050311,0
cifar100,m1_glfc,F1,A1_LiRA,0.7575250258771913,0.7817822324889393,0
cifar100,m1_glfc,F1,A1_LiRA,0.7934096665797492,0.8161044986492306,0
cifar100,m1_glfc,F1,A1_LiRA,0.8309941949353395,0.8527220938882581,0
cifar100,m1_glfc,F1,A1_LiRA,0.8703591361485166,0.8903478720488626,0
cifar100,m1_glfc,F1,A1_LiRA,0.9115888299750827,0.92922653772366,0
cifar100,m1_glfc,F1,A1_LiRA,0.9547716114208056,0.9676843114991582,0
cifar100,m1_glfc,F1,A1_LiRA,1.0,1.0,0
cifar100,m2_target,F1,A1_LiRA,0.0,0.0001074439093954815,0
cifar100,m2_target,F1,A1_LiRA,0.0001,0.001494447103409879,0
cifar100,m2_target,F1,A1_LiRA,0.00010473708979594497,0.0015481690581076197,0
cifar100,m2_target,F1,A1_LiRA,0.00010969857978923841,0.0016067748268687914,0
cifar100,m2_target,F1,A1_LiRA,0.00011489510001873086,0.0016067748268687914,0
cifar100,m2_target,F1,A1_LiRA,0.00012033778407775893,0.0016604967815665322,0
cifar100,m2_target,F1,A1_LiRA,0.00012603829296797275,0.0016800320378202562,0
cifar100,m2_target,F1,A1_LiRA,0.0001320088400831418,0.0018021273894060306,0
cifar100,m2_target,F1,A1_LiRA,0.00013826221737646565,0.0018118950175328925,0
cifar100,m2_target,F1,A1_LiRA,0.0001448118227674533,0.0018167788315963235,0
cifar100,m2_target,F1,A1_LiRA,0.00015167168884709225,0.0018363140878500475,0
cifar100,m2_target,F1,A1_LiRA,0.00015885651294280528,0.0018607331581672023,0
cifar100,m2_target,F1,A1_LiRA,0.0001663816886076129,0.0019486418113089598,0
cifar100,m2_target,F1,A1_LiRA,0.00017426333860096508,0.001963293253499253,0
cifar100,m2_target,F1,A1_LiRA,0.00018251834943190426,0.0020170152081969935,0
cifar100,m2_target,F1,A1_LiRA,0.00019116440753857018,0.00210004004727532,0
cifar100,m2_target,F1,A1_LiRA,0.00020022003718155845,0.002153762001973061,0
cifar100,m2_target,F1,A1_LiRA,0.00020970464013232327,0.0022026001426073707,0
cifar100,m2_target,F1,A1_LiRA,0.0002196385372416547,0.0022612059113685423,0
cifar100,m2_target,F1,A1_LiRA,0.0002300430119772917,0.0024712099160960743,0
cifar100,m2_target,F1,A1_LiRA,0.00024094035602395243,0.00250051280047666,0
cifar100,m2_target,F1,A1_LiRA,0.0002523539170434766,0.002544467127047539,0
cifar100,m2_target,F1,A1_LiRA,0.00026430814869741055,0.002686097734887037,0
cifar100,m2_target,F1,A1_LiRA,0.00027682866303920667,0.0027105168052041924,0
cifar100,m2_target,F1,A1_LiRA,0.0002899422853882875,0.002788657830219088,0
cifar100,m2_target,F1,A1_LiRA,0.0003036771118035457,0.0029205208099317244,0
cifar100,m2_target,F1,A1_LiRA,0.0003180625692794119,0.0029547075083757412,0
cifar100,m2_target,F1,A1_LiRA,0.00033312947879346737,0.0030816866740249467,0
cifar100,m2_target,F1,A1_LiRA,0.0003489101213406774,0.0031256410005958252,0
cifar100,m2_target,F1,A1_LiRA,0.00036543830709572547,0.0032868068646890475,0
cifar100,m2_target,F1,A1_LiRA,0.0003827494478516311,0.0035114623116068726,0
cifar100,m2_target,F1,A1_LiRA,0.0004008806328898465,0.003604254778812061,0
cifar100,m2_target,F1,A1_LiRA,0.000419870708444391,0.0036921634319538187,0
cifar100,m2_target,F1,A1_LiRA,0.00043976036093027214,0.0037898397132224383,0
cifar100,m2_target,F1,A1_LiRA,0.00046059220411451035,0.0038728645523007648,0
cifar100,m2_target,F1,A1_LiRA,0.00048241087041653687,0.003887515994491058,0
cifar100,m2_target,F1,A1_LiRA,0.0005052631065335679,0.004043798044520849,0
cifar100,m2_target,F1,A1_LiRA,0.0005291978735958442,0.004092636185155159,0
cifar100,m2_target,F1,A1_LiRA,0.0005542664520663107,0.004229382978931226,0
cifar100,m2_target,F1,A1_LiRA,0.0005805225516094895,0.004317291632072983,0
cifar100,m2_target,F1,A1_LiRA,0.0006080224261649427,0.00444915461178562,0
cifar100,m2_target,F1,A1_LiRA,0.0006368249944718586,0.004581017591498256,0
cifar100,m2_target,F1,A1_LiRA,0.0006669919663030121,0.0047763701540354956,0
cifar100,m2_target,F1,A1_LiRA,0.0006985879746785249,0.004834975922796667,0
cifar100,m2_target,F1,A1_LiRA,0.0007316807143427193,0.004966838902509304,0
cifar100,m2_target,F1,A1_LiRA,0.0007663410868007462,0.005137772394729388,0
cifar100,m2_target,F1,A1_LiRA,0.0008026433522257174,0.0053868469119643676,0
cifar100,m2_target,F1,A1_LiRA,0.0008406652885618325,0.0056505728713896405,0
cifar100,m2_target,F1,A1_LiRA,0.0008804883581643465,0.005865460690180603,0
cifar100,m2_target,F1,A1_LiRA,0.0009221978823334322,0.005972904599576085,0
cifar100,m2_target,F1,A1_LiRA,0.0009658832241158709,0.006104767579288722,0
cifar100,m2_target,F1,A1_LiRA,0.001011637979766207,0.0061487219058596,0
cifar100,m2_target,F1,A1_LiRA,0.001059560179277616,0.006275701071508806,0
cifar100,m2_target,F1,A1_LiRA,0.0011097524964120721,0.0064319831215385965,0
cifar100,m2_target,F1,A1_LiRA,0.0011623224686798518,0.0065198917746803545,0
cifar100,m2_target,F1,A1_LiRA,0.001217382727739662,0.006656638568456422,0
cifar100,m2_target,F1,A1_LiRA,0.0012750512407130128,0.006900829271627971,0
cifar100,m2_target,F1,A1_LiRA,0.0013354515629298987,0.0070473436935308996,0
cifar100,m2_target,F1,A1_LiRA,0.0013987131026472386,0.007242696256068139,0
cifar100,m2_target,F1,A1_LiRA,0.0014649713983072847,0.007457584074859102,0
cifar100,m2_target,F1,A1_LiRA,0.0015343684089300133,0.007667588079586634,0
cifar100,m2_target,F1,A1_LiRA,0.0016070528182616384,0.007872708270250736,0
cifar100,m2_target,F1,A1_LiRA,0.0016831803533309566,0.008126666601549145,0
cifar100,m2_target,F1,A1_LiRA,0.001762914118095948,0.008463649771925883,0
cifar100,m2_target,F1,A1_LiRA,0.0018464249428955426,0.008639467078209399,0
cifar100,m2_target,F1,A1_LiRA,0.0019338917504552321,0.008873890153254085,0
cifar100,m2_target,F1,A1_LiRA,0.0020255019392306666,0.009157151368933083,0
cifar100,m2_target,F1,A1_LiRA,0.00212145178491063,0.009440412584612078,0
cifar100,m2_target,F1,A1_LiRA,0.002221946860939524,0.009821350081559694,0
cifar100,m2_target,F1,A1_LiRA,0.0023272024789604074,0.010241358091014759,0
cifar100,m2_target,F1,A1_LiRA,0.002437444150122222,0.01064671465827953,0
cifar100,m2_target,F1,A1_LiRA,0.0025529080682395165,0.010949511130212251,0
cifar100,m2_target,F1,A1_LiRA,0.0026738416158399465,0.011364635325603884,0
cifar100,m2_target,F1,A1_LiRA,0.002800503894183631,0.01159905840064857,0
cifar100,m2_target,F1,A1_LiRA,0.0029331662783900424,0.011965344455405895,0
cifar100,m2_target,F1,A1_LiRA,0.003072112998861759,0.012282792369528906,0
cifar100,m2_target,F1,A1_LiRA,0.0032176417502507355,0.012683265122730247,0
cifar100,m2_target,F1,A1_LiRA,0.003370064329271928,0.013025132107170417,0
cifar100,m2_target,F1,A1_LiRA,0.00352970730273065,0.013420721046308325,0
cifar100,m2_target,F1,A1_LiRA,0.0036969127071950283,0.01379189091512908,0
cifar100,m2_target,F1,A1_LiRA,0.003872038781812557,0.014358413346487072,0
cifar100,m2_target,F1,A1_LiRA,0.004055460735840828,0.014832143310639877,0
cifar100,m2_target,F1,A1_LiRA,0.0042475715525368985,0.015213080807587494,0
cifar100,m2_target,F1,A1_LiRA,0.004448782831127585,0.015520761093583645,0
cifar100,m2_target,F1,A1_LiRA,0.004659525668664682,0.01598960724367302,0
cifar100,m2_target,F1,A1_LiRA,0.004880251583654433,0.016458453393762392,0
cifar100,m2_target,F1,A1_LiRA,0.005111433483440166,0.016888229031344317,0
cifar100,m2_target,F1,A1_LiRA,0.0053535666774107244,0.017415680950194863,0
cifar100,m2_target,F1,A1_LiRA,0.005607169938205458,0.018153136873772943,0
cifar100,m2_target,F1,A1_LiRA,0.005872786613189483,0.018724543119194366,0
cifar100,m2_target,F1,A1_LiRA,0.006150985788580504,0.019349671319313533,0
cifar100,m2_target,F1,A1_LiRA,0.00644236350872137,0.01991130993660809,0
cifar100,m2_target,F1,A1_LiRA,0.006747544053110693,0.0204485294835855,0
cifar100,m2_target,F1,A1_LiRA,0.0070671812739274914,0.02120063684935387,0
cifar100,m2_target,F1,A1_LiRA,0.007401959996915644,0.02199181472762969,0
cifar100,m2_target,F1,A1_LiRA,0.007752597488629464,0.022778108791842076,0
cifar100,m2_target,F1,A1_LiRA,0.008119844993184008,0.023623008624815638,0
cifar100,m2_target,F1,A1_LiRA,0.008504489341802677,0.024516746598423504,0
cifar100,m2_target,F1,A1_LiRA,0.00890735463861044,0.025395833129841082,0
cifar100,m2_target,F1,A1_LiRA,0.009329304026284686,0.02624073296281464,0
cifar100,m2_target,F1,A1_LiRA,0.009771241535346501,0.027002607956709872,0
cifar100,m2_target,F1,A1_LiRA,0.010234114021054527,0.027779134392795397,0
cifar100,m2_target,F1,A1_LiRA,0.010718913192051276,0.028663104738276404,0
cifar100,m2_target,F1,A1_LiRA,0.011226677735108135,0.02949335312905967,0
cifar100,m2_target,F1,A1_LiRA,0.01175849554052157,0.030411510172984695,0
cifar100,m2_target,F1,A1_LiRA,0.012315506032928261,0.03160316080446185,0
cifar100,m2_target,F1,A1_LiRA,0.01289890261253308,0.03295597730003223,0
cifar100,m2_target,F1,A1_LiRA,0.013509935211980266,0.034157395559636254,0
cifar100,m2_target,F1,A1_LiRA,0.01414991297434576,0.0354418386583186,0
cifar100,m2_target,F1,A1_LiRA,0.014820207057988586,0.036618837847605466,0
cifar100,m2_target,F1,A1_LiRA,0.01552225357427048,0.03784467517752664,0
cifar100,m2_target,F1,A1_LiRA,0.016257556664437952,0.039114466834018695,0
cifar100,m2_target,F1,A1_LiRA,0.017027691722258997,0.04029634983736899,0
cifar100,m2_target,F1,A1_LiRA,0.017834308769319095,0.041781029312652006,0
cifar100,m2_target,F1,A1_LiRA,0.01867913599020783,0.04329012785825218,0
cifar100,m2_target,F1,A1_LiRA,0.01956398343517065,0.04473085300696432,0
cifar100,m2_target,F1,A1_LiRA,0.020490746898158482,0.04611785620097872,0
cifar100,m2_target,F1,A1_LiRA,0.021461411978584036,0.04756346516375429,0
cifar100,m2_target,F1,A1_LiRA,0.02247805833548725,0.04928745152814542,0
cifar100,m2_target,F1,A1_LiRA,0.02354286414322418,0.051319118178532706,0
cifar100,m2_target,F1,A1_LiRA,0.024658110758226038,0.053106594125748446,0
cifar100,m2_target,F1,A1_LiRA,0.025826187606826773,0.05493802439953506,0
cifar100,m2_target,F1,A1_LiRA,0.027049597304631343,0.05692573672335147,0
cifar100,m2_target,F1,A1_LiRA,0.02833096101839324,0.059216245519100597,0
cifar100,m2_target,F1,A1_LiRA,0.029673024081888696,0.06140419421951768,0
cifar100,m2_target,F1,A1_LiRA,0.03107866187782014,0.06350911808085642,0
cifar100,m2_target,F1,A1_LiRA,0.0325508859983506,0.06541868937965793,0
cifar100,m2_target,F1,A1_LiRA,0.03409285069746811,0.06763105715039217,0
cifar100,m2_target,F1,A1_LiRA,0.03570785964900463,0.06983854110706297,0
cifar100,m2_target,F1,A1_LiRA,0.03739937302478798,0.07269068852010667,0
cifar100,m2_target,F1,A1_LiRA,0.039171014908092605,0.07508864122525127,0
cifar100,m2_target,F1,A1_LiRA,0.04102658105827194,0.07755496732728391,0
cifar100,m2_target,F1,A1_LiRA,0.04297004704320839,0.0800896668262046,0
cifar100,m2_target,F1,A1_LiRA,0.04500557675700498,0.08310786391740493,0
cifar100,m2_target,F1,A1_LiRA,0.047137531341167244,0.08614071245079558,0
cifar100,m2_target,F1,A1_LiRA,0.049370478528390035,0.08932495922015257,0
cifar100,m2_target,F1,A1_LiRA,0.05170920242896761,0.09240664589417752,0
cifar100,m2_target,F1,A1_LiRA,0.054158713780794704,0.09587903769327694,0
cifar100,m2_target,F1,A1_LiRA,0.05672426068491978,0.0993709647486301,0
cifar100,m2_target,F1,A1_LiRA,0.05941133984965034,0.10296545189931529,0
cifar100,m2_target,F1,A1_LiRA,0.06222570836730231,0.10675529161253773,0
cifar100,m2_target,F1,A1_LiRA,0.06517339604882427,0.11061838853671163,0
cifar100,m2_target,F1,A1_LiRA,0.06826071834272386,0.11445706639056838,0
cifar100,m2_target,F1,A1_LiRA,0.07149428986597577,0.11849109680696236,0
cifar100,m2_target,F1,A1_LiRA,0.07488103857590023,0.12306234677033376,0
cifar100,m2_target,F1,A1_LiRA,0.07842822061337681,0.1277215053868469,0
cifar100,m2_target,F1,A1_LiRA,0.0821434358491943,0.13238554781742348,0
cifar100,m2_target,F1,A1_LiRA,0.086034644166845,0.1372742456949179,0
cifar100,m2_target,F1,A1_LiRA,0.09011018251665019,0.14202619677863623,0
cifar100,m2_target,F1,A1_LiRA,0.09437878277775381,0.14703699000771642,0
cifar100,m2_target,F1,A1_LiRA,0.09884959046625587,0.1523603473368562,0
cifar100,m2_target,F1,A1_LiRA,0.10353218432956626,0.1581330155598316,0
cifar100,m2_target,F1,A1_LiRA,0.1084365968689611,0.16372009884839664,0
cifar100,m2_target,F1,A1_LiRA,0.11357333583431052,0.16992742652301743,0
cifar100,m2_target,F1,A1_LiRA,0.11895340673703195,0.17663290323210815,0
cifar100,m2_target,F1,A1_LiRA,0.12458833642950082,0.18334814756932574,0
cifar100,m2_target,F1,A1_LiRA,0.1304901978014403,0.19052735424256928,0
cifar100,m2_target,F1,A1_LiRA,0.13667163564620075,0.197833540081462,0
cifar100,m2_target,F1,A1_LiRA,0.14314589375234785,0.20543275476416062,0
cifar100,m2_target,F1,A1_LiRA,0.14992684327860456,0.2135496537375829,0
cifar100,m2_target,F1,A1_LiRA,0.15702901247293774,0.22241377626271014,0
cifar100,m2_target,F1,A1_LiRA,0.16446761779946645,0.23169302298322897,0
cifar100,m2_target,F1,A1_LiRA,0.17225859653987874,0.24107971361314331,0
cifar100,m2_target,F1,A1_LiRA,0.18041864093920718,0.25045175280086734,0
cifar100,m2_target,F1,A1_LiRA,0.18896523396912096,0.2601510075308413,0
cifar100,m2_target,F1,A1_LiRA,0.19791668678535573,0.27006026626554275,0
cifar100,m2_target,F1,A1_LiRA,0.2072921779595372,0.28068744566756854,0
cifar100,m2_target,F1,A1_LiRA,0.21711179456945054,0.29186161224469864,0
cifar100,m2_target,F1,A1_LiRA,0.22739657523579276,0.3036657908360113,0
cifar100,m2_target,F1,A1_LiRA,0.23816855519761582,0.31544555035700683,0
cifar100,m2_target,F1,A1_LiRA,0.24945081352303167,0.32743531388272984,0
cifar100,m2_target,F1,A1_LiRA,0.2612675225563329,0.3399867160257475,0
cifar100,m2_target,F1,A1_LiRA,0.27364399970746717,0.35313394348450367,0
cifar100,m2_target,F1,A1_LiRA,0.286606761694825,0.36700397542464763,0
cifar100,m2_target,F1,A1_LiRA,0.3001835813575589,0.38195333027280987,0
cifar100,m2_target,F1,A1_LiRA,0.31440354715915003,0.3969124527490989,0
cifar100,m2_target,F1,A1_LiRA,0.3292971255097151,0.4127360103146153,0
cifar100,m2_target,F1,A1_LiRA,0.34489622604057596,0.4289453891911427,0
cifar100,m2_target,F1,A1_LiRA,0.36123426997094304,0.44540872639896856,0
cifar100,m2_target,F1,A1_LiRA,0.3783462617131929,0.463171158147667,0
cifar100,m2_target,F1,A1_LiRA,0.3962688638701478,0.4819982613621934,0
cifar100,m2_target,F1,A1_LiRA,0.41504047578504766,0.500849783647037,0
cifar100,m2_target,F1,A1_LiRA,0.43470131581250265,0.5208685374930405,0
cifar100,m2_target,F1,A1_LiRA,0.4552935074866948,0.5413024155344358,0
cifar100,m2_target,F1,A1_LiRA,0.47686116977144694,0.562620263921312,0
cifar100,m2_target,F1,A1_LiRA,0.499450511585514,0.5851688334521729,0
cifar100,m2_target,F1,A1_LiRA,0.5231099308056264,0.608469510348802,0
cifar100,m2_target,F1,A1_LiRA,0.5478901179593945,0.6328299748971957,0
cifar100,m2_target,F1,A1_LiRA,0.5738441648302393,0.6579376629972944,0
cifar100,m2_target,F1,A1_LiRA,0.6010276782070382,0.6835435001318629,0
cifar100,m2_target,F1,A1_LiRA,0.6294988990221888,0.7106682034401586,0
cifar100,m2_target,F1,A1_LiRA,0.6593188271333549,0.7392238642690395,0
cifar100,m2_target,F1,A1_LiRA,0.6905513520162331,0.7677892927260473,0
cifar100,m2_target,F1,A1_LiRA,0.7232633896483533,0.7975121851160882,0
cifar100,m2_target,F1,A1_LiRA,0.7575250258771913,0.8278699733343752,0
cifar100,m2_target,F1,A1_LiRA,0.7934096665797492,0.8594340636263296,0
cifar100,m2_target,F1,A1_LiRA,0.8309941949353395,0.8910421082448549,0
cifar100,m2_target,F1,A1_LiRA,0.8703591361485166,0.9229969036618838,0
cifar100,m2_target,F1,A1_LiRA,0.9115888299750827,0.9539407495677824,0
cifar100,m2_target,F1,A1_LiRA,0.9547716114208056,0.9820861700153352,0
cifar100,m2_target,F1,A1_LiRA,1.0,1.0,0
cifar100,m3_fot,F1,A1_LiRA,0.0,0.0006365902268709631,0
cifar100,m3_fot,F1,A1_LiRA,0.0001,0.0021644067713612746,0
cifar100,m3_fot,F1,A1_LiRA,0.00010473708979594497,0.002301518512533482,0
cifar100,m3_fot,F1,A1_LiRA,0.00010969857978923841,0.0023798680789176006,0
cifar100,m3_fot,F1,A1_LiRA,0.00011489510001873086,0.002409249166311645,0
cifar100,m3_fot,F1,A1_LiRA,0.00012033778407775893,0.0024141460142106524,0
cifar100,m3_fot,F1,A1_LiRA,0.00012603829296797275,0.0024239397100086673,0
cifar100,m3_fot,F1,A1_LiRA,0.0001320088400831418,0.002468011341099734,0
cifar100,m3_fot,F1,A1_LiRA,0.00013826221737646565,0.002575741994877897,0
cifar100,m3_fot,F1,A1_LiRA,0.0001448118227674533,0.0025806388427769044,0
cifar100,m3_fot,F1,A1_LiRA,0.00015167168884709225,0.0026051230822719414,0
cifar100,m3_fot,F1,A1_LiRA,0.00015885651294280528,0.002634504169665986,0
cifar100,m3_fot,F1,A1_LiRA,0.0001663816886076129,0.0027373379755451415,0
cifar100,m3_fot,F1,A1_LiRA,0.00017426333860096508,0.0027716159108381933,0
cifar100,m3_fot,F1,A1_LiRA,0.00018251834943190426,0.002898933956212386,0
cifar100,m3_fot,F1,A1_LiRA,0.00019116440753857018,0.0030115614578895564,0
cifar100,m3_fot,F1,A1_LiRA,0.00020022003718155845,0.003040942545283601,0
cifar100,m3_fot,F1,A1_LiRA,0.00020970464013232327,0.0032270227654458824,0
cifar100,m3_fot,F1,A1_LiRA,0.0002196385372416547,0.003437587225103201,0
cifar100,m3_fot,F1,A1_LiRA,0.0002300430119772917,0.003471865160396253,0
cifar100,m3_fot,F1,A1_LiRA,0.00024094035602395243,0.0037656760343366975,0
cifar100,m3_fot,F1,A1_LiRA,0.0002523539170434766,0.0038636129923168457,0
cifar100,m3_fot,F1,A1_LiRA,0.00026430814869741055,0.004030105820883098,0
cifar100,m3_fot,F1,A1_LiRA,0.00027682866303920667,0.00415742386625729,0
cifar100,m3_fot,F1,A1_LiRA,0.0002899422853882875,0.004358194630116594,0
cifar100,m3_fot,F1,A1_LiRA,0.0003036771118035457,0.0044120599570056755,0
cifar100,m3_fot,F1,A1_LiRA,0.0003180625692794119,0.004426750500702697,0
cifar100,m3_fot,F1,A1_LiRA,0.00033312947879346737,0.004505100067086816,0
cifar100,m3_fot,F1,A1_LiRA,0.0003489101213406774,0.004676489743552076,0
cifar100,m3_fot,F1,A1_LiRA,0.00036543830709572547,0.004823395180522298,0
cifar100,m3_fot,F1,A1_LiRA,0.0003827494478516311,0.004975197465391527,0
cifar100,m3_fot,F1,A1_LiRA,0.0004008806328898465,0.005048650183876639,0
cifar100,m3_fot,F1,A1_LiRA,0.000419870708444391,0.005210246164543883,0
cifar100,m3_fot,F1,A1_LiRA,0.00043976036093027214,0.005293492578827009,0
cifar100,m3_fot,F1,A1_LiRA,0.00046059220411451035,0.00536694529731212,0
cifar100,m3_fot,F1,A1_LiRA,0.00048241087041653687,0.0055530255174744015,0
cifar100,m3_fot,F1,A1_LiRA,0.0005052631065335679,0.005724415193939661,0
cifar100,m3_fot,F1,A1_LiRA,0.0005291978735958442,0.005925185957798965,0
cifar100,m3_fot,F1,A1_LiRA,0.0005542664520663107,0.006081885090567202,0
cifar100,m3_fot,F1,A1_LiRA,0.0005805225516094895,0.00631203694182055,0
cifar100,m3_fot,F1,A1_LiRA,0.0006080224261649427,0.006537291945174891,0
cifar100,m3_fot,F1,A1_LiRA,0.0006368249944718586,0.006777237492226254,0
cifar100,m3_fot,F1,A1_LiRA,0.0006669919663030121,0.0068996586897014395,0
cifar100,m3_fot,F1,A1_LiRA,0.0006985879746785249,0.007110223149358758,0
cifar100,m3_fot,F1,A1_LiRA,0.0007316807143427193,0.007271819130026003,0
cifar100,m3_fot,F1,A1_LiRA,0.0007663410868007462,0.007575423699764461,0
cifar100,m3_fot,F1,A1_LiRA,0.0008026433522257174,0.007781091311522772,0
cifar100,m3_fot,F1,A1_LiRA,0.0008406652885618325,0.008035727402271159,0
cifar100,m3_fot,F1,A1_LiRA,0.0008804883581643465,0.008172839143443366,0
cifar100,m3_fot,F1,A1_LiRA,0.0009221978823334322,0.00835402251570664,0
cifar100,m3_fot,F1,A1_LiRA,0.0009658832241158709,0.008515618496373884,0
cifar100,m3_fot,F1,A1_LiRA,0.001011637979766207,0.008726182956031203,0
cifar100,m3_fot,F1,A1_LiRA,0.001059560179277616,0.008966128503082565,0
cifar100,m3_fot,F1,A1_LiRA,0.0011097524964120721,0.009186486658537898,0
cifar100,m3_fot,F1,A1_LiRA,0.0011623224686798518,0.00941174166189224,0
cifar100,m3_fot,F1,A1_LiRA,0.001217382727739662,0.009798592645913826,0
cifar100,m3_fot,F1,A1_LiRA,0.0012750512407130128,0.0099797760181771,0
cifar100,m3_fot,F1,A1_LiRA,0.0013354515629298987,0.010234412108925485,0
cifar100,m3_fot,F1,A1_LiRA,0.0013987131026472386,0.010479254503875855,0
cifar100,m3_fot,F1,A1_LiRA,0.0014649713983072847,0.010836724400503397,0
cifar100,m3_fot,F1,A1_LiRA,0.0015343684089300133,0.01107666994755476,0
cifar100,m3_fot,F1,A1_LiRA,0.0016070528182616384,0.011380274517293218,0
cifar100,m3_fot,F1,A1_LiRA,0.0016831803533309566,0.011693672782829692,0
cifar100,m3_fot,F1,A1_LiRA,0.001762914118095948,0.012060936375255248,0
cifar100,m3_fot,F1,A1_LiRA,0.0018464249428955426,0.012482065294569885,0
cifar100,m3_fot,F1,A1_LiRA,0.0019338917504552321,0.012795463560106359,0
cifar100,m3_fot,F1,A1_LiRA,0.0020255019392306666,0.012947265844975589,0
cifar100,m3_fot,F1,A1_LiRA,0.00212145178491063,0.013275354654209086,0
cifar100,m3_fot,F1,A1_LiRA,0.002221946860939524,0.013828698466796923,0
cifar100,m3_fot,F1,A1_LiRA,0.0023272024789604074,0.014068644013848285,0
cifar100,m3_fot,F1,A1_LiRA,0.002437444150122222,0.014592606739042079,0
cifar100,m3_fot,F1,A1_LiRA,0.0025529080682395165,0.015141053703730908,0
cifar100,m3_fot,F1,A1_LiRA,0.0026738416158399465,0.015518110991954479,0
cifar100,m3_fot,F1,A1_LiRA,0.002800503894183631,0.01606655795664331,0
cifar100,m3_fot,F1,A1_LiRA,0.0029331662783900424,0.016438718396967873,0
cifar100,m3_fot,F1,A1_LiRA,0.003072112998861759,0.01687453785997953,0
cifar100,m3_fot,F1,A1_LiRA,0.0032176417502507355,0.017496437543153474,0
cifar100,m3_fot,F1,A1_LiRA,0.003370064329271928,0.018084059291034363,0
cifar100,m3_fot,F1,A1_LiRA,0.00352970730273065,0.01871085582210731,0
cifar100,m3_fot,F1,A1_LiRA,0.0036969127071950283,0.01924461224309912,0
cifar100,m3_fot,F1,A1_LiRA,0.003872038781812557,0.019846924534677027,0
cifar100,m3_fot,F1,A1_LiRA,0.004055460735840828,0.020405165195163874,0
cifar100,m3_fot,F1,A1_LiRA,0.0042475715525368985,0.0210172711825398,0
cifar100,m3_fot,F1,A1_LiRA,0.004448782831127585,0.021839941629573045,0
cifar100,m3_fot,F1,A1_LiRA,0.004659525668664682,0.022481428704343016,0
cifar100,m3_fot,F1,A1_LiRA,0.004880251583654433,0.023059256756425887,0
cifar100,m3_fot,F1,A1_LiRA,0.005111433483440166,0.023783990245478986,0
cifar100,m3_fot,F1,A1_LiRA,0.0053535666774107244,0.024449961559743993,0
cifar100,m3_fot,F1,A1_LiRA,0.005607169938205458,0.02502778961182687,0
cifar100,m3_fot,F1,A1_LiRA,0.005872786613189483,0.025840666363062096,0
cifar100,m3_fot,F1,A1_LiRA,0.006150985788580504,0.026614368331105268,0
cifar100,m3_fot,F1,A1_LiRA,0.00644236350872137,0.02751538834452263,0
cifar100,m3_fot,F1,A1_LiRA,0.006747544053110693,0.028372336726848926,0
cifar100,m3_fot,F1,A1_LiRA,0.0070671812739274914,0.02923907880497324,0
cifar100,m3_fot,F1,A1_LiRA,0.007401959996915644,0.030061749252006484,0
cifar100,m3_fot,F1,A1_LiRA,0.007752597488629464,0.030864832307443697,0
cifar100,m3_fot,F1,A1_LiRA,0.008119844993184008,0.03175605862506305,0
cifar100,m3_fot,F1,A1_LiRA,0.008504489341802677,0.03269625342167247,0
cifar100,m3_fot,F1,A1_LiRA,0.00890735463861044,0.033974330723313406,0
cifar100,m3_fot,F1,A1_LiRA,0.009329304026284686,0.035193645850166246,0
cifar100,m3_fot,F1,A1_LiRA,0.009771241535346501,0.03645703260811016,0
cifar100,m3_fot,F1,A1_LiRA,0.010234114021054527,0.03763717295177094,0
cifar100,m3_fot,F1,A1_LiRA,0.010718913192051276,0.03858716144417838,0
cifar100,m3_fot,F1,A1_LiRA,0.011226677735108135,0.03966936482985902,0
cifar100,m3_fot,F1,A1_LiRA,0.01175849554052157,0.04089847365250988,0
cifar100,m3_fot,F1,A1_LiRA,0.012315506032928261,0.042328353239020046,0
cifar100,m3_fot,F1,A1_LiRA,0.01289890261253308,0.04382678869611631,0
cifar100,m3_fot,F1,A1_LiRA,0.013509935211980266,0.045217493499434415,0
cifar100,m3_fot,F1,A1_LiRA,0.01414991297434576,0.04642211808259024,0
cifar100,m3_fot,F1,A1_LiRA,0.014820207057988586,0.04801359364976764,0
cifar100,m3_fot,F1,A1_LiRA,0.01552225357427048,0.04955120389005597,0
cifar100,m3_fot,F1,A1_LiRA,0.016257556664437952,0.050892940214384,0
cifar100,m3_fot,F1,A1_LiRA,0.017027691722258997,0.05243055045467233,0
cifar100,m3_fot,F1,A1_LiRA,0.017834308769319095,0.0543305274394872,0
cifar100,m3_fot,F1,A1_LiRA,0.01867913599020783,0.05578978811339141,0
cifar100,m3_fot,F1,A1_LiRA,0.01956398343517065,0.05739595422426584,0
cifar100,m3_fot,F1,A1_LiRA,0.020490746898158482,0.05900701718303928,0
cifar100,m3_fot,F1,A1_LiRA,0.021461411978584036,0.0613330199350678,0
cifar100,m3_fot,F1,A1_LiRA,0.02247805833548725,0.06315464735349856,0
cifar100,m3_fot,F1,A1_LiRA,0.02354286414322418,0.06532884782065784,0
cifar100,m3_fot,F1,A1_LiRA,0.024658110758226038,0.06745407980882706,0
cifar100,m3_fot,F1,A1_LiRA,0.025826187606826773,0.06954503386170321,0
cifar100,m3_fot,F1,A1_LiRA,0.027049597304631343,0.07146949508601314,0
cifar100,m3_fot,F1,A1_LiRA,0.02833096101839324,0.07418234882206323,0
cifar100,m3_fot,F1,A1_LiRA,0.029673024081888696,0.07697844897239647,0
cifar100,m3_fot,F1,A1_LiRA,0.03107866187782014,0.07947094455299124,0
cifar100,m3_fot,F1,A1_LiRA,0.0325508859983506,0.08215931404954631,0
cifar100,m3_fot,F1,A1_LiRA,0.03409285069746811,0.08526881246541601,0
cifar100,m3_fot,F1,A1_LiRA,0.03570785964900463,0.08804532522415322,0
cifar100,m3_fot,F1,A1_LiRA,0.03739937302478798,0.09077776635179935,0
cifar100,m3_fot,F1,A1_LiRA,0.039171014908092605,0.09375504987439585,0
cifar100,m3_fot,F1,A1_LiRA,0.04102658105827194,0.09684985774656854,0
cifar100,m3_fot,F1,A1_LiRA,0.04297004704320839,0.09977817279017497,0
cifar100,m3_fot,F1,A1_LiRA,0.04500557675700498,0.10309333881780298,0
cifar100,m3_fot,F1,A1_LiRA,0.047137531341167244,0.10641829854122901,0
cifar100,m3_fot,F1,A1_LiRA,0.049370478528390035,0.10989016370162526,0
cifar100,m3_fot,F1,A1_LiRA,0.05170920242896761,0.1132885761435364,0
cifar100,m3_fot,F1,A1_LiRA,0.054158713780794704,0.11721584815854035,0
cifar100,m3_fot,F1,A1_LiRA,0.05672426068491978,0.1208248250601088,0
cifar100,m3_fot,F1,A1_LiRA,0.05941133984965034,0.12470802544402168,0
cifar100,m3_fot,F1,A1_LiRA,0.06222570836730231,0.12883117137498593,0
cifar100,m3_fot,F1,A1_LiRA,0.06517339604882427,0.13319915970090054,0
cifar100,m3_fot,F1,A1_LiRA,0.06826071834272386,0.13758183857051215,0
cifar100,m3_fot,F1,A1_LiRA,0.07149428986597577,0.14281656897455108,0
cifar100,m3_fot,F1,A1_LiRA,0.07488103857590023,0.1479827435080039,0
cifar100,m3_fot,F1,A1_LiRA,0.07842822061337681,0.15310484641036565,0
cifar100,m3_fot,F1,A1_LiRA,0.0821434358491943,0.15821225876903036,0
cifar100,m3_fot,F1,A1_LiRA,0.086034644166845,0.1636575536327266,0
cifar100,m3_fot,F1,A1_LiRA,0.09011018251665019,0.16961212067791961,0
cifar100,m3_fot,F1,A1_LiRA,0.09437878277775381,0.1753463295676573,0
cifar100,m3_fot,F1,A1_LiRA,0.09884959046625587,0.1812959997649513,0
cifar100,m3_fot,F1,A1_LiRA,0.10353218432956626,0.18765700518576192,0
cifar100,m3_fot,F1,A1_LiRA,0.1084365968689611,0.1941257412603507,0
cifar100,m3_fot,F1,A1_LiRA,0.11357333583431052,0.20128493288869953,0
cifar100,m3_fot,F1,A1_LiRA,0.11895340673703195,0.20816990103470395,0
cifar100,m3_fot,F1,A1_LiRA,0.12458833642950082,0.21505486918070837,0
cifar100,m3_fot,F1,A1_LiRA,0.1304901978014403,0.22203777428469296,0
cifar100,m3_fot,F1,A1_LiRA,0.13667163564620075,0.22957892004916436,0
cifar100,m3_fot,F1,A1_LiRA,0.14314589375234785,0.23784969615058787,0
cifar100,m3_fot,F1,A1_LiRA,0.14992684327860456,0.2460568132293243,0
cifar100,m3_fot,F1,A1_LiRA,0.15702901247293774,0.2554734517391155,0
cifar100,m3_fot,F1,A1_LiRA,0.16446761779946645,0.26463545415815837,0
cifar100,m3_fot,F1,A1_LiRA,0.17225859653987874,0.2736848290755241,0
cifar100,m3_fot,F1,A1_LiRA,0.18041864093920718,0.28337079421976075,0
cifar100,m3_fot,F1,A1_LiRA,0.18896523396912096,0.2933995387169279,0
cifar100,m3_fot,F1,A1_LiRA,0.19791668678535573,0.30394245224349087,0
cifar100,m3_fot,F1,A1_LiRA,0.2072921779595372,0.3143237697893866,0
cifar100,m3_fot,F1,A1_LiRA,0.21711179456945054,0.3246708093999892,0
cifar100,m3_fot,F1,A1_LiRA,0.22739657523579276,0.3361490208752626,0
cifar100,m3_fot,F1,A1_LiRA,0.23816855519761582,0.3481169171404367,0
cifar100,m3_fot,F1,A1_LiRA,0.24945081352303167,0.3605549108039155,0
cifar100,m3_fot,F1,A1_LiRA,0.2612675225563329,0.3737715032833365,0
cifar100,m3_fot,F1,A1_LiRA,0.27364399970746717,0.38662572901823095,0
cifar100,m3_fot,F1,A1_LiRA,0.286606761694825,0.4013799317379403,0
cifar100,m3_fot,F1,A1_LiRA,0.3001835813575589,0.4156101717324558,0
cifar100,m3_fot,F1,A1_LiRA,0.31440354715915003,0.43097648043954107,0
cifar100,m3_fot,F1,A1_LiRA,0.3292971255097151,0.44635258284242435,0
cifar100,m3_fot,F1,A1_LiRA,0.34489622604057596,0.4624534187343607,0
cifar100,m3_fot,F1,A1_LiRA,0.36123426997094304,0.4797050138825638,0
cifar100,m3_fot,F1,A1_LiRA,0.3783462617131929,0.4961780102148247,0
cifar100,m3_fot,F1,A1_LiRA,0.3962688638701478,0.5147027858167698,0
cifar100,m3_fot,F1,A1_LiRA,0.41504047578504766,0.5336193092506354,0
cifar100,m3_fot,F1,A1_LiRA,0.43470131581250265,0.5533976779147263,0
cifar100,m3_fot,F1,A1_LiRA,0.4552935074866948,0.5732054276662113,0
cifar100,m3_fot,F1,A1_LiRA,0.47686116977144694,0.5943598105899233,0
cifar100,m3_fot,F1,A1_LiRA,0.499450511585514,0.6162781017858804,0
cifar100,m3_fot,F1,A1_LiRA,0.5231099308056264,0.6400180204002683,0
cifar100,m3_fot,F1,A1_LiRA,0.5478901179593945,0.6638999476037275,0
cifar100,m3_fot,F1,A1_LiRA,0.5738441648302393,0.6880463045937331,0
cifar100,m3_fot,F1,A1_LiRA,0.6010276782070382,0.7127998707232155,0
cifar100,m3_fot,F1,A1_LiRA,0.6294988990221888,0.7388021330669448,0
cifar100,m3_fot,F1,A1_LiRA,0.6593188271333549,0.7670667391400156,0
cifar100,m3_fot,F1,A1_LiRA,0.6905513520162331,0.7942540386753048,0
cifar100,m3_fot,F1,A1_LiRA,0.7232633896483533,0.8227341060559318,0
cifar100,m3_fot,F1,A1_LiRA,0.7575250258771913,0.8511701018054678,0
cifar100,m3_fot,F1,A1_LiRA,0.7934096665797492,0.8793661520079524,0
cifar100,m3_fot,F1,A1_LiRA,0.8309941949353395,0.9083505947221774,0
cifar100,m3_fot,F1,A1_LiRA,0.8703591361485166,0.93650747014147,0
cifar100,m3_fot,F1,A1_LiRA,0.9115888299750827,0.9640914143565786,0
cifar100,m3_fot,F1,A1_LiRA,0.9547716114208056,0.9871947427440956,0
cifar100,m3_fot,F1,A1_LiRA,1.0,1.0,0
cifar100,m4_proto,F2,A1_LiRA,0.0,0.05007085960025412,0
cifar100,m4_proto,F2,A1_LiRA,0.0001,0.10242877388457215,0
cifar100,m4_proto,F2,A1_LiRA,0.00010473708979594497,0.10283927087914772,0
cifar100,m4_proto,F2,A1_LiRA,0.00010969857978923841,0.10896740458388311,0
cifar100,m4_proto,F2,A1_LiRA,0.00011489510001873086,0.1091628793432048,0
cifar100,m4_proto,F2,A1_LiRA,0.00012033778407775893,0.10918242681913698,0
cifar100,m4_proto,F2,A1_LiRA,0.00012603829296797275,0.11017934809167766,0
cifar100,m4_proto,F2,A1_LiRA,0.0001320088400831418,0.11188975223574256,0
cifar100,m4_proto,F2,A1_LiRA,0.00013826221737646565,0.11230024923031813,0
cifar100,m4_proto,F2,A1_LiRA,0.0001448118227674533,0.11514929384743194,0
cifar100,m4_proto,F2,A1_LiRA,0.00015167168884709225,0.11898059913013732,0
cifar100,m4_proto,F2,A1_LiRA,0.00015885651294280528,0.1198162537262376,0
cifar100,m4_proto,F2,A1_LiRA,0.0001663816886076129,0.1200459365684406,0
cifar100,m4_proto,F2,A1_LiRA,0.00017426333860096508,0.12056883154962615,0
cifar100,m4_proto,F2,A1_LiRA,0.00018251834943190426,0.12097932854420174,0
cifar100,m4_proto,F2,A1_LiRA,0.00019116440753857018,0.12127254068318429,0
cifar100,m4_proto,F2,A1_LiRA,0.00020022003718155845,0.12279235693691053,0
cifar100,m4_proto,F2,A1_LiRA,0.00020970464013232327,0.12379416507843424,0
cifar100,m4_proto,F2,A1_LiRA,0.0002196385372416547,0.1251087328348727,0
cifar100,m4_proto,F2,A1_LiRA,0.0002300430119772917,0.12618384401114205,0
cifar100,m4_proto,F2,A1_LiRA,0.00024094035602395243,0.12731271074622488,0
cifar100,m4_proto,F2,A1_LiRA,0.0002523539170434766,0.12843180374334165,0
cifar100,m4_proto,F2,A1_LiRA,0.00026430814869741055,0.12941895127791625,0
cifar100,m4_proto,F2,A1_LiRA,0.00027682866303920667,0.13052338366808386,0
cifar100,m4_proto,F2,A1_LiRA,0.0002899422853882875,0.13502419000146607,0
cifar100,m4_proto,F2,A1_LiRA,0.0003036771118035457,0.13681767091824268,0
cifar100,m4_proto,F2,A1_LiRA,0.0003180625692794119,0.13929531349264526,0
cifar100,m4_proto,F2,A1_LiRA,0.00033312947879346737,0.1413575722034892,0
cifar100,m4_proto,F2,A1_LiRA,0.0003489101213406774,0.1418462591017935,0
cifar100,m4_proto,F2,A1_LiRA,0.00036543830709572547,0.14381566730195963,0
cifar100,m4_proto,F2,A1_LiRA,0.0003827494478516311,0.14772027561941065,0
cifar100,m4_proto,F2,A1_LiRA,0.0004008806328898465,0.1492058837902556,0
cifar100,m4_proto,F2,A1_LiRA,0.000419870708444391,0.1522259688217759,0
cifar100,m4_proto,F2,A1_LiRA,0.00043976036093027214,0.15300298099007967,0
cifar100,m4_proto,F2,A1_LiRA,0.00046059220411451035,0.1561305771392269,0
cifar100,m4_proto,F2,A1_LiRA,0.00048241087041653687,0.15932170258515368,0
cifar100,m4_proto,F2,A1_LiRA,0.0005052631065335679,0.16111518350193033,0
cifar100,m4_proto,F2,A1_LiRA,0.0005291978735958442,0.16229291892684358,0
cifar100,m4_proto,F2,A1_LiRA,0.0005542664520663107,0.1646141816937888,0
cifar100,m4_proto,F2,A1_LiRA,0.0005805225516094895,0.1668425939500562,0
cifar100,m4_proto,F2,A1_LiRA,0.0006080224261649427,0.17086937399208327,0
cifar100,m4_proto,F2,A1_LiRA,0.0006368249944718586,0.17201778820309827,0
cifar100,m4_proto,F2,A1_LiRA,0.0006669919663030121,0.1727557054195377,0
cifar100,m4_proto,F2,A1_LiRA,0.0006985879746785249,0.17470067927478863,0
cifar100,m4_proto,F2,A1_LiRA,0.0007316807143427193,0.17650393392953134,0
cifar100,m4_proto,F2,A1_LiRA,0.0007663410868007462,0.17948981087817037,0
cifar100,m4_proto,F2,A1_LiRA,0.0008026433522257174,0.1808043786346088,0
cifar100,m4_proto,F2,A1_LiRA,0.0008406652885618325,0.18339930606460442,0
cifar100,m4_proto,F2,A1_LiRA,0.0008804883581643465,0.18532961931290623,0
cifar100,m4_proto,F2,A1_LiRA,0.0009221978823334322,0.18740165176171628,0
cifar100,m4_proto,F2,A1_LiRA,0.0009658832241158709,0.18926354884425547,0
cifar100,m4_proto,F2,A1_LiRA,0.001011637979766207,0.19245956115916532,0
cifar100,m4_proto,F2,A1_LiRA,0.001059560179277616,0.19411620974441676,0
cifar100,m4_proto,F2,A1_LiRA,0.0011097524964120721,0.19650100180814153,0
cifar100,m4_proto,F2,A1_LiRA,0.0011623224686798518,0.1984508625323755,0
cifar100,m4_proto,F2,A1_LiRA,0.001217382727739662,0.2000781899037287,0
cifar100,m4_proto,F2,A1_LiRA,0.0012750512407130128,0.2030298587694864,0
cifar100,m4_proto,F2,A1_LiRA,0.0013354515629298987,0.20513609930117774,0
cifar100,m4_proto,F2,A1_LiRA,0.0013987131026472386,0.20947563895811952,0
cifar100,m4_proto,F2,A1_LiRA,0.0014649713983072847,0.2114352734203196,0
cifar100,m4_proto,F2,A1_LiRA,0.0015343684089300133,0.21384938669794262,0
cifar100,m4_proto,F2,A1_LiRA,0.0016070528182616384,0.2160973464301422,0
cifar100,m4_proto,F2,A1_LiRA,0.0016831803533309566,0.21813028392708791,0
cifar100,m4_proto,F2,A1_LiRA,0.001762914118095948,0.21996774666471192,0
cifar100,m4_proto,F2,A1_LiRA,0.0018464249428955426,0.22229389630064017,0
cifar100,m4_proto,F2,A1_LiRA,0.0019338917504552321,0.22462493280555149,0
cifar100,m4_proto,F2,A1_LiRA,0.0020255019392306666,0.22893515124859504,0
cifar100,m4_proto,F2,A1_LiRA,0.00212145178491063,0.23121243219469287,0
cifar100,m4_proto,F2,A1_LiRA,0.002221946860939524,0.23389043639740018,0
cifar100,m4_proto,F2,A1_LiRA,0.0023272024789604074,0.23646092948248057,0
cifar100,m4_proto,F2,A1_LiRA,0.002437444150122222,0.23831793969603676,0
cifar100,m4_proto,F2,A1_LiRA,0.0025529080682395165,0.24050725700043982,0
cifar100,m4_proto,F2,A1_LiRA,0.0026738416158399465,0.24372770366026486,0
cifar100,m4_proto,F2,A1_LiRA,0.002800503894183631,0.247529687729072,0
cifar100,m4_proto,F2,A1_LiRA,0.0029331662783900424,0.2507012656990666,0
cifar100,m4_proto,F2,A1_LiRA,0.003072112998861759,0.2544299467331281,0
cifar100,m4_proto,F2,A1_LiRA,0.0032176417502507355,0.25757220348922444,0
cifar100,m4_proto,F2,A1_LiRA,0.003370064329271928,0.26126667644040463,0
cifar100,m4_proto,F2,A1_LiRA,0.00352970730273065,0.2640521917607389,0
cifar100,m4_proto,F2,A1_LiRA,0.0036969127071950283,0.2677955334017495,0
cifar100,m4_proto,F2,A1_LiRA,0.003872038781812557,0.2714215901871671,0
cifar100,m4_proto,F2,A1_LiRA,0.004055460735840828,0.27451009138445,0
cifar100,m4_proto,F2,A1_LiRA,0.0042475715525368985,0.2779699946244441,0
cifar100,m4_proto,F2,A1_LiRA,0.004448782831127585,0.2814592190783365,0
cifar100,m4_proto,F2,A1_LiRA,0.004659525668664682,0.28587206177002394,0
cifar100,m4_proto,F2,A1_LiRA,0.004880251583654433,0.28978644382544105,0
cifar100,m4_proto,F2,A1_LiRA,0.005111433483440166,0.29308019352001174,0
cifar100,m4_proto,F2,A1_LiRA,0.0053535666774107244,0.2965645311049211,0
cifar100,m4_proto,F2,A1_LiRA,0.005607169938205458,0.29993647070322044,0
cifar100,m4_proto,F2,A1_LiRA,0.005872786613189483,0.3033719395982994,0
cifar100,m4_proto,F2,A1_LiRA,0.006150985788580504,0.3073938327713434,0
cifar100,m4_proto,F2,A1_LiRA,0.00644236350872137,0.3111616087572692,0
cifar100,m4_proto,F2,A1_LiRA,0.006747544053110693,0.31509065141963544,0
cifar100,m4_proto,F2,A1_LiRA,0.0070671812739274914,0.3177833162292919,0
cifar100,m4_proto,F2,A1_LiRA,0.007401959996915644,0.3209891022821678,0
cifar100,m4_proto,F2,A1_LiRA,0.007752597488629464,0.3246738014953819,0
cifar100,m4_proto,F2,A1_LiRA,0.008119844993184008,0.32825098959096904,0
cifar100,m4_proto,F2,A1_LiRA,0.008504489341802677,0.332033426183844,0
cifar100,m4_proto,F2,A1_LiRA,0.00890735463861044,0.33533206274739774,0
cifar100,m4_proto,F2,A1_LiRA,0.009329304026284686,0.33916825489908614,0
cifar100,m4_proto,F2,A1_LiRA,0.009771241535346501,0.34349802081806186,0
cifar100,m4_proto,F2,A1_LiRA,0.010234114021054527,0.34696281092703907,0
cifar100,m4_proto,F2,A1_LiRA,0.010718913192051276,0.35085275863754095,0
cifar100,m4_proto,F2,A1_LiRA,0.011226677735108135,0.35525094072227925,0
cifar100,m4_proto,F2,A1_LiRA,0.01175849554052157,0.35984459756633924,0
cifar100,m4_proto,F2,A1_LiRA,0.012315506032928261,0.3648536382739579,0
cifar100,m4_proto,F2,A1_LiRA,0.01289890261253308,0.3696672042222548,0
cifar100,m4_proto,F2,A1_LiRA,0.013509935211980266,0.37451009138444996,0
cifar100,m4_proto,F2,A1_LiRA,0.01414991297434576,0.37907442701461175,0
cifar100,m4_proto,F2,A1_LiRA,0.014820207057988586,0.3841860919708743,0
cifar100,m4_proto,F2,A1_LiRA,0.01552225357427048,0.38922934076137417,0
cifar100,m4_proto,F2,A1_LiRA,0.016257556664437952,0.39434589258661973,0
cifar100,m4_proto,F2,A1_LiRA,0.017027691722258997,0.39855348678101943,0
cifar100,m4_proto,F2,A1_LiRA,0.017834308769319095,0.40313736988711335,0
cifar100,m4_proto,F2,A1_LiRA,0.01867913599020783,0.40747690954405513,0
cifar100,m4_proto,F2,A1_LiRA,0.01956398343517065,0.4118164492009969,0
cifar100,m4_proto,F2,A1_LiRA,0.020490746898158482,0.4167766212187851,0
cifar100,m4_proto,F2,A1_LiRA,0.021461411978584036,0.42204955285148804,0
cifar100,m4_proto,F2,A1_LiRA,0.02247805833548725,0.4271318965938523,0
cifar100,m4_proto,F2,A1_LiRA,0.02354286414322418,0.4326296241997752,0
cifar100,m4_proto,F2,A1_LiRA,0.024658110758226038,0.4383228265650198,0
cifar100,m4_proto,F2,A1_LiRA,0.025826187606826773,0.44338073596246885,0
cifar100,m4_proto,F2,A1_LiRA,0.027049597304631343,0.44814054635195233,0
cifar100,m4_proto,F2,A1_LiRA,0.02833096101839324,0.4543859649122807,0
cifar100,m4_proto,F2,A1_LiRA,0.029673024081888696,0.4601329228363388,0
cifar100,m4_proto,F2,A1_LiRA,0.03107866187782014,0.46653472120412454,0
cifar100,m4_proto,F2,A1_LiRA,0.0325508859983506,0.4731662024141133,0
cifar100,m4_proto,F2,A1_LiRA,0.03409285069746811,0.4789424815520696,0
cifar100,m4_proto,F2,A1_LiRA,0.03570785964900463,0.485075502125788,0
cifar100,m4_proto,F2,A1_LiRA,0.03739937302478798,0.4911694277476421,0
cifar100,m4_proto,F2,A1_LiRA,0.039171014908092605,0.4977178321849191,0
cifar100,m4_proto,F2,A1_LiRA,0.04102658105827194,0.5040658749938914,0
cifar100,m4_proto,F2,A1_LiRA,0.04297004704320839,0.5109270390460832,0
cifar100,m4_proto,F2,A1_LiRA,0.04500557675700498,0.5168059424326834,0
cifar100,m4_proto,F2,A1_LiRA,0.047137531341167244,0.5229487367443679,0
cifar100,m4_proto,F2,A1_LiRA,0.049370478528390035,0.5293505351121537,0
cifar100,m4_proto,F2,A1_LiRA,0.05170920242896761,0.5358745052045155,0
cifar100,m4_proto,F2,A1_LiRA,0.054158713780794704,0.5427894248155207,0
cifar100,m4_proto,F2,A1_LiRA,0.05672426068491978,0.5495675120950008,0
cifar100,m4_proto,F2,A1_LiRA,0.05941133984965034,0.5570297610321068,0
cifar100,m4_proto,F2,A1_LiRA,0.06222570836730231,0.5642427796510776,0
cifar100,m4_proto,F2,A1_LiRA,0.06517339604882427,0.5718956164785222,0
cifar100,m4_proto,F2,A1_LiRA,0.06826071834272386,0.5796510775546108,0
cifar100,m4_proto,F2,A1_LiRA,0.07149428986597577,0.5869227386013781,0
cifar100,m4_proto,F2,A1_LiRA,0.07488103857590023,0.5941259834823829,0
cifar100,m4_proto,F2,A1_LiRA,0.07842822061337681,0.6015002687777941,0
cifar100,m4_proto,F2,A1_LiRA,0.0821434358491943,0.6094658652201534,0
cifar100,m4_proto,F2,A1_LiRA,0.086034644166845,0.6175243121731906,0
cifar100,m4_proto,F2,A1_LiRA,0.09011018251665019,0.6257782338855495,0
cifar100,m4_proto,F2,A1_LiRA,0.09437878277775381,0.6344670869373992,0
cifar100,m4_proto,F2,A1_LiRA,0.09884959046625587,0.6429604652299272,0
cifar100,m4_proto,F2,A1_LiRA,0.10353218432956626,0.6516786394956752,0
cifar100,m4_proto,F2,A1_LiRA,0.1084365968689611,0.6598543713043054,0
cifar100,m4_proto,F2,A1_LiRA,0.11357333583431052,0.667971460685139,0
cifar100,m4_proto,F2,A1_LiRA,0.11895340673703195,0.6765430288813957,0
cifar100,m4_proto,F2,A1_LiRA,0.12458833642950082,0.6852905243610419,0
cifar100,m4_proto,F2,A1_LiRA,0.1304901978014403,0.6937301470947564,0
cifar100,m4_proto,F2,A1_LiRA,0.13667163564620075,0.7028246102721986,0
cifar100,m4_proto,F2,A1_LiRA,0.14314589375234785,0.7115476714069295,0
cifar100,m4_proto,F2,A1_LiRA,0.14992684327860456,0.7207007770121683,0
cifar100,m4_proto,F2,A1_LiRA,0.15702901247293774,0.7299125250452035,0
cifar100,m4_proto,F2,A1_LiRA,0.16446761779946645,0.7394859013829839,0
cifar100,m4_proto,F2,A1_LiRA,0.17225859653987874,0.7486438938572056,0
cifar100,m4_proto,F2,A1_LiRA,0.18041864093920718,0.7578214338073597,0
cifar100,m4_proto,F2,A1_LiRA,0.18896523396912096,0.7669598788056492,0
cifar100,m4_proto,F2,A1_LiRA,0.19791668678535573,0.7762986854322436,0
cifar100,m4_proto,F2,A1_LiRA,0.2072921779595372,0.7862581244196843,0
cifar100,m4_proto,F2,A1_LiRA,0.21711179456945054,0.7961491472413624,0
cifar100,m4_proto,F2,A1_LiRA,0.22739657523579276,0.8058300346967697,0
cifar100,m4_proto,F2,A1_LiRA,0.23816855519761582,0.8156233201387871,0
cifar100,m4_proto,F2,A1_LiRA,0.24945081352303167,0.8252748863802961,0
cifar100,m4_proto,F2,A1_LiRA,0.2612675225563329,0.8349215657528222,0
cifar100,m4_proto,F2,A1_LiRA,0.27364399970746717,0.8446122269461955,0
cifar100,m4_proto,F2,A1_LiRA,0.286606761694825,0.8544641548160093,0
cifar100,m4_proto,F2,A1_LiRA,0.3001835813575589,0.8639691149880272,0
cifar100,m4_proto,F2,A1_LiRA,0.31440354715915003,0.8732932610076724,0
cifar100,m4_proto,F2,A1_LiRA,0.3292971255097151,0.8824121585300299,0
cifar100,m4_proto,F2,A1_LiRA,0.34489622604057596,0.8911010115818795,0
cifar100,m4_proto,F2,A1_LiRA,0.36123426997094304,0.9000830767727117,0
cifar100,m4_proto,F2,A1_LiRA,0.3783462617131929,0.9088012510384597,0
cifar100,m4_proto,F2,A1_LiRA,0.3962688638701478,0.917802863705224,0
cifar100,m4_proto,F2,A1_LiRA,0.41504047578504766,0.9260274642036846,0
cifar100,m4_proto,F2,A1_LiRA,0.43470131581250265,0.9340272687289254,0
cifar100,m4_proto,F2,A1_LiRA,0.4552935074866948,0.9420026389092508,0
cifar100,m4_proto,F2,A1_LiRA,0.47686116977144694,0.9493964716805943,0
cifar100,m4_proto,F2,A1_LiRA,0.499450511585514,0.9563309387675316,0
cifar100,m4_proto,F2,A1_LiRA,0.5231099308056264,0.9631285735229439,0
cifar100,m4_proto,F2,A1_LiRA,0.5478901179593945,0.9691345355031031,0
cifar100,m4_proto,F2,A1_LiRA,0.5738441648302393,0.9746469237159752,0
cifar100,m4_proto,F2,A1_LiRA,0.6010276782070382,0.9798270048380003,0
cifar100,m4_proto,F2,A1_LiRA,0.6294988990221888,0.9842447343986708,0
cifar100,m4_proto,F2,A1_LiRA,0.6593188271333549,0.9884572154620535,0
cifar100,m4_proto,F2,A1_LiRA,0.6905513520162331,0.9917753995015394,0
cifar100,m4_proto,F2,A1_LiRA,0.7232633896483533,0.9944094218833993,0
cifar100,m4_proto,F2,A1_LiRA,0.7575250258771913,0.9964912280701754,0
cifar100,m4_proto,F2,A1_LiRA,0.7934096665797492,0.9980354786688169,0
cifar100,m4_proto,F2,A1_LiRA,0.8309941949353395,0.9989981918584763,0
cifar100,m4_proto,F2,A1_LiRA,0.8703591361485166,0.9996090504813566,0
cifar100,m4_proto,F2,A1_LiRA,0.9115888299750827,0.9999022626203391,0
cifar100,m4_proto,F2,A1_LiRA,0.9547716114208056,0.999995113131017,0
cifar100,m4_proto,F2,A1_LiRA,1.0,1.0,0
cifar100,m5_hybrid_replay,F1,A1_LiRA,0.0,0.0002346648936430258,0
cifar100,m5_hybrid_replay,F1,A1_LiRA,0.0001,0.001197768727969611,0
cifar100,m5_hybrid_replay,F1,A1_LiRA,0.00010473708979594497,0.0012124352838223,0
cifar100,m5_hybrid_replay,F1,A1_LiRA,0.00010969857978923841,0.001227101839674989,0
cifar100,m5_hybrid_replay,F1,A1_LiRA,0.00011489510001873086,0.0012564349513803673,0
cifar100,m5_hybrid_replay,F1,A1_LiRA,0.00012033778407775893,0.0012857680630857457,0
cifar100,m5_hybrid_replay,F1,A1_LiRA,0.00012603829296797275,0.0013395454345456056,0
cifar100,m5_hybrid_replay,F1,A1_LiRA,0.0001320088400831418,0.0014422113255144295,0
cifar100,m5_hybrid_replay,F1,A1_LiRA,0.00013826221737646565,0.0014471001774653258,0
cifar100,m5_hybrid_replay,F1,A1_LiRA,0.0001448118227674533,0.0015253218086796678,0
cifar100,m5_hybrid_replay,F1,A1_LiRA,0.00015167168884709225,0.0015546549203850459,0
cifar100,m5_hybrid_replay,F1,A1_LiRA,0.00015885651294280528,0.001579099180139528,0
cifar100,m5_hybrid_replay,F1,A1_LiRA,0.0001663816886076129,0.0016817650711083516,0
cifar100,m5_hybrid_replay,F1,A1_LiRA,0.00017426333860096508,0.001779542110126279,0
cifar100,m5_hybrid_replay,F1,A1_LiRA,0.00018251834943190426,0.0018724302971933101,0
cifar100,m5_hybrid_replay,F1,A1_LiRA,0.00019116440753857018,0.001965318484260341,0
cifar100,m5_hybrid_replay,F1,A1_LiRA,0.00020022003718155845,0.0021706502661979887,0
cifar100,m5_hybrid_replay,F1,A1_LiRA,0.00020970464013232327,0.0021950945259524707,0
cifar100,m5_hybrid_replay,F1,A1_LiRA,0.0002196385372416547,0.002297760416921294,0
cifar100,m5_hybrid_replay,F1,A1_LiRA,0.0002300430119772917,0.002322204676675776,0
cifar100,m5_hybrid_replay,F1,A1_LiRA,0.00024094035602395243,0.0023906486039883255,0
cifar100,m5_hybrid_replay,F1,A1_LiRA,0.0002523539170434766,0.0024297594195954965,0
cifar100,m5_hybrid_replay,F1,A1_LiRA,0.00026430814869741055,0.0026057580898277656,0
cifar100,m5_hybrid_replay,F1,A1_LiRA,0.00027682866303920667,0.002659535461287626,0
cifar100,m5_hybrid_replay,F1,A1_LiRA,0.0002899422853882875,0.0027866456120109314,0
cifar100,m5_hybrid_replay,F1,A1_LiRA,0.0003036771118035457,0.002859978391274377,0
cifar100,m5_hybrid_replay,F1,A1_LiRA,0.0003180625692794119,0.0029675331341940973,0
cifar100,m5_hybrid_replay,F1,A1_LiRA,0.00033312947879346737,0.0029870885419976826,0
cifar100,m5_hybrid_replay,F1,A1_LiRA,0.0003489101213406774,0.0031093098407700918,0
cifar100,m5_hybrid_replay,F1,A1_LiRA,0.00036543830709572547,0.00313864295247547,0
cifar100,m5_hybrid_replay,F1,A1_LiRA,0.0003827494478516311,0.003358641290265807,0
cifar100,m5_hybrid_replay,F1,A1_LiRA,0.0004008806328898465,0.0033879744019711853,0
cifar100,m5_hybrid_replay,F1,A1_LiRA,0.000419870708444391,0.003466196033185527,0
cifar100,m5_hybrid_replay,F1,A1_LiRA,0.00043976036093027214,0.003534639960498076,0
cifar100,m5_hybrid_replay,F1,A1_LiRA,0.00046059220411451035,0.003754638298288413,0
cifar100,m5_hybrid_replay,F1,A1_LiRA,0.00048241087041653687,0.003862193041208133,0
cifar100,m5_hybrid_replay,F1,A1_LiRA,0.0005052631065335679,0.003925748116569786,0
cifar100,m5_hybrid_replay,F1,A1_LiRA,0.0005291978735958442,0.00402841400753861,0
cifar100,m5_hybrid_replay,F1,A1_LiRA,0.0005542664520663107,0.004101746786802056,0
cifar100,m5_hybrid_replay,F1,A1_LiRA,0.0005805225516094895,0.004272856605083428,0
cifar100,m5_hybrid_replay,F1,A1_LiRA,0.0006080224261649427,0.004360855940199563,0
cifar100,m5_hybrid_replay,F1,A1_LiRA,0.0006368249944718586,0.004429299867512112,0
cifar100,m5_hybrid_replay,F1,A1_LiRA,0.0006669919663030121,0.004473299535070179,0
cifar100,m5_hybrid_replay,F1,A1_LiRA,0.0006985879746785249,0.004585743129940796,0
cifar100,m5_hybrid_replay,F1,A1_LiRA,0.0007316807143427193,0.00474218639236948,0
cifar100,m5_hybrid_replay,F1,A1_LiRA,0.0007663410868007462,0.004874185395043682,0
cifar100,m5_hybrid_replay,F1,A1_LiRA,0.0008026433522257174,0.00501107324966878,0
cifar100,m5_hybrid_replay,F1,A1_LiRA,0.0008406652885618325,0.005196849623802843,0
cifar100,m5_hybrid_replay,F1,A1_LiRA,0.0008804883581643465,0.005367959442084215,0
cifar100,m5_hybrid_replay,F1,A1_LiRA,0.0009221978823334322,0.005460847629151246,0
cifar100,m5_hybrid_replay,F1,A1_LiRA,0.0009658832241158709,0.005680845966941583,0
cifar100,m5_hybrid_replay,F1,A1_LiRA,0.001011637979766207,0.005876400044977438,0
cifar100,m5_hybrid_replay,F1,A1_LiRA,0.001059560179277616,0.006081731826915086,0
cifar100,m5_hybrid_replay,F1,A1_LiRA,0.0011097524964120721,0.00627728590495094,0
cifar100,m5_hybrid_replay,F1,A1_LiRA,0.0011623224686798518,0.006375062943968867,0
cifar100,m5_hybrid_replay,F1,A1_LiRA,0.001217382727739662,0.006780837655893266,0
cifar100,m5_hybrid_replay,F1,A1_LiRA,0.0012750512407130128,0.006966614030027329,0
cifar100,m5_hybrid_replay,F1,A1_LiRA,0.0013354515629298987,0.007127946144406909,0
cifar100,m5_hybrid_replay,F1,A1_LiRA,0.0013987131026472386,0.007372388741951727,0
cifar100,m5_hybrid_replay,F1,A1_LiRA,0.0014649713983072847,0.007528832004380411,0
cifar100,m5_hybrid_replay,F1,A1_LiRA,0.0015343684089300133,0.007802607713630608,0
cifar100,m5_hybrid_replay,F1,A1_LiRA,0.0016070528182616384,0.007983495235813773,0
cifar100,m5_hybrid_replay,F1,A1_LiRA,0.0016831803533309566,0.008159493906046044,0
cifar100,m5_hybrid_replay,F1,A1_LiRA,0.001762914118095948,0.008443047319198033,0
cifar100,m5_hybrid_replay,F1,A1_LiRA,0.0018464249428955426,0.008697267620644643,0
cifar100,m5_hybrid_replay,F1,A1_LiRA,0.0019338917504552321,0.008961265625993049,0
cifar100,m5_hybrid_replay,F1,A1_LiRA,0.0020255019392306666,0.009181263963783385,0
cifar100,m5_hybrid_replay,F1,A1_LiRA,0.00212145178491063,0.009513705896444338,0
cifar100,m5_hybrid_replay,F1,A1_LiRA,0.002221946860939524,0.009811925865449017,0
cifar100,m5_hybrid_replay,F1,A1_LiRA,0.0023272024789604074,0.010017257647386665,0
cifar100,m5_hybrid_replay,F1,A1_LiRA,0.002437444150122222,0.010462143174918235,0
cifar100,m5_hybrid_replay,F1,A1_LiRA,0.0025529080682395165,0.010794585107579188,0
cifar100,m5_hybrid_replay,F1,A1_LiRA,0.0026738416158399465,0.011180804411700001,0
cifar100,m5_hybrid_replay,F1,A1_LiRA,0.002800503894183631,0.011376358489735856,0
cifar100,m5_hybrid_replay,F1,A1_LiRA,0.0029331662783900424,0.011791910905562046,0
cifar100,m5_hybrid_replay,F1,A1_LiRA,0.003072112998861759,0.012134130542124793,0
cifar100,m5_hybrid_replay,F1,A1_LiRA,0.0032176417502507355,0.012603460329410844,0
cifar100,m5_hybrid_replay,F1,A1_LiRA,0.003370064329271928,0.013023901597187932,0
cifar100,m5_hybrid_replay,F1,A1_LiRA,0.00352970730273065,0.013302566158389026,0
cifar100,m5_hybrid_replay,F1,A1_LiRA,0.0036969127071950283,0.013615452683246394,0
cifar100,m5_hybrid_replay,F1,A1_LiRA,0.003872038781812557,0.013952783467858243,0
cifar100,m5_hybrid_replay,F1,A1_LiRA,0.004055460735840828,0.01451011259026043,0
cifar100,m5_hybrid_replay,F1,A1_LiRA,0.0042475715525368985,0.01492566500608662,0
cifar100,m5_hybrid_replay,F1,A1_LiRA,0.004448782831127585,0.015399883645323569,0
cifar100,m5_hybrid_replay,F1,A1_LiRA,0.004659525668664682,0.01599143473138203,0
cifar100,m5_hybrid_replay,F1,A1_LiRA,0.004880251583654433,0.016455875666717183,0
cifar100,m5_hybrid_replay,F1,A1_LiRA,0.005111433483440166,0.017022982493021165,0
cifar100,m5_hybrid_replay,F1,A1_LiRA,0.0053535666774107244,0.017717199470048448,0
cifar100,m5_hybrid_replay,F1,A1_LiRA,0.005607169938205458,0.018005641735151335,0
cifar100,m5_hybrid_replay,F1,A1_LiRA,0.005872786613189483,0.018572748561455313,0
cifar100,m5_hybrid_replay,F1,A1_LiRA,0.006150985788580504,0.019242521278728116,0
cifar100,m5_hybrid_replay,F1,A1_LiRA,0.00644236350872137,0.019873183180393748,0
cifar100,m5_hybrid_replay,F1,A1_LiRA,0.006747544053110693,0.02035229067158159,0
cifar100,m5_hybrid_replay,F1,A1_LiRA,0.0070671812739274914,0.020919397497885572,0
cifar100,m5_hybrid_replay,F1,A1_LiRA,0.007401959996915644,0.021550059399551205,0
cifar100,m5_hybrid_replay,F1,A1_LiRA,0.007752597488629464,0.022219832116824007,0
cifar100,m5_hybrid_replay,F1,A1_LiRA,0.008119844993184008,0.022865160574342326,0
cifar100,m5_hybrid_replay,F1,A1_LiRA,0.008504489341802677,0.023647376886485747,0
cifar100,m5_hybrid_replay,F1,A1_LiRA,0.00890735463861044,0.02443448205058006,0
cifar100,m5_hybrid_replay,F1,A1_LiRA,0.009329304026284686,0.02547580751612099,0
cifar100,m5_hybrid_replay,F1,A1_LiRA,0.009771241535346501,0.02641935594264399,0
cifar100,m5_hybrid_replay,F1,A1_LiRA,0.010234114021054527,0.02732379355355982,0
cifar100,m5_hybrid_replay,F1,A1_LiRA,0.010718913192051276,0.028311341647640886,0
cifar100,m5_hybrid_replay,F1,A1_LiRA,0.011226677735108135,0.02925000122221299,0
cifar100,m5_hybrid_replay,F1,A1_LiRA,0.01175849554052157,0.030090883757767164,0
cifar100,m5_hybrid_replay,F1,A1_LiRA,0.012315506032928261,0.031273985929884084,0
cifar100,m5_hybrid_replay,F1,A1_LiRA,0.01289890261253308,0.032065979945929295,0
cifar100,m5_hybrid_replay,F1,A1_LiRA,0.013509935211980266,0.03320997130243905,0
cifar100,m5_hybrid_replay,F1,A1_LiRA,0.01414991297434576,0.03455929444088645,0
cifar100,m5_hybrid_replay,F1,A1_LiRA,0.014820207057988586,0.0355566202388693,0
cifar100,m5_hybrid_replay,F1,A1_LiRA,0.01552225357427048,0.036788610930495194,0
cifar100,m5_hybrid_replay,F1,A1_LiRA,0.016257556664437952,0.038118378661139006,0
cifar100,m5_hybrid_replay,F1,A1_LiRA,0.017027691722258997,0.03944814639178282,0
cifar100,m5_hybrid_replay,F1,A1_LiRA,0.017834308769319095,0.04093924623680621,0
cifar100,m5_hybrid_replay,F1,A1_LiRA,0.01867913599020783,0.042347235598664365,0
cifar100,m5_hybrid_replay,F1,A1_LiRA,0.01956398343517065,0.044087666893183476,0
cifar100,m5_hybrid_replay,F1,A1_LiRA,0.020490746898158482,0.04577920966819362,0
cifar100,m5_hybrid_replay,F1,A1_LiRA,0.021461411978584036,0.04750986325881093,0
cifar100,m5_hybrid_replay,F1,A1_LiRA,0.02247805833548725,0.04926984996113363,0
cifar100,m5_hybrid_replay,F1,A1_LiRA,0.02354286414322418,0.05101028125565273,0
cifar100,m5_hybrid_replay,F1,A1_LiRA,0.024658110758226038,0.052799601069680804,0
cifar100,m5_hybrid_replay,F1,A1_LiRA,0.025826187606826773,0.05441292221347661,0
cifar100,m5_hybrid_replay,F1,A1_LiRA,0.027049597304631343,0.05628046365871902,0
cifar100,m5_hybrid_replay,F1,A1_LiRA,0.02833096101839324,0.058363114589800875,0
cifar100,m5_hybrid_replay,F1,A1_LiRA,0.029673024081888696,0.06043598781698094,0
cifar100,m5_hybrid_replay,F1,A1_LiRA,0.03107866187782014,0.06241108400514307,0
cifar100,m5_hybrid_replay,F1,A1_LiRA,0.0325508859983506,0.06478217720132781,0
cifar100,m5_hybrid_replay,F1,A1_LiRA,0.03409285069746811,0.06690393894801684,0
cifar100,m5_hybrid_replay,F1,A1_LiRA,0.03570785964900463,0.06930925410785785,0
cifar100,m5_hybrid_replay,F1,A1_LiRA,0.03739937302478798,0.07172434697160066,0
cifar100,m5_hybrid_replay,F1,A1_LiRA,0.039171014908092605,0.07416877294704885,0
cifar100,m5_hybrid_replay,F1,A1_LiRA,0.04102658105827194,0.07659364351469344,0
cifar100,m5_hybrid_replay,F1,A1_LiRA,0.04297004704320839,0.079350956014999,0
cifar100,m5_hybrid_replay,F1,A1_LiRA,0.04500557675700498,0.08228426718553682,0
cifar100,m5_hybrid_replay,F1,A1_LiRA,0.047137531341167244,0.08506113509364596,0
cifar100,m5_hybrid_replay,F1,A1_LiRA,0.049370478528390035,0.08821933345392502,0
cifar100,m5_hybrid_replay,F1,A1_LiRA,0.05170920242896761,0.09161708555979799,0
cifar100,m5_hybrid_replay,F1,A1_LiRA,0.054158713780794704,0.0948339501434878,0
cifar100,m5_hybrid_replay,F1,A1_LiRA,0.05672426068491978,0.09808992554278478,0
cifar100,m5_hybrid_replay,F1,A1_LiRA,0.05941133984965034,0.10170278713449721,0
cifar100,m5_hybrid_replay,F1,A1_LiRA,0.06222570836730231,0.1054818696925401,0
cifar100,m5_hybrid_replay,F1,A1_LiRA,0.06517339604882427,0.1095200614039805,0
cifar100,m5_hybrid_replay,F1,A1_LiRA,0.06826071834272386,0.11348980918810836,0
cifar100,m5_hybrid_replay,F1,A1_LiRA,0.07149428986597577,0.11805599691024557,0
cifar100,m5_hybrid_replay,F1,A1_LiRA,0.07488103857590023,0.12249018562970858,0
cifar100,m5_hybrid_replay,F1,A1_LiRA,0.07842822061337681,0.12735948217280135,0
cifar100,m5_hybrid_replay,F1,A1_LiRA,0.0821434358491943,0.13192078104298768,0
cifar100,m5_hybrid_replay,F1,A1_LiRA,0.086034644166845,0.13675585562242418,0
cifar100,m5_hybrid_replay,F1,A1_LiRA,0.09011018251665019,0.1421140373606066,0
cifar100,m5_hybrid_replay,F1,A1_LiRA,0.09437878277775381,0.14748688565464171,0
cifar100,m5_hybrid_replay,F1,A1_LiRA,0.09884959046625587,0.1534219519230299,0
cifar100,m5_hybrid_replay,F1,A1_LiRA,0.10353218432956626,0.1593814624511726,0
cifar100,m5_hybrid_replay,F1,A1_LiRA,0.1084365968689611,0.16571252572758338,0
cifar100,m5_hybrid_replay,F1,A1_LiRA,0.11357333583431052,0.17159381462451173,0
cifar100,m5_hybrid_replay,F1,A1_LiRA,0.11895340673703195,0.17826709753748526,0
cifar100,m5_hybrid_replay,F1,A1_LiRA,0.12458833642950082,0.18487682537509717,0
cifar100,m5_hybrid_replay,F1,A1_LiRA,0.1304901978014403,0.19239099082362487,0
cifar100,m5_hybrid_replay,F1,A1_LiRA,0.13667163564620075,0.19980737923313469,0
cifar100,m5_hybrid_replay,F1,A1_LiRA,0.14314589375234785,0.2069206588216889,0
cifar100,m5_hybrid_replay,F1,A1_LiRA,0.14992684327860456,0.21492370946530626,0
cifar100,m5_hybrid_replay,F1,A1_LiRA,0.15702901247293774,0.22288764929331645,0
cifar100,m5_hybrid_replay,F1,A1_LiRA,0.16446761779946645,0.23152625069055033,0
cifar100,m5_hybrid_replay,F1,A1_LiRA,0.17225859653987874,0.24017462979168602,0
cifar100,m5_hybrid_replay,F1,A1_LiRA,0.18041864093920718,0.25010388810395656,0
cifar100,m5_hybrid_replay,F1,A1_LiRA,0.18896523396912096,0.2603753660527898,0
cifar100,m5_hybrid_replay,F1,A1_LiRA,0.19791668678535573,0.2707788430042973,0
cifar100,m5_hybrid_replay,F1,A1_LiRA,0.2072921779595372,0.28112854258434494,0
cifar100,m5_hybrid_replay,F1,A1_LiRA,0.21711179456945054,0.2926271223728532,0
cifar100,m5_hybrid_replay,F1,A1_LiRA,0.22739657523579276,0.3038959261196693,0
cifar100,m5_hybrid_replay,F1,A1_LiRA,0.23816855519761582,0.31516472986648547,0
cifar100,m5_hybrid_replay,F1,A1_LiRA,0.24945081352303167,0.3272401941851995,0
cifar100,m5_hybrid_replay,F1,A1_LiRA,0.2612675225563329,0.3397703217353469,0
cifar100,m5_hybrid_replay,F1,A1_LiRA,0.27364399970746717,0.35319999804445923,0
cifar100,m5_hybrid_replay,F1,A1_LiRA,0.286606761694825,0.3669474497303798,0
cifar100,m5_hybrid_replay,F1,A1_LiRA,0.3001835813575589,0.38023534933291614,0
cifar100,m5_hybrid_replay,F1,A1_LiRA,0.31440354715915003,0.3951463477831501,0
cifar100,m5_hybrid_replay,F1,A1_LiRA,0.3292971255097151,0.41063911961554067,0
cifar100,m5_hybrid_replay,F1,A1_LiRA,0.34489622604057596,0.42655233271570836,0
cifar100,m5_hybrid_replay,F1,A1_LiRA,0.36123426997094304,0.4433406503150865,0
cifar100,m5_hybrid_replay,F1,A1_LiRA,0.3783462617131929,0.4614147359775504,0
cifar100,m5_hybrid_replay,F1,A1_LiRA,0.3962688638701478,0.47947904393611246,0
cifar100,m5_hybrid_replay,F1,A1_LiRA,0.41504047578504766,0.49881934225385854,0
cifar100,m5_hybrid_replay,F1,A1_LiRA,0.43470131581250265,0.5190445227747168,0
cifar100,m5_hybrid_replay,F1,A1_LiRA,0.4552935074866948,0.5400910304233257,0
cifar100,m5_hybrid_replay,F1,A1_LiRA,0.47686116977144694,0.5616850894904349,0
cifar100,m5_hybrid_replay,F1,A1_LiRA,0.499450511585514,0.5850978014832777,0
cifar100,m5_hybrid_replay,F1,A1_LiRA,0.5231099308056264,0.6094296176428889,0
cifar100,m5_hybrid_replay,F1,A1_LiRA,0.5478901179593945,0.6337125452829911,0
cifar100,m5_hybrid_replay,F1,A1_LiRA,0.5738441648302393,0.6589732433132728,0
cifar100,m5_hybrid_replay,F1,A1_LiRA,0.6010276782070382,0.6849134917647289,0
cifar100,m5_hybrid_replay,F1,A1_LiRA,0.6294988990221888,0.7116310676763775,0
cifar100,m5_hybrid_replay,F1,A1_LiRA,0.6593188271333549,0.7392384146430894,0
cifar100,m5_hybrid_replay,F1,A1_LiRA,0.6905513520162331,0.7670462045397879,0
cifar100,m5_hybrid_replay,F1,A1_LiRA,0.7232633896483533,0.7973521977833945,0
cifar100,m5_hybrid_replay,F1,A1_LiRA,0.7575250258771913,0.8271595281280097,0
cifar100,m5_hybrid_replay,F1,A1_LiRA,0.7934096665797492,0.8573041892572367,0
cifar100,m5_hybrid_replay,F1,A1_LiRA,0.8309941949353395,0.8891403931614739,0
cifar100,m5_hybrid_replay,F1,A1_LiRA,0.8703591361485166,0.9209374862501039,0
cifar100,m5_hybrid_replay,F1,A1_LiRA,0.9115888299750827,0.9517812532083091,0
cifar100,m5_hybrid_replay,F1,A1_LiRA,0.9547716114208056,0.9809823659110131,0
cifar100,m5_hybrid_replay,F1,A1_LiRA,1.0,1.0,0
cifar100,m8_analytic,F5,A1_LiRA,0.0,1.0,0
cifar100,m8_analytic,F5,A1_LiRA,0.0001,1.0,0
cifar100,m8_analytic,F5,A1_LiRA,0.00010473708979594497,1.0,0
cifar100,m8_analytic,F5,A1_LiRA,0.00010969857978923841,1.0,0
cifar100,m8_analytic,F5,A1_LiRA,0.00011489510001873086,1.0,0
cifar100,m8_analytic,F5,A1_LiRA,0.00012033778407775893,1.0,0
cifar100,m8_analytic,F5,A1_LiRA,0.00012603829296797275,1.0,0
cifar100,m8_analytic,F5,A1_LiRA,0.0001320088400831418,1.0,0
cifar100,m8_analytic,F5,A1_LiRA,0.00013826221737646565,1.0,0
cifar100,m8_analytic,F5,A1_LiRA,0.0001448118227674533,1.0,0
cifar100,m8_analytic,F5,A1_LiRA,0.00015167168884709225,1.0,0
cifar100,m8_analytic,F5,A1_LiRA,0.00015885651294280528,1.0,0
cifar100,m8_analytic,F5,A1_LiRA,0.0001663816886076129,1.0,0
cifar100,m8_analytic,F5,A1_LiRA,0.00017426333860096508,1.0,0
cifar100,m8_analytic,F5,A1_LiRA,0.00018251834943190426,1.0,0
cifar100,m8_analytic,F5,A1_LiRA,0.00019116440753857018,1.0,0
cifar100,m8_analytic,F5,A1_LiRA,0.00020022003718155845,1.0,0
cifar100,m8_analytic,F5,A1_LiRA,0.00020970464013232327,1.0,0
cifar100,m8_analytic,F5,A1_LiRA,0.0002196385372416547,1.0,0
cifar100,m8_analytic,F5,A1_LiRA,0.0002300430119772917,1.0,0
cifar100,m8_analytic,F5,A1_LiRA,0.00024094035602395243,1.0,0
cifar100,m8_analytic,F5,A1_LiRA,0.0002523539170434766,1.0,0
cifar100,m8_analytic,F5,A1_LiRA,0.00026430814869741055,1.0,0
cifar100,m8_analytic,F5,A1_LiRA,0.00027682866303920667,1.0,0
cifar100,m8_analytic,F5,A1_LiRA,0.0002899422853882875,1.0,0
cifar100,m8_analytic,F5,A1_LiRA,0.0003036771118035457,1.0,0
cifar100,m8_analytic,F5,A1_LiRA,0.0003180625692794119,1.0,0
cifar100,m8_analytic,F5,A1_LiRA,0.00033312947879346737,1.0,0
cifar100,m8_analytic,F5,A1_LiRA,0.0003489101213406774,1.0,0
cifar100,m8_analytic,F5,A1_LiRA,0.00036543830709572547,1.0,0
cifar100,m8_analytic,F5,A1_LiRA,0.0003827494478516311,1.0,0
cifar100,m8_analytic,F5,A1_LiRA,0.0004008806328898465,1.0,0
cifar100,m8_analytic,F5,A1_LiRA,0.000419870708444391,1.0,0
cifar100,m8_analytic,F5,A1_LiRA,0.00043976036093027214,1.0,0
cifar100,m8_analytic,F5,A1_LiRA,0.00046059220411451035,1.0,0
cifar100,m8_analytic,F5,A1_LiRA,0.00048241087041653687,1.0,0
cifar100,m8_analytic,F5,A1_LiRA,0.0005052631065335679,1.0,0
cifar100,m8_analytic,F5,A1_LiRA,0.0005291978735958442,1.0,0
cifar100,m8_analytic,F5,A1_LiRA,0.0005542664520663107,1.0,0
cifar100,m8_analytic,F5,A1_LiRA,0.0005805225516094895,1.0,0
cifar100,m8_analytic,F5,A1_LiRA,0.0006080224261649427,1.0,0
cifar100,m8_analytic,F5,A1_LiRA,0.0006368249944718586,1.0,0
cifar100,m8_analytic,F5,A1_LiRA,0.0006669919663030121,1.0,0
cifar100,m8_analytic,F5,A1_LiRA,0.0006985879746785249,1.0,0
cifar100,m8_analytic,F5,A1_LiRA,0.0007316807143427193,1.0,0
cifar100,m8_analytic,F5,A1_LiRA,0.0007663410868007462,1.0,0
cifar100,m8_analytic,F5,A1_LiRA,0.0008026433522257174,1.0,0
cifar100,m8_analytic,F5,A1_LiRA,0.0008406652885618325,1.0,0
cifar100,m8_analytic,F5,A1_LiRA,0.0008804883581643465,1.0,0
cifar100,m8_analytic,F5,A1_LiRA,0.0009221978823334322,1.0,0
cifar100,m8_analytic,F5,A1_LiRA,0.0009658832241158709,1.0,0
cifar100,m8_analytic,F5,A1_LiRA,0.001011637979766207,1.0,0
cifar100,m8_analytic,F5,A1_LiRA,0.001059560179277616,1.0,0
cifar100,m8_analytic,F5,A1_LiRA,0.0011097524964120721,1.0,0
cifar100,m8_analytic,F5,A1_LiRA,0.0011623224686798518,1.0,0
cifar100,m8_analytic,F5,A1_LiRA,0.001217382727739662,1.0,0
cifar100,m8_analytic,F5,A1_LiRA,0.0012750512407130128,1.0,0
cifar100,m8_analytic,F5,A1_LiRA,0.0013354515629298987,1.0,0
cifar100,m8_analytic,F5,A1_LiRA,0.0013987131026472386,1.0,0
cifar100,m8_analytic,F5,A1_LiRA,0.0014649713983072847,1.0,0
cifar100,m8_analytic,F5,A1_LiRA,0.0015343684089300133,1.0,0
cifar100,m8_analytic,F5,A1_LiRA,0.0016070528182616384,1.0,0
cifar100,m8_analytic,F5,A1_LiRA,0.0016831803533309566,1.0,0
cifar100,m8_analytic,F5,A1_LiRA,0.001762914118095948,1.0,0
cifar100,m8_analytic,F5,A1_LiRA,0.0018464249428955426,1.0,0
cifar100,m8_analytic,F5,A1_LiRA,0.0019338917504552321,1.0,0
cifar100,m8_analytic,F5,A1_LiRA,0.0020255019392306666,1.0,0
cifar100,m8_analytic,F5,A1_LiRA,0.00212145178491063,1.0,0
cifar100,m8_analytic,F5,A1_LiRA,0.002221946860939524,1.0,0
cifar100,m8_analytic,F5,A1_LiRA,0.0023272024789604074,1.0,0
cifar100,m8_analytic,F5,A1_LiRA,0.002437444150122222,1.0,0
cifar100,m8_analytic,F5,A1_LiRA,0.0025529080682395165,1.0,0
cifar100,m8_analytic,F5,A1_LiRA,0.0026738416158399465,1.0,0
cifar100,m8_analytic,F5,A1_LiRA,0.002800503894183631,1.0,0
cifar100,m8_analytic,F5,A1_LiRA,0.0029331662783900424,1.0,0
cifar100,m8_analytic,F5,A1_LiRA,0.003072112998861759,1.0,0
cifar100,m8_analytic,F5,A1_LiRA,0.0032176417502507355,1.0,0
cifar100,m8_analytic,F5,A1_LiRA,0.003370064329271928,1.0,0
cifar100,m8_analytic,F5,A1_LiRA,0.00352970730273065,1.0,0
cifar100,m8_analytic,F5,A1_LiRA,0.0036969127071950283,1.0,0
cifar100,m8_analytic,F5,A1_LiRA,0.003872038781812557,1.0,0
cifar100,m8_analytic,F5,A1_LiRA,0.004055460735840828,1.0,0
cifar100,m8_analytic,F5,A1_LiRA,0.0042475715525368985,1.0,0
cifar100,m8_analytic,F5,A1_LiRA,0.004448782831127585,1.0,0
cifar100,m8_analytic,F5,A1_LiRA,0.004659525668664682,1.0,0
cifar100,m8_analytic,F5,A1_LiRA,0.004880251583654433,1.0,0
cifar100,m8_analytic,F5,A1_LiRA,0.005111433483440166,1.0,0
cifar100,m8_analytic,F5,A1_LiRA,0.0053535666774107244,1.0,0
cifar100,m8_analytic,F5,A1_LiRA,0.005607169938205458,1.0,0
cifar100,m8_analytic,F5,A1_LiRA,0.005872786613189483,1.0,0
cifar100,m8_analytic,F5,A1_LiRA,0.006150985788580504,1.0,0
cifar100,m8_analytic,F5,A1_LiRA,0.00644236350872137,1.0,0
cifar100,m8_analytic,F5,A1_LiRA,0.006747544053110693,1.0,0
cifar100,m8_analytic,F5,A1_LiRA,0.0070671812739274914,1.0,0
cifar100,m8_analytic,F5,A1_LiRA,0.007401959996915644,1.0,0
cifar100,m8_analytic,F5,A1_LiRA,0.007752597488629464,1.0,0
cifar100,m8_analytic,F5,A1_LiRA,0.008119844993184008,1.0,0
cifar100,m8_analytic,F5,A1_LiRA,0.008504489341802677,1.0,0
cifar100,m8_analytic,F5,A1_LiRA,0.00890735463861044,1.0,0
cifar100,m8_analytic,F5,A1_LiRA,0.009329304026284686,1.0,0
cifar100,m8_analytic,F5,A1_LiRA,0.009771241535346501,1.0,0
cifar100,m8_analytic,F5,A1_LiRA,0.010234114021054527,1.0,0
cifar100,m8_analytic,F5,A1_LiRA,0.010718913192051276,1.0,0
cifar100,m8_analytic,F5,A1_LiRA,0.011226677735108135,1.0,0
cifar100,m8_analytic,F5,A1_LiRA,0.01175849554052157,1.0,0
cifar100,m8_analytic,F5,A1_LiRA,0.012315506032928261,1.0,0
cifar100,m8_analytic,F5,A1_LiRA,0.01289890261253308,1.0,0
cifar100,m8_analytic,F5,A1_LiRA,0.013509935211980266,1.0,0
cifar100,m8_analytic,F5,A1_LiRA,0.01414991297434576,1.0,0
cifar100,m8_analytic,F5,A1_LiRA,0.014820207057988586,1.0,0
cifar100,m8_analytic,F5,A1_LiRA,0.01552225357427048,1.0,0
cifar100,m8_analytic,F5,A1_LiRA,0.016257556664437952,1.0,0
cifar100,m8_analytic,F5,A1_LiRA,0.017027691722258997,1.0,0
cifar100,m8_analytic,F5,A1_LiRA,0.017834308769319095,1.0,0
cifar100,m8_analytic,F5,A1_LiRA,0.01867913599020783,1.0,0
cifar100,m8_analytic,F5,A1_LiRA,0.01956398343517065,1.0,0
cifar100,m8_analytic,F5,A1_LiRA,0.020490746898158482,1.0,0
cifar100,m8_analytic,F5,A1_LiRA,0.021461411978584036,1.0,0
cifar100,m8_analytic,F5,A1_LiRA,0.02247805833548725,1.0,0
cifar100,m8_analytic,F5,A1_LiRA,0.02354286414322418,1.0,0
cifar100,m8_analytic,F5,A1_LiRA,0.024658110758226038,1.0,0
cifar100,m8_analytic,F5,A1_LiRA,0.025826187606826773,1.0,0
cifar100,m8_analytic,F5,A1_LiRA,0.027049597304631343,1.0,0
cifar100,m8_analytic,F5,A1_LiRA,0.02833096101839324,1.0,0
cifar100,m8_analytic,F5,A1_LiRA,0.029673024081888696,1.0,0
cifar100,m8_analytic,F5,A1_LiRA,0.03107866187782014,1.0,0
cifar100,m8_analytic,F5,A1_LiRA,0.0325508859983506,1.0,0
cifar100,m8_analytic,F5,A1_LiRA,0.03409285069746811,1.0,0
cifar100,m8_analytic,F5,A1_LiRA,0.03570785964900463,1.0,0
cifar100,m8_analytic,F5,A1_LiRA,0.03739937302478798,1.0,0
cifar100,m8_analytic,F5,A1_LiRA,0.039171014908092605,1.0,0
cifar100,m8_analytic,F5,A1_LiRA,0.04102658105827194,1.0,0
cifar100,m8_analytic,F5,A1_LiRA,0.04297004704320839,1.0,0
cifar100,m8_analytic,F5,A1_LiRA,0.04500557675700498,1.0,0
cifar100,m8_analytic,F5,A1_LiRA,0.047137531341167244,1.0,0
cifar100,m8_analytic,F5,A1_LiRA,0.049370478528390035,1.0,0
cifar100,m8_analytic,F5,A1_LiRA,0.05170920242896761,1.0,0
cifar100,m8_analytic,F5,A1_LiRA,0.054158713780794704,1.0,0
cifar100,m8_analytic,F5,A1_LiRA,0.05672426068491978,1.0,0
cifar100,m8_analytic,F5,A1_LiRA,0.05941133984965034,1.0,0
cifar100,m8_analytic,F5,A1_LiRA,0.06222570836730231,1.0,0
cifar100,m8_analytic,F5,A1_LiRA,0.06517339604882427,1.0,0
cifar100,m8_analytic,F5,A1_LiRA,0.06826071834272386,1.0,0
cifar100,m8_analytic,F5,A1_LiRA,0.07149428986597577,1.0,0
cifar100,m8_analytic,F5,A1_LiRA,0.07488103857590023,1.0,0
cifar100,m8_analytic,F5,A1_LiRA,0.07842822061337681,1.0,0
cifar100,m8_analytic,F5,A1_LiRA,0.0821434358491943,1.0,0
cifar100,m8_analytic,F5,A1_LiRA,0.086034644166845,1.0,0
cifar100,m8_analytic,F5,A1_LiRA,0.09011018251665019,1.0,0
cifar100,m8_analytic,F5,A1_LiRA,0.09437878277775381,1.0,0
cifar100,m8_analytic,F5,A1_LiRA,0.09884959046625587,1.0,0
cifar100,m8_analytic,F5,A1_LiRA,0.10353218432956626,1.0,0
cifar100,m8_analytic,F5,A1_LiRA,0.1084365968689611,1.0,0
cifar100,m8_analytic,F5,A1_LiRA,0.11357333583431052,1.0,0
cifar100,m8_analytic,F5,A1_LiRA,0.11895340673703195,1.0,0
cifar100,m8_analytic,F5,A1_LiRA,0.12458833642950082,1.0,0
cifar100,m8_analytic,F5,A1_LiRA,0.1304901978014403,1.0,0
cifar100,m8_analytic,F5,A1_LiRA,0.13667163564620075,1.0,0
cifar100,m8_analytic,F5,A1_LiRA,0.14314589375234785,1.0,0
cifar100,m8_analytic,F5,A1_LiRA,0.14992684327860456,1.0,0
cifar100,m8_analytic,F5,A1_LiRA,0.15702901247293774,1.0,0
cifar100,m8_analytic,F5,A1_LiRA,0.16446761779946645,1.0,0
cifar100,m8_analytic,F5,A1_LiRA,0.17225859653987874,1.0,0
cifar100,m8_analytic,F5,A1_LiRA,0.18041864093920718,1.0,0
cifar100,m8_analytic,F5,A1_LiRA,0.18896523396912096,1.0,0
cifar100,m8_analytic,F5,A1_LiRA,0.19791668678535573,1.0,0
cifar100,m8_analytic,F5,A1_LiRA,0.2072921779595372,1.0,0
cifar100,m8_analytic,F5,A1_LiRA,0.21711179456945054,1.0,0
cifar100,m8_analytic,F5,A1_LiRA,0.22739657523579276,1.0,0
cifar100,m8_analytic,F5,A1_LiRA,0.23816855519761582,1.0,0
cifar100,m8_analytic,F5,A1_LiRA,0.24945081352303167,1.0,0
cifar100,m8_analytic,F5,A1_LiRA,0.2612675225563329,1.0,0
cifar100,m8_analytic,F5,A1_LiRA,0.27364399970746717,1.0,0
cifar100,m8_analytic,F5,A1_LiRA,0.286606761694825,1.0,0
cifar100,m8_analytic,F5,A1_LiRA,0.3001835813575589,1.0,0
cifar100,m8_analytic,F5,A1_LiRA,0.31440354715915003,1.0,0
cifar100,m8_analytic,F5,A1_LiRA,0.3292971255097151,1.0,0
cifar100,m8_analytic,F5,A1_LiRA,0.34489622604057596,1.0,0
cifar100,m8_analytic,F5,A1_LiRA,0.36123426997094304,1.0,0
cifar100,m8_analytic,F5,A1_LiRA,0.3783462617131929,1.0,0
cifar100,m8_analytic,F5,A1_LiRA,0.3962688638701478,1.0,0
cifar100,m8_analytic,F5,A1_LiRA,0.41504047578504766,1.0,0
cifar100,m8_analytic,F5,A1_LiRA,0.43470131581250265,1.0,0
cifar100,m8_analytic,F5,A1_LiRA,0.4552935074866948,1.0,0
cifar100,m8_analytic,F5,A1_LiRA,0.47686116977144694,1.0,0
cifar100,m8_analytic,F5,A1_LiRA,0.499450511585514,1.0,0
cifar100,m8_analytic,F5,A1_LiRA,0.5231099308056264,1.0,0
cifar100,m8_analytic,F5,A1_LiRA,0.5478901179593945,1.0,0
cifar100,m8_analytic,F5,A1_LiRA,0.5738441648302393,1.0,0
cifar100,m8_analytic,F5,A1_LiRA,0.6010276782070382,1.0,0
cifar100,m8_analytic,F5,A1_LiRA,0.6294988990221888,1.0,0
cifar100,m8_analytic,F5,A1_LiRA,0.6593188271333549,1.0,0
cifar100,m8_analytic,F5,A1_LiRA,0.6905513520162331,1.0,0
cifar100,m8_analytic,F5,A1_LiRA,0.7232633896483533,1.0,0
cifar100,m8_analytic,F5,A1_LiRA,0.7575250258771913,1.0,0
cifar100,m8_analytic,F5,A1_LiRA,0.7934096665797492,1.0,0
cifar100,m8_analytic,F5,A1_LiRA,0.8309941949353395,1.0,0
cifar100,m8_analytic,F5,A1_LiRA,0.8703591361485166,1.0,0
cifar100,m8_analytic,F5,A1_LiRA,0.9115888299750827,1.0,0
cifar100,m8_analytic,F5,A1_LiRA,0.9547716114208056,1.0,0
cifar100,m8_analytic,F5,A1_LiRA,1.0,1.0,0
cub200,m0_fedavg,F1,A1_LiRA,0.0,0.0007703371443894591,0
cub200,m0_fedavg,F1,A1_LiRA,0.0001,0.003919943443602057,0
cub200,m0_fedavg,F1,A1_LiRA,0.00010473708979594497,0.0041295921601131125,0
cub200,m0_fedavg,F1,A1_LiRA,0.00010969857978923841,0.004241729845688794,0
cub200,m0_fedavg,F1,A1_LiRA,0.00011489510001873086,0.004266107603422637,0
cub200,m0_fedavg,F1,A1_LiRA,0.00012033778407775893,0.004505009629214305,0
cub200,m0_fedavg,F1,A1_LiRA,0.00012603829296797275,0.00452451183540138,0
cub200,m0_fedavg,F1,A1_LiRA,0.0001320088400831418,0.004548889593135224,0
cub200,m0_fedavg,F1,A1_LiRA,0.00013826221737646565,0.004846298237488116,0
cub200,m0_fedavg,F1,A1_LiRA,0.0001448118227674533,0.004977938129250872,0
cub200,m0_fedavg,F1,A1_LiRA,0.00015167168884709225,0.005016942541625022,0
cub200,m0_fedavg,F1,A1_LiRA,0.00015885651294280528,0.005226591258136077,0
cub200,m0_fedavg,F1,A1_LiRA,0.0001663816886076129,0.005426488871553594,0
cub200,m0_fedavg,F1,A1_LiRA,0.00017426333860096508,0.005543502108676044,0
cub200,m0_fedavg,F1,A1_LiRA,0.00018251834943190426,0.005641013139611418,0
cub200,m0_fedavg,F1,A1_LiRA,0.00019116440753857018,0.005723897515906487,0
cub200,m0_fedavg,F1,A1_LiRA,0.00020022003718155845,0.005870164062309549,0
cub200,m0_fedavg,F1,A1_LiRA,0.00020970464013232327,0.006148070500475366,0
cub200,m0_fedavg,F1,A1_LiRA,0.0002196385372416547,0.006299212598425197,0
cub200,m0_fedavg,F1,A1_LiRA,0.0002300430119772917,0.006499110211842715,0
cub200,m0_fedavg,F1,A1_LiRA,0.00024094035602395243,0.006786767753102069,0
cub200,m0_fedavg,F1,A1_LiRA,0.0002523539170434766,0.006942785402598669,0
cub200,m0_fedavg,F1,A1_LiRA,0.00026430814869741055,0.007186562979937105,0
cub200,m0_fedavg,F1,A1_LiRA,0.00027682866303920667,0.007342580629433704,0
cub200,m0_fedavg,F1,A1_LiRA,0.0002899422853882875,0.007752126959362278,0
cub200,m0_fedavg,F1,A1_LiRA,0.0003036771118035457,0.007791131371736428,0
cub200,m0_fedavg,F1,A1_LiRA,0.0003180625692794119,0.008132419980010238,0
cub200,m0_fedavg,F1,A1_LiRA,0.00033312947879346737,0.00832256649033422,0
cub200,m0_fedavg,F1,A1_LiRA,0.0003489101213406774,0.008571219619219424,0
cub200,m0_fedavg,F1,A1_LiRA,0.00036543830709572547,0.008810121645011092,0
cub200,m0_fedavg,F1,A1_LiRA,0.0003827494478516311,0.008946637088320617,0
cub200,m0_fedavg,F1,A1_LiRA,0.0004008806328898465,0.008985641500694766,0
cub200,m0_fedavg,F1,A1_LiRA,0.000419870708444391,0.009146534701738134,0
cub200,m0_fedavg,F1,A1_LiRA,0.00043976036093027214,0.009322054557421808,0
cub200,m0_fedavg,F1,A1_LiRA,0.00046059220411451035,0.009634089856415007,0
cub200,m0_fedavg,F1,A1_LiRA,0.00048241087041653687,0.009872991882206675,0
cub200,m0_fedavg,F1,A1_LiRA,0.0005052631065335679,0.01004363618634358,0
cub200,m0_fedavg,F1,A1_LiRA,0.0005291978735958442,0.010189902732746642,0
cub200,m0_fedavg,F1,A1_LiRA,0.0005542664520663107,0.010643329026596133,0
cub200,m0_fedavg,F1,A1_LiRA,0.0005805225516094895,0.010784720021452426,0
cub200,m0_fedavg,F1,A1_LiRA,0.0006080224261649427,0.011428292825625899,0
cub200,m0_fedavg,F1,A1_LiRA,0.0006368249944718586,0.01165744374832403,0
cub200,m0_fedavg,F1,A1_LiRA,0.0006669919663030121,0.01192559908339631,0
cub200,m0_fedavg,F1,A1_LiRA,0.0006985879746785249,0.012335145413324882,0
cub200,m0_fedavg,F1,A1_LiRA,0.0007316807143427193,0.012739816191706686,0
cub200,m0_fedavg,F1,A1_LiRA,0.0007663410868007462,0.01295921601131128,0
cub200,m0_fedavg,F1,A1_LiRA,0.0008026433522257174,0.013480900026815533,0
cub200,m0_fedavg,F1,A1_LiRA,0.0008406652885618325,0.013714926501060433,0
cub200,m0_fedavg,F1,A1_LiRA,0.0008804883581643465,0.014022086248506862,0
cub200,m0_fedavg,F1,A1_LiRA,0.0009221978823334322,0.014621779088759416,0
cub200,m0_fedavg,F1,A1_LiRA,0.0009658832241158709,0.014860681114551083,0
cub200,m0_fedavg,F1,A1_LiRA,0.001011637979766207,0.015435996197069793,0
cub200,m0_fedavg,F1,A1_LiRA,0.001059560179277616,0.01595280466102728,0
cub200,m0_fedavg,F1,A1_LiRA,0.0011097524964120721,0.01632822213012847,0
cub200,m0_fedavg,F1,A1_LiRA,0.0011623224686798518,0.016825528387898882,0
cub200,m0_fedavg,F1,A1_LiRA,0.001217382727739662,0.017381341264230517,0
cub200,m0_fedavg,F1,A1_LiRA,0.0012750512407130128,0.01763486994466249,0
cub200,m0_fedavg,F1,A1_LiRA,0.0013354515629298987,0.018156553960166744,0
cub200,m0_fedavg,F1,A1_LiRA,0.0013987131026472386,0.018683113527217767,0
cub200,m0_fedavg,F1,A1_LiRA,0.0014649713983072847,0.01932668633139124,0
cub200,m0_fedavg,F1,A1_LiRA,0.0015343684089300133,0.01982399258916165,0
cub200,m0_fedavg,F1,A1_LiRA,0.0016070528182616384,0.0202530411252773,0
cub200,m0_fedavg,F1,A1_LiRA,0.0016831803533309566,0.020750347383047707,0
cub200,m0_fedavg,F1,A1_LiRA,0.001762914118095948,0.021301284707832574,0
cub200,m0_fedavg,F1,A1_LiRA,0.0018464249428955426,0.02211550181614295,0
cub200,m0_fedavg,F1,A1_LiRA,0.0019338917504552321,0.022515297042977986,0
cub200,m0_fedavg,F1,A1_LiRA,0.0020255019392306666,0.023056483264669317,0
cub200,m0_fedavg,F1,A1_LiRA,0.00212145178491063,0.023475780697691427,0
cub200,m0_fedavg,F1,A1_LiRA,0.002221946860939524,0.023943833646181224,0
cub200,m0_fedavg,F1,A1_LiRA,0.0023272024789604074,0.02510421491431218,0
cub200,m0_fedavg,F1,A1_LiRA,0.002437444150122222,0.025557641208161674,0
cub200,m0_fedavg,F1,A1_LiRA,0.0025529080682395165,0.026137831842227153,0
cub200,m0_fedavg,F1,A1_LiRA,0.0026738416158399465,0.026727773579386167,0
cub200,m0_fedavg,F1,A1_LiRA,0.002800503894183631,0.027317715316545185,0
cub200,m0_fedavg,F1,A1_LiRA,0.0029331662783900424,0.02802467029082665,0
cub200,m0_fedavg,F1,A1_LiRA,0.003072112998861759,0.028814509641403183,0
cub200,m0_fedavg,F1,A1_LiRA,0.0032176417502507355,0.029350820311547742,0
cub200,m0_fedavg,F1,A1_LiRA,0.003370064329271928,0.030004144218814754,0
cub200,m0_fedavg,F1,A1_LiRA,0.00352970730273065,0.03102313449208942,0
cub200,m0_fedavg,F1,A1_LiRA,0.0036969127071950283,0.031744716121011186,0
cub200,m0_fedavg,F1,A1_LiRA,0.003872038781812557,0.032685697569537556,0
cub200,m0_fedavg,F1,A1_LiRA,0.004055460735840828,0.033548670193315616,0
cub200,m0_fedavg,F1,A1_LiRA,0.0042475715525368985,0.034431145023280756,0
cub200,m0_fedavg,F1,A1_LiRA,0.004448782831127585,0.03533799761097974,0
cub200,m0_fedavg,F1,A1_LiRA,0.004659525668664682,0.03623022354403842,0
cub200,m0_fedavg,F1,A1_LiRA,0.004880251583654433,0.03721020940493893,0
cub200,m0_fedavg,F1,A1_LiRA,0.005111433483440166,0.03840959508544404,0
cub200,m0_fedavg,F1,A1_LiRA,0.0053535666774107244,0.03957972745666854,0
cub200,m0_fedavg,F1,A1_LiRA,0.005607169938205458,0.04056458886911582,0
cub200,m0_fedavg,F1,A1_LiRA,0.005872786613189483,0.0415494502815631,0
cub200,m0_fedavg,F1,A1_LiRA,0.006150985788580504,0.04266107603422637,0
cub200,m0_fedavg,F1,A1_LiRA,0.00644236350872137,0.04383608395699764,0
cub200,m0_fedavg,F1,A1_LiRA,0.006747544053110693,0.04511835401379781,0
cub200,m0_fedavg,F1,A1_LiRA,0.0070671812739274914,0.04656151727164135,0
cub200,m0_fedavg,F1,A1_LiRA,0.007401959996915644,0.04802418273567197,0
cub200,m0_fedavg,F1,A1_LiRA,0.007752597488629464,0.04948197264815582,0
cub200,m0_fedavg,F1,A1_LiRA,0.008119844993184008,0.050769118256502765,0
cub200,m0_fedavg,F1,A1_LiRA,0.008504489341802677,0.05239267692157675,0
cub200,m0_fedavg,F1,A1_LiRA,0.00890735463861044,0.05411374661758611,0
cub200,m0_fedavg,F1,A1_LiRA,0.009329304026284686,0.05574705638575364,0
cub200,m0_fedavg,F1,A1_LiRA,0.009771241535346501,0.05738524170546793,0
cub200,m0_fedavg,F1,A1_LiRA,0.010234114021054527,0.05876989834475025,0
cub200,m0_fedavg,F1,A1_LiRA,0.010718913192051276,0.06041783476755808,0
cub200,m0_fedavg,F1,A1_LiRA,0.011226677735108135,0.06240218424709295,0
cub200,m0_fedavg,F1,A1_LiRA,0.01175849554052157,0.06416713390702324,0
cub200,m0_fedavg,F1,A1_LiRA,0.012315506032928261,0.06618073669583871,0
cub200,m0_fedavg,F1,A1_LiRA,0.01289890261253308,0.06774578874235147,0
cub200,m0_fedavg,F1,A1_LiRA,0.013509935211980266,0.06983740035591526,0
cub200,m0_fedavg,F1,A1_LiRA,0.01414991297434576,0.07179737207771629,0
cub200,m0_fedavg,F1,A1_LiRA,0.014820207057988586,0.0740547524438702,0
cub200,m0_fedavg,F1,A1_LiRA,0.01552225357427048,0.0763170083615709,0
cub200,m0_fedavg,F1,A1_LiRA,0.016257556664437952,0.07832573559883962,0
cub200,m0_fedavg,F1,A1_LiRA,0.017027691722258997,0.08031008507837449,0
cub200,m0_fedavg,F1,A1_LiRA,0.017834308769319095,0.08266985202701056,0
cub200,m0_fedavg,F1,A1_LiRA,0.01867913599020783,0.08535628092928013,0
cub200,m0_fedavg,F1,A1_LiRA,0.01956398343517065,0.08792569659442724,0
cub200,m0_fedavg,F1,A1_LiRA,0.020490746898158482,0.09053411667194851,0
cub200,m0_fedavg,F1,A1_LiRA,0.021461411978584036,0.09300602130616026,0
cub200,m0_fedavg,F1,A1_LiRA,0.02247805833548725,0.09578021013627167,0
cub200,m0_fedavg,F1,A1_LiRA,0.02354286414322418,0.09859827893030398,0
cub200,m0_fedavg,F1,A1_LiRA,0.024658110758226038,0.10199166280685502,0
cub200,m0_fedavg,F1,A1_LiRA,0.025826187606826773,0.10476585163696643,0
cub200,m0_fedavg,F1,A1_LiRA,0.027049597304631343,0.10778381804441628,0
cub200,m0_fedavg,F1,A1_LiRA,0.02833096101839324,0.11127471295190268,0
cub200,m0_fedavg,F1,A1_LiRA,0.029673024081888696,0.11416103946758976,0
cub200,m0_fedavg,F1,A1_LiRA,0.03107866187782014,0.11748129007093927,0
cub200,m0_fedavg,F1,A1_LiRA,0.0325508859983506,0.1212647180712318,0
cub200,m0_fedavg,F1,A1_LiRA,0.03409285069746811,0.12484824845810683,0
cub200,m0_fedavg,F1,A1_LiRA,0.03570785964900463,0.12826113454084492,0
cub200,m0_fedavg,F1,A1_LiRA,0.03739937302478798,0.131927549304015,0
cub200,m0_fedavg,F1,A1_LiRA,0.039171014908092605,0.13605714146412812,0
cub200,m0_fedavg,F1,A1_LiRA,0.04102658105827194,0.14015260476341387,0
cub200,m0_fedavg,F1,A1_LiRA,0.04297004704320839,0.14428219692352698,0
cub200,m0_fedavg,F1,A1_LiRA,0.04500557675700498,0.14861656224860437,0
cub200,m0_fedavg,F1,A1_LiRA,0.047137531341167244,0.15326296287267496,0
cub200,m0_fedavg,F1,A1_LiRA,0.049370478528390035,0.15798737232149387,0
cub200,m0_fedavg,F1,A1_LiRA,0.05170920242896761,0.16248263084761463,0
cub200,m0_fedavg,F1,A1_LiRA,0.054158713780794704,0.1672752980180883,0
cub200,m0_fedavg,F1,A1_LiRA,0.05672426068491978,0.17224348504424564,0
cub200,m0_fedavg,F1,A1_LiRA,0.05941133984965034,0.17729455644669803,0
cub200,m0_fedavg,F1,A1_LiRA,0.06222570836730231,0.18270641866361131,0
cub200,m0_fedavg,F1,A1_LiRA,0.06517339604882427,0.1878842544062797,0
cub200,m0_fedavg,F1,A1_LiRA,0.06826071834272386,0.19357402306135882,0
cub200,m0_fedavg,F1,A1_LiRA,0.07149428986597577,0.19949781819068282,0
cub200,m0_fedavg,F1,A1_LiRA,0.07488103857590023,0.2054849954901148,0
cub200,m0_fedavg,F1,A1_LiRA,0.07842822061337681,0.21180371029472708,0
cub200,m0_fedavg,F1,A1_LiRA,0.0821434358491943,0.2187562468004193,0
cub200,m0_fedavg,F1,A1_LiRA,0.086034644166845,0.22526998366690232,0
cub200,m0_fedavg,F1,A1_LiRA,0.09011018251665019,0.2320567514200044,0
cub200,m0_fedavg,F1,A1_LiRA,0.09437878277775381,0.23909217230199167,0
cub200,m0_fedavg,F1,A1_LiRA,0.09884959046625587,0.24656639282318812,0
cub200,m0_fedavg,F1,A1_LiRA,0.10353218432956626,0.2544794129835938,0
cub200,m0_fedavg,F1,A1_LiRA,0.1084365968689611,0.26205602008727236,0
cub200,m0_fedavg,F1,A1_LiRA,0.11357333583431052,0.2702469466858438,0
cub200,m0_fedavg,F1,A1_LiRA,0.11895340673703195,0.27894493064527925,0
cub200,m0_fedavg,F1,A1_LiRA,0.12458833642950082,0.28792569659442724,0
cub200,m0_fedavg,F1,A1_LiRA,0.1304901978014403,0.29734526218278445,0
cub200,m0_fedavg,F1,A1_LiRA,0.13667163564620075,0.30670144560103363,0
cub200,m0_fedavg,F1,A1_LiRA,0.14314589375234785,0.31602350015845543,0
cub200,m0_fedavg,F1,A1_LiRA,0.14992684327860456,0.32598425196850395,0
cub200,m0_fedavg,F1,A1_LiRA,0.15702901247293774,0.33652031886107114,0
cub200,m0_fedavg,F1,A1_LiRA,0.16446761779946645,0.34664683942370983,0
cub200,m0_fedavg,F1,A1_LiRA,0.17225859653987874,0.3570512664245143,0
cub200,m0_fedavg,F1,A1_LiRA,0.18041864093920718,0.3676507154871895,0
cub200,m0_fedavg,F1,A1_LiRA,0.18896523396912096,0.37961531898295997,0
cub200,m0_fedavg,F1,A1_LiRA,0.19791668678535573,0.39136539821067257,0
cub200,m0_fedavg,F1,A1_LiRA,0.2072921779595372,0.4031301040930255,0
cub200,m0_fedavg,F1,A1_LiRA,0.21711179456945054,0.41503620097023475,0
cub200,m0_fedavg,F1,A1_LiRA,0.22739657523579276,0.42718119987323566,0
cub200,m0_fedavg,F1,A1_LiRA,0.23816855519761582,0.44090587747738963,0
cub200,m0_fedavg,F1,A1_LiRA,0.24945081352303167,0.45460617732380976,0
cub200,m0_fedavg,F1,A1_LiRA,0.2612675225563329,0.46860876136612956,0
cub200,m0_fedavg,F1,A1_LiRA,0.27364399970746717,0.4832841715219034,0
cub200,m0_fedavg,F1,A1_LiRA,0.286606761694825,0.4979839594354111,0
cub200,m0_fedavg,F1,A1_LiRA,0.3001835813575589,0.5128397649984154,0
cub200,m0_fedavg,F1,A1_LiRA,0.31440354715915003,0.5275298018088296,0
cub200,m0_fedavg,F1,A1_LiRA,0.3292971255097151,0.5431169401038493,0
cub200,m0_fedavg,F1,A1_LiRA,0.34489622604057596,0.5593720289607762,0
cub200,m0_fedavg,F1,A1_LiRA,0.36123426997094304,0.5760610419053656,0
cub200,m0_fedavg,F1,A1_LiRA,0.3783462617131929,0.5939689427366471,0
cub200,m0_fedavg,F1,A1_LiRA,0.3962688638701478,0.6113600351039712,0
cub200,m0_fedavg,F1,A1_LiRA,0.41504047578504766,0.6297408644352892,0
cub200,m0_fedavg,F1,A1_LiRA,0.43470131581250265,0.64808756490578,0
cub200,m0_fedavg,F1,A1_LiRA,0.4552935074866948,0.6676531532629628,0
cub200,m0_fedavg,F1,A1_LiRA,0.47686116977144694,0.687657541259355,0
cub200,m0_fedavg,F1,A1_LiRA,0.499450511585514,0.7079008312815387,0
cub200,m0_fedavg,F1,A1_LiRA,0.5231099308056264,0.7283586455717803,0
cub200,m0_fedavg,F1,A1_LiRA,0.5478901179593945,0.7488310865166622,0
cub200,m0_fedavg,F1,A1_LiRA,0.5738441648302393,0.7700202335389191,0
cub200,m0_fedavg,F1,A1_LiRA,0.6010276782070382,0.792452646205602,0
cub200,m0_fedavg,F1,A1_LiRA,0.6294988990221888,0.8141537261402696,0
cub200,m0_fedavg,F1,A1_LiRA,0.6593188271333549,0.8355330196728505,0
cub200,m0_fedavg,F1,A1_LiRA,0.6905513520162331,0.8574730016333098,0
cub200,m0_fedavg,F1,A1_LiRA,0.7232633896483533,0.880002925330928,0
cub200,m0_fedavg,F1,A1_LiRA,0.7575250258771913,0.9018600229150923,0
cub200,m0_fedavg,F1,A1_LiRA,0.7934096665797492,0.9231515565198313,0
cub200,m0_fedavg,F1,A1_LiRA,0.8309941949353395,0.9429657980058994,0
cub200,m0_fedavg,F1,A1_LiRA,0.8703591361485166,0.9618195558372541,0
cub200,m0_fedavg,F1,A1_LiRA,0.9115888299750827,0.9792886570293264,0
cub200,m0_fedavg,F1,A1_LiRA,0.9547716114208056,0.992642792715926,0
cub200,m0_fedavg,F1,A1_LiRA,1.0,1.0,0
cub200,m1_glfc,F1,A1_LiRA,0.0,0.0,0
cub200,m1_glfc,F1,A1_LiRA,0.0001,6.3392060388252e-05,0
cub200,m1_glfc,F1,A1_LiRA,0.00010473708979594497,6.3392060388252e-05,0
cub200,m1_glfc,F1,A1_LiRA,0.00010969857978923841,6.3392060388252e-05,0
cub200,m1_glfc,F1,A1_LiRA,0.00011489510001873086,6.3392060388252e-05,0
cub200,m1_glfc,F1,A1_LiRA,0.00012033778407775893,6.3392060388252e-05,0
cub200,m1_glfc,F1,A1_LiRA,0.00012603829296797275,6.3392060388252e-05,0
cub200,m1_glfc,F1,A1_LiRA,0.0001320088400831418,8.289730973848337e-05,0
cub200,m1_glfc,F1,A1_LiRA,0.00013826221737646565,8.777362207604122e-05,0
cub200,m1_glfc,F1,A1_LiRA,0.0001448118227674533,8.777362207604122e-05,0
cub200,m1_glfc,F1,A1_LiRA,0.00015167168884709225,8.777362207604122e-05,0
cub200,m1_glfc,F1,A1_LiRA,0.00015885651294280528,9.264993441359905e-05,0
cub200,m1_glfc,F1,A1_LiRA,0.0001663816886076129,9.75262467511569e-05,0
cub200,m1_glfc,F1,A1_LiRA,0.00017426333860096508,9.75262467511569e-05,0
cub200,m1_glfc,F1,A1_LiRA,0.00018251834943190426,0.00010240255908871475,0
cub200,m1_glfc,F1,A1_LiRA,0.00019116440753857018,0.0001072788714262726,0
cub200,m1_glfc,F1,A1_LiRA,0.00020022003718155845,0.00011215518376383045,0
cub200,m1_glfc,F1,A1_LiRA,0.00020970464013232327,0.00012190780843894613,0
cub200,m1_glfc,F1,A1_LiRA,0.0002196385372416547,0.000126784120776504,0
cub200,m1_glfc,F1,A1_LiRA,0.0002300430119772917,0.0001414130577891775,0
cub200,m1_glfc,F1,A1_LiRA,0.00024094035602395243,0.00014628937012673535,0
cub200,m1_glfc,F1,A1_LiRA,0.0002523539170434766,0.0001511656824642932,0
cub200,m1_glfc,F1,A1_LiRA,0.00026430814869741055,0.0001511656824642932,0
cub200,m1_glfc,F1,A1_LiRA,0.00027682866303920667,0.00015604199480185105,0
cub200,m1_glfc,F1,A1_LiRA,0.0002899422853882875,0.00015604199480185105,0
cub200,m1_glfc,F1,A1_LiRA,0.0003036771118035457,0.0001706709318145246,0
cub200,m1_glfc,F1,A1_LiRA,0.0003180625692794119,0.00017554724415208244,0
cub200,m1_glfc,F1,A1_LiRA,0.00033312947879346737,0.00018042355648964026,0
cub200,m1_glfc,F1,A1_LiRA,0.0003489101213406774,0.0001852998688271981,0
cub200,m1_glfc,F1,A1_LiRA,0.00036543830709572547,0.0001950524935023138,0
cub200,m1_glfc,F1,A1_LiRA,0.0003827494478516311,0.00020968143051498735,0
cub200,m1_glfc,F1,A1_LiRA,0.0004008806328898465,0.00020968143051498735,0
cub200,m1_glfc,F1,A1_LiRA,0.000419870708444391,0.0002389393045403344,0
cub200,m1_glfc,F1,A1_LiRA,0.00043976036093027214,0.0002730734909032393,0
cub200,m1_glfc,F1,A1_LiRA,0.00046059220411451035,0.0003023313649285864,0
cub200,m1_glfc,F1,A1_LiRA,0.00048241087041653687,0.0003608471129792805,0
cub200,m1_glfc,F1,A1_LiRA,0.0005052631065335679,0.00043399179804264824,0
cub200,m1_glfc,F1,A1_LiRA,0.0005291978735958442,0.000599786417519615,0
cub200,m1_glfc,F1,A1_LiRA,0.0005542664520663107,0.0006875600395956562,0
cub200,m1_glfc,F1,A1_LiRA,0.0005805225516094895,0.0008631072837477386,0
cub200,m1_glfc,F1,A1_LiRA,0.0006080224261649427,0.0009411282811486641,0
cub200,m1_glfc,F1,A1_LiRA,0.0006368249944718586,0.0010630360895876102,0
cub200,m1_glfc,F1,A1_LiRA,0.0006669919663030121,0.0011508097116636514,0
cub200,m1_glfc,F1,A1_LiRA,0.0006985879746785249,0.0012532122707523661,0
cub200,m1_glfc,F1,A1_LiRA,0.0007316807143427193,0.0012824701447777132,0
cub200,m1_glfc,F1,A1_LiRA,0.0007663410868007462,0.0014580173889297957,0
cub200,m1_glfc,F1,A1_LiRA,0.0008026433522257174,0.0016140593837316469,0
cub200,m1_glfc,F1,A1_LiRA,0.0008406652885618325,0.001701833005807688,0
cub200,m1_glfc,F1,A1_LiRA,0.0008804883581643465,0.0019017618116475596,0
cub200,m1_glfc,F1,A1_LiRA,0.0009221978823334322,0.0020968143051498735,0
cub200,m1_glfc,F1,A1_LiRA,0.0009658832241158709,0.002238227362939051,0
cub200,m1_glfc,F1,A1_LiRA,0.001011637979766207,0.0023503825467028816,0
cub200,m1_glfc,F1,A1_LiRA,0.001059560179277616,0.0025990744759183315,0
cub200,m1_glfc,F1,A1_LiRA,0.0011097524964120721,0.002799003281758203,0
cub200,m1_glfc,F1,A1_LiRA,0.0011623224686798518,0.0030525715233112112,0
cub200,m1_glfc,F1,A1_LiRA,0.001217382727739662,0.0032232424551257356,0
cub200,m1_glfc,F1,A1_LiRA,0.0012750512407130128,0.0034134186362904917,0
cub200,m1_glfc,F1,A1_LiRA,0.0013354515629298987,0.0035987185051176897,0
cub200,m1_glfc,F1,A1_LiRA,0.0013987131026472386,0.0038717919960209292,0
cub200,m1_glfc,F1,A1_LiRA,0.0014649713983072847,0.004169247048611957,0
cub200,m1_glfc,F1,A1_LiRA,0.0015343684089300133,0.004398433728477176,0
cub200,m1_glfc,F1,A1_LiRA,0.0016070528182616384,0.0046422493453550685,0
cub200,m1_glfc,F1,A1_LiRA,0.0016831803533309566,0.0048373018388573824,0
cub200,m1_glfc,F1,A1_LiRA,0.001762914118095948,0.00509087008041039,0
cub200,m1_glfc,F1,A1_LiRA,0.0018464249428955426,0.0052761699492375885,0
cub200,m1_glfc,F1,A1_LiRA,0.0019338917504552321,0.005554119752478386,0
cub200,m1_glfc,F1,A1_LiRA,0.0020255019392306666,0.005812564306368951,0
cub200,m1_glfc,F1,A1_LiRA,0.00212145178491063,0.006100266734284865,0
cub200,m1_glfc,F1,A1_LiRA,0.002221946860939524,0.006319700789474967,0
cub200,m1_glfc,F1,A1_LiRA,0.0023272024789604074,0.00667567159011669,0
cub200,m1_glfc,F1,A1_LiRA,0.002437444150122222,0.007182808073222706,0
cub200,m1_glfc,F1,A1_LiRA,0.0025529080682395165,0.007592418309577565,0
cub200,m1_glfc,F1,A1_LiRA,0.0026738416158399465,0.007977646984244635,0
cub200,m1_glfc,F1,A1_LiRA,0.002800503894183631,0.0083287414725488,0
cub200,m1_glfc,F1,A1_LiRA,0.0029331662783900424,0.008640825462152502,0
cub200,m1_glfc,F1,A1_LiRA,0.003072112998861759,0.009040683073832245,0
cub200,m1_glfc,F1,A1_LiRA,0.0032176417502507355,0.009698985239402554,0
cub200,m1_glfc,F1,A1_LiRA,0.003370064329271928,0.010054956040044277,0
cub200,m1_glfc,F1,A1_LiRA,0.00352970730273065,0.010464566276399136,0
cub200,m1_glfc,F1,A1_LiRA,0.0036969127071950283,0.01093269226080469,0
cub200,m1_glfc,F1,A1_LiRA,0.003872038781812557,0.011210642064045486,0
cub200,m1_glfc,F1,A1_LiRA,0.004055460735840828,0.011732407484164176,0
cub200,m1_glfc,F1,A1_LiRA,0.0042475715525368985,0.012239543967270191,0
cub200,m1_glfc,F1,A1_LiRA,0.004448782831127585,0.012863711946477596,0
cub200,m1_glfc,F1,A1_LiRA,0.004659525668664682,0.013448869426984537,0
cub200,m1_glfc,F1,A1_LiRA,0.004880251583654433,0.014024274282816362,0
cub200,m1_glfc,F1,A1_LiRA,0.005111433483440166,0.014560668639947726,0
cub200,m1_glfc,F1,A1_LiRA,0.0053535666774107244,0.01518483661915513,0
cub200,m1_glfc,F1,A1_LiRA,0.005607169938205458,0.015809004598362535,0
cub200,m1_glfc,F1,A1_LiRA,0.005872786613189483,0.016574585635359115,0
cub200,m1_glfc,F1,A1_LiRA,0.006150985788580504,0.01697444324703886,0
cub200,m1_glfc,F1,A1_LiRA,0.00644236350872137,0.017530342853520453,0
cub200,m1_glfc,F1,A1_LiRA,0.006747544053110693,0.017954582026887985,0
cub200,m1_glfc,F1,A1_LiRA,0.0070671812739274914,0.01862263681713341,0
cub200,m1_glfc,F1,A1_LiRA,0.007401959996915644,0.019451609914518244,0
cub200,m1_glfc,F1,A1_LiRA,0.007752597488629464,0.020158675203464132,0
cub200,m1_glfc,F1,A1_LiRA,0.008119844993184008,0.02099740092552408,0
cub200,m1_glfc,F1,A1_LiRA,0.008504489341802677,0.02179223983654601,0
cub200,m1_glfc,F1,A1_LiRA,0.00890735463861044,0.022616336621593285,0
cub200,m1_glfc,F1,A1_LiRA,0.009329304026284686,0.023479443905341024,0
cub200,m1_glfc,F1,A1_LiRA,0.009771241535346501,0.024357180126101437,0
cub200,m1_glfc,F1,A1_LiRA,0.010234114021054527,0.024971595480633726,0
cub200,m1_glfc,F1,A1_LiRA,0.010718913192051276,0.02566403183256694,0
cub200,m1_glfc,F1,A1_LiRA,0.011226677735108135,0.02659053117670293,0
cub200,m1_glfc,F1,A1_LiRA,0.01175849554052157,0.02758529889356473,0
cub200,m1_glfc,F1,A1_LiRA,0.012315506032928261,0.028550808736401184,0
cub200,m1_glfc,F1,A1_LiRA,0.01289890261253308,0.029545576453262983,0
cub200,m1_glfc,F1,A1_LiRA,0.013509935211980266,0.03068663354025152,0
cub200,m1_glfc,F1,A1_LiRA,0.01414991297434576,0.031988608934379464,0
cub200,m1_glfc,F1,A1_LiRA,0.014820207057988586,0.03319305808175625,0
cub200,m1_glfc,F1,A1_LiRA,0.01552225357427048,0.03446577560185885,0
cub200,m1_glfc,F1,A1_LiRA,0.016257556664437952,0.03577262730832435,0
cub200,m1_glfc,F1,A1_LiRA,0.017027691722258997,0.03725014994660438,0
cub200,m1_glfc,F1,A1_LiRA,0.017834308769319095,0.03905926182383834,0
cub200,m1_glfc,F1,A1_LiRA,0.01867913599020783,0.04070257908159534,0
cub200,m1_glfc,F1,A1_LiRA,0.01956398343517065,0.04246292783545372,0
cub200,m1_glfc,F1,A1_LiRA,0.020490746898158482,0.04395507941074642,0
cub200,m1_glfc,F1,A1_LiRA,0.021461411978584036,0.04533019948993773,0
cub200,m1_glfc,F1,A1_LiRA,0.02247805833548725,0.04688086681328112,0
cub200,m1_glfc,F1,A1_LiRA,0.02354286414322418,0.04863633925480195,0
cub200,m1_glfc,F1,A1_LiRA,0.024658110758226038,0.05073802987228938,0
cub200,m1_glfc,F1,A1_LiRA,0.025826187606826773,0.0526446679962745,0
cub200,m1_glfc,F1,A1_LiRA,0.027049597304631343,0.054551306120259616,0
cub200,m1_glfc,F1,A1_LiRA,0.02833096101839324,0.0566578730500846,0
cub200,m1_glfc,F1,A1_LiRA,0.029673024081888696,0.05898875034743725,0
cub200,m1_glfc,F1,A1_LiRA,0.03107866187782014,0.06151468013829222,0
cub200,m1_glfc,F1,A1_LiRA,0.0325508859983506,0.06385043374798242,0
cub200,m1_glfc,F1,A1_LiRA,0.03409285069746811,0.06624957941806088,0
cub200,m1_glfc,F1,A1_LiRA,0.03570785964900463,0.06862434352645155,0
cub200,m1_glfc,F1,A1_LiRA,0.03739937302478798,0.07102836550886757,0
cub200,m1_glfc,F1,A1_LiRA,0.039171014908092605,0.07356892423673521,0
cub200,m1_glfc,F1,A1_LiRA,0.04102658105827194,0.07623626708537935,0
cub200,m1_glfc,F1,A1_LiRA,0.04297004704320839,0.07908403349051313,0
cub200,m1_glfc,F1,A1_LiRA,0.04500557675700498,0.08200494458071028,0
cub200,m1_glfc,F1,A1_LiRA,0.047137531341167244,0.0848722162351943,0
cub200,m1_glfc,F1,A1_LiRA,0.049370478528390035,0.0880418192546069,0
cub200,m1_glfc,F1,A1_LiRA,0.05170920242896761,0.0912211748986946,0
cub200,m1_glfc,F1,A1_LiRA,0.054158713780794704,0.09477113028043672,0
cub200,m1_glfc,F1,A1_LiRA,0.05672426068491978,0.09831620934984128,0
cub200,m1_glfc,F1,A1_LiRA,0.05941133984965034,0.10207584616209837,0
cub200,m1_glfc,F1,A1_LiRA,0.06222570836730231,0.10580134878799256,0
cub200,m1_glfc,F1,A1_LiRA,0.06517339604882427,0.10961462503596281,0
cub200,m1_glfc,F1,A1_LiRA,0.06826071834272386,0.11348641703198373,0
cub200,m1_glfc,F1,A1_LiRA,0.07149428986597577,0.11756301414618209,0
cub200,m1_glfc,F1,A1_LiRA,0.07488103857590023,0.12179077694284474,0
cub200,m1_glfc,F1,A1_LiRA,0.07842822061337681,0.1264574078498876,0
cub200,m1_glfc,F1,A1_LiRA,0.0821434358491943,0.13122156500368162,0
cub200,m1_glfc,F1,A1_LiRA,0.086034644166845,0.13597109322046297,0
cub200,m1_glfc,F1,A1_LiRA,0.09011018251665019,0.1410229528021729,0
cub200,m1_glfc,F1,A1_LiRA,0.09437878277775381,0.14655269099296347,0
cub200,m1_glfc,F1,A1_LiRA,0.09884959046625587,0.1524627815460836,0
cub200,m1_glfc,F1,A1_LiRA,0.10353218432956626,0.15901654532776133,0
cub200,m1_glfc,F1,A1_LiRA,0.1084365968689611,0.16563370116982734,0
cub200,m1_glfc,F1,A1_LiRA,0.11357333583431052,0.17186562833722627,0
cub200,m1_glfc,F1,A1_LiRA,0.11895340673703195,0.178419392118904,0
cub200,m1_glfc,F1,A1_LiRA,0.12458833642950082,0.1848756296538306,0
cub200,m1_glfc,F1,A1_LiRA,0.1304901978014403,0.1915269196822595,0
cub200,m1_glfc,F1,A1_LiRA,0.13667163564620075,0.1983635095795156,0
cub200,m1_glfc,F1,A1_LiRA,0.14314589375234785,0.20579013326961618,0
cub200,m1_glfc,F1,A1_LiRA,0.14992684327860456,0.21362149088373408,0
cub200,m1_glfc,F1,A1_LiRA,0.15702901247293774,0.22171616936408012,0
cub200,m1_glfc,F1,A1_LiRA,0.16446761779946645,0.2298839925294895,0
cub200,m1_glfc,F1,A1_LiRA,0.17225859653987874,0.23848093118060398,0
cub200,m1_glfc,F1,A1_LiRA,0.18041864093920718,0.24722903551418277,0
cub200,m1_glfc,F1,A1_LiRA,0.18896523396912096,0.2567524735094332,0
cub200,m1_glfc,F1,A1_LiRA,0.19791668678535573,0.26673428486441414,0
cub200,m1_glfc,F1,A1_LiRA,0.2072921779595372,0.27642351747914157,0
cub200,m1_glfc,F1,A1_LiRA,0.21711179456945054,0.2865711234535995,0
cub200,m1_glfc,F1,A1_LiRA,0.22739657523579276,0.2980207048221853,0
cub200,m1_glfc,F1,A1_LiRA,0.23816855519761582,0.31029925928815594,0
cub200,m1_glfc,F1,A1_LiRA,0.24945081352303167,0.32275336099827867,0
cub200,m1_glfc,F1,A1_LiRA,0.2612675225563329,0.3356024440077436,0
cub200,m1_glfc,F1,A1_LiRA,0.27364399970746717,0.3490805713087535,0
cub200,m1_glfc,F1,A1_LiRA,0.286606761694825,0.36254894598508824,0
cub200,m1_glfc,F1,A1_LiRA,0.3001835813575589,0.3771778829977618,0
cub200,m1_glfc,F1,A1_LiRA,0.31440354715915003,0.39209452243835125,0
cub200,m1_glfc,F1,A1_LiRA,0.3292971255097151,0.40743052473997066,0
cub200,m1_glfc,F1,A1_LiRA,0.34489622604057596,0.4230493531571684,0
cub200,m1_glfc,F1,A1_LiRA,0.36123426997094304,0.4395264125457764,0
cub200,m1_glfc,F1,A1_LiRA,0.3783462617131929,0.4571640342707231,0
cub200,m1_glfc,F1,A1_LiRA,0.3962688638701478,0.47591345520863304,0
cub200,m1_glfc,F1,A1_LiRA,0.41504047578504766,0.49532117831211325,0
cub200,m1_glfc,F1,A1_LiRA,0.43470131581250265,0.5152896773344127,0
cub200,m1_glfc,F1,A1_LiRA,0.4552935074866948,0.5362334388242236,0
cub200,m1_glfc,F1,A1_LiRA,0.47686116977144694,0.5577916156685668,0
cub200,m1_glfc,F1,A1_LiRA,0.499450511585514,0.5791449873947326,0
cub200,m1_glfc,F1,A1_LiRA,0.5231099308056264,0.6019563765098283,0
cub200,m1_glfc,F1,A1_LiRA,0.5478901179593945,0.6262306593261912,0
cub200,m1_glfc,F1,A1_LiRA,0.5738441648302393,0.650407415895803,0
cub200,m1_glfc,F1,A1_LiRA,0.6010276782070382,0.676841905077704,0
cub200,m1_glfc,F1,A1_LiRA,0.6294988990221888,0.7038371701784243,0
cub200,m1_glfc,F1,A1_LiRA,0.6593188271333549,0.7313834585732886,0
cub200,m1_glfc,F1,A1_LiRA,0.6905513520162331,0.7597733490025503,0
cub200,m1_glfc,F1,A1_LiRA,0.7232633896483533,0.7894798437629527,0
cub200,m1_glfc,F1,A1_LiRA,0.7575250258771913,0.8199324143110015,0
cub200,m1_glfc,F1,A1_LiRA,0.7934096665797492,0.8505459031661896,0
cub200,m1_glfc,F1,A1_LiRA,0.8309941949353395,0.8819786124940875,0
cub200,m1_glfc,F1,A1_LiRA,0.8703591361485166,0.9132552798271835,0
cub200,m1_glfc,F1,A1_LiRA,0.9115888299750827,0.9443807814778152,0
cub200,m1_glfc,F1,A1_LiRA,0.9547716114208056,0.9748187230888513,0
cub200,m1_glfc,F1,A1_LiRA,1.0,1.0,0
cub200,m2_target,F1,A1_LiRA,0.0,0.0001660326498322582,0
cub200,m2_target,F1,A1_LiRA,0.0001,0.00209982468905503,0
cub200,m2_target,F1,A1_LiRA,0.00010473708979594497,0.0021144746287461115,0
cub200,m2_target,F1,A1_LiRA,0.00010969857978923841,0.002138891194897914,0
cub200,m2_target,F1,A1_LiRA,0.00011489510001873086,0.002163307761049717,0
cub200,m2_target,F1,A1_LiRA,0.00012033778407775893,0.0022121408933533223,0
cub200,m2_target,F1,A1_LiRA,0.00012603829296797275,0.002353756977033778,0
cub200,m2_target,F1,A1_LiRA,0.0001320088400831418,0.0023781735431855806,0
cub200,m2_target,F1,A1_LiRA,0.00013826221737646565,0.002436773301949907,0
cub200,m2_target,F1,A1_LiRA,0.0001448118227674533,0.002436773301949907,0
cub200,m2_target,F1,A1_LiRA,0.00015167168884709225,0.0025979226385518047,0
cub200,m2_target,F1,A1_LiRA,0.00015885651294280528,0.0026076892650125257,0
cub200,m2_target,F1,A1_LiRA,0.0001663816886076129,0.0026955889031590155,0
cub200,m2_target,F1,A1_LiRA,0.00017426333860096508,0.0027786052280751442,0
cub200,m2_target,F1,A1_LiRA,0.00018251834943190426,0.0029348712514466815,0
cub200,m2_target,F1,A1_LiRA,0.00019116440753857018,0.0031350870938914636,0
cub200,m2_target,F1,A1_LiRA,0.00020022003718155845,0.0031350870938914636,0
cub200,m2_target,F1,A1_LiRA,0.00020970464013232327,0.003310886370184443,0
cub200,m2_target,F1,A1_LiRA,0.0002196385372416547,0.003432969200943456,0
cub200,m2_target,F1,A1_LiRA,0.0002300430119772917,0.0035892352243149933,0
cub200,m2_target,F1,A1_LiRA,0.00024094035602395243,0.0038187509461419383,0
cub200,m2_target,F1,A1_LiRA,0.0002523539170434766,0.004023850101817081,0
cub200,m2_target,F1,A1_LiRA,0.00026430814869741055,0.004116633053193931,0
cub200,m2_target,F1,A1_LiRA,0.00027682866303920667,0.0043119655824083525,0
cub200,m2_target,F1,A1_LiRA,0.0002899422853882875,0.004443815039628087,0
cub200,m2_target,F1,A1_LiRA,0.0003036771118035457,0.004639147568842508,0
cub200,m2_target,F1,A1_LiRA,0.0003180625692794119,0.004805180218674767,0
cub200,m2_target,F1,A1_LiRA,0.00033312947879346737,0.005215378530025051,0
cub200,m2_target,F1,A1_LiRA,0.0003489101213406774,0.005356994613705507,0
cub200,m2_target,F1,A1_LiRA,0.00036543830709572547,0.005449777565082357,0
cub200,m2_target,F1,A1_LiRA,0.0003827494478516311,0.005835559310280839,0
cub200,m2_target,F1,A1_LiRA,0.0004008806328898465,0.006152974670254274,0
cub200,m2_target,F1,A1_LiRA,0.000419870708444391,0.006328773946547253,0
cub200,m2_target,F1,A1_LiRA,0.00043976036093027214,0.006680372499133212,0
cub200,m2_target,F1,A1_LiRA,0.00046059220411451035,0.007002671172337007,0
cub200,m2_target,F1,A1_LiRA,0.00048241087041653687,0.007427519423378374,0
cub200,m2_target,F1,A1_LiRA,0.0005052631065335679,0.00784748436118938,0
cub200,m2_target,F1,A1_LiRA,0.0005291978735958442,0.008081883396246686,0
cub200,m2_target,F1,A1_LiRA,0.0005542664520663107,0.008413948695911201,0
cub200,m2_target,F1,A1_LiRA,0.0005805225516094895,0.008697180863272112,0
cub200,m2_target,F1,A1_LiRA,0.0006080224261649427,0.009156212306926002,0
cub200,m2_target,F1,A1_LiRA,0.0006368249944718586,0.009463861040438717,0
cub200,m2_target,F1,A1_LiRA,0.0006669919663030121,0.0096640768828835,0
cub200,m2_target,F1,A1_LiRA,0.0006985879746785249,0.009918009170862246,0
cub200,m2_target,F1,A1_LiRA,0.0007316807143427193,0.01031355754252145,0
cub200,m2_target,F1,A1_LiRA,0.0007663410868007462,0.010596789709882362,0
cub200,m2_target,F1,A1_LiRA,0.0008026433522257174,0.011011871334463007,0
cub200,m2_target,F1,A1_LiRA,0.0008406652885618325,0.01150020265749906,0
cub200,m2_target,F1,A1_LiRA,0.0008804883581643465,0.011754134945477808,0
cub200,m2_target,F1,A1_LiRA,0.0009221978823334322,0.01213503337744593,0
cub200,m2_target,F1,A1_LiRA,0.0009658832241158709,0.01241338223157648,0
cub200,m2_target,F1,A1_LiRA,0.001011637979766207,0.012833347169387487,0
cub200,m2_target,F1,A1_LiRA,0.001059560179277616,0.013097046083826955,0
cub200,m2_target,F1,A1_LiRA,0.0011097524964120721,0.013263078733659213,0
cub200,m2_target,F1,A1_LiRA,0.0011623224686798518,0.013575610780402288,0
cub200,m2_target,F1,A1_LiRA,0.001217382727739662,0.014078592043129423,0
cub200,m2_target,F1,A1_LiRA,0.0012750512407130128,0.01442530728248502,0
cub200,m2_target,F1,A1_LiRA,0.0013354515629298987,0.01479643908799242,0
cub200,m2_target,F1,A1_LiRA,0.0013987131026472386,0.015528936072546502,0
cub200,m2_target,F1,A1_LiRA,0.0014649713983072847,0.016178416732184453,0
cub200,m2_target,F1,A1_LiRA,0.0015343684089300133,0.016710697874293752,0
cub200,m2_target,F1,A1_LiRA,0.0016070528182616384,0.017169729317947642,0
cub200,m2_target,F1,A1_LiRA,0.0016831803533309566,0.01760434419544973,0
cub200,m2_target,F1,A1_LiRA,0.001762914118095948,0.017824093290815954,0
cub200,m2_target,F1,A1_LiRA,0.0018464249428955426,0.01826847479477876,0
cub200,m2_target,F1,A1_LiRA,0.0019338917504552321,0.018668906479668325,0
cub200,m2_target,F1,A1_LiRA,0.0020255019392306666,0.019215837561468704,0
cub200,m2_target,F1,A1_LiRA,0.00212145178491063,0.019748118703578003,0
cub200,m2_target,F1,A1_LiRA,0.002221946860939524,0.02037318279706415,0
cub200,m2_target,F1,A1_LiRA,0.0023272024789604074,0.021008013517011023,0
cub200,m2_target,F1,A1_LiRA,0.002437444150122222,0.02152564471942924,0
cub200,m2_target,F1,A1_LiRA,0.0025529080682395165,0.021803993573559787,0
cub200,m2_target,F1,A1_LiRA,0.0026738416158399465,0.02236557459505125,0
cub200,m2_target,F1,A1_LiRA,0.002800503894183631,0.02299552200176776,0
cub200,m2_target,F1,A1_LiRA,0.0029331662783900424,0.02361570278202355,0
cub200,m2_target,F1,A1_LiRA,0.003072112998861759,0.024353083079807988,0
cub200,m2_target,F1,A1_LiRA,0.0032176417502507355,0.02518324632896928,0
cub200,m2_target,F1,A1_LiRA,0.003370064329271928,0.025862026867989392,0
cub200,m2_target,F1,A1_LiRA,0.00352970730273065,0.026682423490689965,0
cub200,m2_target,F1,A1_LiRA,0.0036969127071950283,0.027629786257379906,0
cub200,m2_target,F1,A1_LiRA,0.003872038781812557,0.02846483281977156,0
cub200,m2_target,F1,A1_LiRA,0.004055460735840828,0.02947567865845619,0
cub200,m2_target,F1,A1_LiRA,0.0042475715525368985,0.030476757870680098,0
cub200,m2_target,F1,A1_LiRA,0.004448782831127585,0.03120925485523418,0
cub200,m2_target,F1,A1_LiRA,0.004659525668664682,0.03197593503240078,0
cub200,m2_target,F1,A1_LiRA,0.004880251583654433,0.03271819864341558,0
cub200,m2_target,F1,A1_LiRA,0.005111433483440166,0.03366067809687517,0
cub200,m2_target,F1,A1_LiRA,0.0053535666774107244,0.0347203570678634,0
cub200,m2_target,F1,A1_LiRA,0.005607169938205458,0.03595583531514462,0
cub200,m2_target,F1,A1_LiRA,0.005872786613189483,0.036722515492311224,0
cub200,m2_target,F1,A1_LiRA,0.006150985788580504,0.03767964488546189,0
cub200,m2_target,F1,A1_LiRA,0.00644236350872137,0.038993256144428876,0
cub200,m2_target,F1,A1_LiRA,0.006747544053110693,0.040175017946176124,0
cub200,m2_target,F1,A1_LiRA,0.0070671812739274914,0.04153257902421635,0
cub200,m2_target,F1,A1_LiRA,0.007401959996915644,0.04261667456135639,0
cub200,m2_target,F1,A1_LiRA,0.007752597488629464,0.043642170339732105,0
cub200,m2_target,F1,A1_LiRA,0.008119844993184008,0.044560233227039885,0
cub200,m2_target,F1,A1_LiRA,0.008504489341802677,0.04597151075061408,0
cub200,m2_target,F1,A1_LiRA,0.00890735463861044,0.047123972672979166,0
cub200,m2_target,F1,A1_LiRA,0.009329304026284686,0.048662216340542734,0
cub200,m2_target,F1,A1_LiRA,0.009771241535346501,0.050039310671504404,0
cub200,m2_target,F1,A1_LiRA,0.010234114021054527,0.05144082156861787,0
cub200,m2_target,F1,A1_LiRA,0.010718913192051276,0.05282768252604027,0
cub200,m2_target,F1,A1_LiRA,0.011226677735108135,0.05444894251851996,0
cub200,m2_target,F1,A1_LiRA,0.01175849554052157,0.0558797532950156,0
cub200,m2_target,F1,A1_LiRA,0.012315506032928261,0.05740823033611845,0
cub200,m2_target,F1,A1_LiRA,0.01289890261253308,0.05919552297843041,0
cub200,m2_target,F1,A1_LiRA,0.013509935211980266,0.06100723218689416,0
cub200,m2_target,F1,A1_LiRA,0.01414991297434576,0.06274569169690251,0
cub200,m2_target,F1,A1_LiRA,0.014820207057988586,0.06451345108629303,0
cub200,m2_target,F1,A1_LiRA,0.01552225357427048,0.06639352667998183,0
cub200,m2_target,F1,A1_LiRA,0.016257556664437952,0.06821988582813668,0
cub200,m2_target,F1,A1_LiRA,0.017027691722258997,0.07030994389073099,0
cub200,m2_target,F1,A1_LiRA,0.017834308769319095,0.07220466942411087,0
cub200,m2_target,F1,A1_LiRA,0.01867913599020783,0.07426542760732302,0
cub200,m2_target,F1,A1_LiRA,0.01956398343517065,0.07642385205514238,0
cub200,m2_target,F1,A1_LiRA,0.020490746898158482,0.07854320999711885,0
cub200,m2_target,F1,A1_LiRA,0.021461411978584036,0.08051118522895415,0
cub200,m2_target,F1,A1_LiRA,0.02247805833548725,0.08257682672539665,0
cub200,m2_target,F1,A1_LiRA,0.02354286414322418,0.08499895008765547,0
cub200,m2_target,F1,A1_LiRA,0.024658110758226038,0.08726480742654276,0
cub200,m2_target,F1,A1_LiRA,0.025826187606826773,0.09005806259430899,0
cub200,m2_target,F1,A1_LiRA,0.027049597304631343,0.09283178450915378,0
cub200,m2_target,F1,A1_LiRA,0.02833096101839324,0.09581548889290406,0
cub200,m2_target,F1,A1_LiRA,0.029673024081888696,0.09905800887786345,0
cub200,m2_target,F1,A1_LiRA,0.03107866187782014,0.10189033055147256,0
cub200,m2_target,F1,A1_LiRA,0.0325508859983506,0.10504983421151583,0
cub200,m2_target,F1,A1_LiRA,0.03409285069746811,0.10800423871588395,0
cub200,m2_target,F1,A1_LiRA,0.03570785964900463,0.11128582520668623,0
cub200,m2_target,F1,A1_LiRA,0.03739937302478798,0.114655311335635,0
cub200,m2_target,F1,A1_LiRA,0.039171014908092605,0.11823477993348927,0
cub200,m2_target,F1,A1_LiRA,0.04102658105827194,0.12130638395538605,0
cub200,m2_target,F1,A1_LiRA,0.04297004704320839,0.12528628423812987,0
cub200,m2_target,F1,A1_LiRA,0.04500557675700498,0.12932478427963806,0
cub200,m2_target,F1,A1_LiRA,0.047137531341167244,0.13290425287749233,0
cub200,m2_target,F1,A1_LiRA,0.049370478528390035,0.1370257692439166,0
cub200,m2_target,F1,A1_LiRA,0.05170920242896761,0.1413328515130946,0
cub200,m2_target,F1,A1_LiRA,0.054158713780794704,0.14570341685426727,0
cub200,m2_target,F1,A1_LiRA,0.05672426068491978,0.15047929719355987,0
cub200,m2_target,F1,A1_LiRA,0.05941133984965034,0.15485962916119328,0
cub200,m2_target,F1,A1_LiRA,0.06222570836730231,0.15977712558416635,0
cub200,m2_target,F1,A1_LiRA,0.06517339604882427,0.16477275501882518,0
cub200,m2_target,F1,A1_LiRA,0.06826071834272386,0.16959258517719103,0
cub200,m2_target,F1,A1_LiRA,0.07149428986597577,0.17510584581426805,0
cub200,m2_target,F1,A1_LiRA,0.07488103857590023,0.1807558392217952,0
cub200,m2_target,F1,A1_LiRA,0.07842822061337681,0.1861616669678043,0
cub200,m2_target,F1,A1_LiRA,0.0821434358491943,0.1921046591691531,0
cub200,m2_target,F1,A1_LiRA,0.086034644166845,0.19808183456311437,0
cub200,m2_target,F1,A1_LiRA,0.09011018251665019,0.20416644284814361,0
cub200,m2_target,F1,A1_LiRA,0.09437878277775381,0.21034383408454968,0
cub200,m2_target,F1,A1_LiRA,0.09884959046625587,0.21736115519657778,0
cub200,m2_target,F1,A1_LiRA,0.10353218432956626,0.22401222781632882,0
cub200,m2_target,F1,A1_LiRA,0.1084365968689611,0.23065353380961914,0
cub200,m2_target,F1,A1_LiRA,0.11357333583431052,0.237329022995522,0
cub200,m2_target,F1,A1_LiRA,0.11895340673703195,0.24439029392662334,0
cub200,m2_target,F1,A1_LiRA,0.12458833642950082,0.2524672940096397,0
cub200,m2_target,F1,A1_LiRA,0.1304901978014403,0.2600461961431592,0
cub200,m2_target,F1,A1_LiRA,0.13667163564620075,0.26799623008218615,0
cub200,m2_target,F1,A1_LiRA,0.14314589375234785,0.27664946112638505,0
cub200,m2_target,F1,A1_LiRA,0.14992684327860456,0.28529292554412317,0
cub200,m2_target,F1,A1_LiRA,0.15702901247293774,0.294717720078719,0
cub200,m2_target,F1,A1_LiRA,0.16446761779946645,0.3042011143720792,0
cub200,m2_target,F1,A1_LiRA,0.17225859653987874,0.3139677408328002,0
cub200,m2_target,F1,A1_LiRA,0.18041864093920718,0.32463289692790764,0
cub200,m2_target,F1,A1_LiRA,0.18896523396912096,0.3352980530230151,0
cub200,m2_target,F1,A1_LiRA,0.19791668678535573,0.34609017526211183,0
cub200,m2_target,F1,A1_LiRA,0.2072921779595372,0.35722901274056423,0
cub200,m2_target,F1,A1_LiRA,0.21711179456945054,0.369700994730905,0
cub200,m2_target,F1,A1_LiRA,0.22739657523579276,0.38184091142158133,0
cub200,m2_target,F1,A1_LiRA,0.23816855519761582,0.3942005772076238,0
cub200,m2_target,F1,A1_LiRA,0.24945081352303167,0.40680929196841475,0
cub200,m2_target,F1,A1_LiRA,0.2612675225563329,0.4199161046787024,0
cub200,m2_target,F1,A1_LiRA,0.27364399970746717,0.43419002925104627,0
cub200,m2_target,F1,A1_LiRA,0.286606761694825,0.44845418719692937,0
cub200,m2_target,F1,A1_LiRA,0.3001835813575589,0.4639294068239419,0
cub200,m2_target,F1,A1_LiRA,0.31440354715915003,0.47946322620971876,0
cub200,m2_target,F1,A1_LiRA,0.3292971255097151,0.495177728185019,0
cub200,m2_target,F1,A1_LiRA,0.34489622604057596,0.5113317283510517,0
cub200,m2_target,F1,A1_LiRA,0.36123426997094304,0.5284282079705439,0
cub200,m2_target,F1,A1_LiRA,0.3783462617131929,0.5458811694558524,0
cub200,m2_target,F1,A1_LiRA,0.3962688638701478,0.5645110094296778,0
cub200,m2_target,F1,A1_LiRA,0.41504047578504766,0.583570580967775,0
cub200,m2_target,F1,A1_LiRA,0.43470131581250265,0.6027034022043276,0
cub200,m2_target,F1,A1_LiRA,0.4552935074866948,0.6224319876549842,0
cub200,m2_target,F1,A1_LiRA,0.47686116977144694,0.6428881867769645,0
cub200,m2_target,F1,A1_LiRA,0.499450511585514,0.6642722154127132,0
cub200,m2_target,F1,A1_LiRA,0.5231099308056264,0.6864912906108537,0
cub200,m2_target,F1,A1_LiRA,0.5478901179593945,0.7090424311086586,0
cub200,m2_target,F1,A1_LiRA,0.5738441648302393,0.7323895516630123,0
cub200,m2_target,F1,A1_LiRA,0.6010276782070382,0.7570209835969509,0
cub200,m2_target,F1,A1_LiRA,0.6294988990221888,0.7817598484219573,0
cub200,m2_target,F1,A1_LiRA,0.6593188271333549,0.8062008311399118,0
cub200,m2_target,F1,A1_LiRA,0.6905513520162331,0.83123269475874,0
cub200,m2_target,F1,A1_LiRA,0.7232633896483533,0.8564012911480181,0
cub200,m2_target,F1,A1_LiRA,0.7575250258771913,0.881228055611171,0
cub200,m2_target,F1,A1_LiRA,0.7934096665797492,0.9056495050762041,0
cub200,m2_target,F1,A1_LiRA,0.8309941949353395,0.9289819756908667,0
cub200,m2_target,F1,A1_LiRA,0.8703591361485166,0.951118034564091,0
cub200,m2_target,F1,A1_LiRA,0.9115888299750827,0.9718476992269716,0
cub200,m2_target,F1,A1_LiRA,0.9547716114208056,0.9889099956538512,0
cub200,m2_target,F1,A1_LiRA,1.0,1.0,0
cub200,m3_fot,F1,A1_LiRA,0.0,0.004593598221077886,0
cub200,m3_fot,F1,A1_LiRA,0.0001,0.013936840462675796,0
cub200,m3_fot,F1,A1_LiRA,0.00010473708979594497,0.013970975481303763,0
cub200,m3_fot,F1,A1_LiRA,0.00010969857978923841,0.013970975481303763,0
cub200,m3_fot,F1,A1_LiRA,0.00011489510001873086,0.014009986931164297,0
cub200,m3_fot,F1,A1_LiRA,0.00012033778407775893,0.014092886262117932,0
cub200,m3_fot,F1,A1_LiRA,0.00012603829296797275,0.014112391987048199,0
cub200,m3_fot,F1,A1_LiRA,0.0001320088400831418,0.014390348567304504,0
cub200,m3_fot,F1,A1_LiRA,0.00013826221737646565,0.014643922991397976,0
cub200,m3_fot,F1,A1_LiRA,0.0001448118227674533,0.01471219302865391,0
cub200,m3_fot,F1,A1_LiRA,0.00015167168884709225,0.015233971170538553,0
cub200,m3_fot,F1,A1_LiRA,0.00015885651294280528,0.015346129088887588,0
cub200,m3_fot,F1,A1_LiRA,0.0001663816886076129,0.015755749312423198,0
cub200,m3_fot,F1,A1_LiRA,0.00017426333860096508,0.015960559424191,0
cub200,m3_fot,F1,A1_LiRA,0.00018251834943190426,0.016062964480074902,0
cub200,m3_fot,F1,A1_LiRA,0.00019116440753857018,0.016701776971541148,0
cub200,m3_fot,F1,A1_LiRA,0.00020022003718155845,0.016852946339750718,0
cub200,m3_fot,F1,A1_LiRA,0.00020970464013232327,0.01723818440712349,0
cub200,m3_fot,F1,A1_LiRA,0.0002196385372416547,0.017452747381356427,0
cub200,m3_fot,F1,A1_LiRA,0.0002300430119772917,0.017769715411473267,0
cub200,m3_fot,F1,A1_LiRA,0.00024094035602395243,0.01787212046735717,0
cub200,m3_fot,F1,A1_LiRA,0.0002523539170434766,0.018091559872822672,0
cub200,m3_fot,F1,A1_LiRA,0.00026430814869741055,0.01874500165798662,0
cub200,m3_fot,F1,A1_LiRA,0.00027682866303920667,0.018808395264009986,0
cub200,m3_fot,F1,A1_LiRA,0.0002899422853882875,0.019003452513312657,0
cub200,m3_fot,F1,A1_LiRA,0.0003036771118035457,0.019188756900150195,0
cub200,m3_fot,F1,A1_LiRA,0.0003180625692794119,0.020324965377338248,0
cub200,m3_fot,F1,A1_LiRA,0.00033312947879346737,0.020632180544989956,0
cub200,m3_fot,F1,A1_LiRA,0.0003489101213406774,0.020905260694013692,0
cub200,m3_fot,F1,A1_LiRA,0.00036543830709572547,0.021178340843037432,0
cub200,m3_fot,F1,A1_LiRA,0.0003827494478516311,0.021656231103828975,0
cub200,m3_fot,F1,A1_LiRA,0.0004008806328898465,0.021968322702713247,0
cub200,m3_fot,F1,A1_LiRA,0.000419870708444391,0.022314549320225485,0
cub200,m3_fot,F1,A1_LiRA,0.00043976036093027214,0.02250473013829559,0
cub200,m3_fot,F1,A1_LiRA,0.00046059220411451035,0.022758304562389062,0
cub200,m3_fot,F1,A1_LiRA,0.00048241087041653687,0.02351415140343691,0
cub200,m3_fot,F1,A1_LiRA,0.0005052631065335679,0.023816490139856046,0
cub200,m3_fot,F1,A1_LiRA,0.0005291978735958442,0.024157840326135722,0
cub200,m3_fot,F1,A1_LiRA,0.0005542664520663107,0.02471375348664833,0
cub200,m3_fot,F1,A1_LiRA,0.0005805225516094895,0.025537870364952114,0
cub200,m3_fot,F1,A1_LiRA,0.0006080224261649427,0.02629859363723253,0
cub200,m3_fot,F1,A1_LiRA,0.0006368249944718586,0.026703337429535567,0
cub200,m3_fot,F1,A1_LiRA,0.0006669919663030121,0.02754208360153705,0
cub200,m3_fot,F1,A1_LiRA,0.0006985879746785249,0.028215031111631265,0
cub200,m3_fot,F1,A1_LiRA,0.0007316807143427193,0.02889773148419061,0
cub200,m3_fot,F1,A1_LiRA,0.0007663410868007462,0.02982912984961086,0
cub200,m3_fot,F1,A1_LiRA,0.0008026433522257174,0.030385043010123472,0
cub200,m3_fot,F1,A1_LiRA,0.0008406652885618325,0.03111163126377592,0
cub200,m3_fot,F1,A1_LiRA,0.0008804883581643465,0.031477363606218424,0
cub200,m3_fot,F1,A1_LiRA,0.0009221978823334322,0.03196013029824253,0
cub200,m3_fot,F1,A1_LiRA,0.0009658832241158709,0.032199075428638306,0
cub200,m3_fot,F1,A1_LiRA,0.001011637979766207,0.03261844851463905,0
cub200,m3_fot,F1,A1_LiRA,0.001059560179277616,0.0335352175863616,0
cub200,m3_fot,F1,A1_LiRA,0.0011097524964120721,0.03442760450192131,0
cub200,m3_fot,F1,A1_LiRA,0.0011623224686798518,0.035022529112294455,0
cub200,m3_fot,F1,A1_LiRA,0.001217382727739662,0.035812510971970274,0
cub200,m3_fot,F1,A1_LiRA,0.0012750512407130128,0.03641231201357598,0
cub200,m3_fot,F1,A1_LiRA,0.0013354515629298987,0.03758265550939201,0
cub200,m3_fot,F1,A1_LiRA,0.0013987131026472386,0.03856769461837049,0
cub200,m3_fot,F1,A1_LiRA,0.0014649713983072847,0.039084596329022565,0
cub200,m3_fot,F1,A1_LiRA,0.0015343684089300133,0.03986970175746582,0
cub200,m3_fot,F1,A1_LiRA,0.0016070528182616384,0.040537772836327465,0
cub200,m3_fot,F1,A1_LiRA,0.0016831803533309566,0.041239978933817076,0
cub200,m3_fot,F1,A1_LiRA,0.001762914118095948,0.04218113016170246,0
cub200,m3_fot,F1,A1_LiRA,0.0018464249428955426,0.04256636822907523,0
cub200,m3_fot,F1,A1_LiRA,0.0019338917504552321,0.04354165447558859,0
cub200,m3_fot,F1,A1_LiRA,0.0020255019392306666,0.04472175083386974,0
cub200,m3_fot,F1,A1_LiRA,0.00212145178491063,0.04535568689410342,0
cub200,m3_fot,F1,A1_LiRA,0.002221946860939524,0.046160298047476934,0
cub200,m3_fot,F1,A1_LiRA,0.0023272024789604074,0.046789357676478044,0
cub200,m3_fot,F1,A1_LiRA,0.002437444150122222,0.04765736243587493,0
cub200,m3_fot,F1,A1_LiRA,0.0025529080682395165,0.04873993016950475,0
cub200,m3_fot,F1,A1_LiRA,0.0026738416158399465,0.05027600600776328,0
cub200,m3_fot,F1,A1_LiRA,0.002800503894183631,0.05091969493046209,0
cub200,m3_fot,F1,A1_LiRA,0.0029331662783900424,0.052099791288743244,0
cub200,m3_fot,F1,A1_LiRA,0.003072112998861759,0.053265258353326704,0
cub200,m3_fot,F1,A1_LiRA,0.0032176417502507355,0.05455263619872432,0
cub200,m3_fot,F1,A1_LiRA,0.003370064329271928,0.05558156318879591,0
cub200,m3_fot,F1,A1_LiRA,0.00352970730273065,0.05665925449119317,0
cub200,m3_fot,F1,A1_LiRA,0.0036969127071950283,0.058044160961242125,0
cub200,m3_fot,F1,A1_LiRA,0.003872038781812557,0.05958511323073322,0
cub200,m3_fot,F1,A1_LiRA,0.004055460735840828,0.06088224393859598,0
cub200,m3_fot,F1,A1_LiRA,0.0042475715525368985,0.0622866561335752,0
cub200,m3_fot,F1,A1_LiRA,0.004448782831127585,0.0638129791093686,0
cub200,m3_fot,F1,A1_LiRA,0.004659525668664682,0.06508085122983595,0
cub200,m3_fot,F1,A1_LiRA,0.004880251583654433,0.06627070045058224,0
cub200,m3_fot,F1,A1_LiRA,0.005111433483440166,0.06787016989486415,0
cub200,m3_fot,F1,A1_LiRA,0.0053535666774107244,0.06970858446954181,0
cub200,m3_fot,F1,A1_LiRA,0.005607169938205458,0.07087892796535783,0
cub200,m3_fot,F1,A1_LiRA,0.005872786613189483,0.07237111592252327,0
cub200,m3_fot,F1,A1_LiRA,0.006150985788580504,0.07397546179803773,0
cub200,m3_fot,F1,A1_LiRA,0.00644236350872137,0.07543839116780775,0
cub200,m3_fot,F1,A1_LiRA,0.006747544053110693,0.07675990403183335,0
cub200,m3_fot,F1,A1_LiRA,0.0070671812739274914,0.07869097079992977,0
cub200,m3_fot,F1,A1_LiRA,0.007401959996915644,0.08067080188035189,0
cub200,m3_fot,F1,A1_LiRA,0.007752597488629464,0.08268964441063452,0
cub200,m3_fot,F1,A1_LiRA,0.008119844993184008,0.08480113913433593,0
cub200,m3_fot,F1,A1_LiRA,0.008504489341802677,0.08668831802133926,0
cub200,m3_fot,F1,A1_LiRA,0.00890735463861044,0.08924844441843681,0
cub200,m3_fot,F1,A1_LiRA,0.009329304026284686,0.09134043341720795,0
cub200,m3_fot,F1,A1_LiRA,0.009771241535346501,0.09321785944174615,0
cub200,m3_fot,F1,A1_LiRA,0.010234114021054527,0.09524645483449393,0
cub200,m3_fot,F1,A1_LiRA,0.010718913192051276,0.09782121052528918,0
cub200,m3_fot,F1,A1_LiRA,0.011226677735108135,0.10034720190375876,0
cub200,m3_fot,F1,A1_LiRA,0.01175849554052157,0.10280004681373983,0
cub200,m3_fot,F1,A1_LiRA,0.012315506032928261,0.10497981157469717,0
cub200,m3_fot,F1,A1_LiRA,0.01289890261253308,0.10768135447753915,0
cub200,m3_fot,F1,A1_LiRA,0.013509935211980266,0.11072912399789338,0
cub200,m3_fot,F1,A1_LiRA,0.01414991297434576,0.1133526440010143,0
cub200,m3_fot,F1,A1_LiRA,0.014820207057988586,0.11588838824194901,0
cub200,m3_fot,F1,A1_LiRA,0.01552225357427048,0.1185753018510933,0
cub200,m3_fot,F1,A1_LiRA,0.016257556664437952,0.12114030467942341,0
cub200,m3_fot,F1,A1_LiRA,0.017027691722258997,0.12411005130005656,0
cub200,m3_fot,F1,A1_LiRA,0.017834308769319095,0.12722609085766673,0
cub200,m3_fot,F1,A1_LiRA,0.01867913599020783,0.13014219673474164,0
cub200,m3_fot,F1,A1_LiRA,0.01956398343517065,0.13341915852302652,0
cub200,m3_fot,F1,A1_LiRA,0.020490746898158482,0.13657908596172977,0
cub200,m3_fot,F1,A1_LiRA,0.021461411978584036,0.1395975968946886,0
cub200,m3_fot,F1,A1_LiRA,0.02247805833548725,0.14317202098816004,0
cub200,m3_fot,F1,A1_LiRA,0.02354286414322418,0.14645385920767745,0
cub200,m3_fot,F1,A1_LiRA,0.024658110758226038,0.15044765638714963,0
cub200,m3_fot,F1,A1_LiRA,0.025826187606826773,0.15401720404938848,0
cub200,m3_fot,F1,A1_LiRA,0.027049597304631343,0.1580646419724189,0
cub200,m3_fot,F1,A1_LiRA,0.02833096101839324,0.16214621491407727,0
cub200,m3_fot,F1,A1_LiRA,0.029673024081888696,0.1657547740261767,0
cub200,m3_fot,F1,A1_LiRA,0.03107866187782014,0.16980221194920708,0
cub200,m3_fot,F1,A1_LiRA,0.0325508859983506,0.17393742563442371,0
cub200,m3_fot,F1,A1_LiRA,0.03409285069746811,0.17840423664345487,0
cub200,m3_fot,F1,A1_LiRA,0.03570785964900463,0.1829149355335791,0
cub200,m3_fot,F1,A1_LiRA,0.03739937302478798,0.18788401895956464,0
cub200,m3_fot,F1,A1_LiRA,0.039171014908092605,0.1931261825345739,0
cub200,m3_fot,F1,A1_LiRA,0.04102658105827194,0.19817816529151305,0
cub200,m3_fot,F1,A1_LiRA,0.04297004704320839,0.20288392143093997,0
cub200,m3_fot,F1,A1_LiRA,0.04500557675700498,0.20800417422513506,0
cub200,m3_fot,F1,A1_LiRA,0.047137531341167244,0.21270017750209685,0
cub200,m3_fot,F1,A1_LiRA,0.049370478528390035,0.2176692609280824,0
cub200,m3_fot,F1,A1_LiRA,0.05170920242896761,0.22304796457760354,0
cub200,m3_fot,F1,A1_LiRA,0.054158713780794704,0.22896307566270702,0
cub200,m3_fot,F1,A1_LiRA,0.05672426068491978,0.23497083894122925,0
cub200,m3_fot,F1,A1_LiRA,0.05941133984965034,0.24149550393040356,0
cub200,m3_fot,F1,A1_LiRA,0.06222570836730231,0.24776659449548444,0
cub200,m3_fot,F1,A1_LiRA,0.06517339604882427,0.25420348372247253,0
cub200,m3_fot,F1,A1_LiRA,0.06826071834272386,0.2610158581543683,0
cub200,m3_fot,F1,A1_LiRA,0.07149428986597577,0.26800866054186906,0
cub200,m3_fot,F1,A1_LiRA,0.07488103857590023,0.2744991905124154,0
cub200,m3_fot,F1,A1_LiRA,0.07842822061337681,0.2823112333469873,0
cub200,m3_fot,F1,A1_LiRA,0.0821434358491943,0.2894113172216045,0
cub200,m3_fot,F1,A1_LiRA,0.086034644166845,0.29650652466498917,0
cub200,m3_fot,F1,A1_LiRA,0.09011018251665019,0.30347982132755963,0
cub200,m3_fot,F1,A1_LiRA,0.09437878277775381,0.31121384126241053,0
cub200,m3_fot,F1,A1_LiRA,0.09884959046625587,0.31933309926463416,0
cub200,m3_fot,F1,A1_LiRA,0.10353218432956626,0.3273987165232996,0
cub200,m3_fot,F1,A1_LiRA,0.1084365968689611,0.33645424932217605,0
cub200,m3_fot,F1,A1_LiRA,0.11357333583431052,0.34449548442467864,0
cub200,m3_fot,F1,A1_LiRA,0.11895340673703195,0.3534534885989038,0
cub200,m3_fot,F1,A1_LiRA,0.12458833642950082,0.3625382799851756,0
cub200,m3_fot,F1,A1_LiRA,0.1304901978014403,0.37236916535003023,0
cub200,m3_fot,F1,A1_LiRA,0.13667163564620075,0.38178067762888407,0
cub200,m3_fot,F1,A1_LiRA,0.14314589375234785,0.391889519573995,0
cub200,m3_fot,F1,A1_LiRA,0.14992684327860456,0.401715528507617,0
cub200,m3_fot,F1,A1_LiRA,0.15702901247293774,0.41267774591842704,0
cub200,m3_fot,F1,A1_LiRA,0.16446761779946645,0.423157196637213,0
cub200,m3_fot,F1,A1_LiRA,0.17225859653987874,0.43427058341623265,0
cub200,m3_fot,F1,A1_LiRA,0.18041864093920718,0.4464080207540913,0
cub200,m3_fot,F1,A1_LiRA,0.18896523396912096,0.4576725769013205,0
cub200,m3_fot,F1,A1_LiRA,0.19791668678535573,0.4695027990715275,0
cub200,m3_fot,F1,A1_LiRA,0.2072921779595372,0.4818694286773168,0
cub200,m3_fot,F1,A1_LiRA,0.21711179456945054,0.49450913843212985,0
cub200,m3_fot,F1,A1_LiRA,0.22739657523579276,0.5077584020910137,0
cub200,m3_fot,F1,A1_LiRA,0.23816855519761582,0.5207248327384087,0
cub200,m3_fot,F1,A1_LiRA,0.24945081352303167,0.5343008172898746,0
cub200,m3_fot,F1,A1_LiRA,0.2612675225563329,0.5481645112840619,0
cub200,m3_fot,F1,A1_LiRA,0.27364399970746717,0.5625109719702732,0
cub200,m3_fot,F1,A1_LiRA,0.286606761694825,0.5778912360777888,0
cub200,m3_fot,F1,A1_LiRA,0.3001835813575589,0.5924278775820704,0
cub200,m3_fot,F1,A1_LiRA,0.31440354715915003,0.6079056703142373,0
cub200,m3_fot,F1,A1_LiRA,0.3292971255097151,0.623666296057893,0
cub200,m3_fot,F1,A1_LiRA,0.34489622604057596,0.6398024070064564,0
cub200,m3_fot,F1,A1_LiRA,0.36123426997094304,0.6557385842744846,0
cub200,m3_fot,F1,A1_LiRA,0.3783462617131929,0.6724696198334211,0
cub200,m3_fot,F1,A1_LiRA,0.3962688638701478,0.6896005227534281,0
cub200,m3_fot,F1,A1_LiRA,0.41504047578504766,0.7066241441863187,0
cub200,m3_fot,F1,A1_LiRA,0.43470131581250265,0.7247059511966762,0
cub200,m3_fot,F1,A1_LiRA,0.4552935074866948,0.7425683188015683,0
cub200,m3_fot,F1,A1_LiRA,0.47686116977144694,0.760850059492461,0
cub200,m3_fot,F1,A1_LiRA,0.499450511585514,0.7784247176546316,0
cub200,m3_fot,F1,A1_LiRA,0.5231099308056264,0.7967015819142919,0
cub200,m3_fot,F1,A1_LiRA,0.5478901179593945,0.8148175239432773,0
cub200,m3_fot,F1,A1_LiRA,0.5738441648302393,0.8330602531843095,0
cub200,m3_fot,F1,A1_LiRA,0.6010276782070382,0.8520832114225525,0
cub200,m3_fot,F1,A1_LiRA,0.6294988990221888,0.8704673571693292,0
cub200,m3_fot,F1,A1_LiRA,0.6593188271333549,0.8880371389002673,0
cub200,m3_fot,F1,A1_LiRA,0.6905513520162331,0.9055045155753214,0
cub200,m3_fot,F1,A1_LiRA,0.7232633896483533,0.9231376909122827,0
cub200,m3_fot,F1,A1_LiRA,0.7575250258771913,0.9400979187391499,0
cub200,m3_fot,F1,A1_LiRA,0.7934096665797492,0.9547759767491759,0
cub200,m3_fot,F1,A1_LiRA,0.8309941949353395,0.9687420757992471,0
cub200,m3_fot,F1,A1_LiRA,0.8703591361485166,0.9808161195310824,0
cub200,m3_fot,F1,A1_LiRA,0.9115888299750827,0.9903397897282853,0
cub200,m3_fot,F1,A1_LiRA,0.9547716114208056,0.9972448163535997,0
cub200,m3_fot,F1,A1_LiRA,1.0,1.0,0
cub200,m4_proto,F2,A1_LiRA,0.0,0.8371975614919848,0
cub200,m4_proto,F2,A1_LiRA,0.0001,0.9369147336478277,0
cub200,m4_proto,F2,A1_LiRA,0.00010473708979594497,0.9369147336478277,0
cub200,m4_proto,F2,A1_LiRA,0.00010969857978923841,0.9370830189293798,0
cub200,m4_proto,F2,A1_LiRA,0.00011489510001873086,0.9375390177568115,0
cub200,m4_proto,F2,A1_LiRA,0.00012033778407775893,0.9399330116008273,0
cub200,m4_proto,F2,A1_LiRA,0.00012603829296797275,0.9402261537041762,0
cub200,m4_proto,F2,A1_LiRA,0.0001320088400831418,0.9405735813822192,0
cub200,m4_proto,F2,A1_LiRA,0.00013826221737646565,0.9413010080831221,0
cub200,m4_proto,F2,A1_LiRA,0.0001448118227674533,0.9422292914103935,0
cub200,m4_proto,F2,A1_LiRA,0.00015167168884709225,0.9422727198701489,0
cub200,m4_proto,F2,A1_LiRA,0.00015885651294280528,0.9428101470596219,0
cub200,m4_proto,F2,A1_LiRA,0.0001663816886076129,0.9443518573809382,0
cub200,m4_proto,F2,A1_LiRA,0.00017426333860096508,0.9460564244263372,0
cub200,m4_proto,F2,A1_LiRA,0.00018251834943190426,0.9460564244263372,0
cub200,m4_proto,F2,A1_LiRA,0.00019116440753857018,0.9460564244263372,0
cub200,m4_proto,F2,A1_LiRA,0.00020022003718155845,0.9460564244263372,0
cub200,m4_proto,F2,A1_LiRA,0.00020970464013232327,0.9460564244263372,0
cub200,m4_proto,F2,A1_LiRA,0.0002196385372416547,0.9460564244263372,0
cub200,m4_proto,F2,A1_LiRA,0.0002300430119772917,0.9460564244263372,0
cub200,m4_proto,F2,A1_LiRA,0.00024094035602395243,0.9469467078513226,0
cub200,m4_proto,F2,A1_LiRA,0.0002523539170434766,0.9472669927420186,0
cub200,m4_proto,F2,A1_LiRA,0.00026430814869741055,0.9498021290802395,0
cub200,m4_proto,F2,A1_LiRA,0.00027682866303920667,0.9506815553902861,0
cub200,m4_proto,F2,A1_LiRA,0.0002899422853882875,0.9531244062515268,0
cub200,m4_proto,F2,A1_LiRA,0.0003036771118035457,0.9541069751534924,0
cub200,m4_proto,F2,A1_LiRA,0.0003180625692794119,0.9546335452280266,0
cub200,m4_proto,F2,A1_LiRA,0.00033312947879346737,0.9563381122734256,0
cub200,m4_proto,F2,A1_LiRA,0.0003489101213406774,0.9576355375086179,0
cub200,m4_proto,F2,A1_LiRA,0.00036543830709572547,0.9580155365314775,0
cub200,m4_proto,F2,A1_LiRA,0.0003827494478516311,0.9584389640140926,0
cub200,m4_proto,F2,A1_LiRA,0.0004008806328898465,0.9597581034791625,0
cub200,m4_proto,F2,A1_LiRA,0.000419870708444391,0.9600458170250419,0
cub200,m4_proto,F2,A1_LiRA,0.00043976036093027214,0.9602738164387578,0
cub200,m4_proto,F2,A1_LiRA,0.00046059220411451035,0.9616146701337054,0
cub200,m4_proto,F2,A1_LiRA,0.00048241087041653687,0.9616146701337054,0
cub200,m4_proto,F2,A1_LiRA,0.0005052631065335679,0.9616146701337054,0
cub200,m4_proto,F2,A1_LiRA,0.0005291978735958442,0.9616146701337054,0
cub200,m4_proto,F2,A1_LiRA,0.0005542664520663107,0.9616146701337054,0
cub200,m4_proto,F2,A1_LiRA,0.0005805225516094895,0.9616146701337054,0
cub200,m4_proto,F2,A1_LiRA,0.0006080224261649427,0.9619023836795848,0
cub200,m4_proto,F2,A1_LiRA,0.0006368249944718586,0.9627058101850595,0
cub200,m4_proto,F2,A1_LiRA,0.0006669919663030121,0.9627058101850595,0
cub200,m4_proto,F2,A1_LiRA,0.0006985879746785249,0.9627058101850595,0
cub200,m4_proto,F2,A1_LiRA,0.0007316807143427193,0.9633083800641655,0
cub200,m4_proto,F2,A1_LiRA,0.0007663410868007462,0.9655449457415681,0
cub200,m4_proto,F2,A1_LiRA,0.0008026433522257174,0.9676946544994599,0
cub200,m4_proto,F2,A1_LiRA,0.0008406652885618325,0.9682700815912187,0
cub200,m4_proto,F2,A1_LiRA,0.0008804883581643465,0.9697032207631466,0
cub200,m4_proto,F2,A1_LiRA,0.0009221978823334322,0.9715815016475672,0
cub200,m4_proto,F2,A1_LiRA,0.0009658832241158709,0.9719886434577739,0
cub200,m4_proto,F2,A1_LiRA,0.001011637979766207,0.9728083556356569,0
cub200,m4_proto,F2,A1_LiRA,0.001059560179277616,0.974154637888074,0
cub200,m4_proto,F2,A1_LiRA,0.0011097524964120721,0.9747734934395883,0
cub200,m4_proto,F2,A1_LiRA,0.0011623224686798518,0.975115492560162,0
cub200,m4_proto,F2,A1_LiRA,0.001217382727739662,0.976537774617151,0
cub200,m4_proto,F2,A1_LiRA,0.0012750512407130128,0.9774769150593613,0
cub200,m4_proto,F2,A1_LiRA,0.0013354515629298987,0.9779057710994458,0
cub200,m4_proto,F2,A1_LiRA,0.0013987131026472386,0.9798383375585605,0
cub200,m4_proto,F2,A1_LiRA,0.0014649713983072847,0.9807123353111378,0
cub200,m4_proto,F2,A1_LiRA,0.0015343684089300133,0.9811303342362834,0
cub200,m4_proto,F2,A1_LiRA,0.0016070528182616384,0.9814180477821628,0
cub200,m4_proto,F2,A1_LiRA,0.0016831803533309566,0.9819826177589829,0
cub200,m4_proto,F2,A1_LiRA,0.001762914118095948,0.9823626167818426,0
cub200,m4_proto,F2,A1_LiRA,0.0018464249428955426,0.9834266140458496,0
cub200,m4_proto,F2,A1_LiRA,0.0019338917504552321,0.9838446129709952,0
cub200,m4_proto,F2,A1_LiRA,0.0020255019392306666,0.9846697537063476,0
cub200,m4_proto,F2,A1_LiRA,0.00212145178491063,0.9852451807981065,0
cub200,m4_proto,F2,A1_LiRA,0.002221946860939524,0.9855383229014554,0
cub200,m4_proto,F2,A1_LiRA,0.0023272024789604074,0.9858966076944373,0
cub200,m4_proto,F2,A1_LiRA,0.002437444150122222,0.9861137499932143,0
cub200,m4_proto,F2,A1_LiRA,0.0025529080682395165,0.9874763179180397,0
cub200,m4_proto,F2,A1_LiRA,0.0026738416158399465,0.9878454598259604,0
cub200,m4_proto,F2,A1_LiRA,0.002800503894183631,0.9880517450097985,0
cub200,m4_proto,F2,A1_LiRA,0.0029331662783900424,0.9882254588488201,0
cub200,m4_proto,F2,A1_LiRA,0.003072112998861759,0.9892405990956024,0
cub200,m4_proto,F2,A1_LiRA,0.0032176417502507355,0.9894468842794404,0
cub200,m4_proto,F2,A1_LiRA,0.003370064329271928,0.989685740808095,0
cub200,m4_proto,F2,A1_LiRA,0.00352970730273065,0.9902177394400986,0
cub200,m4_proto,F2,A1_LiRA,0.0036969127071950283,0.9905705956756111,0
cub200,m4_proto,F2,A1_LiRA,0.003872038781812557,0.9907443095146327,0
cub200,m4_proto,F2,A1_LiRA,0.004055460735840828,0.9913848792960247,0
cub200,m4_proto,F2,A1_LiRA,0.0042475715525368985,0.991824592451048,0
cub200,m4_proto,F2,A1_LiRA,0.004448782831127585,0.992106877439458,0
cub200,m4_proto,F2,A1_LiRA,0.004659525668664682,0.9924380194450928,0
cub200,m4_proto,F2,A1_LiRA,0.004880251583654433,0.9927583043357888,0
cub200,m4_proto,F2,A1_LiRA,0.005111433483440166,0.9927691614507277,0
cub200,m4_proto,F2,A1_LiRA,0.0053535666774107244,0.9928451612552996,0
cub200,m4_proto,F2,A1_LiRA,0.005607169938205458,0.9931220176862402,0
cub200,m4_proto,F2,A1_LiRA,0.005872786613189483,0.9933663027723643,0
cub200,m4_proto,F2,A1_LiRA,0.006150985788580504,0.9937300161228156,0
cub200,m4_proto,F2,A1_LiRA,0.00644236350872137,0.9939580155365315,0
cub200,m4_proto,F2,A1_LiRA,0.006747544053110693,0.9941045865882059,0
cub200,m4_proto,F2,A1_LiRA,0.0070671812739274914,0.9946745851224954,0
cub200,m4_proto,F2,A1_LiRA,0.007401959996915644,0.9951142982775187,0
cub200,m4_proto,F2,A1_LiRA,0.007752597488629464,0.9954562973980924,0
cub200,m4_proto,F2,A1_LiRA,0.008119844993184008,0.9955757256624197,0
cub200,m4_proto,F2,A1_LiRA,0.008504489341802677,0.9957222967140942,0
cub200,m4_proto,F2,A1_LiRA,0.00890735463861044,0.9958851534381769,0
cub200,m4_proto,F2,A1_LiRA,0.009329304026284686,0.9961348670817703,0
cub200,m4_proto,F2,A1_LiRA,0.009771241535346501,0.9962651524610365,0
cub200,m4_proto,F2,A1_LiRA,0.010234114021054527,0.9963248665932002,0
cub200,m4_proto,F2,A1_LiRA,0.010718913192051276,0.9964062949552416,0
cub200,m4_proto,F2,A1_LiRA,0.011226677735108135,0.9965854373517326,0
cub200,m4_proto,F2,A1_LiRA,0.01175849554052157,0.9967211512884682,0
cub200,m4_proto,F2,A1_LiRA,0.012315506032928261,0.99679715109304,0
cub200,m4_proto,F2,A1_LiRA,0.01289890261253308,0.9968948651274897,0
cub200,m4_proto,F2,A1_LiRA,0.013509935211980266,0.9970577218515724,0
cub200,m4_proto,F2,A1_LiRA,0.01414991297434576,0.9973291497250436,0
cub200,m4_proto,F2,A1_LiRA,0.014820207057988586,0.9973888638572073,0
cub200,m4_proto,F2,A1_LiRA,0.01552225357427048,0.9974648636617791,0
cub200,m4_proto,F2,A1_LiRA,0.016257556664437952,0.9974865778916568,0
cub200,m4_proto,F2,A1_LiRA,0.017027691722258997,0.9975788633686371,0
cub200,m4_proto,F2,A1_LiRA,0.017834308769319095,0.9976277203858619,0
cub200,m4_proto,F2,A1_LiRA,0.01867913599020783,0.9977417200927198,0
cub200,m4_proto,F2,A1_LiRA,0.01956398343517065,0.9978285770122305,0
cub200,m4_proto,F2,A1_LiRA,0.020490746898158482,0.9978448626846388,0
cub200,m4_proto,F2,A1_LiRA,0.021461411978584036,0.9979100053742719,0
cub200,m4_proto,F2,A1_LiRA,0.02247805833548725,0.9979588623914967,0
cub200,m4_proto,F2,A1_LiRA,0.02354286414322418,0.9980674335408852,0
cub200,m4_proto,F2,A1_LiRA,0.024658110758226038,0.9981488619029265,0
cub200,m4_proto,F2,A1_LiRA,0.025826187606826773,0.9982411473799068,0
cub200,m4_proto,F2,A1_LiRA,0.027049597304631343,0.9982682901672538,0
cub200,m4_proto,F2,A1_LiRA,0.02833096101839324,0.9983334328568869,0
cub200,m4_proto,F2,A1_LiRA,0.029673024081888696,0.9984094326614589,0
cub200,m4_proto,F2,A1_LiRA,0.03107866187782014,0.9984582896786837,0
cub200,m4_proto,F2,A1_LiRA,0.0325508859983506,0.9985180038108473,0
cub200,m4_proto,F2,A1_LiRA,0.03409285069746811,0.9985288609257862,0
cub200,m4_proto,F2,A1_LiRA,0.03570785964900463,0.9985722893855415,0
cub200,m4_proto,F2,A1_LiRA,0.03739937302478798,0.9985885750579498,0
cub200,m4_proto,F2,A1_LiRA,0.039171014908092605,0.9986645748625218,0
cub200,m4_proto,F2,A1_LiRA,0.04102658105827194,0.9986700034199912,0
cub200,m4_proto,F2,A1_LiRA,0.04297004704320839,0.9987025747648077,0
cub200,m4_proto,F2,A1_LiRA,0.04500557675700498,0.9987351461096243,0
cub200,m4_proto,F2,A1_LiRA,0.047137531341167244,0.9987785745693797,0
cub200,m4_proto,F2,A1_LiRA,0.049370478528390035,0.9988654314888905,0
cub200,m4_proto,F2,A1_LiRA,0.05170920242896761,0.9988871457187681,0
cub200,m4_proto,F2,A1_LiRA,0.054158713780794704,0.9989088599486459,0
cub200,m4_proto,F2,A1_LiRA,0.05672426068491978,0.9989251456210542,0
cub200,m4_proto,F2,A1_LiRA,0.05941133984965034,0.9989360027359929,0
cub200,m4_proto,F2,A1_LiRA,0.06222570836730231,0.9989848597532178,0
cub200,m4_proto,F2,A1_LiRA,0.06517339604882427,0.9990445738853815,0
cub200,m4_proto,F2,A1_LiRA,0.06826071834272386,0.9990554310003202,0
cub200,m4_proto,F2,A1_LiRA,0.07149428986597577,0.9990934309026063,0
cub200,m4_proto,F2,A1_LiRA,0.07488103857590023,0.9991585735922394,0
cub200,m4_proto,F2,A1_LiRA,0.07842822061337681,0.999180287822117,0
cub200,m4_proto,F2,A1_LiRA,0.0821434358491943,0.9992074306094642,0
cub200,m4_proto,F2,A1_LiRA,0.086034644166845,0.9992454305117501,0
cub200,m4_proto,F2,A1_LiRA,0.09011018251665019,0.9992725732990972,0
cub200,m4_proto,F2,A1_LiRA,0.09437878277775381,0.9993105732013832,0
cub200,m4_proto,F2,A1_LiRA,0.09884959046625587,0.9993268588737915,0
cub200,m4_proto,F2,A1_LiRA,0.10353218432956626,0.9993268588737915,0
cub200,m4_proto,F2,A1_LiRA,0.1084365968689611,0.9993431445461998,0
cub200,m4_proto,F2,A1_LiRA,0.11357333583431052,0.9993811444484857,0
cub200,m4_proto,F2,A1_LiRA,0.11895340673703195,0.9994028586783634,0
cub200,m4_proto,F2,A1_LiRA,0.12458833642950082,0.9994354300231799,0
cub200,m4_proto,F2,A1_LiRA,0.1304901978014403,0.9994517156955882,0
cub200,m4_proto,F2,A1_LiRA,0.13667163564620075,0.9994842870404047,0
cub200,m4_proto,F2,A1_LiRA,0.14314589375234785,0.9994897155978741,0
cub200,m4_proto,F2,A1_LiRA,0.14992684327860456,0.9995114298277519,0
cub200,m4_proto,F2,A1_LiRA,0.15702901247293774,0.9995168583852213,0
cub200,m4_proto,F2,A1_LiRA,0.16446761779946645,0.9995277155001602,0
cub200,m4_proto,F2,A1_LiRA,0.17225859653987874,0.9995440011725684,0
cub200,m4_proto,F2,A1_LiRA,0.18041864093920718,0.9995494297300378,0
cub200,m4_proto,F2,A1_LiRA,0.18896523396912096,0.9995657154024461,0
cub200,m4_proto,F2,A1_LiRA,0.19791668678535573,0.9995928581897933,0
cub200,m4_proto,F2,A1_LiRA,0.2072921779595372,0.9996634294368957,0
cub200,m4_proto,F2,A1_LiRA,0.21711179456945054,0.9996688579943651,0
cub200,m4_proto,F2,A1_LiRA,0.22739657523579276,0.999679715109304,0
cub200,m4_proto,F2,A1_LiRA,0.23816855519761582,0.9996851436667734,0
cub200,m4_proto,F2,A1_LiRA,0.24945081352303167,0.9996960007817123,0
cub200,m4_proto,F2,A1_LiRA,0.2612675225563329,0.9997068578966511,0
cub200,m4_proto,F2,A1_LiRA,0.27364399970746717,0.99971771501159,0
cub200,m4_proto,F2,A1_LiRA,0.286606761694825,0.9997285721265288,0
cub200,m4_proto,F2,A1_LiRA,0.3001835813575589,0.9997448577989371,0
cub200,m4_proto,F2,A1_LiRA,0.31440354715915003,0.9997557149138759,0
cub200,m4_proto,F2,A1_LiRA,0.3292971255097151,0.9997774291437537,0
cub200,m4_proto,F2,A1_LiRA,0.34489622604057596,0.9997828577012231,0
cub200,m4_proto,F2,A1_LiRA,0.36123426997094304,0.9997937148161619,0
cub200,m4_proto,F2,A1_LiRA,0.3783462617131929,0.9998045719311007,0
cub200,m4_proto,F2,A1_LiRA,0.3962688638701478,0.9998480003908561,0
cub200,m4_proto,F2,A1_LiRA,0.41504047578504766,0.9998697146207338,0
cub200,m4_proto,F2,A1_LiRA,0.43470131581250265,0.9998805717356727,0
cub200,m4_proto,F2,A1_LiRA,0.4552935074866948,0.9998805717356727,0
cub200,m4_proto,F2,A1_LiRA,0.47686116977144694,0.9998805717356727,0
cub200,m4_proto,F2,A1_LiRA,0.499450511585514,0.9998860002931421,0
cub200,m4_proto,F2,A1_LiRA,0.5231099308056264,0.9998914288506116,0
cub200,m4_proto,F2,A1_LiRA,0.5478901179593945,0.9998914288506116,0
cub200,m4_proto,F2,A1_LiRA,0.5738441648302393,0.999896857408081,0
cub200,m4_proto,F2,A1_LiRA,0.6010276782070382,0.999896857408081,0
cub200,m4_proto,F2,A1_LiRA,0.6294988990221888,0.9999077145230199,0
cub200,m4_proto,F2,A1_LiRA,0.6593188271333549,0.9999077145230199,0
cub200,m4_proto,F2,A1_LiRA,0.6905513520162331,0.9999131430804892,0
cub200,m4_proto,F2,A1_LiRA,0.7232633896483533,0.9999185716379586,0
cub200,m4_proto,F2,A1_LiRA,0.7575250258771913,0.9999185716379586,0
cub200,m4_proto,F2,A1_LiRA,0.7934096665797492,0.999924000195428,0
cub200,m4_proto,F2,A1_LiRA,0.8309941949353395,0.9999348573103669,0
cub200,m4_proto,F2,A1_LiRA,0.8703591361485166,0.9999457144253058,0
cub200,m4_proto,F2,A1_LiRA,0.9115888299750827,0.9999565715402446,0
cub200,m4_proto,F2,A1_LiRA,0.9547716114208056,0.9999674286551835,0
cub200,m4_proto,F2,A1_LiRA,1.0,1.0,0
cub200,m5_hybrid_replay,F1,A1_LiRA,0.0,0.0009489104649172149,0
cub200,m5_hybrid_replay,F1,A1_LiRA,0.0001,0.004666291667685686,0
cub200,m5_hybrid_replay,F1,A1_LiRA,0.00010473708979594497,0.004685856831910783,0
cub200,m5_hybrid_replay,F1,A1_LiRA,0.00010969857978923841,0.00470542199613588,0
cub200,m5_hybrid_replay,F1,A1_LiRA,0.00011489510001873086,0.004778791361979995,0
cub200,m5_hybrid_replay,F1,A1_LiRA,0.00012033778407775893,0.004861943309936658,0
cub200,m5_hybrid_replay,F1,A1_LiRA,0.00012603829296797275,0.004940203966837047,0
cub200,m5_hybrid_replay,F1,A1_LiRA,0.0001320088400831418,0.005263029176551151,0
cub200,m5_hybrid_replay,F1,A1_LiRA,0.00013826221737646565,0.005458680818802123,0
cub200,m5_hybrid_replay,F1,A1_LiRA,0.0001448118227674533,0.0054831372740834945,0
cub200,m5_hybrid_replay,F1,A1_LiRA,0.00015167168884709225,0.00558096309520898,0
cub200,m5_hybrid_replay,F1,A1_LiRA,0.00015885651294280528,0.0055858543862652545,0
cub200,m5_hybrid_replay,F1,A1_LiRA,0.0001663816886076129,0.005644549878940547,0
cub200,m5_hybrid_replay,F1,A1_LiRA,0.00017426333860096508,0.005664115043165644,0
cub200,m5_hybrid_replay,F1,A1_LiRA,0.00018251834943190426,0.006070092200836411,0
cub200,m5_hybrid_replay,F1,A1_LiRA,0.00019116440753857018,0.0060847660740052335,0
cub200,m5_hybrid_replay,F1,A1_LiRA,0.00020022003718155845,0.006172809313018171,0
cub200,m5_hybrid_replay,F1,A1_LiRA,0.00020970464013232327,0.006466286776394629,0
cub200,m5_hybrid_replay,F1,A1_LiRA,0.0002196385372416547,0.0067255252023771675,0
cub200,m5_hybrid_replay,F1,A1_LiRA,0.0002300430119772917,0.006852698769840299,0
cub200,m5_hybrid_replay,F1,A1_LiRA,0.00024094035602395243,0.006930959426740688,0
cub200,m5_hybrid_replay,F1,A1_LiRA,0.0002523539170434766,0.00698965491941598,0
cub200,m5_hybrid_replay,F1,A1_LiRA,0.00026430814869741055,0.00705813299420382,0
cub200,m5_hybrid_replay,F1,A1_LiRA,0.00027682866303920667,0.007263567218567341,0
cub200,m5_hybrid_replay,F1,A1_LiRA,0.0002899422853882875,0.007527696935606153,0
cub200,m5_hybrid_replay,F1,A1_LiRA,0.0003036771118035457,0.007674435667294382,0
cub200,m5_hybrid_replay,F1,A1_LiRA,0.0003180625692794119,0.007899435055883001,0
cub200,m5_hybrid_replay,F1,A1_LiRA,0.00033312947879346737,0.008334759959891413,0
cub200,m5_hybrid_replay,F1,A1_LiRA,0.0003489101213406774,0.008510846437917288,0
cub200,m5_hybrid_replay,F1,A1_LiRA,0.00036543830709572547,0.00878475873706865,0
cub200,m5_hybrid_replay,F1,A1_LiRA,0.0003827494478516311,0.009014649416713542,0
cub200,m5_hybrid_replay,F1,A1_LiRA,0.0004008806328898465,0.009303235589033726,0
cub200,m5_hybrid_replay,F1,A1_LiRA,0.000419870708444391,0.009459756902834503,0
cub200,m5_hybrid_replay,F1,A1_LiRA,0.00043976036093027214,0.00989997309789919,0
cub200,m5_hybrid_replay,F1,A1_LiRA,0.00046059220411451035,0.009983125045855855,0
cub200,m5_hybrid_replay,F1,A1_LiRA,0.00048241087041653687,0.01014942894176918,0
cub200,m5_hybrid_replay,F1,A1_LiRA,0.0005052631065335679,0.010379319621414073,0
cub200,m5_hybrid_replay,F1,A1_LiRA,0.0005291978735958442,0.010594536427890142,0
cub200,m5_hybrid_replay,F1,A1_LiRA,0.0005542664520663107,0.010790188070141114,0
cub200,m5_hybrid_replay,F1,A1_LiRA,0.0005805225516094895,0.01095649196605444,0
cub200,m5_hybrid_replay,F1,A1_LiRA,0.0006080224261649427,0.011181491354643058,0
cub200,m5_hybrid_replay,F1,A1_LiRA,0.0006368249944718586,0.011675511751326762,0
cub200,m5_hybrid_replay,F1,A1_LiRA,0.0006669919663030121,0.012022793416322237,0
cub200,m5_hybrid_replay,F1,A1_LiRA,0.0006985879746785249,0.012423879282936732,0
cub200,m5_hybrid_replay,F1,A1_LiRA,0.0007316807143427193,0.012688008999975544,0
cub200,m5_hybrid_replay,F1,A1_LiRA,0.0007663410868007462,0.013123333903983956,0
cub200,m5_hybrid_replay,F1,A1_LiRA,0.0008026433522257174,0.013294529090953557,0
cub200,m5_hybrid_replay,F1,A1_LiRA,0.0008406652885618325,0.01366137592017413,0
cub200,m5_hybrid_replay,F1,A1_LiRA,0.0008804883581643465,0.014013548876225879,0
cub200,m5_hybrid_replay,F1,A1_LiRA,0.0009221978823334322,0.014409743451784099,0
cub200,m5_hybrid_replay,F1,A1_LiRA,0.0009658832241158709,0.014786372863117219,0
cub200,m5_hybrid_replay,F1,A1_LiRA,0.001011637979766207,0.01503582870698721,0
cub200,m5_hybrid_replay,F1,A1_LiRA,0.001059560179277616,0.01519724131184426,0
cub200,m5_hybrid_replay,F1,A1_LiRA,0.0011097524964120721,0.015471153610995622,0
cub200,m5_hybrid_replay,F1,A1_LiRA,0.0011623224686798518,0.015926043679229132,0
cub200,m5_hybrid_replay,F1,A1_LiRA,0.001217382727739662,0.016449411822250484,0
cub200,m5_hybrid_replay,F1,A1_LiRA,0.0012750512407130128,0.017036366749003398,0
cub200,m5_hybrid_replay,F1,A1_LiRA,0.0013354515629298987,0.017706473623712977,0
cub200,m5_hybrid_replay,F1,A1_LiRA,0.0013987131026472386,0.01801462496025826,0
cub200,m5_hybrid_replay,F1,A1_LiRA,0.0014649713983072847,0.018273863386240798,0
cub200,m5_hybrid_replay,F1,A1_LiRA,0.0015343684089300133,0.01877766636503705,0
cub200,m5_hybrid_replay,F1,A1_LiRA,0.0016070528182616384,0.01905646995524469,0
cub200,m5_hybrid_replay,F1,A1_LiRA,0.0016831803533309566,0.019530925187703295,0
cub200,m5_hybrid_replay,F1,A1_LiRA,0.001762914118095948,0.020259727555088165,0
cub200,m5_hybrid_replay,F1,A1_LiRA,0.0018464249428955426,0.020905377974516373,0
cub200,m5_hybrid_replay,F1,A1_LiRA,0.0019338917504552321,0.02128689867690577,0
cub200,m5_hybrid_replay,F1,A1_LiRA,0.0020255019392306666,0.021624397759788697,0
cub200,m5_hybrid_replay,F1,A1_LiRA,0.00212145178491063,0.02222113526865416,0
cub200,m5_hybrid_replay,F1,A1_LiRA,0.002221946860939524,0.022773851158013156,0
cub200,m5_hybrid_replay,F1,A1_LiRA,0.0023272024789604074,0.02327765413680941,0
cub200,m5_hybrid_replay,F1,A1_LiRA,0.002437444150122222,0.023942869720462716,0
cub200,m5_hybrid_replay,F1,A1_LiRA,0.0025529080682395165,0.024383085915527403,0
cub200,m5_hybrid_replay,F1,A1_LiRA,0.0026738416158399465,0.024974932133336594,0
cub200,m5_hybrid_replay,F1,A1_LiRA,0.002800503894183631,0.02568906062755264,0
cub200,m5_hybrid_replay,F1,A1_LiRA,0.0029331662783900424,0.0263444936290934,0
cub200,m5_hybrid_replay,F1,A1_LiRA,0.003072112998861759,0.027107535033872192,0
cub200,m5_hybrid_replay,F1,A1_LiRA,0.0032176417502507355,0.027728728998019026,0
cub200,m5_hybrid_replay,F1,A1_LiRA,0.003370064329271928,0.02837927070850351,0
cub200,m5_hybrid_replay,F1,A1_LiRA,0.00352970730273065,0.029215681479126416,0
cub200,m5_hybrid_replay,F1,A1_LiRA,0.0036969127071950283,0.030252635183056566,0
cub200,m5_hybrid_replay,F1,A1_LiRA,0.003872038781812557,0.03124556726748025,0
cub200,m5_hybrid_replay,F1,A1_LiRA,0.004055460735840828,0.03215534740394727,0
cub200,m5_hybrid_replay,F1,A1_LiRA,0.0042475715525368985,0.03285969331605077,0
cub200,m5_hybrid_replay,F1,A1_LiRA,0.004448782831127585,0.03356403922815427,0
cub200,m5_hybrid_replay,F1,A1_LiRA,0.004659525668664682,0.034444471618283644,0
cub200,m5_hybrid_replay,F1,A1_LiRA,0.004880251583654433,0.035275991097850276,0
cub200,m5_hybrid_replay,F1,A1_LiRA,0.005111433483440166,0.036215118980654944,0
cub200,m5_hybrid_replay,F1,A1_LiRA,0.0053535666774107244,0.03714446428134706,0
cub200,m5_hybrid_replay,F1,A1_LiRA,0.005607169938205458,0.03826456993323388,0
cub200,m5_hybrid_replay,F1,A1_LiRA,0.005872786613189483,0.03969282692166597,0
cub200,m5_hybrid_replay,F1,A1_LiRA,0.006150985788580504,0.04098412776052239,0
cub200,m5_hybrid_replay,F1,A1_LiRA,0.00644236350872137,0.04215314632297195,0
cub200,m5_hybrid_replay,F1,A1_LiRA,0.006747544053110693,0.043351512631759154,0
cub200,m5_hybrid_replay,F1,A1_LiRA,0.0070671812739274914,0.04480911736652889,0
cub200,m5_hybrid_replay,F1,A1_LiRA,0.007401959996915644,0.04610041820538531,0
cub200,m5_hybrid_replay,F1,A1_LiRA,0.007752597488629464,0.04746019711902957,0
cub200,m5_hybrid_replay,F1,A1_LiRA,0.008119844993184008,0.04881019345056128,0
cub200,m5_hybrid_replay,F1,A1_LiRA,0.008504489341802677,0.050018342341461026,0
cub200,m5_hybrid_replay,F1,A1_LiRA,0.00890735463861044,0.05131453447137372,0
cub200,m5_hybrid_replay,F1,A1_LiRA,0.009329304026284686,0.052728117586636994,0
cub200,m5_hybrid_replay,F1,A1_LiRA,0.009771241535346501,0.054312895888869867,0
cub200,m5_hybrid_replay,F1,A1_LiRA,0.010234114021054527,0.05586343515370882,0
cub200,m5_hybrid_replay,F1,A1_LiRA,0.010718913192051276,0.05773679962826188,0
cub200,m5_hybrid_replay,F1,A1_LiRA,0.011226677735108135,0.05941940375162024,0
cub200,m5_hybrid_replay,F1,A1_LiRA,0.01175849554052157,0.06105798625547213,0
cub200,m5_hybrid_replay,F1,A1_LiRA,0.012315506032928261,0.06284330749101225,0
cub200,m5_hybrid_replay,F1,A1_LiRA,0.01289890261253308,0.06482917165985962,0
cub200,m5_hybrid_replay,F1,A1_LiRA,0.013509935211980266,0.06648731932793661,0
cub200,m5_hybrid_replay,F1,A1_LiRA,0.01414991297434576,0.06817970603340752,0
cub200,m5_hybrid_replay,F1,A1_LiRA,0.014820207057988586,0.07015089632908607,0
cub200,m5_hybrid_replay,F1,A1_LiRA,0.01552225357427048,0.07226882535645283,0
cub200,m5_hybrid_replay,F1,A1_LiRA,0.016257556664437952,0.07402969013671158,0
cub200,m5_hybrid_replay,F1,A1_LiRA,0.017027691722258997,0.07651446599329893,0
cub200,m5_hybrid_replay,F1,A1_LiRA,0.017834308769319095,0.07874000342390373,0
cub200,m5_hybrid_replay,F1,A1_LiRA,0.01867913599020783,0.08124434444471618,0
cub200,m5_hybrid_replay,F1,A1_LiRA,0.01956398343517065,0.08338183863630805,0
cub200,m5_hybrid_replay,F1,A1_LiRA,0.020490746898158482,0.08602802709775245,0
cub200,m5_hybrid_replay,F1,A1_LiRA,0.021461411978584036,0.08852258553645234,0
cub200,m5_hybrid_replay,F1,A1_LiRA,0.02247805833548725,0.09107583946782753,0
cub200,m5_hybrid_replay,F1,A1_LiRA,0.02354286414322418,0.09345789821223312,0
cub200,m5_hybrid_replay,F1,A1_LiRA,0.024658110758226038,0.0963926728459977,0
cub200,m5_hybrid_replay,F1,A1_LiRA,0.025826187606826773,0.09939103426349385,0
cub200,m5_hybrid_replay,F1,A1_LiRA,0.027049597304631343,0.10278069896549194,0
cub200,m5_hybrid_replay,F1,A1_LiRA,0.02833096101839324,0.10583775587566338,0
cub200,m5_hybrid_replay,F1,A1_LiRA,0.029673024081888696,0.10930568123456186,0
cub200,m5_hybrid_replay,F1,A1_LiRA,0.03107866187782014,0.11226002103255155,0
cub200,m5_hybrid_replay,F1,A1_LiRA,0.0325508859983506,0.11565946831666218,0
cub200,m5_hybrid_replay,F1,A1_LiRA,0.03409285069746811,0.11908826334711047,0
cub200,m5_hybrid_replay,F1,A1_LiRA,0.03570785964900463,0.12266868840030326,0
cub200,m5_hybrid_replay,F1,A1_LiRA,0.03739937302478798,0.12646922155102838,0
cub200,m5_hybrid_replay,F1,A1_LiRA,0.039171014908092605,0.13009366822372764,0
cub200,m5_hybrid_replay,F1,A1_LiRA,0.04102658105827194,0.13397246203135318,0
cub200,m5_hybrid_replay,F1,A1_LiRA,0.04297004704320839,0.13795397295116046,0
cub200,m5_hybrid_replay,F1,A1_LiRA,0.04500557675700498,0.1421751571327252,0
cub200,m5_hybrid_replay,F1,A1_LiRA,0.047137531341167244,0.14696373107681773,0
cub200,m5_hybrid_replay,F1,A1_LiRA,0.049370478528390035,0.1512729584973954,0
cub200,m5_hybrid_replay,F1,A1_LiRA,0.05170920242896761,0.15613979309838832,0
cub200,m5_hybrid_replay,F1,A1_LiRA,0.054158713780794704,0.16081586734818656,0
cub200,m5_hybrid_replay,F1,A1_LiRA,0.05672426068491978,0.16574628873291106,0
cub200,m5_hybrid_replay,F1,A1_LiRA,0.05941133984965034,0.17092616596150553,0
cub200,m5_hybrid_replay,F1,A1_LiRA,0.06222570836730231,0.17600821736897454,0
cub200,m5_hybrid_replay,F1,A1_LiRA,0.06517339604882427,0.18142776785932646,0
cub200,m5_hybrid_replay,F1,A1_LiRA,0.06826071834272386,0.18695981804397271,0
cub200,m5_hybrid_replay,F1,A1_LiRA,0.07149428986597577,0.19252121597495658,0
cub200,m5_hybrid_replay,F1,A1_LiRA,0.07488103857590023,0.19904130695297023,0
cub200,m5_hybrid_replay,F1,A1_LiRA,0.07842822061337681,0.2049304213847245,0
cub200,m5_hybrid_replay,F1,A1_LiRA,0.0821434358491943,0.21175377240822715,0
cub200,m5_hybrid_replay,F1,A1_LiRA,0.086034644166845,0.21818092885617157,0
cub200,m5_hybrid_replay,F1,A1_LiRA,0.09011018251665019,0.22462765046834113,0
cub200,m5_hybrid_replay,F1,A1_LiRA,0.09437878277775381,0.23151458827557533,0
cub200,m5_hybrid_replay,F1,A1_LiRA,0.09884959046625587,0.23863141676245445,0
cub200,m5_hybrid_replay,F1,A1_LiRA,0.10353218432956626,0.24602704883954118,0
cub200,m5_hybrid_replay,F1,A1_LiRA,0.1084365968689611,0.25367702805155423,0
cub200,m5_hybrid_replay,F1,A1_LiRA,0.11357333583431052,0.2617672234586319,0
cub200,m5_hybrid_replay,F1,A1_LiRA,0.11895340673703195,0.26954437623810806,0
cub200,m5_hybrid_replay,F1,A1_LiRA,0.12458833642950082,0.2771698989948397,0
cub200,m5_hybrid_replay,F1,A1_LiRA,0.1304901978014403,0.2857003105969821,0
cub200,m5_hybrid_replay,F1,A1_LiRA,0.13667163564620075,0.2952725671941109,0
cub200,m5_hybrid_replay,F1,A1_LiRA,0.14314589375234785,0.30474210667905793,0
cub200,m5_hybrid_replay,F1,A1_LiRA,0.14992684327860456,0.3140551248502042,0
cub200,m5_hybrid_replay,F1,A1_LiRA,0.15702901247293774,0.324072488933454,0
cub200,m5_hybrid_replay,F1,A1_LiRA,0.16446761779946645,0.3336936584411455,0
cub200,m5_hybrid_replay,F1,A1_LiRA,0.17225859653987874,0.3441708038836851,0
cub200,m5_hybrid_replay,F1,A1_LiRA,0.18041864093920718,0.3553865342757221,0
cub200,m5_hybrid_replay,F1,A1_LiRA,0.18896523396912096,0.36639193915233925,0
cub200,m5_hybrid_replay,F1,A1_LiRA,0.19791668678535573,0.3775000611411382,0
cub200,m5_hybrid_replay,F1,A1_LiRA,0.2072921779595372,0.38962068037858594,0
cub200,m5_hybrid_replay,F1,A1_LiRA,0.21711179456945054,0.4018733644745531,0
cub200,m5_hybrid_replay,F1,A1_LiRA,0.22739657523579276,0.41436572183227766,0
cub200,m5_hybrid_replay,F1,A1_LiRA,0.23816855519761582,0.4272151434371102,0
cub200,m5_hybrid_replay,F1,A1_LiRA,0.24945081352303167,0.43992271760131085,0
cub200,m5_hybrid_replay,F1,A1_LiRA,0.2612675225563329,0.45362811514099144,0
cub200,m5_hybrid_replay,F1,A1_LiRA,0.27364399970746717,0.4683362273472083,0
cub200,m5_hybrid_replay,F1,A1_LiRA,0.286606761694825,0.4826530362689232,0
cub200,m5_hybrid_replay,F1,A1_LiRA,0.3001835813575589,0.49843723250752037,0
cub200,m5_hybrid_replay,F1,A1_LiRA,0.31440354715915003,0.5142605590745677,0
cub200,m5_hybrid_replay,F1,A1_LiRA,0.3292971255097151,0.5301230159700653,0
cub200,m5_hybrid_replay,F1,A1_LiRA,0.34489622604057596,0.5462838416199955,0
cub200,m5_hybrid_replay,F1,A1_LiRA,0.36123426997094304,0.5635109687201937,0
cub200,m5_hybrid_replay,F1,A1_LiRA,0.3783462617131929,0.5805864657976473,0
cub200,m5_hybrid_replay,F1,A1_LiRA,0.3962688638701478,0.5982244613465725,0
cub200,m5_hybrid_replay,F1,A1_LiRA,0.41504047578504766,0.6173200616302673,0
cub200,m5_hybrid_replay,F1,A1_LiRA,0.43470131581250265,0.6371053339528968,0
cub200,m5_hybrid_replay,F1,A1_LiRA,0.4552935074866948,0.6566069113942625,0
cub200,m5_hybrid_replay,F1,A1_LiRA,0.47686116977144694,0.6763237056421042,0
cub200,m5_hybrid_replay,F1,A1_LiRA,0.499450511585514,0.696558976741911,0
cub200,m5_hybrid_replay,F1,A1_LiRA,0.5231099308056264,0.7170632688498129,0
cub200,m5_hybrid_replay,F1,A1_LiRA,0.5478901179593945,0.7380713639365111,0
cub200,m5_hybrid_replay,F1,A1_LiRA,0.5738441648302393,0.7599452175401697,0
cub200,m5_hybrid_replay,F1,A1_LiRA,0.6010276782070382,0.7819658098755167,0
cub200,m5_hybrid_replay,F1,A1_LiRA,0.6294988990221888,0.8036342292548118,0
cub200,m5_hybrid_replay,F1,A1_LiRA,0.6593188271333549,0.8255129741495267,0
cub200,m5_hybrid_replay,F1,A1_LiRA,0.6905513520162331,0.8487563892489423,0
cub200,m5_hybrid_replay,F1,A1_LiRA,0.7232633896483533,0.8714764362053364,0
cub200,m5_hybrid_replay,F1,A1_LiRA,0.7575250258771913,0.894132896377999,0
cub200,m5_hybrid_replay,F1,A1_LiRA,0.7934096665797492,0.9160165325637702,0
cub200,m5_hybrid_replay,F1,A1_LiRA,0.8309941949353395,0.9375724522487711,0
cub200,m5_hybrid_replay,F1,A1_LiRA,0.8703591361485166,0.9577147888185087,0
cub200,m5_hybrid_replay,F1,A1_LiRA,0.9115888299750827,0.9754114798601091,0
cub200,m5_hybrid_replay,F1,A1_LiRA,0.9547716114208056,0.9904081782386461,0
cub200,m5_hybrid_replay,F1,A1_LiRA,1.0,1.0,0
cub200,m8_analytic,F5,A1_LiRA,0.0,1.0,0
cub200,m8_analytic,F5,A1_LiRA,0.0001,1.0,0
cub200,m8_analytic,F5,A1_LiRA,0.00010473708979594497,1.0,0
cub200,m8_analytic,F5,A1_LiRA,0.00010969857978923841,1.0,0
cub200,m8_analytic,F5,A1_LiRA,0.00011489510001873086,1.0,0
cub200,m8_analytic,F5,A1_LiRA,0.00012033778407775893,1.0,0
cub200,m8_analytic,F5,A1_LiRA,0.00012603829296797275,1.0,0
cub200,m8_analytic,F5,A1_LiRA,0.0001320088400831418,1.0,0
cub200,m8_analytic,F5,A1_LiRA,0.00013826221737646565,1.0,0
cub200,m8_analytic,F5,A1_LiRA,0.0001448118227674533,1.0,0
cub200,m8_analytic,F5,A1_LiRA,0.00015167168884709225,1.0,0
cub200,m8_analytic,F5,A1_LiRA,0.00015885651294280528,1.0,0
cub200,m8_analytic,F5,A1_LiRA,0.0001663816886076129,1.0,0
cub200,m8_analytic,F5,A1_LiRA,0.00017426333860096508,1.0,0
cub200,m8_analytic,F5,A1_LiRA,0.00018251834943190426,1.0,0
cub200,m8_analytic,F5,A1_LiRA,0.00019116440753857018,1.0,0
cub200,m8_analytic,F5,A1_LiRA,0.00020022003718155845,1.0,0
cub200,m8_analytic,F5,A1_LiRA,0.00020970464013232327,1.0,0
cub200,m8_analytic,F5,A1_LiRA,0.0002196385372416547,1.0,0
cub200,m8_analytic,F5,A1_LiRA,0.0002300430119772917,1.0,0
cub200,m8_analytic,F5,A1_LiRA,0.00024094035602395243,1.0,0
cub200,m8_analytic,F5,A1_LiRA,0.0002523539170434766,1.0,0
cub200,m8_analytic,F5,A1_LiRA,0.00026430814869741055,1.0,0
cub200,m8_analytic,F5,A1_LiRA,0.00027682866303920667,1.0,0
cub200,m8_analytic,F5,A1_LiRA,0.0002899422853882875,1.0,0
cub200,m8_analytic,F5,A1_LiRA,0.0003036771118035457,1.0,0
cub200,m8_analytic,F5,A1_LiRA,0.0003180625692794119,1.0,0
cub200,m8_analytic,F5,A1_LiRA,0.00033312947879346737,1.0,0
cub200,m8_analytic,F5,A1_LiRA,0.0003489101213406774,1.0,0
cub200,m8_analytic,F5,A1_LiRA,0.00036543830709572547,1.0,0
cub200,m8_analytic,F5,A1_LiRA,0.0003827494478516311,1.0,0
cub200,m8_analytic,F5,A1_LiRA,0.0004008806328898465,1.0,0
cub200,m8_analytic,F5,A1_LiRA,0.000419870708444391,1.0,0
cub200,m8_analytic,F5,A1_LiRA,0.00043976036093027214,1.0,0
cub200,m8_analytic,F5,A1_LiRA,0.00046059220411451035,1.0,0
cub200,m8_analytic,F5,A1_LiRA,0.00048241087041653687,1.0,0
cub200,m8_analytic,F5,A1_LiRA,0.0005052631065335679,1.0,0
cub200,m8_analytic,F5,A1_LiRA,0.0005291978735958442,1.0,0
cub200,m8_analytic,F5,A1_LiRA,0.0005542664520663107,1.0,0
cub200,m8_analytic,F5,A1_LiRA,0.0005805225516094895,1.0,0
cub200,m8_analytic,F5,A1_LiRA,0.0006080224261649427,1.0,0
cub200,m8_analytic,F5,A1_LiRA,0.0006368249944718586,1.0,0
cub200,m8_analytic,F5,A1_LiRA,0.0006669919663030121,1.0,0
cub200,m8_analytic,F5,A1_LiRA,0.0006985879746785249,1.0,0
cub200,m8_analytic,F5,A1_LiRA,0.0007316807143427193,1.0,0
cub200,m8_analytic,F5,A1_LiRA,0.0007663410868007462,1.0,0
cub200,m8_analytic,F5,A1_LiRA,0.0008026433522257174,1.0,0
cub200,m8_analytic,F5,A1_LiRA,0.0008406652885618325,1.0,0
cub200,m8_analytic,F5,A1_LiRA,0.0008804883581643465,1.0,0
cub200,m8_analytic,F5,A1_LiRA,0.0009221978823334322,1.0,0
cub200,m8_analytic,F5,A1_LiRA,0.0009658832241158709,1.0,0
cub200,m8_analytic,F5,A1_LiRA,0.001011637979766207,1.0,0
cub200,m8_analytic,F5,A1_LiRA,0.001059560179277616,1.0,0
cub200,m8_analytic,F5,A1_LiRA,0.0011097524964120721,1.0,0
cub200,m8_analytic,F5,A1_LiRA,0.0011623224686798518,1.0,0
cub200,m8_analytic,F5,A1_LiRA,0.001217382727739662,1.0,0
cub200,m8_analytic,F5,A1_LiRA,0.0012750512407130128,1.0,0
cub200,m8_analytic,F5,A1_LiRA,0.0013354515629298987,1.0,0
cub200,m8_analytic,F5,A1_LiRA,0.0013987131026472386,1.0,0
cub200,m8_analytic,F5,A1_LiRA,0.0014649713983072847,1.0,0
cub200,m8_analytic,F5,A1_LiRA,0.0015343684089300133,1.0,0
cub200,m8_analytic,F5,A1_LiRA,0.0016070528182616384,1.0,0
cub200,m8_analytic,F5,A1_LiRA,0.0016831803533309566,1.0,0
cub200,m8_analytic,F5,A1_LiRA,0.001762914118095948,1.0,0
cub200,m8_analytic,F5,A1_LiRA,0.0018464249428955426,1.0,0
cub200,m8_analytic,F5,A1_LiRA,0.0019338917504552321,1.0,0
cub200,m8_analytic,F5,A1_LiRA,0.0020255019392306666,1.0,0
cub200,m8_analytic,F5,A1_LiRA,0.00212145178491063,1.0,0
cub200,m8_analytic,F5,A1_LiRA,0.002221946860939524,1.0,0
cub200,m8_analytic,F5,A1_LiRA,0.0023272024789604074,1.0,0
cub200,m8_analytic,F5,A1_LiRA,0.002437444150122222,1.0,0
cub200,m8_analytic,F5,A1_LiRA,0.0025529080682395165,1.0,0
cub200,m8_analytic,F5,A1_LiRA,0.0026738416158399465,1.0,0
cub200,m8_analytic,F5,A1_LiRA,0.002800503894183631,1.0,0
cub200,m8_analytic,F5,A1_LiRA,0.0029331662783900424,1.0,0
cub200,m8_analytic,F5,A1_LiRA,0.003072112998861759,1.0,0
cub200,m8_analytic,F5,A1_LiRA,0.0032176417502507355,1.0,0
cub200,m8_analytic,F5,A1_LiRA,0.003370064329271928,1.0,0
cub200,m8_analytic,F5,A1_LiRA,0.00352970730273065,1.0,0
cub200,m8_analytic,F5,A1_LiRA,0.0036969127071950283,1.0,0
cub200,m8_analytic,F5,A1_LiRA,0.003872038781812557,1.0,0
cub200,m8_analytic,F5,A1_LiRA,0.004055460735840828,1.0,0
cub200,m8_analytic,F5,A1_LiRA,0.0042475715525368985,1.0,0
cub200,m8_analytic,F5,A1_LiRA,0.004448782831127585,1.0,0
cub200,m8_analytic,F5,A1_LiRA,0.004659525668664682,1.0,0
cub200,m8_analytic,F5,A1_LiRA,0.004880251583654433,1.0,0
cub200,m8_analytic,F5,A1_LiRA,0.005111433483440166,1.0,0
cub200,m8_analytic,F5,A1_LiRA,0.0053535666774107244,1.0,0
cub200,m8_analytic,F5,A1_LiRA,0.005607169938205458,1.0,0
cub200,m8_analytic,F5,A1_LiRA,0.005872786613189483,1.0,0
cub200,m8_analytic,F5,A1_LiRA,0.006150985788580504,1.0,0
cub200,m8_analytic,F5,A1_LiRA,0.00644236350872137,1.0,0
cub200,m8_analytic,F5,A1_LiRA,0.006747544053110693,1.0,0
cub200,m8_analytic,F5,A1_LiRA,0.0070671812739274914,1.0,0
cub200,m8_analytic,F5,A1_LiRA,0.007401959996915644,1.0,0
cub200,m8_analytic,F5,A1_LiRA,0.007752597488629464,1.0,0
cub200,m8_analytic,F5,A1_LiRA,0.008119844993184008,1.0,0
cub200,m8_analytic,F5,A1_LiRA,0.008504489341802677,1.0,0
cub200,m8_analytic,F5,A1_LiRA,0.00890735463861044,1.0,0
cub200,m8_analytic,F5,A1_LiRA,0.009329304026284686,1.0,0
cub200,m8_analytic,F5,A1_LiRA,0.009771241535346501,1.0,0
cub200,m8_analytic,F5,A1_LiRA,0.010234114021054527,1.0,0
cub200,m8_analytic,F5,A1_LiRA,0.010718913192051276,1.0,0
cub200,m8_analytic,F5,A1_LiRA,0.011226677735108135,1.0,0
cub200,m8_analytic,F5,A1_LiRA,0.01175849554052157,1.0,0
cub200,m8_analytic,F5,A1_LiRA,0.012315506032928261,1.0,0
cub200,m8_analytic,F5,A1_LiRA,0.01289890261253308,1.0,0
cub200,m8_analytic,F5,A1_LiRA,0.013509935211980266,1.0,0
cub200,m8_analytic,F5,A1_LiRA,0.01414991297434576,1.0,0
cub200,m8_analytic,F5,A1_LiRA,0.014820207057988586,1.0,0
cub200,m8_analytic,F5,A1_LiRA,0.01552225357427048,1.0,0
cub200,m8_analytic,F5,A1_LiRA,0.016257556664437952,1.0,0
cub200,m8_analytic,F5,A1_LiRA,0.017027691722258997,1.0,0
cub200,m8_analytic,F5,A1_LiRA,0.017834308769319095,1.0,0
cub200,m8_analytic,F5,A1_LiRA,0.01867913599020783,1.0,0
cub200,m8_analytic,F5,A1_LiRA,0.01956398343517065,1.0,0
cub200,m8_analytic,F5,A1_LiRA,0.020490746898158482,1.0,0
cub200,m8_analytic,F5,A1_LiRA,0.021461411978584036,1.0,0
cub200,m8_analytic,F5,A1_LiRA,0.02247805833548725,1.0,0
cub200,m8_analytic,F5,A1_LiRA,0.02354286414322418,1.0,0
cub200,m8_analytic,F5,A1_LiRA,0.024658110758226038,1.0,0
cub200,m8_analytic,F5,A1_LiRA,0.025826187606826773,1.0,0
cub200,m8_analytic,F5,A1_LiRA,0.027049597304631343,1.0,0
cub200,m8_analytic,F5,A1_LiRA,0.02833096101839324,1.0,0
cub200,m8_analytic,F5,A1_LiRA,0.029673024081888696,1.0,0
cub200,m8_analytic,F5,A1_LiRA,0.03107866187782014,1.0,0
cub200,m8_analytic,F5,A1_LiRA,0.0325508859983506,1.0,0
cub200,m8_analytic,F5,A1_LiRA,0.03409285069746811,1.0,0
cub200,m8_analytic,F5,A1_LiRA,0.03570785964900463,1.0,0
cub200,m8_analytic,F5,A1_LiRA,0.03739937302478798,1.0,0
cub200,m8_analytic,F5,A1_LiRA,0.039171014908092605,1.0,0
cub200,m8_analytic,F5,A1_LiRA,0.04102658105827194,1.0,0
cub200,m8_analytic,F5,A1_LiRA,0.04297004704320839,1.0,0
cub200,m8_analytic,F5,A1_LiRA,0.04500557675700498,1.0,0
cub200,m8_analytic,F5,A1_LiRA,0.047137531341167244,1.0,0
cub200,m8_analytic,F5,A1_LiRA,0.049370478528390035,1.0,0
cub200,m8_analytic,F5,A1_LiRA,0.05170920242896761,1.0,0
cub200,m8_analytic,F5,A1_LiRA,0.054158713780794704,1.0,0
cub200,m8_analytic,F5,A1_LiRA,0.05672426068491978,1.0,0
cub200,m8_analytic,F5,A1_LiRA,0.05941133984965034,1.0,0
cub200,m8_analytic,F5,A1_LiRA,0.06222570836730231,1.0,0
cub200,m8_analytic,F5,A1_LiRA,0.06517339604882427,1.0,0
cub200,m8_analytic,F5,A1_LiRA,0.06826071834272386,1.0,0
cub200,m8_analytic,F5,A1_LiRA,0.07149428986597577,1.0,0
cub200,m8_analytic,F5,A1_LiRA,0.07488103857590023,1.0,0
cub200,m8_analytic,F5,A1_LiRA,0.07842822061337681,1.0,0
cub200,m8_analytic,F5,A1_LiRA,0.0821434358491943,1.0,0
cub200,m8_analytic,F5,A1_LiRA,0.086034644166845,1.0,0
cub200,m8_analytic,F5,A1_LiRA,0.09011018251665019,1.0,0
cub200,m8_analytic,F5,A1_LiRA,0.09437878277775381,1.0,0
cub200,m8_analytic,F5,A1_LiRA,0.09884959046625587,1.0,0
cub200,m8_analytic,F5,A1_LiRA,0.10353218432956626,1.0,0
cub200,m8_analytic,F5,A1_LiRA,0.1084365968689611,1.0,0
cub200,m8_analytic,F5,A1_LiRA,0.11357333583431052,1.0,0
cub200,m8_analytic,F5,A1_LiRA,0.11895340673703195,1.0,0
cub200,m8_analytic,F5,A1_LiRA,0.12458833642950082,1.0,0
cub200,m8_analytic,F5,A1_LiRA,0.1304901978014403,1.0,0
cub200,m8_analytic,F5,A1_LiRA,0.13667163564620075,1.0,0
cub200,m8_analytic,F5,A1_LiRA,0.14314589375234785,1.0,0
cub200,m8_analytic,F5,A1_LiRA,0.14992684327860456,1.0,0
cub200,m8_analytic,F5,A1_LiRA,0.15702901247293774,1.0,0
cub200,m8_analytic,F5,A1_LiRA,0.16446761779946645,1.0,0
cub200,m8_analytic,F5,A1_LiRA,0.17225859653987874,1.0,0
cub200,m8_analytic,F5,A1_LiRA,0.18041864093920718,1.0,0
cub200,m8_analytic,F5,A1_LiRA,0.18896523396912096,1.0,0
cub200,m8_analytic,F5,A1_LiRA,0.19791668678535573,1.0,0
cub200,m8_analytic,F5,A1_LiRA,0.2072921779595372,1.0,0
cub200,m8_analytic,F5,A1_LiRA,0.21711179456945054,1.0,0
cub200,m8_analytic,F5,A1_LiRA,0.22739657523579276,1.0,0
cub200,m8_analytic,F5,A1_LiRA,0.23816855519761582,1.0,0
cub200,m8_analytic,F5,A1_LiRA,0.24945081352303167,1.0,0
cub200,m8_analytic,F5,A1_LiRA,0.2612675225563329,1.0,0
cub200,m8_analytic,F5,A1_LiRA,0.27364399970746717,1.0,0
cub200,m8_analytic,F5,A1_LiRA,0.286606761694825,1.0,0
cub200,m8_analytic,F5,A1_LiRA,0.3001835813575589,1.0,0
cub200,m8_analytic,F5,A1_LiRA,0.31440354715915003,1.0,0
cub200,m8_analytic,F5,A1_LiRA,0.3292971255097151,1.0,0
cub200,m8_analytic,F5,A1_LiRA,0.34489622604057596,1.0,0
cub200,m8_analytic,F5,A1_LiRA,0.36123426997094304,1.0,0
cub200,m8_analytic,F5,A1_LiRA,0.3783462617131929,1.0,0
cub200,m8_analytic,F5,A1_LiRA,0.3962688638701478,1.0,0
cub200,m8_analytic,F5,A1_LiRA,0.41504047578504766,1.0,0
cub200,m8_analytic,F5,A1_LiRA,0.43470131581250265,1.0,0
cub200,m8_analytic,F5,A1_LiRA,0.4552935074866948,1.0,0
cub200,m8_analytic,F5,A1_LiRA,0.47686116977144694,1.0,0
cub200,m8_analytic,F5,A1_LiRA,0.499450511585514,1.0,0
cub200,m8_analytic,F5,A1_LiRA,0.5231099308056264,1.0,0
cub200,m8_analytic,F5,A1_LiRA,0.5478901179593945,1.0,0
cub200,m8_analytic,F5,A1_LiRA,0.5738441648302393,1.0,0
cub200,m8_analytic,F5,A1_LiRA,0.6010276782070382,1.0,0
cub200,m8_analytic,F5,A1_LiRA,0.6294988990221888,1.0,0
cub200,m8_analytic,F5,A1_LiRA,0.6593188271333549,1.0,0
cub200,m8_analytic,F5,A1_LiRA,0.6905513520162331,1.0,0
cub200,m8_analytic,F5,A1_LiRA,0.7232633896483533,1.0,0
cub200,m8_analytic,F5,A1_LiRA,0.7575250258771913,1.0,0
cub200,m8_analytic,F5,A1_LiRA,0.7934096665797492,1.0,0
cub200,m8_analytic,F5,A1_LiRA,0.8309941949353395,1.0,0
cub200,m8_analytic,F5,A1_LiRA,0.8703591361485166,1.0,0
cub200,m8_analytic,F5,A1_LiRA,0.9115888299750827,1.0,0
cub200,m8_analytic,F5,A1_LiRA,0.9547716114208056,1.0,0
cub200,m8_analytic,F5,A1_LiRA,1.0,1.0,0
imagenet_r,m0_fedavg,F1,A1_LiRA,0.0,0.0021173801210769786,0
imagenet_r,m0_fedavg,F1,A1_LiRA,0.0001,0.0075893162769318035,0
imagenet_r,m0_fedavg,F1,A1_LiRA,0.00010473708979594497,0.007740907001535467,0
imagenet_r,m0_fedavg,F1,A1_LiRA,0.00010969857978923841,0.007755577071658403,0
imagenet_r,m0_fedavg,F1,A1_LiRA,0.00011489510001873086,0.007760467095032714,0
imagenet_r,m0_fedavg,F1,A1_LiRA,0.00012033778407775893,0.007858267562518948,0
imagenet_r,m0_fedavg,F1,A1_LiRA,0.00012603829296797275,0.008185899128597835,0
imagenet_r,m0_fedavg,F1,A1_LiRA,0.0001320088400831418,0.008264139502586823,0
imagenet_r,m0_fedavg,F1,A1_LiRA,0.00013826221737646565,0.008386390086944615,0
imagenet_r,m0_fedavg,F1,A1_LiRA,0.0001448118227674533,0.008459740437559291,0
imagenet_r,m0_fedavg,F1,A1_LiRA,0.00015167168884709225,0.00908077340609688,0
imagenet_r,m0_fedavg,F1,A1_LiRA,0.00015885651294280528,0.009119893593091375,0
imagenet_r,m0_fedavg,F1,A1_LiRA,0.0001663816886076129,0.009457305205918884,0
imagenet_r,m0_fedavg,F1,A1_LiRA,0.00017426333860096508,0.009750706608377588,0
imagenet_r,m0_fedavg,F1,A1_LiRA,0.00018251834943190426,0.00976048665512621,0
imagenet_r,m0_fedavg,F1,A1_LiRA,0.00019116440753857018,0.0099218574264785,0
imagenet_r,m0_fedavg,F1,A1_LiRA,0.00020022003718155845,0.010278829132803254,0
imagenet_r,m0_fedavg,F1,A1_LiRA,0.00020970464013232327,0.010567340511887647,0
imagenet_r,m0_fedavg,F1,A1_LiRA,0.0002196385372416547,0.010640690862502323,0
imagenet_r,m0_fedavg,F1,A1_LiRA,0.0002300430119772917,0.010841181820849104,0
imagenet_r,m0_fedavg,F1,A1_LiRA,0.00024094035602395243,0.0115062249997555,0
imagenet_r,m0_fedavg,F1,A1_LiRA,0.0002523539170434766,0.011672485794482098,0
imagenet_r,m0_fedavg,F1,A1_LiRA,0.00026430814869741055,0.011931657033320619,0
imagenet_r,m0_fedavg,F1,A1_LiRA,0.00027682866303920667,0.012156598108538958,0
imagenet_r,m0_fedavg,F1,A1_LiRA,0.0002899422853882875,0.01247444962786922,0
imagenet_r,m0_fedavg,F1,A1_LiRA,0.0003036771118035457,0.01289499163806003,0
imagenet_r,m0_fedavg,F1,A1_LiRA,0.0003180625692794119,0.013134602783401304,0
imagenet_r,m0_fedavg,F1,A1_LiRA,0.00033312947879346737,0.013227513227513227,0
imagenet_r,m0_fedavg,F1,A1_LiRA,0.0003489101213406774,0.013295973554753591,0
imagenet_r,m0_fedavg,F1,A1_LiRA,0.00036543830709572547,0.013726295611693024,0
imagenet_r,m0_fedavg,F1,A1_LiRA,0.0003827494478516311,0.013985466850531545,0
imagenet_r,m0_fedavg,F1,A1_LiRA,0.0004008806328898465,0.014249528112744379,0
imagenet_r,m0_fedavg,F1,A1_LiRA,0.000419870708444391,0.014787430683918669,0
imagenet_r,m0_fedavg,F1,A1_LiRA,0.00043976036093027214,0.015027041829259943,0
imagenet_r,m0_fedavg,F1,A1_LiRA,0.00046059220411451035,0.015222642764232413,0
imagenet_r,m0_fedavg,F1,A1_LiRA,0.00048241087041653687,0.015868125849641562,0
imagenet_r,m0_fedavg,F1,A1_LiRA,0.0005052631065335679,0.016601629355788322,0
imagenet_r,m0_fedavg,F1,A1_LiRA,0.0005291978735958442,0.01700261127248188,0
imagenet_r,m0_fedavg,F1,A1_LiRA,0.0005542664520663107,0.017413373235924068,0
imagenet_r,m0_fedavg,F1,A1_LiRA,0.0005805225516094895,0.017516063726784614,0
imagenet_r,m0_fedavg,F1,A1_LiRA,0.0006080224261649427,0.01776545491887451,0
imagenet_r,m0_fedavg,F1,A1_LiRA,0.0006368249944718586,0.0180099560875901,0
imagenet_r,m0_fedavg,F1,A1_LiRA,0.0006669919663030121,0.01826912732642862,0
imagenet_r,m0_fedavg,F1,A1_LiRA,0.0006985879746785249,0.018670109243122183,0
imagenet_r,m0_fedavg,F1,A1_LiRA,0.0007316807143427193,0.019041751019569873,0
imagenet_r,m0_fedavg,F1,A1_LiRA,0.0007663410868007462,0.01939383270252032,0
imagenet_r,m0_fedavg,F1,A1_LiRA,0.0008026433522257174,0.01999041555418635,0
imagenet_r,m0_fedavg,F1,A1_LiRA,0.0008406652885618325,0.020660348756467054,0
imagenet_r,m0_fedavg,F1,A1_LiRA,0.0008804883581643465,0.021022210486166124,0
imagenet_r,m0_fedavg,F1,A1_LiRA,0.0009221978823334322,0.02151610284697161,0
imagenet_r,m0_fedavg,F1,A1_LiRA,0.0009658832241158709,0.02231317665698442,0
imagenet_r,m0_fedavg,F1,A1_LiRA,0.001011637979766207,0.022787508924292658,0
imagenet_r,m0_fedavg,F1,A1_LiRA,0.001059560179277616,0.023291181331846766,0
imagenet_r,m0_fedavg,F1,A1_LiRA,0.0011097524964120721,0.023633482968048587,0
imagenet_r,m0_fedavg,F1,A1_LiRA,0.0011623224686798518,0.02414204539897701,0
imagenet_r,m0_fedavg,F1,A1_LiRA,0.001217382727739662,0.024983129419358624,0
imagenet_r,m0_fedavg,F1,A1_LiRA,0.0012750512407130128,0.025467241733415486,0
imagenet_r,m0_fedavg,F1,A1_LiRA,0.0013354515629298987,0.02599536425784115,0
imagenet_r,m0_fedavg,F1,A1_LiRA,0.0013987131026472386,0.026450136431652144,0
imagenet_r,m0_fedavg,F1,A1_LiRA,0.0014649713983072847,0.02697825895607781,0
imagenet_r,m0_fedavg,F1,A1_LiRA,0.0015343684089300133,0.027525941574000724,0
imagenet_r,m0_fedavg,F1,A1_LiRA,0.0016070528182616384,0.028058954121800702,0
imagenet_r,m0_fedavg,F1,A1_LiRA,0.0016831803533309566,0.02865064695009242,0
imagenet_r,m0_fedavg,F1,A1_LiRA,0.001762914118095948,0.02930102005887588,0
imagenet_r,m0_fedavg,F1,A1_LiRA,0.0018464249428955426,0.03008831382214007,0
imagenet_r,m0_fedavg,F1,A1_LiRA,0.0019338917504552321,0.031090768613873974,0
imagenet_r,m0_fedavg,F1,A1_LiRA,0.0020255019392306666,0.03197097282125008,0
imagenet_r,m0_fedavg,F1,A1_LiRA,0.00212145178491063,0.03290496728574362,0
imagenet_r,m0_fedavg,F1,A1_LiRA,0.002221946860939524,0.03392209214760047,0
imagenet_r,m0_fedavg,F1,A1_LiRA,0.0023272024789604074,0.034875646705591255,0
imagenet_r,m0_fedavg,F1,A1_LiRA,0.002437444150122222,0.035721620749347184,0
imagenet_r,m0_fedavg,F1,A1_LiRA,0.0025529080682395165,0.03645023423211963,0
imagenet_r,m0_fedavg,F1,A1_LiRA,0.0026738416158399465,0.03704192706041135,0
imagenet_r,m0_fedavg,F1,A1_LiRA,0.002800503894183631,0.03803460180539663,0
imagenet_r,m0_fedavg,F1,A1_LiRA,0.0029331662783900424,0.038973486293264484,0
imagenet_r,m0_fedavg,F1,A1_LiRA,0.003072112998861759,0.0398145703136461,0
imagenet_r,m0_fedavg,F1,A1_LiRA,0.0032176417502507355,0.04089526547936899,0
imagenet_r,m0_fedavg,F1,A1_LiRA,0.003370064329271928,0.041897720271102896,0
imagenet_r,m0_fedavg,F1,A1_LiRA,0.00352970730273065,0.04292951520308267,0
imagenet_r,m0_fedavg,F1,A1_LiRA,0.0036969127071950283,0.044098230789543176,0
imagenet_r,m0_fedavg,F1,A1_LiRA,0.003872038781812557,0.045374526890238534,0
imagenet_r,m0_fedavg,F1,A1_LiRA,0.004055460735840828,0.046420991892341244,0
imagenet_r,m0_fedavg,F1,A1_LiRA,0.0042475715525368985,0.04779508846052284,0
imagenet_r,m0_fedavg,F1,A1_LiRA,0.004448782831127585,0.04905182446772095,0
imagenet_r,m0_fedavg,F1,A1_LiRA,0.004659525668664682,0.05000537902571174,0
imagenet_r,m0_fedavg,F1,A1_LiRA,0.004880251583654433,0.051022503887568585,0
imagenet_r,m0_fedavg,F1,A1_LiRA,0.005111433483440166,0.05278291230232081,0
imagenet_r,m0_fedavg,F1,A1_LiRA,0.0053535666774107244,0.054112998660133596,0
imagenet_r,m0_fedavg,F1,A1_LiRA,0.005607169938205458,0.0552425940595996,0
imagenet_r,m0_fedavg,F1,A1_LiRA,0.005872786613189483,0.05676339132901055,0
imagenet_r,m0_fedavg,F1,A1_LiRA,0.006150985788580504,0.058054357499828846,0
imagenet_r,m0_fedavg,F1,A1_LiRA,0.00644236350872137,0.05984899607820125,0
imagenet_r,m0_fedavg,F1,A1_LiRA,0.006747544053110693,0.0615360541423388,0
imagenet_r,m0_fedavg,F1,A1_LiRA,0.0070671812739274914,0.06297861103776076,0
imagenet_r,m0_fedavg,F1,A1_LiRA,0.007401959996915644,0.06446028812017722,0
imagenet_r,m0_fedavg,F1,A1_LiRA,0.007752597488629464,0.0663722872595331,0
imagenet_r,m0_fedavg,F1,A1_LiRA,0.008119844993184008,0.0677463838277147,0
imagenet_r,m0_fedavg,F1,A1_LiRA,0.008504489341802677,0.06943833191522655,0
imagenet_r,m0_fedavg,F1,A1_LiRA,0.00890735463861044,0.07115473011960997,0
imagenet_r,m0_fedavg,F1,A1_LiRA,0.009329304026284686,0.07306672925896586,0
imagenet_r,m0_fedavg,F1,A1_LiRA,0.009771241535346501,0.07481735762696946,0
imagenet_r,m0_fedavg,F1,A1_LiRA,0.010234114021054527,0.07657776604172167,0
imagenet_r,m0_fedavg,F1,A1_LiRA,0.010718913192051276,0.07830394429285371,0
imagenet_r,m0_fedavg,F1,A1_LiRA,0.011226677735108135,0.08012303298809768,0
imagenet_r,m0_fedavg,F1,A1_LiRA,0.01175849554052157,0.08203014210407926,0
imagenet_r,m0_fedavg,F1,A1_LiRA,0.012315506032928261,0.08432845309000576,0
imagenet_r,m0_fedavg,F1,A1_LiRA,0.01289890261253308,0.08624534225273597,0
imagenet_r,m0_fedavg,F1,A1_LiRA,0.013509935211980266,0.08883216461774687,0
imagenet_r,m0_fedavg,F1,A1_LiRA,0.01414991297434576,0.09108157536993026,0
imagenet_r,m0_fedavg,F1,A1_LiRA,0.014820207057988586,0.09352658705708614,0
imagenet_r,m0_fedavg,F1,A1_LiRA,0.01552225357427048,0.0962650001467007,0
imagenet_r,m0_fedavg,F1,A1_LiRA,0.016257556664437952,0.09903275337656114,0
imagenet_r,m0_fedavg,F1,A1_LiRA,0.017027691722258997,0.10141908478322527,0
imagenet_r,m0_fedavg,F1,A1_LiRA,0.017834308769319095,0.10421128812995727,0
imagenet_r,m0_fedavg,F1,A1_LiRA,0.01867913599020783,0.10678344042484524,0
imagenet_r,m0_fedavg,F1,A1_LiRA,0.01956398343517065,0.1098592651272873,0
imagenet_r,m0_fedavg,F1,A1_LiRA,0.020490746898158482,0.11316492092832203,0
imagenet_r,m0_fedavg,F1,A1_LiRA,0.021461411978584036,0.1158544337841935,0
imagenet_r,m0_fedavg,F1,A1_LiRA,0.02247805833548725,0.11896937867363006,0
imagenet_r,m0_fedavg,F1,A1_LiRA,0.02354286414322418,0.1221576739136813,0
imagenet_r,m0_fedavg,F1,A1_LiRA,0.024658110758226038,0.12525794873299495,0
imagenet_r,m0_fedavg,F1,A1_LiRA,0.025826187606826773,0.1282506430380737,0
imagenet_r,m0_fedavg,F1,A1_LiRA,0.027049597304631343,0.13177145986757816,0
imagenet_r,m0_fedavg,F1,A1_LiRA,0.02833096101839324,0.13522381636984224,0
imagenet_r,m0_fedavg,F1,A1_LiRA,0.029673024081888696,0.13863705268511184,0
imagenet_r,m0_fedavg,F1,A1_LiRA,0.03107866187782014,0.1421285293743704,0
imagenet_r,m0_fedavg,F1,A1_LiRA,0.0325508859983506,0.14580582695185282,0
imagenet_r,m0_fedavg,F1,A1_LiRA,0.03409285069746811,0.1496640553941848,0
imagenet_r,m0_fedavg,F1,A1_LiRA,0.03570785964900463,0.15312130191982318,0
imagenet_r,m0_fedavg,F1,A1_LiRA,0.03739937302478798,0.15705777073614413,0
imagenet_r,m0_fedavg,F1,A1_LiRA,0.039171014908092605,0.16124363074455497,0
imagenet_r,m0_fedavg,F1,A1_LiRA,0.04102658105827194,0.16565932185155846,0
imagenet_r,m0_fedavg,F1,A1_LiRA,0.04297004704320839,0.1698060616729748,0
imagenet_r,m0_fedavg,F1,A1_LiRA,0.04500557675700498,0.17463251474342048,0
imagenet_r,m0_fedavg,F1,A1_LiRA,0.047137531341167244,0.17949319797748634,0
imagenet_r,m0_fedavg,F1,A1_LiRA,0.049370478528390035,0.18455437216989898,0
imagenet_r,m0_fedavg,F1,A1_LiRA,0.05170920242896761,0.1898991677180217,0
imagenet_r,m0_fedavg,F1,A1_LiRA,0.054158713780794704,0.19479897113908204,0
imagenet_r,m0_fedavg,F1,A1_LiRA,0.05672426068491978,0.20002640612622127,0
imagenet_r,m0_fedavg,F1,A1_LiRA,0.05941133984965034,0.20561570284305958,0
imagenet_r,m0_fedavg,F1,A1_LiRA,0.06222570836730231,0.21146906082211073,0
imagenet_r,m0_fedavg,F1,A1_LiRA,0.06517339604882427,0.21735175894140774,0
imagenet_r,m0_fedavg,F1,A1_LiRA,0.06826071834272386,0.22339582783205703,0
imagenet_r,m0_fedavg,F1,A1_LiRA,0.07149428986597577,0.22978708838228246,0
imagenet_r,m0_fedavg,F1,A1_LiRA,0.07488103857590023,0.2358458273430547,0
imagenet_r,m0_fedavg,F1,A1_LiRA,0.07842822061337681,0.24238378859450949,0
imagenet_r,m0_fedavg,F1,A1_LiRA,0.0821434358491943,0.24845230760203033,0
imagenet_r,m0_fedavg,F1,A1_LiRA,0.086034644166845,0.25508806932097133,0
imagenet_r,m0_fedavg,F1,A1_LiRA,0.09011018251665019,0.26189009183463896,0
imagenet_r,m0_fedavg,F1,A1_LiRA,0.09437878277775381,0.2688583751430332,0
imagenet_r,m0_fedavg,F1,A1_LiRA,0.09884959046625587,0.27618852018112644,0
imagenet_r,m0_fedavg,F1,A1_LiRA,0.10353218432956626,0.28376316638793536,0
imagenet_r,m0_fedavg,F1,A1_LiRA,0.1084365968689611,0.29173879451143775,0
imagenet_r,m0_fedavg,F1,A1_LiRA,0.11357333583431052,0.3001007344815108,0
imagenet_r,m0_fedavg,F1,A1_LiRA,0.11895340673703195,0.3086729454566793,0
imagenet_r,m0_fedavg,F1,A1_LiRA,0.12458833642950082,0.3182036010132128,0
imagenet_r,m0_fedavg,F1,A1_LiRA,0.1304901978014403,0.326912732642862,0
imagenet_r,m0_fedavg,F1,A1_LiRA,0.13667163564620075,0.335147532005203,0
imagenet_r,m0_fedavg,F1,A1_LiRA,0.14314589375234785,0.34456571702412736,0
imagenet_r,m0_fedavg,F1,A1_LiRA,0.14992684327860456,0.3536464904302243,0
imagenet_r,m0_fedavg,F1,A1_LiRA,0.15702901247293774,0.3636710383475633,0
imagenet_r,m0_fedavg,F1,A1_LiRA,0.16446761779946645,0.37343641502606384,0
imagenet_r,m0_fedavg,F1,A1_LiRA,0.17225859653987874,0.38383749474322487,0
imagenet_r,m0_fedavg,F1,A1_LiRA,0.18041864093920718,0.3941065438292795,0
imagenet_r,m0_fedavg,F1,A1_LiRA,0.18896523396912096,0.40508953632798367,0
imagenet_r,m0_fedavg,F1,A1_LiRA,0.19791668678535573,0.41743684534812076,0
imagenet_r,m0_fedavg,F1,A1_LiRA,0.2072921779595372,0.42942718266193314,0
imagenet_r,m0_fedavg,F1,A1_LiRA,0.21711179456945054,0.44173537149507575,0
imagenet_r,m0_fedavg,F1,A1_LiRA,0.22739657523579276,0.4546352531565101,0
imagenet_r,m0_fedavg,F1,A1_LiRA,0.23816855519761582,0.467559584934816,0
imagenet_r,m0_fedavg,F1,A1_LiRA,0.24945081352303167,0.48010249488992557,0
imagenet_r,m0_fedavg,F1,A1_LiRA,0.2612675225563329,0.4941466420209489,0
imagenet_r,m0_fedavg,F1,A1_LiRA,0.27364399970746717,0.508440180344062,0
imagenet_r,m0_fedavg,F1,A1_LiRA,0.286606761694825,0.5227337186671752,0
imagenet_r,m0_fedavg,F1,A1_LiRA,0.3001835813575589,0.5376825201224462,0
imagenet_r,m0_fedavg,F1,A1_LiRA,0.31440354715915003,0.5527731322555722,0
imagenet_r,m0_fedavg,F1,A1_LiRA,0.3292971255097151,0.5689004293440523,0
imagenet_r,m0_fedavg,F1,A1_LiRA,0.34489622604057596,0.5853895881622314,0
imagenet_r,m0_fedavg,F1,A1_LiRA,0.36123426997094304,0.6013261743391134,0
imagenet_r,m0_fedavg,F1,A1_LiRA,0.3783462617131929,0.6187004273880429,0
imagenet_r,m0_fedavg,F1,A1_LiRA,0.3962688638701478,0.6356492484034074,0
imagenet_r,m0_fedavg,F1,A1_LiRA,0.41504047578504766,0.6533462429950415,0
imagenet_r,m0_fedavg,F1,A1_LiRA,0.43470131581250265,0.6713953192696261,0
imagenet_r,m0_fedavg,F1,A1_LiRA,0.4552935074866948,0.691033653140862,0
imagenet_r,m0_fedavg,F1,A1_LiRA,0.47686116977144694,0.710202544768164,0
imagenet_r,m0_fedavg,F1,A1_LiRA,0.499450511585514,0.7307406429402733,0
imagenet_r,m0_fedavg,F1,A1_LiRA,0.5231099308056264,0.7502665062739,0
imagenet_r,m0_fedavg,F1,A1_LiRA,0.5478901179593945,0.7704965329734276,0
imagenet_r,m0_fedavg,F1,A1_LiRA,0.5738441648302393,0.7914502831323533,0
imagenet_r,m0_fedavg,F1,A1_LiRA,0.6010276782070382,0.811915030953848,0
imagenet_r,m0_fedavg,F1,A1_LiRA,0.6294988990221888,0.8330839421412435,0
imagenet_r,m0_fedavg,F1,A1_LiRA,0.6593188271333549,0.8541746129546499,0
imagenet_r,m0_fedavg,F1,A1_LiRA,0.6905513520162331,0.8745464503320326,0
imagenet_r,m0_fedavg,F1,A1_LiRA,0.7232633896483533,0.8945319758628446,0
imagenet_r,m0_fedavg,F1,A1_LiRA,0.7575250258771913,0.9148451329597356,0
imagenet_r,m0_fedavg,F1,A1_LiRA,0.7934096665797492,0.9348746687009164,0
imagenet_r,m0_fedavg,F1,A1_LiRA,0.8309941949353395,0.9537110387387652,0
imagenet_r,m0_fedavg,F1,A1_LiRA,0.8703591361485166,0.970493598959403,0
imagenet_r,m0_fedavg,F1,A1_LiRA,0.9115888299750827,0.9847529071188961,0
imagenet_r,m0_fedavg,F1,A1_LiRA,0.9547716114208056,0.9952077770931745,0
imagenet_r,m0_fedavg,F1,A1_LiRA,1.0,1.0,0
imagenet_r,m1_glfc,F1,A1_LiRA,0.0,4.888732449450506e-06,0
imagenet_r,m1_glfc,F1,A1_LiRA,0.0001,0.0015790605811725135,0
imagenet_r,m1_glfc,F1,A1_LiRA,0.00010473708979594497,0.0015839493136219642,0
imagenet_r,m1_glfc,F1,A1_LiRA,0.00010969857978923841,0.0015888380460714147,0
imagenet_r,m1_glfc,F1,A1_LiRA,0.00011489510001873086,0.0017208338222065784,0
imagenet_r,m1_glfc,F1,A1_LiRA,0.00012033778407775893,0.001784387344049435,0
imagenet_r,m1_glfc,F1,A1_LiRA,0.00012603829296797275,0.001813719738746138,0
imagenet_r,m1_glfc,F1,A1_LiRA,0.0001320088400831418,0.0020043803042747075,0
imagenet_r,m1_glfc,F1,A1_LiRA,0.00013826221737646565,0.0020239352340725098,0
imagenet_r,m1_glfc,F1,A1_LiRA,0.0001448118227674533,0.0020434901638703117,0
imagenet_r,m1_glfc,F1,A1_LiRA,0.00015167168884709225,0.0021168211506120693,0
imagenet_r,m1_glfc,F1,A1_LiRA,0.00015885651294280528,0.002199929602252728,0
imagenet_r,m1_glfc,F1,A1_LiRA,0.0001663816886076129,0.0022537056591966833,0
imagenet_r,m1_glfc,F1,A1_LiRA,0.00017426333860096508,0.002258594391646134,0
imagenet_r,m1_glfc,F1,A1_LiRA,0.00018251834943190426,0.002375923970432946,0
imagenet_r,m1_glfc,F1,A1_LiRA,0.00019116440753857018,0.0025128084790175605,0
imagenet_r,m1_glfc,F1,A1_LiRA,0.00020022003718155845,0.002556807071062615,0
imagenet_r,m1_glfc,F1,A1_LiRA,0.00020970464013232327,0.002654581720051625,0
imagenet_r,m1_glfc,F1,A1_LiRA,0.0002196385372416547,0.002791466228636239,0
imagenet_r,m1_glfc,F1,A1_LiRA,0.0002300430119772917,0.0028256873557823926,0
imagenet_r,m1_glfc,F1,A1_LiRA,0.00024094035602395243,0.0029870155266142596,0
imagenet_r,m1_glfc,F1,A1_LiRA,0.0002523539170434766,0.003070123978254918,0
imagenet_r,m1_glfc,F1,A1_LiRA,0.00026430814869741055,0.003202119754390082,0
imagenet_r,m1_glfc,F1,A1_LiRA,0.00027682866303920667,0.0033145606007274433,0
imagenet_r,m1_glfc,F1,A1_LiRA,0.0002899422853882875,0.0034416676444131568,0
imagenet_r,m1_glfc,F1,A1_LiRA,0.0003036771118035457,0.003485666236458211,0
imagenet_r,m1_glfc,F1,A1_LiRA,0.0003180625692794119,0.0035492197583010675,0
imagenet_r,m1_glfc,F1,A1_LiRA,0.00033312947879346737,0.003632328209941726,0
imagenet_r,m1_glfc,F1,A1_LiRA,0.0003489101213406774,0.0037203253940318354,0
imagenet_r,m1_glfc,F1,A1_LiRA,0.00036543830709572547,0.003871876099964801,0
imagenet_r,m1_glfc,F1,A1_LiRA,0.0003827494478516311,0.003940318354257108,0
imagenet_r,m1_glfc,F1,A1_LiRA,0.0004008806328898465,0.004375415542258203,0
imagenet_r,m1_glfc,F1,A1_LiRA,0.000419870708444391,0.004639407094528531,0
imagenet_r,m1_glfc,F1,A1_LiRA,0.00043976036093027214,0.004820290195158199,0
imagenet_r,m1_glfc,F1,A1_LiRA,0.00046059220411451035,0.004942508506394462,0
imagenet_r,m1_glfc,F1,A1_LiRA,0.00048241087041653687,0.0050500606202823735,0
imagenet_r,m1_glfc,F1,A1_LiRA,0.0005052631065335679,0.005216277523563691,0
imagenet_r,m1_glfc,F1,A1_LiRA,0.0005291978735958442,0.005519378935429622,0
imagenet_r,m1_glfc,F1,A1_LiRA,0.0005542664520663107,0.005656263444014236,0
imagenet_r,m1_glfc,F1,A1_LiRA,0.0005805225516094895,0.005710039500958192,0
imagenet_r,m1_glfc,F1,A1_LiRA,0.0006080224261649427,0.005842035277093355,0
imagenet_r,m1_glfc,F1,A1_LiRA,0.0006368249944718586,0.005998474715475772,0
imagenet_r,m1_glfc,F1,A1_LiRA,0.0006669919663030121,0.006218467675701044,0
imagenet_r,m1_glfc,F1,A1_LiRA,0.0006985879746785249,0.006423794438577966,0
imagenet_r,m1_glfc,F1,A1_LiRA,0.0007316807143427193,0.0065117916226680745,0
imagenet_r,m1_glfc,F1,A1_LiRA,0.0007663410868007462,0.006673119793499941,0
imagenet_r,m1_glfc,F1,A1_LiRA,0.0008026433522257174,0.006927333880871368,0
imagenet_r,m1_glfc,F1,A1_LiRA,0.0008406652885618325,0.007083773319253784,0
imagenet_r,m1_glfc,F1,A1_LiRA,0.0008804883581643465,0.007201102898040596,0
imagenet_r,m1_glfc,F1,A1_LiRA,0.0009221978823334322,0.0073770972662208145,0
imagenet_r,m1_glfc,F1,A1_LiRA,0.0009658832241158709,0.007518870507254879,0
imagenet_r,m1_glfc,F1,A1_LiRA,0.001011637979766207,0.007777973327075756,0
imagenet_r,m1_glfc,F1,A1_LiRA,0.001059560179277616,0.00811040713363839,0
imagenet_r,m1_glfc,F1,A1_LiRA,0.0011097524964120721,0.00830106769916696,0
imagenet_r,m1_glfc,F1,A1_LiRA,0.0011623224686798518,0.008555281786538386,0
imagenet_r,m1_glfc,F1,A1_LiRA,0.001217382727739662,0.00888282686065157,0
imagenet_r,m1_glfc,F1,A1_LiRA,0.0012750512407130128,0.009102819820876844,0
imagenet_r,m1_glfc,F1,A1_LiRA,0.0013354515629298987,0.009332590246001016,0
imagenet_r,m1_glfc,F1,A1_LiRA,0.0013987131026472386,0.00964546912276585,0
imagenet_r,m1_glfc,F1,A1_LiRA,0.0014649713983072847,0.009997457859126285,0
imagenet_r,m1_glfc,F1,A1_LiRA,0.0015343684089300133,0.01022233955180101,0
imagenet_r,m1_glfc,F1,A1_LiRA,0.0016070528182616384,0.01050588603386914,0
imagenet_r,m1_glfc,F1,A1_LiRA,0.0016831803533309566,0.010774766318588916,0
imagenet_r,m1_glfc,F1,A1_LiRA,0.001762914118095948,0.01099964801126364,0
imagenet_r,m1_glfc,F1,A1_LiRA,0.0018464249428955426,0.011366302944972427,0
imagenet_r,m1_glfc,F1,A1_LiRA,0.0019338917504552321,0.011811177597872424,0
imagenet_r,m1_glfc,F1,A1_LiRA,0.0020255019392306666,0.012084946615041652,0
imagenet_r,m1_glfc,F1,A1_LiRA,0.00212145178491063,0.012471156478548242,0
imagenet_r,m1_glfc,F1,A1_LiRA,0.002221946860939524,0.01283292267980758,0
imagenet_r,m1_glfc,F1,A1_LiRA,0.0023272024789604074,0.01321424381086472,0
imagenet_r,m1_glfc,F1,A1_LiRA,0.002437444150122222,0.013532011420079001,0
imagenet_r,m1_glfc,F1,A1_LiRA,0.0025529080682395165,0.013903555086237241,0
imagenet_r,m1_glfc,F1,A1_LiRA,0.0026738416158399465,0.014245766357698775,0
imagenet_r,m1_glfc,F1,A1_LiRA,0.002800503894183631,0.014617310023857015,0
imagenet_r,m1_glfc,F1,A1_LiRA,0.0029331662783900424,0.015086628339004263,0
imagenet_r,m1_glfc,F1,A1_LiRA,0.003072112998861759,0.01553150299190426,0
imagenet_r,m1_glfc,F1,A1_LiRA,0.0032176417502507355,0.01603015370174821,0
imagenet_r,m1_glfc,F1,A1_LiRA,0.003370064329271928,0.016475028354648206,0
imagenet_r,m1_glfc,F1,A1_LiRA,0.00352970730273065,0.016846572020806444,0
imagenet_r,m1_glfc,F1,A1_LiRA,0.0036969127071950283,0.017355000195549298,0
imagenet_r,m1_glfc,F1,A1_LiRA,0.003872038781812557,0.017834095975595446,0
imagenet_r,m1_glfc,F1,A1_LiRA,0.004055460735840828,0.018406077672181158,0
imagenet_r,m1_glfc,F1,A1_LiRA,0.0042475715525368985,0.01903672415816027,0
imagenet_r,m1_glfc,F1,A1_LiRA,0.004448782831127585,0.019623372052094332,0
imagenet_r,m1_glfc,F1,A1_LiRA,0.004659525668664682,0.02019046501623059,0
imagenet_r,m1_glfc,F1,A1_LiRA,0.004880251583654433,0.02065000586647894,0
imagenet_r,m1_glfc,F1,A1_LiRA,0.005111433483440166,0.021192655168367946,0
imagenet_r,m1_glfc,F1,A1_LiRA,0.0053535666774107244,0.021833079119245962,0
imagenet_r,m1_glfc,F1,A1_LiRA,0.005607169938205458,0.022483280535022878,0
imagenet_r,m1_glfc,F1,A1_LiRA,0.005872786613189483,0.023118815753451444,0
imagenet_r,m1_glfc,F1,A1_LiRA,0.006150985788580504,0.023695686182486606,0
imagenet_r,m1_glfc,F1,A1_LiRA,0.00644236350872137,0.024644100277680003,0
imagenet_r,m1_glfc,F1,A1_LiRA,0.006747544053110693,0.025553404513277797,0
imagenet_r,m1_glfc,F1,A1_LiRA,0.0070671812739274914,0.02626227071844812,0
imagenet_r,m1_glfc,F1,A1_LiRA,0.007401959996915644,0.027196018616293168,0
imagenet_r,m1_glfc,F1,A1_LiRA,0.007752597488629464,0.02797821580820525,0
imagenet_r,m1_glfc,F1,A1_LiRA,0.008119844993184008,0.028819077789510737,0
imagenet_r,m1_glfc,F1,A1_LiRA,0.008504489341802677,0.0298994876608393,0
imagenet_r,m1_glfc,F1,A1_LiRA,0.00890735463861044,0.030730572177245882,0
imagenet_r,m1_glfc,F1,A1_LiRA,0.009329304026284686,0.03158121162345027,0
imagenet_r,m1_glfc,F1,A1_LiRA,0.009771241535346501,0.03244651726700301,0
imagenet_r,m1_glfc,F1,A1_LiRA,0.010234114021054527,0.03346337361648872,0
imagenet_r,m1_glfc,F1,A1_LiRA,0.010718913192051276,0.034622003207008485,0
imagenet_r,m1_glfc,F1,A1_LiRA,0.011226677735108135,0.03560952716179749,0
imagenet_r,m1_glfc,F1,A1_LiRA,0.01175849554052157,0.036631272243732645,0
imagenet_r,m1_glfc,F1,A1_LiRA,0.012315506032928261,0.03778990183425242,0
imagenet_r,m1_glfc,F1,A1_LiRA,0.01289890261253308,0.039119637060502956,0
imagenet_r,m1_glfc,F1,A1_LiRA,0.013509935211980266,0.04028804411592162,0
imagenet_r,m1_glfc,F1,A1_LiRA,0.01414991297434576,0.041568892017677654,0
imagenet_r,m1_glfc,F1,A1_LiRA,0.014820207057988586,0.04308928780945676,0
imagenet_r,m1_glfc,F1,A1_LiRA,0.01552225357427048,0.0443896906410106,0
imagenet_r,m1_glfc,F1,A1_LiRA,0.016257556664437952,0.046081192068520474,0
imagenet_r,m1_glfc,F1,A1_LiRA,0.017027691722258997,0.04749892447886112,0
imagenet_r,m1_glfc,F1,A1_LiRA,0.017834308769319095,0.04912198365207869,0
imagenet_r,m1_glfc,F1,A1_LiRA,0.01867913599020783,0.05093081465837538,0
imagenet_r,m1_glfc,F1,A1_LiRA,0.01956398343517065,0.05243654425280613,0
imagenet_r,m1_glfc,F1,A1_LiRA,0.020490746898158482,0.054196487934608316,0
imagenet_r,m1_glfc,F1,A1_LiRA,0.021461411978584036,0.056117759787242365,0
imagenet_r,m1_glfc,F1,A1_LiRA,0.02247805833548725,0.057936368258437954,0
imagenet_r,m1_glfc,F1,A1_LiRA,0.02354286414322418,0.05961320348859948,0
imagenet_r,m1_glfc,F1,A1_LiRA,0.024658110758226038,0.061260706324064294,0
imagenet_r,m1_glfc,F1,A1_LiRA,0.025826187606826773,0.06347041339121592,0
imagenet_r,m1_glfc,F1,A1_LiRA,0.027049597304631343,0.06558234580937855,0
imagenet_r,m1_glfc,F1,A1_LiRA,0.02833096101839324,0.06789471625796864,0
imagenet_r,m1_glfc,F1,A1_LiRA,0.029673024081888696,0.06988443036489499,0
imagenet_r,m1_glfc,F1,A1_LiRA,0.03107866187782014,0.07219680081348508,0
imagenet_r,m1_glfc,F1,A1_LiRA,0.0325508859983506,0.07471938675740154,0
imagenet_r,m1_glfc,F1,A1_LiRA,0.03409285069746811,0.07747174312644217,0
imagenet_r,m1_glfc,F1,A1_LiRA,0.03570785964900463,0.08055653330204544,0
imagenet_r,m1_glfc,F1,A1_LiRA,0.03739937302478798,0.08342133051742344,0
imagenet_r,m1_glfc,F1,A1_LiRA,0.039171014908092605,0.08634479252219485,0
imagenet_r,m1_glfc,F1,A1_LiRA,0.04102658105827194,0.08887715593101021,0
imagenet_r,m1_glfc,F1,A1_LiRA,0.04297004704320839,0.09199127850131018,0
imagenet_r,m1_glfc,F1,A1_LiRA,0.04500557675700498,0.09521784191794752,0
imagenet_r,m1_glfc,F1,A1_LiRA,0.047137531341167244,0.09854217998357385,0
imagenet_r,m1_glfc,F1,A1_LiRA,0.049370478528390035,0.10168074621612108,0
imagenet_r,m1_glfc,F1,A1_LiRA,0.05170920242896761,0.10486331104071336,0
imagenet_r,m1_glfc,F1,A1_LiRA,0.054158713780794704,0.10831475615002542,0
imagenet_r,m1_glfc,F1,A1_LiRA,0.05672426068491978,0.11227951816652978,0
imagenet_r,m1_glfc,F1,A1_LiRA,0.05941133984965034,0.11595095623606712,0
imagenet_r,m1_glfc,F1,A1_LiRA,0.06222570836730231,0.12012593374789785,0
imagenet_r,m1_glfc,F1,A1_LiRA,0.06517339604882427,0.1240515859048066,0
imagenet_r,m1_glfc,F1,A1_LiRA,0.06826071834272386,0.1283683366576714,0
imagenet_r,m1_glfc,F1,A1_LiRA,0.07149428986597577,0.13332062262896477,0
imagenet_r,m1_glfc,F1,A1_LiRA,0.07488103857590023,0.1379991395830889,0
imagenet_r,m1_glfc,F1,A1_LiRA,0.07842822061337681,0.1423941100551449,0
imagenet_r,m1_glfc,F1,A1_LiRA,0.0821434358491943,0.14720951151785366,0
imagenet_r,m1_glfc,F1,A1_LiRA,0.086034644166845,0.15242090030896788,0
imagenet_r,m1_glfc,F1,A1_LiRA,0.09011018251665019,0.1574367398021041,0
imagenet_r,m1_glfc,F1,A1_LiRA,0.09437878277775381,0.16298056239978098,0
imagenet_r,m1_glfc,F1,A1_LiRA,0.09884959046625587,0.1689154835934139,0
imagenet_r,m1_glfc,F1,A1_LiRA,0.10353218432956626,0.17449352731823692,0
imagenet_r,m1_glfc,F1,A1_LiRA,0.1084365968689611,0.1805506668231061,0
imagenet_r,m1_glfc,F1,A1_LiRA,0.11357333583431052,0.18668113731471703,0
imagenet_r,m1_glfc,F1,A1_LiRA,0.11895340673703195,0.1930169345692049,0
imagenet_r,m1_glfc,F1,A1_LiRA,0.12458833642950082,0.1992500684422543,0
imagenet_r,m1_glfc,F1,A1_LiRA,0.1304901978014403,0.2065098361296883,0
imagenet_r,m1_glfc,F1,A1_LiRA,0.13667163564620075,0.21370116156282998,0
imagenet_r,m1_glfc,F1,A1_LiRA,0.14314589375234785,0.22127380812702882,0
imagenet_r,m1_glfc,F1,A1_LiRA,0.14992684327860456,0.22914466737064415,0
imagenet_r,m1_glfc,F1,A1_LiRA,0.15702901247293774,0.23757773084594627,0
imagenet_r,m1_glfc,F1,A1_LiRA,0.16446761779946645,0.2461281239000352,0
imagenet_r,m1_glfc,F1,A1_LiRA,0.17225859653987874,0.2548789549845516,0
imagenet_r,m1_glfc,F1,A1_LiRA,0.18041864093920718,0.26423110016035045,0
imagenet_r,m1_glfc,F1,A1_LiRA,0.18896523396912096,0.27392056787516134,0
imagenet_r,m1_glfc,F1,A1_LiRA,0.19791668678535573,0.284030466580625,0
imagenet_r,m1_glfc,F1,A1_LiRA,0.2072921779595372,0.29390081739606555,0
imagenet_r,m1_glfc,F1,A1_LiRA,0.21711179456945054,0.3042209315968556,0
imagenet_r,m1_glfc,F1,A1_LiRA,0.22739657523579276,0.31572900778286206,0
imagenet_r,m1_glfc,F1,A1_LiRA,0.23816855519761582,0.3269339825570026,0
imagenet_r,m1_glfc,F1,A1_LiRA,0.24945081352303167,0.33859360944894207,0
imagenet_r,m1_glfc,F1,A1_LiRA,0.2612675225563329,0.35064433493683755,0
imagenet_r,m1_glfc,F1,A1_LiRA,0.27364399970746717,0.3642838984708045,0
imagenet_r,m1_glfc,F1,A1_LiRA,0.286606761694825,0.3774590324220736,0
imagenet_r,m1_glfc,F1,A1_LiRA,0.3001835813575589,0.39149947201689544,0
imagenet_r,m1_glfc,F1,A1_LiRA,0.31440354715915003,0.4061412257029997,0
imagenet_r,m1_glfc,F1,A1_LiRA,0.3292971255097151,0.4215016230591732,0
imagenet_r,m1_glfc,F1,A1_LiRA,0.34489622604057596,0.438015761273417,0
imagenet_r,m1_glfc,F1,A1_LiRA,0.36123426997094304,0.4543783487817279,0
imagenet_r,m1_glfc,F1,A1_LiRA,0.3783462617131929,0.47123958699988266,0
imagenet_r,m1_glfc,F1,A1_LiRA,0.3962688638701478,0.4894354491767375,0
imagenet_r,m1_glfc,F1,A1_LiRA,0.41504047578504766,0.5082961789667175,0
imagenet_r,m1_glfc,F1,A1_LiRA,0.43470131581250265,0.5274600101685635,0
imagenet_r,m1_glfc,F1,A1_LiRA,0.4552935074866948,0.5477971371582776,0
imagenet_r,m1_glfc,F1,A1_LiRA,0.47686116977144694,0.5692097852868708,0
imagenet_r,m1_glfc,F1,A1_LiRA,0.499450511585514,0.5915806249755563,0
imagenet_r,m1_glfc,F1,A1_LiRA,0.5231099308056264,0.6142203449489616,0
imagenet_r,m1_glfc,F1,A1_LiRA,0.5478901179593945,0.6383609057843482,0
imagenet_r,m1_glfc,F1,A1_LiRA,0.5738441648302393,0.6627752356369041,0
imagenet_r,m1_glfc,F1,A1_LiRA,0.6010276782070382,0.6880939809926082,0
imagenet_r,m1_glfc,F1,A1_LiRA,0.6294988990221888,0.7145078024169893,0
imagenet_r,m1_glfc,F1,A1_LiRA,0.6593188271333549,0.7416500449763386,0
imagenet_r,m1_glfc,F1,A1_LiRA,0.6905513520162331,0.7695842621924988,0
imagenet_r,m1_glfc,F1,A1_LiRA,0.7232633896483533,0.7987651061832688,0
imagenet_r,m1_glfc,F1,A1_LiRA,0.7575250258771913,0.829564120614807,0
imagenet_r,m1_glfc,F1,A1_LiRA,0.7934096665797492,0.8609595604051782,0
imagenet_r,m1_glfc,F1,A1_LiRA,0.8309941949353395,0.8920030114591888,0
imagenet_r,m1_glfc,F1,A1_LiRA,0.8703591361485166,0.9224158160272204,0
imagenet_r,m1_glfc,F1,A1_LiRA,0.9115888299750827,0.952437521999296,0
imagenet_r,m1_glfc,F1,A1_LiRA,0.9547716114208056,0.9805184011889397,0
imagenet_r,m1_glfc,F1,A1_LiRA,1.0,1.0,0
imagenet_r,m2_target,F1,A1_LiRA,0.0,0.0009634192625463463,0
imagenet_r,m2_target,F1,A1_LiRA,0.0001,0.005016592220632742,0
imagenet_r,m2_target,F1,A1_LiRA,0.00010473708979594497,0.005040920989888963,0
imagenet_r,m2_target,F1,A1_LiRA,0.00010969857978923841,0.0050749812668476725,0
imagenet_r,m2_target,F1,A1_LiRA,0.00011489510001873086,0.005147967574616335,0
imagenet_r,m2_target,F1,A1_LiRA,0.00012033778407775893,0.005225819636236242,0
imagenet_r,m2_target,F1,A1_LiRA,0.00012603829296797275,0.005240416897789975,0
imagenet_r,m2_target,F1,A1_LiRA,0.0001320088400831418,0.005337731974814858,0
imagenet_r,m2_target,F1,A1_LiRA,0.00013826221737646565,0.005420449790286009,0
imagenet_r,m2_target,F1,A1_LiRA,0.0001448118227674533,0.005469107328798451,0
imagenet_r,m2_target,F1,A1_LiRA,0.00015167168884709225,0.005532362128864625,0
imagenet_r,m2_target,F1,A1_LiRA,0.00015885651294280528,0.005697797759806927,0
imagenet_r,m2_target,F1,A1_LiRA,0.0001663816886076129,0.005712395021360659,0
imagenet_r,m2_target,F1,A1_LiRA,0.00017426333860096508,0.005804844344534299,0
imagenet_r,m2_target,F1,A1_LiRA,0.00018251834943190426,0.005911890929261671,0
imagenet_r,m2_target,F1,A1_LiRA,0.00019116440753857018,0.00594595120622038,0
imagenet_r,m2_target,F1,A1_LiRA,0.00020022003718155845,0.0060432662832452634,0
imagenet_r,m2_target,F1,A1_LiRA,0.00020970464013232327,0.006359540283576134,0
imagenet_r,m2_target,F1,A1_LiRA,0.0002196385372416547,0.0064471238528985295,0
imagenet_r,m2_target,F1,A1_LiRA,0.0002300430119772917,0.006734203330121936,0
imagenet_r,m2_target,F1,A1_LiRA,0.00024094035602395243,0.006802323884039355,0
imagenet_r,m2_target,F1,A1_LiRA,0.0002523539170434766,0.007016417053494098,0
imagenet_r,m2_target,F1,A1_LiRA,0.00026430814869741055,0.0071818526844364,0
imagenet_r,m2_target,F1,A1_LiRA,0.00027682866303920667,0.007386214346188655,0
imagenet_r,m2_target,F1,A1_LiRA,0.0002899422853882875,0.007527321207874736,0
imagenet_r,m2_target,F1,A1_LiRA,0.0003036771118035457,0.007663562315709573,0
imagenet_r,m2_target,F1,A1_LiRA,0.0003180625692794119,0.007790071915841921,0
imagenet_r,m2_target,F1,A1_LiRA,0.00033312947879346737,0.007994433577594176,0
imagenet_r,m2_target,F1,A1_LiRA,0.0003489101213406774,0.008120943177726525,0
imagenet_r,m2_target,F1,A1_LiRA,0.00036543830709572547,0.008232855516305142,0
imagenet_r,m2_target,F1,A1_LiRA,0.0003827494478516311,0.008339902101032514,0
imagenet_r,m2_target,F1,A1_LiRA,0.0004008806328898465,0.008646444593660896,0
imagenet_r,m2_target,F1,A1_LiRA,0.000419870708444391,0.008967584347843012,0
imagenet_r,m2_target,F1,A1_LiRA,0.00043976036093027214,0.009055167917165407,0
imagenet_r,m2_target,F1,A1_LiRA,0.00046059220411451035,0.009274126840471394,0
imagenet_r,m2_target,F1,A1_LiRA,0.00048241087041653687,0.009454159732967428,0
imagenet_r,m2_target,F1,A1_LiRA,0.0005052631065335679,0.009721776194785859,0
imagenet_r,m2_target,F1,A1_LiRA,0.0005291978735958442,0.0099796611489018,0
imagenet_r,m2_target,F1,A1_LiRA,0.0005542664520663107,0.010252143364571474,0
imagenet_r,m2_target,F1,A1_LiRA,0.0005805225516094895,0.010398115980108799,0
imagenet_r,m2_target,F1,A1_LiRA,0.0006080224261649427,0.01085549684212575,0
imagenet_r,m2_target,F1,A1_LiRA,0.0006368249944718586,0.011200965365564086,0
imagenet_r,m2_target,F1,A1_LiRA,0.0006669919663030121,0.011385864011911365,0
imagenet_r,m2_target,F1,A1_LiRA,0.0006985879746785249,0.011609688689068597,0
imagenet_r,m2_target,F1,A1_LiRA,0.0007316807143427193,0.011984351735614398,0
imagenet_r,m2_target,F1,A1_LiRA,0.0007663410868007462,0.012193579151217899,0
imagenet_r,m2_target,F1,A1_LiRA,0.0008026433522257174,0.012524450413102501,0
imagenet_r,m2_target,F1,A1_LiRA,0.0008406652885618325,0.012641228505532362,0
imagenet_r,m2_target,F1,A1_LiRA,0.0008804883581643465,0.012962368259714478,0
imagenet_r,m2_target,F1,A1_LiRA,0.0009221978823334322,0.013351628567814012,0
imagenet_r,m2_target,F1,A1_LiRA,0.0009658832241158709,0.013794412168277231,0
imagenet_r,m2_target,F1,A1_LiRA,0.001011637979766207,0.014217732753335474,0
imagenet_r,m2_target,F1,A1_LiRA,0.001059560179277616,0.014441557430492706,0
imagenet_r,m2_target,F1,A1_LiRA,0.0011097524964120721,0.014572932784476298,0
imagenet_r,m2_target,F1,A1_LiRA,0.0011623224686798518,0.01489893829250966,0
imagenet_r,m2_target,F1,A1_LiRA,0.001217382727739662,0.01527360133905546,0
imagenet_r,m2_target,F1,A1_LiRA,0.0012750512407130128,0.01569205617026246,0
imagenet_r,m2_target,F1,A1_LiRA,0.0013354515629298987,0.016154302786130656,0
imagenet_r,m2_target,F1,A1_LiRA,0.0013987131026472386,0.01651923432497397,0
imagenet_r,m2_target,F1,A1_LiRA,0.0014649713983072847,0.01699121244854465,0
imagenet_r,m2_target,F1,A1_LiRA,0.0015343684089300133,0.017351278233536722,0
imagenet_r,m2_target,F1,A1_LiRA,0.0016070528182616384,0.018183322142099476,0
imagenet_r,m2_target,F1,A1_LiRA,0.0016831803533309566,0.018577448204050252,0
imagenet_r,m2_target,F1,A1_LiRA,0.001762914118095948,0.019380297589505543,0
imagenet_r,m2_target,F1,A1_LiRA,0.0018464249428955426,0.01977442365145632,0
imagenet_r,m2_target,F1,A1_LiRA,0.0019338917504552321,0.020387508636713087,0
imagenet_r,m2_target,F1,A1_LiRA,0.0020255019392306666,0.02085948676028377,0
imagenet_r,m2_target,F1,A1_LiRA,0.00212145178491063,0.02121955254527584,0
imagenet_r,m2_target,F1,A1_LiRA,0.002221946860939524,0.021676933407292792,0
imagenet_r,m2_target,F1,A1_LiRA,0.0023272024789604074,0.022260823869442094,0
imagenet_r,m2_target,F1,A1_LiRA,0.002437444150122222,0.022951760916318766,0
imagenet_r,m2_target,F1,A1_LiRA,0.0025529080682395165,0.023535651378468067,0
imagenet_r,m2_target,F1,A1_LiRA,0.0026738416158399465,0.024177930886832295,0
imagenet_r,m2_target,F1,A1_LiRA,0.002800503894183631,0.024946719995328877,0
imagenet_r,m2_target,F1,A1_LiRA,0.0029331662783900424,0.025681448826866748,0
imagenet_r,m2_target,F1,A1_LiRA,0.003072112998861759,0.02625560778131356,0
imagenet_r,m2_target,F1,A1_LiRA,0.0032176417502507355,0.026970873597446453,0
imagenet_r,m2_target,F1,A1_LiRA,0.003370064329271928,0.027501240767232066,0
imagenet_r,m2_target,F1,A1_LiRA,0.00352970730273065,0.028270029875728648,0
imagenet_r,m2_target,F1,A1_LiRA,0.0036969127071950283,0.029102073784291402,0
imagenet_r,m2_target,F1,A1_LiRA,0.003872038781812557,0.030002238246771572,0
imagenet_r,m2_target,F1,A1_LiRA,0.004055460735840828,0.030736967078309443,0
imagenet_r,m2_target,F1,A1_LiRA,0.0042475715525368985,0.03152035344835975,0
imagenet_r,m2_target,F1,A1_LiRA,0.004448782831127585,0.032221022002938915,0
imagenet_r,m2_target,F1,A1_LiRA,0.004659525668664682,0.032989811111435494,0
imagenet_r,m2_target,F1,A1_LiRA,0.004880251583654433,0.03380239200459327,0
imagenet_r,m2_target,F1,A1_LiRA,0.005111433483440166,0.034756079759437127,0
imagenet_r,m2_target,F1,A1_LiRA,0.0053535666774107244,0.035704901760429744,0
imagenet_r,m2_target,F1,A1_LiRA,0.005607169938205458,0.036916474469389546,0
imagenet_r,m2_target,F1,A1_LiRA,0.005872786613189483,0.03808912114753939,0
imagenet_r,m2_target,F1,A1_LiRA,0.006150985788580504,0.03889683628684592,0
imagenet_r,m2_target,F1,A1_LiRA,0.00644236350872137,0.03997216788797088,0
imagenet_r,m2_target,F1,A1_LiRA,0.006747544053110693,0.041096157027608285,0
imagenet_r,m2_target,F1,A1_LiRA,0.0070671812739274914,0.04230772973656809,0
imagenet_r,m2_target,F1,A1_LiRA,0.007401959996915644,0.04349983943012291,0
imagenet_r,m2_target,F1,A1_LiRA,0.007752597488629464,0.044653023092867776,0
imagenet_r,m2_target,F1,A1_LiRA,0.008119844993184008,0.04586946155567882,0
imagenet_r,m2_target,F1,A1_LiRA,0.008504489341802677,0.04741677128037447,0
imagenet_r,m2_target,F1,A1_LiRA,0.00890735463861044,0.04825854669663971,0
imagenet_r,m2_target,F1,A1_LiRA,0.009329304026284686,0.04971827285201296,0
imagenet_r,m2_target,F1,A1_LiRA,0.009771241535346501,0.05120232777664244,0
imagenet_r,m2_target,F1,A1_LiRA,0.010234114021054527,0.05242363199330472,0
imagenet_r,m2_target,F1,A1_LiRA,0.010718913192051276,0.05398067322570286,0
imagenet_r,m2_target,F1,A1_LiRA,0.011226677735108135,0.05534308430405123,0
imagenet_r,m2_target,F1,A1_LiRA,0.01175849554052157,0.05680281045942448,0
imagenet_r,m2_target,F1,A1_LiRA,0.012315506032928261,0.0587880380307321,0
imagenet_r,m2_target,F1,A1_LiRA,0.01289890261253308,0.060622427232651155,0
imagenet_r,m2_target,F1,A1_LiRA,0.013509935211980266,0.06255413151159508,0
imagenet_r,m2_target,F1,A1_LiRA,0.01414991297434576,0.06422308508257184,0
imagenet_r,m2_target,F1,A1_LiRA,0.014820207057988586,0.06595042769976353,0
imagenet_r,m2_target,F1,A1_LiRA,0.01552225357427048,0.06748800591675669,0
imagenet_r,m2_target,F1,A1_LiRA,0.016257556664437952,0.069307797857122,0
imagenet_r,m2_target,F1,A1_LiRA,0.017027691722258997,0.0713124884438346,0
imagenet_r,m2_target,F1,A1_LiRA,0.017834308769319095,0.07361885576932434,0
imagenet_r,m2_target,F1,A1_LiRA,0.01867913599020783,0.0762366313412937,0
imagenet_r,m2_target,F1,A1_LiRA,0.01956398343517065,0.07835810002043617,0
imagenet_r,m2_target,F1,A1_LiRA,0.020490746898158482,0.08089802353078562,0
imagenet_r,m2_target,F1,A1_LiRA,0.021461411978584036,0.08302435796377933,0
imagenet_r,m2_target,F1,A1_LiRA,0.02247805833548725,0.08521394719683921,0
imagenet_r,m2_target,F1,A1_LiRA,0.02354286414322418,0.0876370926147588,0
imagenet_r,m2_target,F1,A1_LiRA,0.024658110758226038,0.09046409560233167,0
imagenet_r,m2_target,F1,A1_LiRA,0.025826187606826773,0.09311593145125974,0
imagenet_r,m2_target,F1,A1_LiRA,0.027049597304631343,0.09579696182329528,0
imagenet_r,m2_target,F1,A1_LiRA,0.02833096101839324,0.09858990453390944,0
imagenet_r,m2_target,F1,A1_LiRA,0.029673024081888696,0.10163100069093704,0
imagenet_r,m2_target,F1,A1_LiRA,0.03107866187782014,0.10460397629404723,0
imagenet_r,m2_target,F1,A1_LiRA,0.0325508859983506,0.1080148697437694,0
imagenet_r,m2_target,F1,A1_LiRA,0.03409285069746811,0.11171770842456621,0
imagenet_r,m2_target,F1,A1_LiRA,0.03570785964900463,0.11561031150556156,0
imagenet_r,m2_target,F1,A1_LiRA,0.03739937302478798,0.11909419126305239,0
imagenet_r,m2_target,F1,A1_LiRA,0.039171014908092605,0.12266078883601436,0
imagenet_r,m2_target,F1,A1_LiRA,0.04102658105827194,0.12606195077803403,0
imagenet_r,m2_target,F1,A1_LiRA,0.04297004704320839,0.13023676758240155,0
imagenet_r,m2_target,F1,A1_LiRA,0.04500557675700498,0.13423155149427302,0
imagenet_r,m2_target,F1,A1_LiRA,0.047137531341167244,0.13865452174505397,0
imagenet_r,m2_target,F1,A1_LiRA,0.049370478528390035,0.1433305111960996,0
imagenet_r,m2_target,F1,A1_LiRA,0.05170920242896761,0.14715985947702878,0
imagenet_r,m2_target,F1,A1_LiRA,0.054158713780794704,0.15166068178942962,0
imagenet_r,m2_target,F1,A1_LiRA,0.05672426068491978,0.15631234247121906,0
imagenet_r,m2_target,F1,A1_LiRA,0.05941133984965034,0.16101752644537218,0
imagenet_r,m2_target,F1,A1_LiRA,0.06222570836730231,0.16612170223532732,0
imagenet_r,m2_target,F1,A1_LiRA,0.06517339604882427,0.1716054068256795,0
imagenet_r,m2_target,F1,A1_LiRA,0.06826071834272386,0.17673877713874211,0
imagenet_r,m2_target,F1,A1_LiRA,0.07149428986597577,0.18203271732889575,0
imagenet_r,m2_target,F1,A1_LiRA,0.07488103857590023,0.18815870142761218,0
imagenet_r,m2_target,F1,A1_LiRA,0.07842822061337681,0.19384190192586537,0
imagenet_r,m2_target,F1,A1_LiRA,0.0821434358491943,0.19955429694722604,0
imagenet_r,m2_target,F1,A1_LiRA,0.086034644166845,0.20584571667688475,0
imagenet_r,m2_target,F1,A1_LiRA,0.09011018251665019,0.21202035831411362,0
imagenet_r,m2_target,F1,A1_LiRA,0.09437878277775381,0.21907083564456642,0
imagenet_r,m2_target,F1,A1_LiRA,0.09884959046625587,0.22612131297501922,0
imagenet_r,m2_target,F1,A1_LiRA,0.10353218432956626,0.23376054652147257,0
imagenet_r,m2_target,F1,A1_LiRA,0.1084365968689611,0.24083048686733036,0
imagenet_r,m2_target,F1,A1_LiRA,0.11357333583431052,0.24814371490575035,0
imagenet_r,m2_target,F1,A1_LiRA,0.11895340673703195,0.25553479500579024,0
imagenet_r,m2_target,F1,A1_LiRA,0.12458833642950082,0.26273611070563163,0
imagenet_r,m2_target,F1,A1_LiRA,0.1304901978014403,0.2717426210842846,0
imagenet_r,m2_target,F1,A1_LiRA,0.13667163564620075,0.27980030946194495,0
imagenet_r,m2_target,F1,A1_LiRA,0.14314589375234785,0.28871437051742427,0
imagenet_r,m2_target,F1,A1_LiRA,0.14992684327860456,0.2980566179118131,0
imagenet_r,m2_target,F1,A1_LiRA,0.15702901247293774,0.30723829542911085,0
imagenet_r,m2_target,F1,A1_LiRA,0.16446761779946645,0.31732986891659126,0
imagenet_r,m2_target,F1,A1_LiRA,0.17225859653987874,0.3267207738494925,0
imagenet_r,m2_target,F1,A1_LiRA,0.18041864093920718,0.3366128514290719,0
imagenet_r,m2_target,F1,A1_LiRA,0.18896523396912096,0.3464903317470976,0
imagenet_r,m2_target,F1,A1_LiRA,0.19791668678535573,0.357219318989091,0
imagenet_r,m2_target,F1,A1_LiRA,0.2072921779595372,0.36875602137039093,0
imagenet_r,m2_target,F1,A1_LiRA,0.21711179456945054,0.38028299224398837,0
imagenet_r,m2_target,F1,A1_LiRA,0.22739657523579276,0.3923403302873714,0
imagenet_r,m2_target,F1,A1_LiRA,0.23816855519761582,0.40452417793088685,0
imagenet_r,m2_target,F1,A1_LiRA,0.24945081352303167,0.4169123872361545,0
imagenet_r,m2_target,F1,A1_LiRA,0.2612675225563329,0.4302056267577536,0
imagenet_r,m2_target,F1,A1_LiRA,0.27364399970746717,0.44468611021905624,0
imagenet_r,m2_target,F1,A1_LiRA,0.286606761694825,0.45919578820346635,0
imagenet_r,m2_target,F1,A1_LiRA,0.3001835813575589,0.47405580046516604,0
imagenet_r,m2_target,F1,A1_LiRA,0.31440354715915003,0.4894461798966514,0
imagenet_r,m2_target,F1,A1_LiRA,0.3292971255097151,0.5051674305900213,0
imagenet_r,m2_target,F1,A1_LiRA,0.34489622604057596,0.5211173717143998,0
imagenet_r,m2_target,F1,A1_LiRA,0.36123426997094304,0.537164627915803,0
imagenet_r,m2_target,F1,A1_LiRA,0.3783462617131929,0.5546813417802821,0
imagenet_r,m2_target,F1,A1_LiRA,0.3962688638701478,0.5726019132144143,0
imagenet_r,m2_target,F1,A1_LiRA,0.41504047578504766,0.5906003367101665,0
imagenet_r,m2_target,F1,A1_LiRA,0.43470131581250265,0.6098492589456884,0
imagenet_r,m2_target,F1,A1_LiRA,0.4552935074866948,0.6292149592736402,0
imagenet_r,m2_target,F1,A1_LiRA,0.47686116977144694,0.6498408898490643,0
imagenet_r,m2_target,F1,A1_LiRA,0.499450511585514,0.6713426561177123,0
imagenet_r,m2_target,F1,A1_LiRA,0.5231099308056264,0.6924016387858971,0
imagenet_r,m2_target,F1,A1_LiRA,0.5478901179593945,0.7151733668097199,0
imagenet_r,m2_target,F1,A1_LiRA,0.5738441648302393,0.7381348592337411,0
imagenet_r,m2_target,F1,A1_LiRA,0.6010276782070382,0.7624976887669207,0
imagenet_r,m2_target,F1,A1_LiRA,0.6294988990221888,0.786218238791736,0
imagenet_r,m2_target,F1,A1_LiRA,0.6593188271333549,0.809753890170204,0
imagenet_r,m2_target,F1,A1_LiRA,0.6905513520162331,0.8342383635496647,0
imagenet_r,m2_target,F1,A1_LiRA,0.7232633896483533,0.8584600862211582,0
imagenet_r,m2_target,F1,A1_LiRA,0.7575250258771913,0.8831245924931149,0
imagenet_r,m2_target,F1,A1_LiRA,0.7934096665797492,0.906640780856178,0
imagenet_r,m2_target,F1,A1_LiRA,0.8309941949353395,0.9300401911268112,0
imagenet_r,m2_target,F1,A1_LiRA,0.8703591361485166,0.9516684669955916,0
imagenet_r,m2_target,F1,A1_LiRA,0.9115888299750827,0.9711752741852295,0
imagenet_r,m2_target,F1,A1_LiRA,0.9547716114208056,0.9884487003571464,0
imagenet_r,m2_target,F1,A1_LiRA,1.0,1.0,0
imagenet_r,m3_fot,F1,A1_LiRA,0.0,0.006459828551076069,0
imagenet_r,m3_fot,F1,A1_LiRA,0.0001,0.015939773320517762,0
imagenet_r,m3_fot,F1,A1_LiRA,0.00010473708979594497,0.01610566015642153,0
imagenet_r,m3_fot,F1,A1_LiRA,0.00010969857978923841,0.0164764660249123,0
imagenet_r,m3_fot,F1,A1_LiRA,0.00011489510001873086,0.016603320664132826,0
imagenet_r,m3_fot,F1,A1_LiRA,0.00012033778407775893,0.016822876770476048,0
imagenet_r,m3_fot,F1,A1_LiRA,0.00012603829296797275,0.01758400460579921,0
imagenet_r,m3_fot,F1,A1_LiRA,0.0001320088400831418,0.017808439736727834,0
imagenet_r,m3_fot,F1,A1_LiRA,0.00013826221737646565,0.01790602022843593,0
imagenet_r,m3_fot,F1,A1_LiRA,0.0001448118227674533,0.018476866104928304,0
imagenet_r,m3_fot,F1,A1_LiRA,0.00015167168884709225,0.01922335686649525,0
imagenet_r,m3_fot,F1,A1_LiRA,0.00015885651294280528,0.019403880776155232,0
imagenet_r,m3_fot,F1,A1_LiRA,0.0001663816886076129,0.01955513053830278,0
imagenet_r,m3_fot,F1,A1_LiRA,0.00017426333860096508,0.01998936372640382,0
imagenet_r,m3_fot,F1,A1_LiRA,0.00018251834943190426,0.020843193028849672,0
imagenet_r,m3_fot,F1,A1_LiRA,0.00019116440753857018,0.020882225225532913,0
imagenet_r,m3_fot,F1,A1_LiRA,0.00020022003718155845,0.020935894495972364,0
imagenet_r,m3_fot,F1,A1_LiRA,0.00020970464013232327,0.021443313052854473,0
imagenet_r,m3_fot,F1,A1_LiRA,0.0002196385372416547,0.021662869159197694,0
imagenet_r,m3_fot,F1,A1_LiRA,0.0002300430119772917,0.022126376494811157,0
imagenet_r,m3_fot,F1,A1_LiRA,0.00024094035602395243,0.02216052966690899,0
imagenet_r,m3_fot,F1,A1_LiRA,0.0002523539170434766,0.022604520904180837,0
imagenet_r,m3_fot,F1,A1_LiRA,0.00026430814869741055,0.022853351158036484,0
imagenet_r,m3_fot,F1,A1_LiRA,0.00027682866303920667,0.02299484287101323,0
imagenet_r,m3_fot,F1,A1_LiRA,0.0002899422853882875,0.023214398977356446,0
imagenet_r,m3_fot,F1,A1_LiRA,0.0003036771118035457,0.02361935801794505,0
imagenet_r,m3_fot,F1,A1_LiRA,0.0003180625692794119,0.024673227328392507,0
imagenet_r,m3_fot,F1,A1_LiRA,0.00033312947879346737,0.025488024434155123,0
imagenet_r,m3_fot,F1,A1_LiRA,0.0003489101213406774,0.02572221761425456,0
imagenet_r,m3_fot,F1,A1_LiRA,0.00036543830709572547,0.02600520104020804,0
imagenet_r,m3_fot,F1,A1_LiRA,0.0003827494478516311,0.026380885933284217,0
imagenet_r,m3_fot,F1,A1_LiRA,0.0004008806328898465,0.02764455330090408,0
imagenet_r,m3_fot,F1,A1_LiRA,0.000419870708444391,0.028088544538175927,0
imagenet_r,m3_fot,F1,A1_LiRA,0.00043976036093027214,0.02824955234949429,0
imagenet_r,m3_fot,F1,A1_LiRA,0.00046059220411451035,0.028532535775447773,0
imagenet_r,m3_fot,F1,A1_LiRA,0.00048241087041653687,0.02882039822598666,0
imagenet_r,m3_fot,F1,A1_LiRA,0.0005052631065335679,0.029044833356915285,0
imagenet_r,m3_fot,F1,A1_LiRA,0.0005291978735958442,0.029274147512429315,0
imagenet_r,m3_fot,F1,A1_LiRA,0.0005542664520663107,0.029962089978971405,0
imagenet_r,m3_fot,F1,A1_LiRA,0.0005805225516094895,0.03034753292121839,0
imagenet_r,m3_fot,F1,A1_LiRA,0.0006080224261649427,0.031420918330007465,0
imagenet_r,m3_fot,F1,A1_LiRA,0.0006368249944718586,0.03162095833800906,0
imagenet_r,m3_fot,F1,A1_LiRA,0.0006669919663030121,0.03209910274737875,0
imagenet_r,m3_fot,F1,A1_LiRA,0.0006985879746785249,0.03249430373879654,0
imagenet_r,m3_fot,F1,A1_LiRA,0.0007316807143427193,0.03291389985314136,0
imagenet_r,m3_fot,F1,A1_LiRA,0.0007663410868007462,0.03344571353295049,0
imagenet_r,m3_fot,F1,A1_LiRA,0.0008026433522257174,0.033753092081831,0
imagenet_r,m3_fot,F1,A1_LiRA,0.0008406652885618325,0.03417268819617582,0
imagenet_r,m3_fot,F1,A1_LiRA,0.0008804883581643465,0.035221678482037874,0
imagenet_r,m3_fot,F1,A1_LiRA,0.0009221978823334322,0.03619748339911885,0
imagenet_r,m3_fot,F1,A1_LiRA,0.0009658832241158709,0.03649022487424314,0
imagenet_r,m3_fot,F1,A1_LiRA,0.001011637979766207,0.03721232051288306,0
imagenet_r,m3_fot,F1,A1_LiRA,0.001059560179277616,0.03797832737279163,0
imagenet_r,m3_fot,F1,A1_LiRA,0.0011097524964120721,0.03868578593767534,0
imagenet_r,m3_fot,F1,A1_LiRA,0.0011623224686798518,0.03939812352714445,0
imagenet_r,m3_fot,F1,A1_LiRA,0.001217382727739662,0.040349533321298404,0
imagenet_r,m3_fot,F1,A1_LiRA,0.0012750512407130128,0.040925258222376186,0
imagenet_r,m3_fot,F1,A1_LiRA,0.0013354515629298987,0.04230602218004577,0
imagenet_r,m3_fot,F1,A1_LiRA,0.0013987131026472386,0.04319400465458945,0
imagenet_r,m3_fot,F1,A1_LiRA,0.0014649713983072847,0.043945374440741806,0
imagenet_r,m3_fot,F1,A1_LiRA,0.0015343684089300133,0.04475529252191902,0
imagenet_r,m3_fot,F1,A1_LiRA,0.0016070528182616384,0.045594484750608656,0
imagenet_r,m3_fot,F1,A1_LiRA,0.0016831803533309566,0.04687278919198474,0
imagenet_r,m3_fot,F1,A1_LiRA,0.001762914118095948,0.04755097360935602,0
imagenet_r,m3_fot,F1,A1_LiRA,0.0018464249428955426,0.048190125830044055,0
imagenet_r,m3_fot,F1,A1_LiRA,0.0019338917504552321,0.04904883415707532,0
imagenet_r,m3_fot,F1,A1_LiRA,0.0020255019392306666,0.05031738054928059,0
imagenet_r,m3_fot,F1,A1_LiRA,0.00212145178491063,0.05198600695748906,0
imagenet_r,m3_fot,F1,A1_LiRA,0.002221946860939524,0.05320576310384028,0
imagenet_r,m3_fot,F1,A1_LiRA,0.0023272024789604074,0.054459672422289336,0
imagenet_r,m3_fot,F1,A1_LiRA,0.002437444150122222,0.055469630511468145,0
imagenet_r,m3_fot,F1,A1_LiRA,0.0025529080682395165,0.056606443239867486,0
imagenet_r,m3_fot,F1,A1_LiRA,0.0026738416158399465,0.05787986865665816,0
imagenet_r,m3_fot,F1,A1_LiRA,0.002800503894183631,0.0592167213930591,0
imagenet_r,m3_fot,F1,A1_LiRA,0.0029331662783900424,0.06034377607228763,0
imagenet_r,m3_fot,F1,A1_LiRA,0.003072112998861759,0.061383008308978866,0
imagenet_r,m3_fot,F1,A1_LiRA,0.0032176417502507355,0.06238808737357227,0
imagenet_r,m3_fot,F1,A1_LiRA,0.003370064329271928,0.0640079235359267,0
imagenet_r,m3_fot,F1,A1_LiRA,0.00352970730273065,0.06582779970628272,0
imagenet_r,m3_fot,F1,A1_LiRA,0.0036969127071950283,0.06706219292639015,0
imagenet_r,m3_fot,F1,A1_LiRA,0.003872038781812557,0.06819412663020409,0
imagenet_r,m3_fot,F1,A1_LiRA,0.004055460735840828,0.06976029352211906,0
imagenet_r,m3_fot,F1,A1_LiRA,0.0042475715525368985,0.07101908186515352,0
imagenet_r,m3_fot,F1,A1_LiRA,0.004448782831127585,0.072302265331115,0
imagenet_r,m3_fot,F1,A1_LiRA,0.004659525668664682,0.07397089173932347,0
imagenet_r,m3_fot,F1,A1_LiRA,0.004880251583654433,0.07523455910694334,0
imagenet_r,m3_fot,F1,A1_LiRA,0.005111433483440166,0.07686903234305398,0
imagenet_r,m3_fot,F1,A1_LiRA,0.0053535666774107244,0.07912802072609644,0
imagenet_r,m3_fot,F1,A1_LiRA,0.005607169938205458,0.0810893886094292,0
imagenet_r,m3_fot,F1,A1_LiRA,0.005872786613189483,0.08286535355851658,0
imagenet_r,m3_fot,F1,A1_LiRA,0.006150985788580504,0.08413389995072185,0
imagenet_r,m3_fot,F1,A1_LiRA,0.00644236350872137,0.08600744539151733,0
imagenet_r,m3_fot,F1,A1_LiRA,0.006747544053110693,0.08818349035660791,0
imagenet_r,m3_fot,F1,A1_LiRA,0.0070671812739274914,0.08983260066647476,0
imagenet_r,m3_fot,F1,A1_LiRA,0.007401959996915644,0.09178421050063672,0
imagenet_r,m3_fot,F1,A1_LiRA,0.007752597488629464,0.09373582033479867,0
imagenet_r,m3_fot,F1,A1_LiRA,0.008119844993184008,0.09611190530789085,0
imagenet_r,m3_fot,F1,A1_LiRA,0.008504489341802677,0.09839040978927492,0
imagenet_r,m3_fot,F1,A1_LiRA,0.00890735463861044,0.10070794646734225,0
imagenet_r,m3_fot,F1,A1_LiRA,0.009329304026284686,0.10259124995730853,0
imagenet_r,m3_fot,F1,A1_LiRA,0.009771241535346501,0.10512346371713367,0
imagenet_r,m3_fot,F1,A1_LiRA,0.010234114021054527,0.1079532979766685,0
imagenet_r,m3_fot,F1,A1_LiRA,0.010718913192051276,0.11026595563015042,0
imagenet_r,m3_fot,F1,A1_LiRA,0.011226677735108135,0.11284695963582961,0
imagenet_r,m3_fot,F1,A1_LiRA,0.01175849554052157,0.11532550412521529,0
imagenet_r,m3_fot,F1,A1_LiRA,0.012315506032928261,0.11777965349167395,0
imagenet_r,m3_fot,F1,A1_LiRA,0.01289890261253308,0.11985323894047102,0
imagenet_r,m3_fot,F1,A1_LiRA,0.013509935211980266,0.12237081562653994,0
imagenet_r,m3_fot,F1,A1_LiRA,0.01414991297434576,0.12483960206675482,0
imagenet_r,m3_fot,F1,A1_LiRA,0.014820207057988586,0.1275133075395567,0
imagenet_r,m3_fot,F1,A1_LiRA,0.01552225357427048,0.13049927058582447,0
imagenet_r,m3_fot,F1,A1_LiRA,0.016257556664437952,0.13384140242682682,0
imagenet_r,m3_fot,F1,A1_LiRA,0.017027691722258997,0.1364907127767017,0
imagenet_r,m3_fot,F1,A1_LiRA,0.017834308769319095,0.13935470020833435,0
imagenet_r,m3_fot,F1,A1_LiRA,0.01867913599020783,0.14236017935294376,0
imagenet_r,m3_fot,F1,A1_LiRA,0.01956398343517065,0.14567791607101907,0
imagenet_r,m3_fot,F1,A1_LiRA,0.020490746898158482,0.1488883142482155,0
imagenet_r,m3_fot,F1,A1_LiRA,0.021461411978584036,0.15203528510580164,0
imagenet_r,m3_fot,F1,A1_LiRA,0.02247805833548725,0.1551090705946067,0
imagenet_r,m3_fot,F1,A1_LiRA,0.02354286414322418,0.1588707985499539,0
imagenet_r,m3_fot,F1,A1_LiRA,0.024658110758226038,0.1626861957757405,0
imagenet_r,m3_fot,F1,A1_LiRA,0.025826187606826773,0.16629179494435473,0
imagenet_r,m3_fot,F1,A1_LiRA,0.027049597304631343,0.16999985362926243,0
imagenet_r,m3_fot,F1,A1_LiRA,0.02833096101839324,0.17381525085504906,0
imagenet_r,m3_fot,F1,A1_LiRA,0.029673024081888696,0.17828931639986534,0
imagenet_r,m3_fot,F1,A1_LiRA,0.03107866187782014,0.18236330192867842,0
imagenet_r,m3_fot,F1,A1_LiRA,0.0325508859983506,0.1863445859903688,0
imagenet_r,m3_fot,F1,A1_LiRA,0.03409285069746811,0.1909308691006494,0
imagenet_r,m3_fot,F1,A1_LiRA,0.03570785964900463,0.1955513053830278,0
imagenet_r,m3_fot,F1,A1_LiRA,0.03739937302478798,0.20017662068999165,0
imagenet_r,m3_fot,F1,A1_LiRA,0.039171014908092605,0.20481169404612629,0
imagenet_r,m3_fot,F1,A1_LiRA,0.04102658105827194,0.20985660546743495,0
imagenet_r,m3_fot,F1,A1_LiRA,0.04297004704320839,0.21494054908542684,0
imagenet_r,m3_fot,F1,A1_LiRA,0.04500557675700498,0.22094662835006026,0
imagenet_r,m3_fot,F1,A1_LiRA,0.047137531341167244,0.22570855634541542,0
imagenet_r,m3_fot,F1,A1_LiRA,0.049370478528390035,0.23082665313550516,0
imagenet_r,m3_fot,F1,A1_LiRA,0.05170920242896761,0.23580325821261813,0
imagenet_r,m3_fot,F1,A1_LiRA,0.054158713780794704,0.24130191892036945,0
imagenet_r,m3_fot,F1,A1_LiRA,0.05672426068491978,0.2469371923165121,0
imagenet_r,m3_fot,F1,A1_LiRA,0.05941133984965034,0.25276274767148554,0
imagenet_r,m3_fot,F1,A1_LiRA,0.06222570836730231,0.2585443918051903,0
imagenet_r,m3_fot,F1,A1_LiRA,0.06517339604882427,0.26490176083997286,0
imagenet_r,m3_fot,F1,A1_LiRA,0.06826071834272386,0.2717128791611981,0
imagenet_r,m3_fot,F1,A1_LiRA,0.07149428986597577,0.2781190384418347,0
imagenet_r,m3_fot,F1,A1_LiRA,0.07488103857590023,0.2853058416561361,0
imagenet_r,m3_fot,F1,A1_LiRA,0.07842822061337681,0.2921120809527759,0
imagenet_r,m3_fot,F1,A1_LiRA,0.0821434358491943,0.29929888416707734,0
imagenet_r,m3_fot,F1,A1_LiRA,0.086034644166845,0.3071833878970916,0
imagenet_r,m3_fot,F1,A1_LiRA,0.09011018251665019,0.3146531745373465,0
imagenet_r,m3_fot,F1,A1_LiRA,0.09437878277775381,0.3223278802101884,0
imagenet_r,m3_fot,F1,A1_LiRA,0.09884959046625587,0.3302319000385443,0
imagenet_r,m3_fot,F1,A1_LiRA,0.10353218432956626,0.3388677735547109,0
imagenet_r,m3_fot,F1,A1_LiRA,0.1084365968689611,0.3473133651120468,0
imagenet_r,m3_fot,F1,A1_LiRA,0.11357333583431052,0.3559492386282134,0
imagenet_r,m3_fot,F1,A1_LiRA,0.11895340673703195,0.36496079703745626,0
imagenet_r,m3_fot,F1,A1_LiRA,0.12458833642950082,0.37432364521684824,0
imagenet_r,m3_fot,F1,A1_LiRA,0.1304901978014403,0.3836816143716548,0
imagenet_r,m3_fot,F1,A1_LiRA,0.13667163564620075,0.3931566801165111,0
imagenet_r,m3_fot,F1,A1_LiRA,0.14314589375234785,0.40270005220556304,0
imagenet_r,m3_fot,F1,A1_LiRA,0.14992684327860456,0.4128630604169614,0
imagenet_r,m3_fot,F1,A1_LiRA,0.15702901247293774,0.4233090520543133,0
imagenet_r,m3_fot,F1,A1_LiRA,0.16446761779946645,0.4341843978551808,0
imagenet_r,m3_fot,F1,A1_LiRA,0.17225859653987874,0.4445767202220932,0
imagenet_r,m3_fot,F1,A1_LiRA,0.18041864093920718,0.45600339580111143,0
imagenet_r,m3_fot,F1,A1_LiRA,0.18896523396912096,0.4672446684458843,0
imagenet_r,m3_fot,F1,A1_LiRA,0.19791668678535573,0.47891041622958735,0
imagenet_r,m3_fot,F1,A1_LiRA,0.2072921779595372,0.4907371718246088,0
imagenet_r,m3_fot,F1,A1_LiRA,0.21711179456945054,0.5037251352709566,0
imagenet_r,m3_fot,F1,A1_LiRA,0.22739657523579276,0.5162935026029596,0
imagenet_r,m3_fot,F1,A1_LiRA,0.23816855519761582,0.5291643694592577,0
imagenet_r,m3_fot,F1,A1_LiRA,0.24945081352303167,0.5420596314384828,0
imagenet_r,m3_fot,F1,A1_LiRA,0.2612675225563329,0.5554184007533214,0
imagenet_r,m3_fot,F1,A1_LiRA,0.27364399970746717,0.5689235408057222,0
imagenet_r,m3_fot,F1,A1_LiRA,0.286606761694825,0.5836630740782303,0
imagenet_r,m3_fot,F1,A1_LiRA,0.3001835813575589,0.598095228801858,0
imagenet_r,m3_fot,F1,A1_LiRA,0.31440354715915003,0.6131665357461736,0
imagenet_r,m3_fot,F1,A1_LiRA,0.3292971255097151,0.6283207861084412,0
imagenet_r,m3_fot,F1,A1_LiRA,0.34489622604057596,0.6437872940441747,0
imagenet_r,m3_fot,F1,A1_LiRA,0.36123426997094304,0.6606394449621632,0
imagenet_r,m3_fot,F1,A1_LiRA,0.3783462617131929,0.6769012339053176,0
imagenet_r,m3_fot,F1,A1_LiRA,0.3962688638701478,0.6938021750691602,0
imagenet_r,m3_fot,F1,A1_LiRA,0.41504047578504766,0.7105323503725135,0
imagenet_r,m3_fot,F1,A1_LiRA,0.43470131581250265,0.7280090164374339,0
imagenet_r,m3_fot,F1,A1_LiRA,0.4552935074866948,0.7456808434857704,0
imagenet_r,m3_fot,F1,A1_LiRA,0.47686116977144694,0.7632843641899112,0
imagenet_r,m3_fot,F1,A1_LiRA,0.499450511585514,0.781224537590445,0
imagenet_r,m3_fot,F1,A1_LiRA,0.5231099308056264,0.7984718894998512,0
imagenet_r,m3_fot,F1,A1_LiRA,0.5478901179593945,0.8166364980313136,0
imagenet_r,m3_fot,F1,A1_LiRA,0.5738441648302393,0.8350694529149733,0
imagenet_r,m3_fot,F1,A1_LiRA,0.6010276782070382,0.8535219238969746,0
imagenet_r,m3_fot,F1,A1_LiRA,0.6294988990221888,0.8719597578052196,0
imagenet_r,m3_fot,F1,A1_LiRA,0.6593188271333549,0.8898706570582409,0
imagenet_r,m3_fot,F1,A1_LiRA,0.6905513520162331,0.9074302665411131,0
imagenet_r,m3_fot,F1,A1_LiRA,0.7232633896483533,0.9247312877209588,0
imagenet_r,m3_fot,F1,A1_LiRA,0.7575250258771913,0.9409638025166008,0
imagenet_r,m3_fot,F1,A1_LiRA,0.7934096665797492,0.9566742616816046,0
imagenet_r,m3_fot,F1,A1_LiRA,0.8309941949353395,0.9698232329392708,0
imagenet_r,m3_fot,F1,A1_LiRA,0.8703591361485166,0.981767085124342,0
imagenet_r,m3_fot,F1,A1_LiRA,0.9115888299750827,0.9909591674432447,0
imagenet_r,m3_fot,F1,A1_LiRA,0.9547716114208056,0.9972091979371484,0
imagenet_r,m3_fot,F1,A1_LiRA,1.0,1.0,0
imagenet_r,m4_proto,F2,A1_LiRA,0.0,0.2690072926342418,0
imagenet_r,m4_proto,F2,A1_LiRA,0.0001,0.41670784007589085,0
imagenet_r,m4_proto,F2,A1_LiRA,0.00010473708979594497,0.419642680685389,0
imagenet_r,m4_proto,F2,A1_LiRA,0.00010969857978923841,0.4242969228640882,0
imagenet_r,m4_proto,F2,A1_LiRA,0.00011489510001873086,0.42694519654538626,0
imagenet_r,m4_proto,F2,A1_LiRA,0.00012033778407775893,0.42953912132650846,0
imagenet_r,m4_proto,F2,A1_LiRA,0.00012603829296797275,0.43413901460503174,0
imagenet_r,m4_proto,F2,A1_LiRA,0.0001320088400831418,0.4350827091444495,0
imagenet_r,m4_proto,F2,A1_LiRA,0.00013826221737646565,0.4367477618134746,0
imagenet_r,m4_proto,F2,A1_LiRA,0.0001448118227674533,0.43798790489930634,0
imagenet_r,m4_proto,F2,A1_LiRA,0.00015167168884709225,0.4436352497084923,0
imagenet_r,m4_proto,F2,A1_LiRA,0.00015885651294280528,0.44772623964900493,0
imagenet_r,m4_proto,F2,A1_LiRA,0.0001663816886076129,0.44971738571908537,0
imagenet_r,m4_proto,F2,A1_LiRA,0.00017426333860096508,0.45041898061226504,0
imagenet_r,m4_proto,F2,A1_LiRA,0.00018251834943190426,0.4511848060238345,0
imagenet_r,m4_proto,F2,A1_LiRA,0.00019116440753857018,0.4526225814739422,0
imagenet_r,m4_proto,F2,A1_LiRA,0.00020022003718155845,0.4532797090851598,0
imagenet_r,m4_proto,F2,A1_LiRA,0.00020970464013232327,0.4567629795055238,0
imagenet_r,m4_proto,F2,A1_LiRA,0.0002196385372416547,0.45751398248977254,0
imagenet_r,m4_proto,F2,A1_LiRA,0.0002300430119772917,0.459697820115022,0
imagenet_r,m4_proto,F2,A1_LiRA,0.00024094035602395243,0.46167414375778176,0
imagenet_r,m4_proto,F2,A1_LiRA,0.0002523539170434766,0.4652858752149252,0
imagenet_r,m4_proto,F2,A1_LiRA,0.00026430814869741055,0.46995988063005195,0
imagenet_r,m4_proto,F2,A1_LiRA,0.00027682866303920667,0.4720251388367359,0
imagenet_r,m4_proto,F2,A1_LiRA,0.0002899422853882875,0.47493033459159273,0
imagenet_r,m4_proto,F2,A1_LiRA,0.0003036771118035457,0.4787792248858673,0
imagenet_r,m4_proto,F2,A1_LiRA,0.0003180625692794119,0.48363604023794937,0
imagenet_r,m4_proto,F2,A1_LiRA,0.00033312947879346737,0.4917290855550505,0
imagenet_r,m4_proto,F2,A1_LiRA,0.0003489101213406774,0.49435759599992096,0
imagenet_r,m4_proto,F2,A1_LiRA,0.00036543830709572547,0.49673906598944645,0
imagenet_r,m4_proto,F2,A1_LiRA,0.0003827494478516311,0.49813731496669894,0
imagenet_r,m4_proto,F2,A1_LiRA,0.0004008806328898465,0.5014871835411767,0
imagenet_r,m4_proto,F2,A1_LiRA,0.000419870708444391,0.5078114191980079,0
imagenet_r,m4_proto,F2,A1_LiRA,0.00043976036093027214,0.508685942409929,0
imagenet_r,m4_proto,F2,A1_LiRA,0.00046059220411451035,0.5111662285815926,0
imagenet_r,m4_proto,F2,A1_LiRA,0.00048241087041653687,0.5149459475483705,0
imagenet_r,m4_proto,F2,A1_LiRA,0.0005052631065335679,0.519491491926718,0
imagenet_r,m4_proto,F2,A1_LiRA,0.0005291978735958442,0.5227968932192336,0
imagenet_r,m4_proto,F2,A1_LiRA,0.0005542664520663107,0.525820668392656,0
imagenet_r,m4_proto,F2,A1_LiRA,0.0005805225516094895,0.529550979268365,0
imagenet_r,m4_proto,F2,A1_LiRA,0.0006080224261649427,0.5318583371212869,0
imagenet_r,m4_proto,F2,A1_LiRA,0.0006368249944718586,0.5344374394750885,0
imagenet_r,m4_proto,F2,A1_LiRA,0.0006669919663030121,0.5376835510583213,0
imagenet_r,m4_proto,F2,A1_LiRA,0.0006985879746785249,0.5418881796082926,0
imagenet_r,m4_proto,F2,A1_LiRA,0.0007316807143427193,0.5435828771319591,0
imagenet_r,m4_proto,F2,A1_LiRA,0.0007663410868007462,0.5478072689183581,0
imagenet_r,m4_proto,F2,A1_LiRA,0.0008026433522257174,0.5528518350165023,0
imagenet_r,m4_proto,F2,A1_LiRA,0.0008406652885618325,0.5570515227573668,0
imagenet_r,m4_proto,F2,A1_LiRA,0.0008804883581643465,0.561112867843238,0
imagenet_r,m4_proto,F2,A1_LiRA,0.0009221978823334322,0.5629261447854701,0
imagenet_r,m4_proto,F2,A1_LiRA,0.0009658832241158709,0.5653965493389197,0
imagenet_r,m4_proto,F2,A1_LiRA,0.001011637979766207,0.569210853969446,0
imagenet_r,m4_proto,F2,A1_LiRA,0.001059560179277616,0.5716911401411096,0
imagenet_r,m4_proto,F2,A1_LiRA,0.0011097524964120721,0.5733561928101346,0
imagenet_r,m4_proto,F2,A1_LiRA,0.0011623224686798518,0.5768641672760331,0
imagenet_r,m4_proto,F2,A1_LiRA,0.001217382727739662,0.5799818178224866,0
imagenet_r,m4_proto,F2,A1_LiRA,0.0012750512407130128,0.5840579853356785,0
imagenet_r,m4_proto,F2,A1_LiRA,0.0013354515629298987,0.5867556671080456,0
imagenet_r,m4_proto,F2,A1_LiRA,0.0013987131026472386,0.5908318346212376,0
imagenet_r,m4_proto,F2,A1_LiRA,0.0014649713983072847,0.5927192237000731,0
imagenet_r,m4_proto,F2,A1_LiRA,0.0015343684089300133,0.5960690922745508,0
imagenet_r,m4_proto,F2,A1_LiRA,0.0016070528182616384,0.5980849423901659,0
imagenet_r,m4_proto,F2,A1_LiRA,0.0016831803533309566,0.6015830352378505,0
imagenet_r,m4_proto,F2,A1_LiRA,0.001762914118095948,0.6039793276546968,0
imagenet_r,m4_proto,F2,A1_LiRA,0.0018464249428955426,0.6078084547125437,0
imagenet_r,m4_proto,F2,A1_LiRA,0.0019338917504552321,0.6106741239945453,0
imagenet_r,m4_proto,F2,A1_LiRA,0.0020255019392306666,0.6150615624814719,0
imagenet_r,m4_proto,F2,A1_LiRA,0.00212145178491063,0.6189005711575327,0
imagenet_r,m4_proto,F2,A1_LiRA,0.002221946860939524,0.6214648510840135,0
imagenet_r,m4_proto,F2,A1_LiRA,0.0023272024789604074,0.6247208442854602,0
imagenet_r,m4_proto,F2,A1_LiRA,0.002437444150122222,0.628016363959762,0
imagenet_r,m4_proto,F2,A1_LiRA,0.0025529080682395165,0.63292752821202,0
imagenet_r,m4_proto,F2,A1_LiRA,0.0026738416158399465,0.6371173343346707,0
imagenet_r,m4_proto,F2,A1_LiRA,0.002800503894183631,0.6398693650072136,0
imagenet_r,m4_proto,F2,A1_LiRA,0.0029331662783900424,0.6445334888041265,0
imagenet_r,m4_proto,F2,A1_LiRA,0.003072112998861759,0.6481600426885907,0
imagenet_r,m4_proto,F2,A1_LiRA,0.0032176417502507355,0.6515543785450305,0
imagenet_r,m4_proto,F2,A1_LiRA,0.003370064329271928,0.6556651317219708,0
imagenet_r,m4_proto,F2,A1_LiRA,0.00352970730273065,0.6589952370600209,0
imagenet_r,m4_proto,F2,A1_LiRA,0.0036969127071950283,0.6620980651791537,0
imagenet_r,m4_proto,F2,A1_LiRA,0.003872038781812557,0.6645141208324276,0
imagenet_r,m4_proto,F2,A1_LiRA,0.004055460735840828,0.6677207059428052,0
imagenet_r,m4_proto,F2,A1_LiRA,0.0042475715525368985,0.6721180260479456,0
imagenet_r,m4_proto,F2,A1_LiRA,0.004448782831127585,0.6748058262020988,0
imagenet_r,m4_proto,F2,A1_LiRA,0.004659525668664682,0.6778987727030178,0
imagenet_r,m4_proto,F2,A1_LiRA,0.004880251583654433,0.6815450898239096,0
imagenet_r,m4_proto,F2,A1_LiRA,0.005111433483440166,0.6858238305104843,0
imagenet_r,m4_proto,F2,A1_LiRA,0.0053535666774107244,0.6893071009308485,0
imagenet_r,m4_proto,F2,A1_LiRA,0.005607169938205458,0.6934376173442163,0
imagenet_r,m4_proto,F2,A1_LiRA,0.005872786613189483,0.6979782209134567,0
imagenet_r,m4_proto,F2,A1_LiRA,0.006150985788580504,0.7012440957331173,0
imagenet_r,m4_proto,F2,A1_LiRA,0.00644236350872137,0.7044309176070673,0
imagenet_r,m4_proto,F2,A1_LiRA,0.006747544053110693,0.7084082689381213,0
imagenet_r,m4_proto,F2,A1_LiRA,0.0070671812739274914,0.7113727544022609,0
imagenet_r,m4_proto,F2,A1_LiRA,0.007401959996915644,0.7146188659854937,0
imagenet_r,m4_proto,F2,A1_LiRA,0.007752597488629464,0.7181762485424613,0
imagenet_r,m4_proto,F2,A1_LiRA,0.008119844993184008,0.7219164410363841,0
imagenet_r,m4_proto,F2,A1_LiRA,0.008504489341802677,0.725355244174786,0
imagenet_r,m4_proto,F2,A1_LiRA,0.00890735463861044,0.7294017668333366,0
imagenet_r,m4_proto,F2,A1_LiRA,0.009329304026284686,0.7335471056740251,0
imagenet_r,m4_proto,F2,A1_LiRA,0.009771241535346501,0.7370748433763513,0
imagenet_r,m4_proto,F2,A1_LiRA,0.010234114021054527,0.7410027866163363,0
imagenet_r,m4_proto,F2,A1_LiRA,0.010718913192051276,0.7450641317022075,0
imagenet_r,m4_proto,F2,A1_LiRA,0.011226677735108135,0.7490118381786202,0
imagenet_r,m4_proto,F2,A1_LiRA,0.01175849554052157,0.7524061740350599,0
imagenet_r,m4_proto,F2,A1_LiRA,0.012315506032928261,0.7568874878950177,0
imagenet_r,m4_proto,F2,A1_LiRA,0.01289890261253308,0.7603905215518093,0
imagenet_r,m4_proto,F2,A1_LiRA,0.013509935211980266,0.7646346765746359,0
imagenet_r,m4_proto,F2,A1_LiRA,0.01414991297434576,0.7692197474258384,0
imagenet_r,m4_proto,F2,A1_LiRA,0.014820207057988586,0.773414494357596,0
imagenet_r,m4_proto,F2,A1_LiRA,0.01552225357427048,0.776902705587067,0
imagenet_r,m4_proto,F2,A1_LiRA,0.016257556664437952,0.7809047609636554,0
imagenet_r,m4_proto,F2,A1_LiRA,0.017027691722258997,0.7847388288306093,0
imagenet_r,m4_proto,F2,A1_LiRA,0.017834308769319095,0.788731002588984,0
imagenet_r,m4_proto,F2,A1_LiRA,0.01867913599020783,0.792560129646831,0
imagenet_r,m4_proto,F2,A1_LiRA,0.01956398343517065,0.7968487519516196,0
imagenet_r,m4_proto,F2,A1_LiRA,0.020490746898158482,0.8004357793632285,0
imagenet_r,m4_proto,F2,A1_LiRA,0.021461411978584036,0.8041611494298306,0
imagenet_r,m4_proto,F2,A1_LiRA,0.02247805833548725,0.8079655724421432,0
imagenet_r,m4_proto,F2,A1_LiRA,0.02354286414322418,0.8118441075910591,0
imagenet_r,m4_proto,F2,A1_LiRA,0.024658110758226038,0.8157325243581889,0
imagenet_r,m4_proto,F2,A1_LiRA,0.025826187606826773,0.8195369473705014,0
imagenet_r,m4_proto,F2,A1_LiRA,0.027049597304631343,0.8230449218363999,0
imagenet_r,m4_proto,F2,A1_LiRA,0.02833096101839324,0.8272495503863713,0
imagenet_r,m4_proto,F2,A1_LiRA,0.029673024081888696,0.8313306587086702,0
imagenet_r,m4_proto,F2,A1_LiRA,0.03107866187782014,0.8344186644004822,0
imagenet_r,m4_proto,F2,A1_LiRA,0.0325508859983506,0.8382082649854741,0
imagenet_r,m4_proto,F2,A1_LiRA,0.03409285069746811,0.8420917409434969,0
imagenet_r,m4_proto,F2,A1_LiRA,0.03570785964900463,0.8460196841834818,0
imagenet_r,m4_proto,F2,A1_LiRA,0.03739937302478798,0.8499970355145359,0
imagenet_r,m4_proto,F2,A1_LiRA,0.039171014908092605,0.8539150971363071,0
imagenet_r,m4_proto,F2,A1_LiRA,0.04102658105827194,0.8578232771398644,0
imagenet_r,m4_proto,F2,A1_LiRA,0.04297004704320839,0.861770983616277,0
imagenet_r,m4_proto,F2,A1_LiRA,0.04500557675700498,0.8654716496373446,0
imagenet_r,m4_proto,F2,A1_LiRA,0.047137531341167244,0.8692167829403743,0
imagenet_r,m4_proto,F2,A1_LiRA,0.049370478528390035,0.8728285143975177,0
imagenet_r,m4_proto,F2,A1_LiRA,0.05170920242896761,0.876988675665527,0
imagenet_r,m4_proto,F2,A1_LiRA,0.054158713780794704,0.8805658214589221,0
imagenet_r,m4_proto,F2,A1_LiRA,0.05672426068491978,0.8845728176446175,0
imagenet_r,m4_proto,F2,A1_LiRA,0.05941133984965034,0.888080792110516,0
imagenet_r,m4_proto,F2,A1_LiRA,0.06222570836730231,0.8915047728215972,0
imagenet_r,m4_proto,F2,A1_LiRA,0.06517339604882427,0.8954920057708651,0
imagenet_r,m4_proto,F2,A1_LiRA,0.06826071834272386,0.898930808909267,0
imagenet_r,m4_proto,F2,A1_LiRA,0.07149428986597577,0.9029674499496038,0
imagenet_r,m4_proto,F2,A1_LiRA,0.07488103857590023,0.9065100100792506,0
imagenet_r,m4_proto,F2,A1_LiRA,0.07842822061337681,0.9102502025731734,0
imagenet_r,m4_proto,F2,A1_LiRA,0.0821434358491943,0.9135852487203304,0
imagenet_r,m4_proto,F2,A1_LiRA,0.086034644166845,0.9174588430601396,0
imagenet_r,m4_proto,F2,A1_LiRA,0.09011018251665019,0.92136208225459,0
imagenet_r,m4_proto,F2,A1_LiRA,0.09437878277775381,0.925383900867606,0
imagenet_r,m4_proto,F2,A1_LiRA,0.09884959046625587,0.9290252771793909,0
imagenet_r,m4_proto,F2,A1_LiRA,0.10353218432956626,0.9322812703808375,0
imagenet_r,m4_proto,F2,A1_LiRA,0.1084365968689611,0.9355916124824601,0
imagenet_r,m4_proto,F2,A1_LiRA,0.11357333583431052,0.9394553252040554,0
imagenet_r,m4_proto,F2,A1_LiRA,0.11895340673703195,0.9429781220972746,0
imagenet_r,m4_proto,F2,A1_LiRA,0.12458833642950082,0.9463724579537145,0
imagenet_r,m4_proto,F2,A1_LiRA,0.1304901978014403,0.9496185695369473,0
imagenet_r,m4_proto,F2,A1_LiRA,0.13667163564620075,0.9528992667839286,0
imagenet_r,m4_proto,F2,A1_LiRA,0.14314589375234785,0.9560564438032372,0
imagenet_r,m4_proto,F2,A1_LiRA,0.14992684327860456,0.9593124370046839,0
imagenet_r,m4_proto,F2,A1_LiRA,0.15702901247293774,0.9622423368050752,0
imagenet_r,m4_proto,F2,A1_LiRA,0.16446761779946645,0.9653204608786735,0
imagenet_r,m4_proto,F2,A1_LiRA,0.17225859653987874,0.9680379058874682,0
imagenet_r,m4_proto,F2,A1_LiRA,0.18041864093920718,0.9705231328682385,0
imagenet_r,m4_proto,F2,A1_LiRA,0.18896523396912096,0.9731121168402538,0
imagenet_r,m4_proto,F2,A1_LiRA,0.19791668678535573,0.9753997114567482,0
imagenet_r,m4_proto,F2,A1_LiRA,0.2072921779595372,0.9775736674637838,0
imagenet_r,m4_proto,F2,A1_LiRA,0.21711179456945054,0.9795993991976126,0
imagenet_r,m4_proto,F2,A1_LiRA,0.22739657523579276,0.9815757228403723,0
imagenet_r,m4_proto,F2,A1_LiRA,0.23816855519761582,0.9833889997826044,0
imagenet_r,m4_proto,F2,A1_LiRA,0.24945081352303167,0.9850046443605605,0
imagenet_r,m4_proto,F2,A1_LiRA,0.2612675225563329,0.986595584892982,0
imagenet_r,m4_proto,F2,A1_LiRA,0.27364399970746717,0.9881124132888002,0
imagenet_r,m4_proto,F2,A1_LiRA,0.286606761694825,0.9892487993833871,0
imagenet_r,m4_proto,F2,A1_LiRA,0.3001835813575589,0.9905087057056463,0
imagenet_r,m4_proto,F2,A1_LiRA,0.31440354715915003,0.9916648550366608,0
imagenet_r,m4_proto,F2,A1_LiRA,0.3292971255097151,0.992880294076958,0
imagenet_r,m4_proto,F2,A1_LiRA,0.34489622604057596,0.9938091661890551,0
imagenet_r,m4_proto,F2,A1_LiRA,0.36123426997094304,0.9945898140279452,0
imagenet_r,m4_proto,F2,A1_LiRA,0.3783462617131929,0.9953309353939801,0
imagenet_r,m4_proto,F2,A1_LiRA,0.3962688638701478,0.996170872942153,0
imagenet_r,m4_proto,F2,A1_LiRA,0.41504047578504766,0.9968032965078362,0
imagenet_r,m4_proto,F2,A1_LiRA,0.43470131581250265,0.9973467855095951,0
imagenet_r,m4_proto,F2,A1_LiRA,0.4552935074866948,0.9978606296567126,0
imagenet_r,m4_proto,F2,A1_LiRA,0.47686116977144694,0.9982805984307991,0
imagenet_r,m4_proto,F2,A1_LiRA,0.499450511585514,0.9986560999229234,0
imagenet_r,m4_proto,F2,A1_LiRA,0.5231099308056264,0.998967370896658,0
imagenet_r,m4_proto,F2,A1_LiRA,0.5478901179593945,0.9992045297337893,0
imagenet_r,m4_proto,F2,A1_LiRA,0.5738441648302393,0.9994367477618135,0
imagenet_r,m4_proto,F2,A1_LiRA,0.6010276782070382,0.9995454455621653,0
imagenet_r,m4_proto,F2,A1_LiRA,0.6294988990221888,0.9996739065989446,0
imagenet_r,m4_proto,F2,A1_LiRA,0.6593188271333549,0.9997776635901895,0
imagenet_r,m4_proto,F2,A1_LiRA,0.6905513520162331,0.9998567165358999,0
imagenet_r,m4_proto,F2,A1_LiRA,0.7232633896483533,0.9998962430087551,0
imagenet_r,m4_proto,F2,A1_LiRA,0.7575250258771913,0.9999357694816103,0
imagenet_r,m4_proto,F2,A1_LiRA,0.7934096665797492,0.9999555327180379,0
imagenet_r,m4_proto,F2,A1_LiRA,0.8309941949353395,0.9999752959544655,0
imagenet_r,m4_proto,F2,A1_LiRA,0.8703591361485166,0.9999851775726794,0
imagenet_r,m4_proto,F2,A1_LiRA,0.9115888299750827,0.9999851775726794,0
imagenet_r,m4_proto,F2,A1_LiRA,0.9547716114208056,0.9999901183817862,0
imagenet_r,m4_proto,F2,A1_LiRA,1.0,1.0,0
imagenet_r,m5_hybrid_replay,F1,A1_LiRA,0.0,0.0005577108416052288,0
imagenet_r,m5_hybrid_replay,F1,A1_LiRA,0.0001,0.007264917541962849,0
imagenet_r,m5_hybrid_replay,F1,A1_LiRA,0.00010473708979594497,0.007308947345247472,0
imagenet_r,m5_hybrid_replay,F1,A1_LiRA,0.00010969857978923841,0.007348084948167137,0
imagenet_r,m5_hybrid_replay,F1,A1_LiRA,0.00011489510001873086,0.007431252354371426,0
imagenet_r,m5_hybrid_replay,F1,A1_LiRA,0.00012033778407775893,0.007431252354371426,0
imagenet_r,m5_hybrid_replay,F1,A1_LiRA,0.00012603829296797275,0.007431252354371426,0
imagenet_r,m5_hybrid_replay,F1,A1_LiRA,0.0001320088400831418,0.007470389957291091,0
imagenet_r,m5_hybrid_replay,F1,A1_LiRA,0.00013826221737646565,0.007573126164955212,0
imagenet_r,m5_hybrid_replay,F1,A1_LiRA,0.0001448118227674533,0.007910687990137324,0
imagenet_r,m5_hybrid_replay,F1,A1_LiRA,0.00015167168884709225,0.00794982559305699,0
imagenet_r,m5_hybrid_replay,F1,A1_LiRA,0.00015885651294280528,0.008057454001086069,0
imagenet_r,m5_hybrid_replay,F1,A1_LiRA,0.0001663816886076129,0.008165082409115147,0
imagenet_r,m5_hybrid_replay,F1,A1_LiRA,0.00017426333860096508,0.008463506631377595,0
imagenet_r,m5_hybrid_replay,F1,A1_LiRA,0.00018251834943190426,0.008566242839041716,0
imagenet_r,m5_hybrid_replay,F1,A1_LiRA,0.00019116440753857018,0.008649410245246004,0
imagenet_r,m5_hybrid_replay,F1,A1_LiRA,0.00020022003718155845,0.008752146452910125,0
imagenet_r,m5_hybrid_replay,F1,A1_LiRA,0.00020970464013232327,0.008928265666048619,0
imagenet_r,m5_hybrid_replay,F1,A1_LiRA,0.0002196385372416547,0.009079923877362322,0
imagenet_r,m5_hybrid_replay,F1,A1_LiRA,0.0002300430119772917,0.009432162303639307,0
imagenet_r,m5_hybrid_replay,F1,A1_LiRA,0.00024094035602395243,0.009720802125171839,0
imagenet_r,m5_hybrid_replay,F1,A1_LiRA,0.0002523539170434766,0.00982353833283596,0
imagenet_r,m5_hybrid_replay,F1,A1_LiRA,0.00026430814869741055,0.010048579549624034,0
imagenet_r,m5_hybrid_replay,F1,A1_LiRA,0.00027682866303920667,0.010258944165317235,0
imagenet_r,m5_hybrid_replay,F1,A1_LiRA,0.0002899422853882875,0.010934067815681459,0
imagenet_r,m5_hybrid_replay,F1,A1_LiRA,0.0003036771118035457,0.011305875043418278,0
imagenet_r,m5_hybrid_replay,F1,A1_LiRA,0.0003180625692794119,0.011310767243783236,0
imagenet_r,m5_hybrid_replay,F1,A1_LiRA,0.00033312947879346737,0.011437964453272147,0
imagenet_r,m5_hybrid_replay,F1,A1_LiRA,0.0003489101213406774,0.011667897870425182,0
imagenet_r,m5_hybrid_replay,F1,A1_LiRA,0.00036543830709572547,0.012025028497067125,0
imagenet_r,m5_hybrid_replay,F1,A1_LiRA,0.0003827494478516311,0.012313668318599657,0
imagenet_r,m5_hybrid_replay,F1,A1_LiRA,0.0004008806328898465,0.012421296726628736,0
imagenet_r,m5_hybrid_replay,F1,A1_LiRA,0.000419870708444391,0.012822457156555304,0
imagenet_r,m5_hybrid_replay,F1,A1_LiRA,0.00043976036093027214,0.012979007568233964,0
imagenet_r,m5_hybrid_replay,F1,A1_LiRA,0.00046059220411451035,0.013301892792321203,0
imagenet_r,m5_hybrid_replay,F1,A1_LiRA,0.00048241087041653687,0.013712837622977687,0
imagenet_r,m5_hybrid_replay,F1,A1_LiRA,0.0005052631065335679,0.014060183848889716,0
imagenet_r,m5_hybrid_replay,F1,A1_LiRA,0.0005291978735958442,0.014798906103998396,0
imagenet_r,m5_hybrid_replay,F1,A1_LiRA,0.0005542664520663107,0.014911426712392433,0
imagenet_r,m5_hybrid_replay,F1,A1_LiRA,0.0005805225516094895,0.015611011364581448,0
imagenet_r,m5_hybrid_replay,F1,A1_LiRA,0.0006080224261649427,0.01597792639195331,0
imagenet_r,m5_hybrid_replay,F1,A1_LiRA,0.0006368249944718586,0.016158937805456762,0
imagenet_r,m5_hybrid_replay,F1,A1_LiRA,0.0006669919663030121,0.016838953656185943,0
imagenet_r,m5_hybrid_replay,F1,A1_LiRA,0.0006985879746785249,0.017279251689032177,0
imagenet_r,m5_hybrid_replay,F1,A1_LiRA,0.0007316807143427193,0.017714657521513452,0
imagenet_r,m5_hybrid_replay,F1,A1_LiRA,0.0007663410868007462,0.018247907361293888,0
imagenet_r,m5_hybrid_replay,F1,A1_LiRA,0.0008026433522257174,0.018732235197424747,0
imagenet_r,m5_hybrid_replay,F1,A1_LiRA,0.0008406652885618325,0.019157856629176104,0
imagenet_r,m5_hybrid_replay,F1,A1_LiRA,0.0008804883581643465,0.019607939062752253,0
imagenet_r,m5_hybrid_replay,F1,A1_LiRA,0.0009221978823334322,0.02018032650545236,0
imagenet_r,m5_hybrid_replay,F1,A1_LiRA,0.0009658832241158709,0.020703791944502878,0
imagenet_r,m5_hybrid_replay,F1,A1_LiRA,0.001011637979766207,0.021667555416399635,0
imagenet_r,m5_hybrid_replay,F1,A1_LiRA,0.001059560179277616,0.022191020855450157,0
imagenet_r,m5_hybrid_replay,F1,A1_LiRA,0.0011097524964120721,0.022450307474792937,0
imagenet_r,m5_hybrid_replay,F1,A1_LiRA,0.0011623224686798518,0.023008018316398166,0
imagenet_r,m5_hybrid_replay,F1,A1_LiRA,0.001217382727739662,0.02347277735106919,0
imagenet_r,m5_hybrid_replay,F1,A1_LiRA,0.0012750512407130128,0.024304451413112077,0
imagenet_r,m5_hybrid_replay,F1,A1_LiRA,0.0013354515629298987,0.02455395363172494,0
imagenet_r,m5_hybrid_replay,F1,A1_LiRA,0.0013987131026472386,0.025336705690118245,0
imagenet_r,m5_hybrid_replay,F1,A1_LiRA,0.0014649713983072847,0.02569872851712515,0
imagenet_r,m5_hybrid_replay,F1,A1_LiRA,0.0015343684089300133,0.02616348755179617,0
imagenet_r,m5_hybrid_replay,F1,A1_LiRA,0.0016070528182616384,0.026549971380627865,0
imagenet_r,m5_hybrid_replay,F1,A1_LiRA,0.0016831803533309566,0.02716638862661259,0
imagenet_r,m5_hybrid_replay,F1,A1_LiRA,0.001762914118095948,0.027851296677706732,0
imagenet_r,m5_hybrid_replay,F1,A1_LiRA,0.0018464249428955426,0.028374762116757254,0
imagenet_r,m5_hybrid_replay,F1,A1_LiRA,0.0019338917504552321,0.02881016794923853,0
imagenet_r,m5_hybrid_replay,F1,A1_LiRA,0.0020255019392306666,0.02932874118792409,0
imagenet_r,m5_hybrid_replay,F1,A1_LiRA,0.00212145178491063,0.030038110240843022,0
imagenet_r,m5_hybrid_replay,F1,A1_LiRA,0.002221946860939524,0.03097741271091499,0
imagenet_r,m5_hybrid_replay,F1,A1_LiRA,0.0023272024789604074,0.03208304999339553,0
imagenet_r,m5_hybrid_replay,F1,A1_LiRA,0.002437444150122222,0.032934292856898244,0
imagenet_r,m5_hybrid_replay,F1,A1_LiRA,0.0025529080682395165,0.03369258391346676,0
imagenet_r,m5_hybrid_replay,F1,A1_LiRA,0.0026738416158399465,0.03456828777879427,0
imagenet_r,m5_hybrid_replay,F1,A1_LiRA,0.002800503894183631,0.035468452645946565,0
imagenet_r,m5_hybrid_replay,F1,A1_LiRA,0.0029331662783900424,0.03620228270069029,0
imagenet_r,m5_hybrid_replay,F1,A1_LiRA,0.003072112998861759,0.037024172362003255,0
imagenet_r,m5_hybrid_replay,F1,A1_LiRA,0.0032176417502507355,0.03774821801601706,0
imagenet_r,m5_hybrid_replay,F1,A1_LiRA,0.003370064329271928,0.038540754475140285,0
imagenet_r,m5_hybrid_replay,F1,A1_LiRA,0.00352970730273065,0.03930882993243871,0
imagenet_r,m5_hybrid_replay,F1,A1_LiRA,0.0036969127071950283,0.04001330678499269,0
imagenet_r,m5_hybrid_replay,F1,A1_LiRA,0.003872038781812557,0.04094282485433474,0
imagenet_r,m5_hybrid_replay,F1,A1_LiRA,0.004055460735840828,0.04187234292367678,0
imagenet_r,m5_hybrid_replay,F1,A1_LiRA,0.0042475715525368985,0.04293884260323766,0
imagenet_r,m5_hybrid_replay,F1,A1_LiRA,0.004448782831127585,0.04401023448316349,0
imagenet_r,m5_hybrid_replay,F1,A1_LiRA,0.004659525668664682,0.04521860797330816,0
imagenet_r,m5_hybrid_replay,F1,A1_LiRA,0.004880251583654433,0.0465346098714819,0
imagenet_r,m5_hybrid_replay,F1,A1_LiRA,0.005111433483440166,0.04786528837075051,0
imagenet_r,m5_hybrid_replay,F1,A1_LiRA,0.0053535666774107244,0.049151937066734507,0
imagenet_r,m5_hybrid_replay,F1,A1_LiRA,0.005607169938205458,0.05033584955505438,0
imagenet_r,m5_hybrid_replay,F1,A1_LiRA,0.005872786613189483,0.05130939742768105,0
imagenet_r,m5_hybrid_replay,F1,A1_LiRA,0.006150985788580504,0.052698782331329165,0
imagenet_r,m5_hybrid_replay,F1,A1_LiRA,0.00644236350872137,0.05404902963205761,0
imagenet_r,m5_hybrid_replay,F1,A1_LiRA,0.006747544053110693,0.055462875537530515,0
imagenet_r,m5_hybrid_replay,F1,A1_LiRA,0.0070671812739274914,0.057204498867455614,0
imagenet_r,m5_hybrid_replay,F1,A1_LiRA,0.007401959996915644,0.05889720019373113,0
imagenet_r,m5_hybrid_replay,F1,A1_LiRA,0.007752597488629464,0.060614362521831444,0
imagenet_r,m5_hybrid_replay,F1,A1_LiRA,0.008119844993184008,0.06236577025248646,0
imagenet_r,m5_hybrid_replay,F1,A1_LiRA,0.008504489341802677,0.0642199141908056,0
imagenet_r,m5_hybrid_replay,F1,A1_LiRA,0.00890735463861044,0.06596642972109566,0
imagenet_r,m5_hybrid_replay,F1,A1_LiRA,0.009329304026284686,0.06780100485795497,0
imagenet_r,m5_hybrid_replay,F1,A1_LiRA,0.009771241535346501,0.06959155019152964,0
imagenet_r,m5_hybrid_replay,F1,A1_LiRA,0.010234114021054527,0.0716658431462719,0
imagenet_r,m5_hybrid_replay,F1,A1_LiRA,0.010718913192051276,0.07328026926670808,0
imagenet_r,m5_hybrid_replay,F1,A1_LiRA,0.011226677735108135,0.07545729842911446,0
imagenet_r,m5_hybrid_replay,F1,A1_LiRA,0.01175849554052157,0.0773456877699883,0
imagenet_r,m5_hybrid_replay,F1,A1_LiRA,0.012315506032928261,0.07909709550064332,0
imagenet_r,m5_hybrid_replay,F1,A1_LiRA,0.01289890261253308,0.08120563385794029,0
imagenet_r,m5_hybrid_replay,F1,A1_LiRA,0.013509935211980266,0.08337287861961674,0
imagenet_r,m5_hybrid_replay,F1,A1_LiRA,0.01414991297434576,0.0858091944013659,0
imagenet_r,m5_hybrid_replay,F1,A1_LiRA,0.014820207057988586,0.08815745057654581,0
imagenet_r,m5_hybrid_replay,F1,A1_LiRA,0.01552225357427048,0.0905448443546454,0
imagenet_r,m5_hybrid_replay,F1,A1_LiRA,0.016257556664437952,0.09272676571741673,0
imagenet_r,m5_hybrid_replay,F1,A1_LiRA,0.017027691722258997,0.09525603330610008,0
imagenet_r,m5_hybrid_replay,F1,A1_LiRA,0.017834308769319095,0.09819135352507498,0
imagenet_r,m5_hybrid_replay,F1,A1_LiRA,0.01867913599020783,0.10076954311740792,0
imagenet_r,m5_hybrid_replay,F1,A1_LiRA,0.01956398343517065,0.10323521210134683,0
imagenet_r,m5_hybrid_replay,F1,A1_LiRA,0.020490746898158482,0.10650320194513886,0
imagenet_r,m5_hybrid_replay,F1,A1_LiRA,0.021461411978584036,0.10957550377433257,0
imagenet_r,m5_hybrid_replay,F1,A1_LiRA,0.02247805833548725,0.11242765658710319,0
imagenet_r,m5_hybrid_replay,F1,A1_LiRA,0.02354286414322418,0.11550485061666185,0
imagenet_r,m5_hybrid_replay,F1,A1_LiRA,0.024658110758226038,0.1189832050761471,0
imagenet_r,m5_hybrid_replay,F1,A1_LiRA,0.025826187606826773,0.12216313531336989,0
imagenet_r,m5_hybrid_replay,F1,A1_LiRA,0.027049597304631343,0.12590566859256289,0
imagenet_r,m5_hybrid_replay,F1,A1_LiRA,0.02833096101839324,0.12979496788270461,0
imagenet_r,m5_hybrid_replay,F1,A1_LiRA,0.029673024081888696,0.13371851257540104,0
imagenet_r,m5_hybrid_replay,F1,A1_LiRA,0.03107866187782014,0.13771054807320687,0
imagenet_r,m5_hybrid_replay,F1,A1_LiRA,0.0325508859983506,0.1412525011374366,0
imagenet_r,m5_hybrid_replay,F1,A1_LiRA,0.03409285069746811,0.14544022464984077,0
imagenet_r,m5_hybrid_replay,F1,A1_LiRA,0.03570785964900463,0.14962305596187997,0
imagenet_r,m5_hybrid_replay,F1,A1_LiRA,0.03739937302478798,0.15365422906260548,0
imagenet_r,m5_hybrid_replay,F1,A1_LiRA,0.039171014908092605,0.1579887185859584,0
imagenet_r,m5_hybrid_replay,F1,A1_LiRA,0.04102658105827194,0.1622938549071216,0
imagenet_r,m5_hybrid_replay,F1,A1_LiRA,0.04297004704320839,0.1672838992793789,0
imagenet_r,m5_hybrid_replay,F1,A1_LiRA,0.04500557675700498,0.17199998043119855,0
imagenet_r,m5_hybrid_replay,F1,A1_LiRA,0.047137531341167244,0.176970456001996,0
imagenet_r,m5_hybrid_replay,F1,A1_LiRA,0.049370478528390035,0.18198006917571316,0
imagenet_r,m5_hybrid_replay,F1,A1_LiRA,0.05170920242896761,0.18661787512169348,0
imagenet_r,m5_hybrid_replay,F1,A1_LiRA,0.054158713780794704,0.19199440332278248,0
imagenet_r,m5_hybrid_replay,F1,A1_LiRA,0.05672426068491978,0.19741985352752106,0
imagenet_r,m5_hybrid_replay,F1,A1_LiRA,0.05941133984965034,0.20258601711291688,0
imagenet_r,m5_hybrid_replay,F1,A1_LiRA,0.06222570836730231,0.20825118513553842,0
imagenet_r,m5_hybrid_replay,F1,A1_LiRA,0.06517339604882427,0.2134515941234889,0
imagenet_r,m5_hybrid_replay,F1,A1_LiRA,0.06826071834272386,0.21950324597494214,0
imagenet_r,m5_hybrid_replay,F1,A1_LiRA,0.07149428986597577,0.22566252623442445,0
imagenet_r,m5_hybrid_replay,F1,A1_LiRA,0.07488103857590023,0.23180223769244693,0
imagenet_r,m5_hybrid_replay,F1,A1_LiRA,0.07842822061337681,0.23807893076068823,0
imagenet_r,m5_hybrid_replay,F1,A1_LiRA,0.0821434358491943,0.24500628647746897,0
imagenet_r,m5_hybrid_replay,F1,A1_LiRA,0.086034644166845,0.25217336001213264,0
imagenet_r,m5_hybrid_replay,F1,A1_LiRA,0.09011018251665019,0.25907136252672364,0
imagenet_r,m5_hybrid_replay,F1,A1_LiRA,0.09437878277775381,0.26651239928182496,0
imagenet_r,m5_hybrid_replay,F1,A1_LiRA,0.09884959046625587,0.27456985328291106,0
imagenet_r,m5_hybrid_replay,F1,A1_LiRA,0.10353218432956626,0.2824169426683039,0
imagenet_r,m5_hybrid_replay,F1,A1_LiRA,0.1084365968689611,0.2905820250774191,0
imagenet_r,m5_hybrid_replay,F1,A1_LiRA,0.11357333583431052,0.2982432108489435,0
imagenet_r,m5_hybrid_replay,F1,A1_LiRA,0.11895340673703195,0.30670182527995615,0
imagenet_r,m5_hybrid_replay,F1,A1_LiRA,0.12458833642950082,0.3149989970989252,0
imagenet_r,m5_hybrid_replay,F1,A1_LiRA,0.1304901978014403,0.3240446755737328,0
imagenet_r,m5_hybrid_replay,F1,A1_LiRA,0.13667163564620075,0.3332469044602191,0
imagenet_r,m5_hybrid_replay,F1,A1_LiRA,0.14314589375234785,0.3427524497693328,0
imagenet_r,m5_hybrid_replay,F1,A1_LiRA,0.14992684327860456,0.3526836165101978,0
imagenet_r,m5_hybrid_replay,F1,A1_LiRA,0.15702901247293774,0.3627713336627415,0
imagenet_r,m5_hybrid_replay,F1,A1_LiRA,0.16446761779946645,0.3728248054127305,0
imagenet_r,m5_hybrid_replay,F1,A1_LiRA,0.17225859653987874,0.3836561370207478,0
imagenet_r,m5_hybrid_replay,F1,A1_LiRA,0.18041864093920718,0.3948054616524874,0
imagenet_r,m5_hybrid_replay,F1,A1_LiRA,0.18896523396912096,0.40597924728605184,0
imagenet_r,m5_hybrid_replay,F1,A1_LiRA,0.19791668678535573,0.41715792511998123,0
imagenet_r,m5_hybrid_replay,F1,A1_LiRA,0.2072921779595372,0.4288992059958808,0
imagenet_r,m5_hybrid_replay,F1,A1_LiRA,0.21711179456945054,0.4405230740630213,0
imagenet_r,m5_hybrid_replay,F1,A1_LiRA,0.22739657523579276,0.45291501758746033,0
imagenet_r,m5_hybrid_replay,F1,A1_LiRA,0.23816855519761582,0.46552711012832243,0
imagenet_r,m5_hybrid_replay,F1,A1_LiRA,0.24945081352303167,0.47925951655275995,0
imagenet_r,m5_hybrid_replay,F1,A1_LiRA,0.2612675225563329,0.4929625697750077,0
imagenet_r,m5_hybrid_replay,F1,A1_LiRA,0.27364399970746717,0.5069053408151384,0
imagenet_r,m5_hybrid_replay,F1,A1_LiRA,0.286606761694825,0.5215134511049034,0
imagenet_r,m5_hybrid_replay,F1,A1_LiRA,0.3001835813575589,0.5361019925932087,0
imagenet_r,m5_hybrid_replay,F1,A1_LiRA,0.31440354715915003,0.5508813298957472,0
imagenet_r,m5_hybrid_replay,F1,A1_LiRA,0.3292971255097151,0.5662673000435405,0
imagenet_r,m5_hybrid_replay,F1,A1_LiRA,0.34489622604057596,0.5825974648617709,0
imagenet_r,m5_hybrid_replay,F1,A1_LiRA,0.36123426997094304,0.5993581433121175,0
imagenet_r,m5_hybrid_replay,F1,A1_LiRA,0.3783462617131929,0.6160405465566248,0
imagenet_r,m5_hybrid_replay,F1,A1_LiRA,0.3962688638701478,0.6329235300160954,0
imagenet_r,m5_hybrid_replay,F1,A1_LiRA,0.41504047578504766,0.6502761647106019,0
imagenet_r,m5_hybrid_replay,F1,A1_LiRA,0.43470131581250265,0.6688616338970779,0
imagenet_r,m5_hybrid_replay,F1,A1_LiRA,0.4552935074866948,0.687789557109101,0
imagenet_r,m5_hybrid_replay,F1,A1_LiRA,0.47686116977144694,0.7063212120915624,0
imagenet_r,m5_hybrid_replay,F1,A1_LiRA,0.499450511585514,0.7262177909758472,0
imagenet_r,m5_hybrid_replay,F1,A1_LiRA,0.5231099308056264,0.7463834408802047,0
imagenet_r,m5_hybrid_replay,F1,A1_LiRA,0.5478901179593945,0.7673367350433205,0
imagenet_r,m5_hybrid_replay,F1,A1_LiRA,0.5738441648302393,0.7873654033374591,0
imagenet_r,m5_hybrid_replay,F1,A1_LiRA,0.6010276782070382,0.8075261610414516,0
imagenet_r,m5_hybrid_replay,F1,A1_LiRA,0.6294988990221888,0.8290273816454427,0
imagenet_r,m5_hybrid_replay,F1,A1_LiRA,0.6593188271333549,0.8500785198158576,0
imagenet_r,m5_hybrid_replay,F1,A1_LiRA,0.6905513520162331,0.870244169720215,0
imagenet_r,m5_hybrid_replay,F1,A1_LiRA,0.7232633896483533,0.8910360212712872,0
imagenet_r,m5_hybrid_replay,F1,A1_LiRA,0.7575250258771913,0.9112408087785643,0
imagenet_r,m5_hybrid_replay,F1,A1_LiRA,0.7934096665797492,0.9310835734588346,0
imagenet_r,m5_hybrid_replay,F1,A1_LiRA,0.8309941949353395,0.9502903520916602,0
imagenet_r,m5_hybrid_replay,F1,A1_LiRA,0.8703591361485166,0.9672907483598898,0
imagenet_r,m5_hybrid_replay,F1,A1_LiRA,0.9115888299750827,0.9819722416551292,0
imagenet_r,m5_hybrid_replay,F1,A1_LiRA,0.9547716114208056,0.9936743849281091,0
imagenet_r,m5_hybrid_replay,F1,A1_LiRA,1.0,1.0,0
imagenet_r,m8_analytic,F5,A1_LiRA,0.0,1.0,0
imagenet_r,m8_analytic,F5,A1_LiRA,0.0001,1.0,0
imagenet_r,m8_analytic,F5,A1_LiRA,0.00010473708979594497,1.0,0
imagenet_r,m8_analytic,F5,A1_LiRA,0.00010969857978923841,1.0,0
imagenet_r,m8_analytic,F5,A1_LiRA,0.00011489510001873086,1.0,0
imagenet_r,m8_analytic,F5,A1_LiRA,0.00012033778407775893,1.0,0
imagenet_r,m8_analytic,F5,A1_LiRA,0.00012603829296797275,1.0,0
imagenet_r,m8_analytic,F5,A1_LiRA,0.0001320088400831418,1.0,0
imagenet_r,m8_analytic,F5,A1_LiRA,0.00013826221737646565,1.0,0
imagenet_r,m8_analytic,F5,A1_LiRA,0.0001448118227674533,1.0,0
imagenet_r,m8_analytic,F5,A1_LiRA,0.00015167168884709225,1.0,0
imagenet_r,m8_analytic,F5,A1_LiRA,0.00015885651294280528,1.0,0
imagenet_r,m8_analytic,F5,A1_LiRA,0.0001663816886076129,1.0,0
imagenet_r,m8_analytic,F5,A1_LiRA,0.00017426333860096508,1.0,0
imagenet_r,m8_analytic,F5,A1_LiRA,0.00018251834943190426,1.0,0
imagenet_r,m8_analytic,F5,A1_LiRA,0.00019116440753857018,1.0,0
imagenet_r,m8_analytic,F5,A1_LiRA,0.00020022003718155845,1.0,0
imagenet_r,m8_analytic,F5,A1_LiRA,0.00020970464013232327,1.0,0
imagenet_r,m8_analytic,F5,A1_LiRA,0.0002196385372416547,1.0,0
imagenet_r,m8_analytic,F5,A1_LiRA,0.0002300430119772917,1.0,0
imagenet_r,m8_analytic,F5,A1_LiRA,0.00024094035602395243,1.0,0
imagenet_r,m8_analytic,F5,A1_LiRA,0.0002523539170434766,1.0,0
imagenet_r,m8_analytic,F5,A1_LiRA,0.00026430814869741055,1.0,0
imagenet_r,m8_analytic,F5,A1_LiRA,0.00027682866303920667,1.0,0
imagenet_r,m8_analytic,F5,A1_LiRA,0.0002899422853882875,1.0,0
imagenet_r,m8_analytic,F5,A1_LiRA,0.0003036771118035457,1.0,0
imagenet_r,m8_analytic,F5,A1_LiRA,0.0003180625692794119,1.0,0
imagenet_r,m8_analytic,F5,A1_LiRA,0.00033312947879346737,1.0,0
imagenet_r,m8_analytic,F5,A1_LiRA,0.0003489101213406774,1.0,0
imagenet_r,m8_analytic,F5,A1_LiRA,0.00036543830709572547,1.0,0
imagenet_r,m8_analytic,F5,A1_LiRA,0.0003827494478516311,1.0,0
imagenet_r,m8_analytic,F5,A1_LiRA,0.0004008806328898465,1.0,0
imagenet_r,m8_analytic,F5,A1_LiRA,0.000419870708444391,1.0,0
imagenet_r,m8_analytic,F5,A1_LiRA,0.00043976036093027214,1.0,0
imagenet_r,m8_analytic,F5,A1_LiRA,0.00046059220411451035,1.0,0
imagenet_r,m8_analytic,F5,A1_LiRA,0.00048241087041653687,1.0,0
imagenet_r,m8_analytic,F5,A1_LiRA,0.0005052631065335679,1.0,0
imagenet_r,m8_analytic,F5,A1_LiRA,0.0005291978735958442,1.0,0
imagenet_r,m8_analytic,F5,A1_LiRA,0.0005542664520663107,1.0,0
imagenet_r,m8_analytic,F5,A1_LiRA,0.0005805225516094895,1.0,0
imagenet_r,m8_analytic,F5,A1_LiRA,0.0006080224261649427,1.0,0
imagenet_r,m8_analytic,F5,A1_LiRA,0.0006368249944718586,1.0,0
imagenet_r,m8_analytic,F5,A1_LiRA,0.0006669919663030121,1.0,0
imagenet_r,m8_analytic,F5,A1_LiRA,0.0006985879746785249,1.0,0
imagenet_r,m8_analytic,F5,A1_LiRA,0.0007316807143427193,1.0,0
imagenet_r,m8_analytic,F5,A1_LiRA,0.0007663410868007462,1.0,0
imagenet_r,m8_analytic,F5,A1_LiRA,0.0008026433522257174,1.0,0
imagenet_r,m8_analytic,F5,A1_LiRA,0.0008406652885618325,1.0,0
imagenet_r,m8_analytic,F5,A1_LiRA,0.0008804883581643465,1.0,0
imagenet_r,m8_analytic,F5,A1_LiRA,0.0009221978823334322,1.0,0
imagenet_r,m8_analytic,F5,A1_LiRA,0.0009658832241158709,1.0,0
imagenet_r,m8_analytic,F5,A1_LiRA,0.001011637979766207,1.0,0
imagenet_r,m8_analytic,F5,A1_LiRA,0.001059560179277616,1.0,0
imagenet_r,m8_analytic,F5,A1_LiRA,0.0011097524964120721,1.0,0
imagenet_r,m8_analytic,F5,A1_LiRA,0.0011623224686798518,1.0,0
imagenet_r,m8_analytic,F5,A1_LiRA,0.001217382727739662,1.0,0
imagenet_r,m8_analytic,F5,A1_LiRA,0.0012750512407130128,1.0,0
imagenet_r,m8_analytic,F5,A1_LiRA,0.0013354515629298987,1.0,0
imagenet_r,m8_analytic,F5,A1_LiRA,0.0013987131026472386,1.0,0
imagenet_r,m8_analytic,F5,A1_LiRA,0.0014649713983072847,1.0,0
imagenet_r,m8_analytic,F5,A1_LiRA,0.0015343684089300133,1.0,0
imagenet_r,m8_analytic,F5,A1_LiRA,0.0016070528182616384,1.0,0
imagenet_r,m8_analytic,F5,A1_LiRA,0.0016831803533309566,1.0,0
imagenet_r,m8_analytic,F5,A1_LiRA,0.001762914118095948,1.0,0
imagenet_r,m8_analytic,F5,A1_LiRA,0.0018464249428955426,1.0,0
imagenet_r,m8_analytic,F5,A1_LiRA,0.0019338917504552321,1.0,0
imagenet_r,m8_analytic,F5,A1_LiRA,0.0020255019392306666,1.0,0
imagenet_r,m8_analytic,F5,A1_LiRA,0.00212145178491063,1.0,0
imagenet_r,m8_analytic,F5,A1_LiRA,0.002221946860939524,1.0,0
imagenet_r,m8_analytic,F5,A1_LiRA,0.0023272024789604074,1.0,0
imagenet_r,m8_analytic,F5,A1_LiRA,0.002437444150122222,1.0,0
imagenet_r,m8_analytic,F5,A1_LiRA,0.0025529080682395165,1.0,0
imagenet_r,m8_analytic,F5,A1_LiRA,0.0026738416158399465,1.0,0
imagenet_r,m8_analytic,F5,A1_LiRA,0.002800503894183631,1.0,0
imagenet_r,m8_analytic,F5,A1_LiRA,0.0029331662783900424,1.0,0
imagenet_r,m8_analytic,F5,A1_LiRA,0.003072112998861759,1.0,0
imagenet_r,m8_analytic,F5,A1_LiRA,0.0032176417502507355,1.0,0
imagenet_r,m8_analytic,F5,A1_LiRA,0.003370064329271928,1.0,0
imagenet_r,m8_analytic,F5,A1_LiRA,0.00352970730273065,1.0,0
imagenet_r,m8_analytic,F5,A1_LiRA,0.0036969127071950283,1.0,0
imagenet_r,m8_analytic,F5,A1_LiRA,0.003872038781812557,1.0,0
imagenet_r,m8_analytic,F5,A1_LiRA,0.004055460735840828,1.0,0
imagenet_r,m8_analytic,F5,A1_LiRA,0.0042475715525368985,1.0,0
imagenet_r,m8_analytic,F5,A1_LiRA,0.004448782831127585,1.0,0
imagenet_r,m8_analytic,F5,A1_LiRA,0.004659525668664682,1.0,0
imagenet_r,m8_analytic,F5,A1_LiRA,0.004880251583654433,1.0,0
imagenet_r,m8_analytic,F5,A1_LiRA,0.005111433483440166,1.0,0
imagenet_r,m8_analytic,F5,A1_LiRA,0.0053535666774107244,1.0,0
imagenet_r,m8_analytic,F5,A1_LiRA,0.005607169938205458,1.0,0
imagenet_r,m8_analytic,F5,A1_LiRA,0.005872786613189483,1.0,0
imagenet_r,m8_analytic,F5,A1_LiRA,0.006150985788580504,1.0,0
imagenet_r,m8_analytic,F5,A1_LiRA,0.00644236350872137,1.0,0
imagenet_r,m8_analytic,F5,A1_LiRA,0.006747544053110693,1.0,0
imagenet_r,m8_analytic,F5,A1_LiRA,0.0070671812739274914,1.0,0
imagenet_r,m8_analytic,F5,A1_LiRA,0.007401959996915644,1.0,0
imagenet_r,m8_analytic,F5,A1_LiRA,0.007752597488629464,1.0,0
imagenet_r,m8_analytic,F5,A1_LiRA,0.008119844993184008,1.0,0
imagenet_r,m8_analytic,F5,A1_LiRA,0.008504489341802677,1.0,0
imagenet_r,m8_analytic,F5,A1_LiRA,0.00890735463861044,1.0,0
imagenet_r,m8_analytic,F5,A1_LiRA,0.009329304026284686,1.0,0
imagenet_r,m8_analytic,F5,A1_LiRA,0.009771241535346501,1.0,0
imagenet_r,m8_analytic,F5,A1_LiRA,0.010234114021054527,1.0,0
imagenet_r,m8_analytic,F5,A1_LiRA,0.010718913192051276,1.0,0
imagenet_r,m8_analytic,F5,A1_LiRA,0.011226677735108135,1.0,0
imagenet_r,m8_analytic,F5,A1_LiRA,0.01175849554052157,1.0,0
imagenet_r,m8_analytic,F5,A1_LiRA,0.012315506032928261,1.0,0
imagenet_r,m8_analytic,F5,A1_LiRA,0.01289890261253308,1.0,0
imagenet_r,m8_analytic,F5,A1_LiRA,0.013509935211980266,1.0,0
imagenet_r,m8_analytic,F5,A1_LiRA,0.01414991297434576,1.0,0
imagenet_r,m8_analytic,F5,A1_LiRA,0.014820207057988586,1.0,0
imagenet_r,m8_analytic,F5,A1_LiRA,0.01552225357427048,1.0,0
imagenet_r,m8_analytic,F5,A1_LiRA,0.016257556664437952,1.0,0
imagenet_r,m8_analytic,F5,A1_LiRA,0.017027691722258997,1.0,0
imagenet_r,m8_analytic,F5,A1_LiRA,0.017834308769319095,1.0,0
imagenet_r,m8_analytic,F5,A1_LiRA,0.01867913599020783,1.0,0
imagenet_r,m8_analytic,F5,A1_LiRA,0.01956398343517065,1.0,0
imagenet_r,m8_analytic,F5,A1_LiRA,0.020490746898158482,1.0,0
imagenet_r,m8_analytic,F5,A1_LiRA,0.021461411978584036,1.0,0
imagenet_r,m8_analytic,F5,A1_LiRA,0.02247805833548725,1.0,0
imagenet_r,m8_analytic,F5,A1_LiRA,0.02354286414322418,1.0,0
imagenet_r,m8_analytic,F5,A1_LiRA,0.024658110758226038,1.0,0
imagenet_r,m8_analytic,F5,A1_LiRA,0.025826187606826773,1.0,0
imagenet_r,m8_analytic,F5,A1_LiRA,0.027049597304631343,1.0,0
imagenet_r,m8_analytic,F5,A1_LiRA,0.02833096101839324,1.0,0
imagenet_r,m8_analytic,F5,A1_LiRA,0.029673024081888696,1.0,0
imagenet_r,m8_analytic,F5,A1_LiRA,0.03107866187782014,1.0,0
imagenet_r,m8_analytic,F5,A1_LiRA,0.0325508859983506,1.0,0
imagenet_r,m8_analytic,F5,A1_LiRA,0.03409285069746811,1.0,0
imagenet_r,m8_analytic,F5,A1_LiRA,0.03570785964900463,1.0,0
imagenet_r,m8_analytic,F5,A1_LiRA,0.03739937302478798,1.0,0
imagenet_r,m8_analytic,F5,A1_LiRA,0.039171014908092605,1.0,0
imagenet_r,m8_analytic,F5,A1_LiRA,0.04102658105827194,1.0,0
imagenet_r,m8_analytic,F5,A1_LiRA,0.04297004704320839,1.0,0
imagenet_r,m8_analytic,F5,A1_LiRA,0.04500557675700498,1.0,0
imagenet_r,m8_analytic,F5,A1_LiRA,0.047137531341167244,1.0,0
imagenet_r,m8_analytic,F5,A1_LiRA,0.049370478528390035,1.0,0
imagenet_r,m8_analytic,F5,A1_LiRA,0.05170920242896761,1.0,0
imagenet_r,m8_analytic,F5,A1_LiRA,0.054158713780794704,1.0,0
imagenet_r,m8_analytic,F5,A1_LiRA,0.05672426068491978,1.0,0
imagenet_r,m8_analytic,F5,A1_LiRA,0.05941133984965034,1.0,0
imagenet_r,m8_analytic,F5,A1_LiRA,0.06222570836730231,1.0,0
imagenet_r,m8_analytic,F5,A1_LiRA,0.06517339604882427,1.0,0
imagenet_r,m8_analytic,F5,A1_LiRA,0.06826071834272386,1.0,0
imagenet_r,m8_analytic,F5,A1_LiRA,0.07149428986597577,1.0,0
imagenet_r,m8_analytic,F5,A1_LiRA,0.07488103857590023,1.0,0
imagenet_r,m8_analytic,F5,A1_LiRA,0.07842822061337681,1.0,0
imagenet_r,m8_analytic,F5,A1_LiRA,0.0821434358491943,1.0,0
imagenet_r,m8_analytic,F5,A1_LiRA,0.086034644166845,1.0,0
imagenet_r,m8_analytic,F5,A1_LiRA,0.09011018251665019,1.0,0
imagenet_r,m8_analytic,F5,A1_LiRA,0.09437878277775381,1.0,0
imagenet_r,m8_analytic,F5,A1_LiRA,0.09884959046625587,1.0,0
imagenet_r,m8_analytic,F5,A1_LiRA,0.10353218432956626,1.0,0
imagenet_r,m8_analytic,F5,A1_LiRA,0.1084365968689611,1.0,0
imagenet_r,m8_analytic,F5,A1_LiRA,0.11357333583431052,1.0,0
imagenet_r,m8_analytic,F5,A1_LiRA,0.11895340673703195,1.0,0
imagenet_r,m8_analytic,F5,A1_LiRA,0.12458833642950082,1.0,0
imagenet_r,m8_analytic,F5,A1_LiRA,0.1304901978014403,1.0,0
imagenet_r,m8_analytic,F5,A1_LiRA,0.13667163564620075,1.0,0
imagenet_r,m8_analytic,F5,A1_LiRA,0.14314589375234785,1.0,0
imagenet_r,m8_analytic,F5,A1_LiRA,0.14992684327860456,1.0,0
imagenet_r,m8_analytic,F5,A1_LiRA,0.15702901247293774,1.0,0
imagenet_r,m8_analytic,F5,A1_LiRA,0.16446761779946645,1.0,0
imagenet_r,m8_analytic,F5,A1_LiRA,0.17225859653987874,1.0,0
imagenet_r,m8_analytic,F5,A1_LiRA,0.18041864093920718,1.0,0
imagenet_r,m8_analytic,F5,A1_LiRA,0.18896523396912096,1.0,0
imagenet_r,m8_analytic,F5,A1_LiRA,0.19791668678535573,1.0,0
imagenet_r,m8_analytic,F5,A1_LiRA,0.2072921779595372,1.0,0
imagenet_r,m8_analytic,F5,A1_LiRA,0.21711179456945054,1.0,0
imagenet_r,m8_analytic,F5,A1_LiRA,0.22739657523579276,1.0,0
imagenet_r,m8_analytic,F5,A1_LiRA,0.23816855519761582,1.0,0
imagenet_r,m8_analytic,F5,A1_LiRA,0.24945081352303167,1.0,0
imagenet_r,m8_analytic,F5,A1_LiRA,0.2612675225563329,1.0,0
imagenet_r,m8_analytic,F5,A1_LiRA,0.27364399970746717,1.0,0
imagenet_r,m8_analytic,F5,A1_LiRA,0.286606761694825,1.0,0
imagenet_r,m8_analytic,F5,A1_LiRA,0.3001835813575589,1.0,0
imagenet_r,m8_analytic,F5,A1_LiRA,0.31440354715915003,1.0,0
imagenet_r,m8_analytic,F5,A1_LiRA,0.3292971255097151,1.0,0
imagenet_r,m8_analytic,F5,A1_LiRA,0.34489622604057596,1.0,0
imagenet_r,m8_analytic,F5,A1_LiRA,0.36123426997094304,1.0,0
imagenet_r,m8_analytic,F5,A1_LiRA,0.3783462617131929,1.0,0
imagenet_r,m8_analytic,F5,A1_LiRA,0.3962688638701478,1.0,0
imagenet_r,m8_analytic,F5,A1_LiRA,0.41504047578504766,1.0,0
imagenet_r,m8_analytic,F5,A1_LiRA,0.43470131581250265,1.0,0
imagenet_r,m8_analytic,F5,A1_LiRA,0.4552935074866948,1.0,0
imagenet_r,m8_analytic,F5,A1_LiRA,0.47686116977144694,1.0,0
imagenet_r,m8_analytic,F5,A1_LiRA,0.499450511585514,1.0,0
imagenet_r,m8_analytic,F5,A1_LiRA,0.5231099308056264,1.0,0
imagenet_r,m8_analytic,F5,A1_LiRA,0.5478901179593945,1.0,0
imagenet_r,m8_analytic,F5,A1_LiRA,0.5738441648302393,1.0,0
imagenet_r,m8_analytic,F5,A1_LiRA,0.6010276782070382,1.0,0
imagenet_r,m8_analytic,F5,A1_LiRA,0.6294988990221888,1.0,0
imagenet_r,m8_analytic,F5,A1_LiRA,0.6593188271333549,1.0,0
imagenet_r,m8_analytic,F5,A1_LiRA,0.6905513520162331,1.0,0
imagenet_r,m8_analytic,F5,A1_LiRA,0.7232633896483533,1.0,0
imagenet_r,m8_analytic,F5,A1_LiRA,0.7575250258771913,1.0,0
imagenet_r,m8_analytic,F5,A1_LiRA,0.7934096665797492,1.0,0
imagenet_r,m8_analytic,F5,A1_LiRA,0.8309941949353395,1.0,0
imagenet_r,m8_analytic,F5,A1_LiRA,0.8703591361485166,1.0,0
imagenet_r,m8_analytic,F5,A1_LiRA,0.9115888299750827,1.0,0
imagenet_r,m8_analytic,F5,A1_LiRA,0.9547716114208056,1.0,0
imagenet_r,m8_analytic,F5,A1_LiRA,1.0,1.0,0
