dataset,method,seed,task_k,task_T,elapsed,acc,acc_train
imagenet_r,m0_fedavg,0,0,0,0,0.7344827586206897,0.7876949740034662
imagenet_r,m0_fedavg,0,0,1,1,0.1793103448275862,0.20580589254766032
imagenet_r,m0_fedavg,0,0,2,2,0.1793103448275862,0.19584055459272098
imagenet_r,m0_fedavg,0,0,3,3,0.13793103448275862,0.16594454072790293
imagenet_r,m0_fedavg,0,0,4,4,0.13448275862068965,0.14168110918544194
imagenet_r,m0_fedavg,0,0,5,5,0.1103448275862069,0.13518197573656845
imagenet_r,m0_fedavg,0,0,6,6,0.15172413793103448,0.16984402079722705
imagenet_r,m0_fedavg,0,0,7,7,0.13793103448275862,0.1477469670710572
imagenet_r,m0_fedavg,0,0,8,8,0.10689655172413794,0.12261698440207973
imagenet_r,m0_fedavg,0,0,9,9,0.15172413793103448,0.17807625649913345
imagenet_r,m0_fedavg,0,1,1,0,0.6610169491525424,0.7450232952138924
imagenet_r,m0_fedavg,0,1,2,1,0.21694915254237288,0.23761118170266837
imagenet_r,m0_fedavg,0,1,3,2,0.1152542372881356,0.1397712833545108
imagenet_r,m0_fedavg,0,1,4,3,0.15593220338983052,0.17662007623888182
imagenet_r,m0_fedavg,0,1,5,4,0.1288135593220339,0.1592545531554426
imagenet_r,m0_fedavg,0,1,6,5,0.14915254237288136,0.18170266836086404
imagenet_r,m0_fedavg,0,1,7,6,0.14915254237288136,0.18297331639135958
imagenet_r,m0_fedavg,0,1,8,7,0.13559322033898305,0.16560779330792036
imagenet_r,m0_fedavg,0,1,9,8,0.12542372881355932,0.14866581956797967
imagenet_r,m0_fedavg,0,2,2,0,0.6866197183098591,0.7601572739187418
imagenet_r,m0_fedavg,0,2,3,1,0.2535211267605634,0.2595019659239843
imagenet_r,m0_fedavg,0,2,4,2,0.22535211267605634,0.21319353429445173
imagenet_r,m0_fedavg,0,2,5,3,0.2112676056338028,0.2166885102664919
imagenet_r,m0_fedavg,0,2,6,4,0.2112676056338028,0.17562254259501967
imagenet_r,m0_fedavg,0,2,7,5,0.15845070422535212,0.16601135867190914
imagenet_r,m0_fedavg,0,2,8,6,0.19718309859154928,0.17737003058103976
imagenet_r,m0_fedavg,0,2,9,7,0.1443661971830986,0.1511577107907383
imagenet_r,m0_fedavg,0,3,3,0,0.7593220338983051,0.8071729957805908
imagenet_r,m0_fedavg,0,3,4,1,0.30847457627118646,0.33544303797468356
imagenet_r,m0_fedavg,0,3,5,2,0.22372881355932203,0.25738396624472576
imagenet_r,m0_fedavg,0,3,6,3,0.2677966101694915,0.27974683544303797
imagenet_r,m0_fedavg,0,3,7,4,0.30847457627118646,0.30759493670886073
imagenet_r,m0_fedavg,0,3,8,5,0.26440677966101694,0.2687763713080169
imagenet_r,m0_fedavg,0,3,9,6,0.22033898305084745,0.24050632911392406
imagenet_r,m0_fedavg,0,4,4,0,0.7156862745098039,0.7918885702580909
imagenet_r,m0_fedavg,0,4,5,1,0.23202614379084968,0.2548136009832036
imagenet_r,m0_fedavg,0,4,6,2,0.23202614379084968,0.25686194182712
imagenet_r,m0_fedavg,0,4,7,3,0.1895424836601307,0.22122081114297418
imagenet_r,m0_fedavg,0,4,8,4,0.13725490196078433,0.15444489963129865
imagenet_r,m0_fedavg,0,4,9,5,0.13071895424836602,0.16509627201966406
imagenet_r,m0_fedavg,0,5,5,0,0.7767295597484277,0.7947306331104994
imagenet_r,m0_fedavg,0,5,6,1,0.34276729559748426,0.3539127015336217
imagenet_r,m0_fedavg,0,5,7,2,0.3584905660377358,0.35823830121903266
imagenet_r,m0_fedavg,0,5,8,3,0.3490566037735849,0.3460479748328746
imagenet_r,m0_fedavg,0,5,9,4,0.3050314465408805,0.321274085725521
imagenet_r,m0_fedavg,0,6,6,0,0.7721088435374149,0.7937660119555935
imagenet_r,m0_fedavg,0,6,7,1,0.3843537414965986,0.37147736976942786
imagenet_r,m0_fedavg,0,6,8,2,0.3401360544217687,0.3471391972672929
imagenet_r,m0_fedavg,0,6,9,3,0.30952380952380953,0.3116994022203245
imagenet_r,m0_fedavg,0,7,7,0,0.7455197132616488,0.782942238267148
imagenet_r,m0_fedavg,0,7,8,1,0.26523297491039427,0.28203971119133575
imagenet_r,m0_fedavg,0,7,9,2,0.2114695340501792,0.2134476534296029
imagenet_r,m0_fedavg,0,8,8,0,0.6695906432748538,0.7345814977973568
imagenet_r,m0_fedavg,0,8,9,1,0.2631578947368421,0.2852422907488987
imagenet_r,m0_fedavg,0,9,9,0,0.6701030927835051,0.7413941480206541
imagenet_r,m0_fedavg,1,0,0,0,0.7370242214532872,0.7608131487889274
imagenet_r,m0_fedavg,1,0,1,1,0.314878892733564,0.3044982698961938
imagenet_r,m0_fedavg,1,0,2,2,0.21107266435986158,0.2054498269896194
imagenet_r,m0_fedavg,1,0,3,3,0.21453287197231835,0.2166955017301038
imagenet_r,m0_fedavg,1,0,4,4,0.17301038062283736,0.17387543252595156
imagenet_r,m0_fedavg,1,0,5,5,0.2422145328719723,0.24091695501730104
imagenet_r,m0_fedavg,1,0,6,6,0.1903114186851211,0.185121107266436
imagenet_r,m0_fedavg,1,0,7,7,0.21107266435986158,0.1976643598615917
imagenet_r,m0_fedavg,1,0,8,8,0.17647058823529413,0.16868512110726644
imagenet_r,m0_fedavg,1,0,9,9,0.11072664359861592,0.111159169550173
imagenet_r,m0_fedavg,1,1,1,0,0.699724517906336,0.7473174108688128
imagenet_r,m0_fedavg,1,1,2,1,0.20385674931129477,0.23329871928002768
imagenet_r,m0_fedavg,1,1,3,2,0.10192837465564739,0.12668743509865005
imagenet_r,m0_fedavg,1,1,4,3,0.15702479338842976,0.17133956386292834
imagenet_r,m0_fedavg,1,1,5,4,0.14325068870523416,0.16580131533402562
imagenet_r,m0_fedavg,1,1,6,5,0.1763085399449036,0.19730010384215993
imagenet_r,m0_fedavg,1,1,7,6,0.18457300275482094,0.20768431983385255
imagenet_r,m0_fedavg,1,1,8,7,0.09090909090909091,0.11076497057805469
imagenet_r,m0_fedavg,1,1,9,8,0.11294765840220386,0.11318795430944964
imagenet_r,m0_fedavg,1,2,2,0,0.7094339622641509,0.7792578496669839
imagenet_r,m0_fedavg,1,2,3,1,0.2528301886792453,0.2721217887725975
imagenet_r,m0_fedavg,1,2,4,2,0.2,0.23120837297811608
imagenet_r,m0_fedavg,1,2,5,3,0.2037735849056604,0.22216936251189343
imagenet_r,m0_fedavg,1,2,6,4,0.18490566037735848,0.2017126546146527
imagenet_r,m0_fedavg,1,2,7,5,0.22641509433962265,0.25451950523311134
imagenet_r,m0_fedavg,1,2,8,6,0.09056603773584905,0.12131303520456709
imagenet_r,m0_fedavg,1,2,9,7,0.09433962264150944,0.1241674595623216
imagenet_r,m0_fedavg,1,3,3,0,0.6816816816816816,0.7442034405385191
imagenet_r,m0_fedavg,1,3,4,1,0.3033033033033033,0.3548990276738968
imagenet_r,m0_fedavg,1,3,5,2,0.3183183183183183,0.35041136873597606
imagenet_r,m0_fedavg,1,3,6,3,0.24624624624624625,0.28608825729244575
imagenet_r,m0_fedavg,1,3,7,4,0.3213213213213213,0.35976065818997754
imagenet_r,m0_fedavg,1,3,8,5,0.19519519519519518,0.23635003739715782
imagenet_r,m0_fedavg,1,3,9,6,0.1921921921921922,0.20905011219147346
imagenet_r,m0_fedavg,1,4,4,0,0.7076271186440678,0.7818277865821447
imagenet_r,m0_fedavg,1,4,5,1,0.23728813559322035,0.27258320126782887
imagenet_r,m0_fedavg,1,4,6,2,0.211864406779661,0.22768092974115162
imagenet_r,m0_fedavg,1,4,7,3,0.21610169491525424,0.27363972530375064
imagenet_r,m0_fedavg,1,4,8,4,0.1864406779661017,0.184891706286318
imagenet_r,m0_fedavg,1,4,9,5,0.1483050847457627,0.1473851030110935
imagenet_r,m0_fedavg,1,5,5,0,0.7275541795665634,0.7835330498647082
imagenet_r,m0_fedavg,1,5,6,1,0.25696594427244585,0.30575956706609975
imagenet_r,m0_fedavg,1,5,7,2,0.2848297213622291,0.3281793583301121
imagenet_r,m0_fedavg,1,5,8,3,0.15789473684210525,0.17356010823347506
imagenet_r,m0_fedavg,1,5,9,4,0.10526315789473684,0.12253575570158484
imagenet_r,m0_fedavg,1,6,6,0,0.7391304347826086,0.8110925771476231
imagenet_r,m0_fedavg,1,6,7,1,0.3745819397993311,0.38990825688073394
imagenet_r,m0_fedavg,1,6,8,2,0.2809364548494983,0.2939949958298582
imagenet_r,m0_fedavg,1,6,9,3,0.20735785953177258,0.2481234361968307
imagenet_r,m0_fedavg,1,7,7,0,0.7613636363636364,0.8000951927653498
imagenet_r,m0_fedavg,1,7,8,1,0.3977272727272727,0.410280818657782
imagenet_r,m0_fedavg,1,7,9,2,0.30303030303030304,0.3193717277486911
imagenet_r,m0_fedavg,1,8,8,0,0.7350157728706624,0.7631267272009475
imagenet_r,m0_fedavg,1,8,9,1,0.24605678233438485,0.23963679431504145
imagenet_r,m0_fedavg,1,9,9,0,0.7180327868852459,0.7319884726224783
imagenet_r,m0_fedavg,2,0,0,0,0.7335640138408305,0.7842287694974004
imagenet_r,m0_fedavg,2,0,1,1,0.23183391003460208,0.27339688041594457
imagenet_r,m0_fedavg,2,0,2,2,0.22837370242214533,0.2807625649913345
imagenet_r,m0_fedavg,2,0,3,3,0.1695501730103806,0.21923743500866552
imagenet_r,m0_fedavg,2,0,4,4,0.16262975778546712,0.225736568457539
imagenet_r,m0_fedavg,2,0,5,5,0.15916955017301038,0.19020797227036396
imagenet_r,m0_fedavg,2,0,6,6,0.17647058823529413,0.19844020797227035
imagenet_r,m0_fedavg,2,0,7,7,0.15570934256055363,0.20320623916811092
imagenet_r,m0_fedavg,2,0,8,8,0.1903114186851211,0.21317157712305027
imagenet_r,m0_fedavg,2,0,9,9,0.20069204152249134,0.2339688041594454
imagenet_r,m0_fedavg,2,1,1,0,0.7093425605536332,0.7600867678958785
imagenet_r,m0_fedavg,2,1,2,1,0.2422145328719723,0.24425162689804772
imagenet_r,m0_fedavg,2,1,3,2,0.2422145328719723,0.23557483731019524
imagenet_r,m0_fedavg,2,1,4,3,0.2698961937716263,0.24945770065075923
imagenet_r,m0_fedavg,2,1,5,4,0.19377162629757785,0.1809110629067245
imagenet_r,m0_fedavg,2,1,6,5,0.23183391003460208,0.2160520607375271
imagenet_r,m0_fedavg,2,1,7,6,0.1972318339100346,0.20563991323210412
imagenet_r,m0_fedavg,2,1,8,7,0.15570934256055363,0.1505422993492408
imagenet_r,m0_fedavg,2,1,9,8,0.18339100346020762,0.172234273318872
imagenet_r,m0_fedavg,2,2,2,0,0.7641196013289037,0.8099208003334722
imagenet_r,m0_fedavg,2,2,3,1,0.19269102990033224,0.20300125052105045
imagenet_r,m0_fedavg,2,2,4,2,0.22259136212624583,0.24426844518549395
imagenet_r,m0_fedavg,2,2,5,3,0.10631229235880399,0.14172571904960402
imagenet_r,m0_fedavg,2,2,6,4,0.1893687707641196,0.19674864526886202
imagenet_r,m0_fedavg,2,2,7,5,0.12292358803986711,0.1567319716548562
imagenet_r,m0_fedavg,2,2,8,6,0.16611295681063123,0.18215923301375572
imagenet_r,m0_fedavg,2,2,9,7,0.1760797342192691,0.18674447686536055
imagenet_r,m0_fedavg,2,3,3,0,0.6862068965517242,0.77351164797239
imagenet_r,m0_fedavg,2,3,4,1,0.23448275862068965,0.23684210526315788
imagenet_r,m0_fedavg,2,3,5,2,0.16206896551724137,0.17558239861949956
imagenet_r,m0_fedavg,2,3,6,3,0.11724137931034483,0.1622088006902502
imagenet_r,m0_fedavg,2,3,7,4,0.15517241379310345,0.18636755823986195
imagenet_r,m0_fedavg,2,3,8,5,0.1793103448275862,0.1902502157031924
imagenet_r,m0_fedavg,2,3,9,6,0.21379310344827587,0.21225194132873165
imagenet_r,m0_fedavg,2,4,4,0,0.7361111111111112,0.7699346405228759
imagenet_r,m0_fedavg,2,4,5,1,0.22916666666666666,0.24444444444444444
imagenet_r,m0_fedavg,2,4,6,2,0.2013888888888889,0.20958605664488017
imagenet_r,m0_fedavg,2,4,7,3,0.2326388888888889,0.23790849673202613
imagenet_r,m0_fedavg,2,4,8,4,0.2326388888888889,0.21263616557734205
imagenet_r,m0_fedavg,2,4,9,5,0.22569444444444445,0.22091503267973855
imagenet_r,m0_fedavg,2,5,5,0,0.7275862068965517,0.7585166019836136
imagenet_r,m0_fedavg,2,5,6,1,0.25862068965517243,0.28029322984044847
imagenet_r,m0_fedavg,2,5,7,2,0.2482758620689655,0.24967658473479948
imagenet_r,m0_fedavg,2,5,8,3,0.20344827586206896,0.25528244933160843
imagenet_r,m0_fedavg,2,5,9,4,0.2206896551724138,0.25528244933160843
imagenet_r,m0_fedavg,2,6,6,0,0.7883435582822086,0.8332052267486548
imagenet_r,m0_fedavg,2,6,7,1,0.3282208588957055,0.3501152959262106
imagenet_r,m0_fedavg,2,6,8,2,0.2791411042944785,0.2744043043812452
imagenet_r,m0_fedavg,2,6,9,3,0.2331288343558282,0.24327440430438124
imagenet_r,m0_fedavg,2,7,7,0,0.7283950617283951,0.7717474980754426
imagenet_r,m0_fedavg,2,7,8,1,0.3117283950617284,0.36797536566589684
imagenet_r,m0_fedavg,2,7,9,2,0.31790123456790126,0.35604311008468054
imagenet_r,m0_fedavg,2,8,8,0,0.7003154574132492,0.7472397476340694
imagenet_r,m0_fedavg,2,8,9,1,0.22712933753943218,0.2890378548895899
imagenet_r,m0_fedavg,2,9,9,0,0.6714285714285714,0.7412868632707775
imagenet_r,m0_fedavg,3,0,0,0,0.7463556851311953,0.7905109489051095
imagenet_r,m0_fedavg,3,0,1,1,0.2565597667638484,0.26423357664233577
imagenet_r,m0_fedavg,3,0,2,2,0.22157434402332363,0.24963503649635035
imagenet_r,m0_fedavg,3,0,3,3,0.15451895043731778,0.17226277372262774
imagenet_r,m0_fedavg,3,0,4,4,0.1661807580174927,0.1897810218978102
imagenet_r,m0_fedavg,3,0,5,5,0.12244897959183673,0.11934306569343066
imagenet_r,m0_fedavg,3,0,6,6,0.12536443148688048,0.1470802919708029
imagenet_r,m0_fedavg,3,0,7,7,0.16909620991253643,0.19160583941605838
imagenet_r,m0_fedavg,3,0,8,8,0.12536443148688048,0.13722627737226278
imagenet_r,m0_fedavg,3,0,9,9,0.11661807580174927,0.12116788321167883
imagenet_r,m0_fedavg,3,1,1,0,0.7490494296577946,0.8386331276696726
imagenet_r,m0_fedavg,3,1,2,1,0.3193916349809886,0.3312766967252017
imagenet_r,m0_fedavg,3,1,3,2,0.27756653992395436,0.27432368296155674
imagenet_r,m0_fedavg,3,1,4,3,0.2661596958174905,0.2880873279544376
imagenet_r,m0_fedavg,3,1,5,4,0.23954372623574144,0.26483151400094923
imagenet_r,m0_fedavg,3,1,6,5,0.18250950570342206,0.1969625059326056
imagenet_r,m0_fedavg,3,1,7,6,0.19771863117870722,0.20360702420503085
imagenet_r,m0_fedavg,3,1,8,7,0.22433460076045628,0.22401518747033697
imagenet_r,m0_fedavg,3,1,9,8,0.1520912547528517,0.16896060749881348
imagenet_r,m0_fedavg,3,2,2,0,0.7377049180327869,0.7876910367616687
imagenet_r,m0_fedavg,3,2,3,1,0.22295081967213115,0.25650557620817843
imagenet_r,m0_fedavg,3,2,4,2,0.1540983606557377,0.1788517141676993
imagenet_r,m0_fedavg,3,2,5,3,0.15737704918032788,0.16769929781082196
imagenet_r,m0_fedavg,3,2,6,4,0.1540983606557377,0.16150351094589013
imagenet_r,m0_fedavg,3,2,7,5,0.14426229508196722,0.16398182569186287
imagenet_r,m0_fedavg,3,2,8,6,0.1540983606557377,0.1623296158612144
imagenet_r,m0_fedavg,3,2,9,7,0.14426229508196722,0.1681123502684841
imagenet_r,m0_fedavg,3,3,3,0,0.7120253164556962,0.7698098256735341
imagenet_r,m0_fedavg,3,3,4,1,0.25949367088607594,0.2868462757527734
imagenet_r,m0_fedavg,3,3,5,2,0.18037974683544303,0.2095879556259905
imagenet_r,m0_fedavg,3,3,6,3,0.1550632911392405,0.16798732171156894
imagenet_r,m0_fedavg,3,3,7,4,0.14240506329113925,0.16917591125198098
imagenet_r,m0_fedavg,3,3,8,5,0.2088607594936709,0.2004754358161648
imagenet_r,m0_fedavg,3,3,9,6,0.12658227848101267,0.1410459587955626
imagenet_r,m0_fedavg,3,4,4,0,0.760655737704918,0.8086672117743254
imagenet_r,m0_fedavg,3,4,5,1,0.19672131147540983,0.21995094031071136
imagenet_r,m0_fedavg,3,4,6,2,0.16721311475409836,0.18274734260016354
imagenet_r,m0_fedavg,3,4,7,3,0.2,0.21545380212591986
imagenet_r,m0_fedavg,3,4,8,4,0.16721311475409836,0.21954210956663942
imagenet_r,m0_fedavg,3,4,9,5,0.2,0.2035977105478332
imagenet_r,m0_fedavg,3,5,5,0,0.7266881028938906,0.7776432606941082
imagenet_r,m0_fedavg,3,5,6,1,0.2733118971061093,0.2937853107344633
imagenet_r,m0_fedavg,3,5,7,2,0.2315112540192926,0.2687651331719128
imagenet_r,m0_fedavg,3,5,8,3,0.2315112540192926,0.25262308313155774
imagenet_r,m0_fedavg,3,5,9,4,0.2315112540192926,0.2397094430992736
imagenet_r,m0_fedavg,3,6,6,0,0.7060931899641577,0.7468694096601073
imagenet_r,m0_fedavg,3,6,7,1,0.14336917562724014,0.2016994633273703
imagenet_r,m0_fedavg,3,6,8,2,0.15770609318996415,0.1873881932021467
imagenet_r,m0_fedavg,3,6,9,3,0.0967741935483871,0.1261180679785331
imagenet_r,m0_fedavg,3,7,7,0,0.7569230769230769,0.7680432265534543
imagenet_r,m0_fedavg,3,7,8,1,0.24307692307692308,0.2504824392126592
imagenet_r,m0_fedavg,3,7,9,2,0.19076923076923077,0.2076418371285218
imagenet_r,m0_fedavg,3,8,8,0,0.7467105263157895,0.7605284888521883
imagenet_r,m0_fedavg,3,8,9,1,0.2993421052631579,0.30057803468208094
imagenet_r,m0_fedavg,3,9,9,0,0.757201646090535,0.7977470558115719
imagenet_r,m0_fedavg,4,0,0,0,0.6971830985915493,0.7401852668725187
imagenet_r,m0_fedavg,4,0,1,1,0.23943661971830985,0.24614027348919276
imagenet_r,m0_fedavg,4,0,2,2,0.09507042253521127,0.1164534627260697
imagenet_r,m0_fedavg,4,0,3,3,0.09154929577464789,0.11160123511248346
imagenet_r,m0_fedavg,4,0,4,4,0.10211267605633803,0.13674459638288486
imagenet_r,m0_fedavg,4,0,5,5,0.10915492957746478,0.13277459197176886
imagenet_r,m0_fedavg,4,0,6,6,0.15140845070422534,0.1627701808557565
imagenet_r,m0_fedavg,4,0,7,7,0.11619718309859155,0.12659902955447727
imagenet_r,m0_fedavg,4,0,8,8,0.11619718309859155,0.14909572121746803
imagenet_r,m0_fedavg,4,0,9,9,0.16549295774647887,0.17512130569033965
imagenet_r,m0_fedavg,4,1,1,0,0.7685185185185185,0.7748062015503876
imagenet_r,m0_fedavg,4,1,2,1,0.37037037037037035,0.3426356589147287
imagenet_r,m0_fedavg,4,1,3,2,0.2962962962962963,0.3062015503875969
imagenet_r,m0_fedavg,4,1,4,3,0.2654320987654321,0.2569767441860465
imagenet_r,m0_fedavg,4,1,5,4,0.24382716049382716,0.2527131782945736
imagenet_r,m0_fedavg,4,1,6,5,0.19444444444444445,0.2065891472868217
imagenet_r,m0_fedavg,4,1,7,6,0.21296296296296297,0.22054263565891472
imagenet_r,m0_fedavg,4,1,8,7,0.19753086419753085,0.22093023255813954
imagenet_r,m0_fedavg,4,1,9,8,0.17592592592592593,0.1934108527131783
imagenet_r,m0_fedavg,4,2,2,0,0.7034482758620689,0.7652399481193255
imagenet_r,m0_fedavg,4,2,3,1,0.21379310344827587,0.19671422395157803
imagenet_r,m0_fedavg,4,2,4,2,0.20689655172413793,0.17812364894076957
imagenet_r,m0_fedavg,4,2,5,3,0.16896551724137931,0.16558581928231733
imagenet_r,m0_fedavg,4,2,6,4,0.21379310344827587,0.20665801988759186
imagenet_r,m0_fedavg,4,2,7,5,0.1310344827586207,0.14483354950281022
imagenet_r,m0_fedavg,4,2,8,6,0.14482758620689656,0.1504539559014267
imagenet_r,m0_fedavg,4,2,9,7,0.18620689655172415,0.1828793774319066
imagenet_r,m0_fedavg,4,3,3,0,0.7003154574132492,0.772655634357762
imagenet_r,m0_fedavg,4,3,4,1,0.2302839116719243,0.264381402679275
imagenet_r,m0_fedavg,4,3,5,2,0.2555205047318612,0.29393223010244285
imagenet_r,m0_fedavg,4,3,6,3,0.2082018927444795,0.25059101654846333
imagenet_r,m0_fedavg,4,3,7,4,0.14195583596214512,0.1946414499605989
imagenet_r,m0_fedavg,4,3,8,5,0.15772870662460567,0.2037037037037037
imagenet_r,m0_fedavg,4,3,9,6,0.22712933753943218,0.27580772261623326
imagenet_r,m0_fedavg,4,4,4,0,0.6970684039087948,0.7313064913722268
imagenet_r,m0_fedavg,4,4,5,1,0.3517915309446254,0.37017255546425637
imagenet_r,m0_fedavg,4,4,6,2,0.2931596091205212,0.30279375513557927
imagenet_r,m0_fedavg,4,4,7,3,0.20195439739413681,0.21364009860312244
imagenet_r,m0_fedavg,4,4,8,4,0.20846905537459284,0.22103533278553822
imagenet_r,m0_fedavg,4,4,9,5,0.21498371335504887,0.24239934264585045
imagenet_r,m0_fedavg,4,5,5,0,0.7491039426523297,0.7791218637992832
imagenet_r,m0_fedavg,4,5,6,1,0.27956989247311825,0.32302867383512546
imagenet_r,m0_fedavg,4,5,7,2,0.24731182795698925,0.2728494623655914
imagenet_r,m0_fedavg,4,5,8,3,0.25806451612903225,0.27912186379928317
imagenet_r,m0_fedavg,4,5,9,4,0.20430107526881722,0.24014336917562723
imagenet_r,m0_fedavg,4,6,6,0,0.6845637583892618,0.7515683814303639
imagenet_r,m0_fedavg,4,6,7,1,0.22483221476510068,0.3216227519866165
imagenet_r,m0_fedavg,4,6,8,2,0.2516778523489933,0.3057298201589293
imagenet_r,m0_fedavg,4,6,9,3,0.21476510067114093,0.27185278126306983
imagenet_r,m0_fedavg,4,7,7,0,0.7692307692307693,0.7975376196990424
imagenet_r,m0_fedavg,4,7,8,1,0.3956043956043956,0.40355677154582764
imagenet_r,m0_fedavg,4,7,9,2,0.3443223443223443,0.37300501595987234
imagenet_r,m0_fedavg,4,8,8,0,0.6887417218543046,0.8006630750103605
imagenet_r,m0_fedavg,4,8,9,1,0.25496688741721857,0.3282221301284708
imagenet_r,m0_fedavg,4,9,9,0,0.721875,0.7407117716073524
imagenet_r,m1_glfc,0,0,0,0,0.7344827586206897,0.7876949740034662
imagenet_r,m1_glfc,0,0,1,1,0.6172413793103448,0.6802426343154246
imagenet_r,m1_glfc,0,0,2,2,0.6862068965517242,0.7309358752166378
imagenet_r,m1_glfc,0,0,3,3,0.7068965517241379,0.7677642980935875
imagenet_r,m1_glfc,0,0,4,4,0.7206896551724138,0.7881282495667244
imagenet_r,m1_glfc,0,0,5,5,0.7068965517241379,0.7963604852686309
imagenet_r,m1_glfc,0,0,6,6,0.6862068965517242,0.7941941074523396
imagenet_r,m1_glfc,0,0,7,7,0.6896551724137931,0.7924610051993067
imagenet_r,m1_glfc,0,0,8,8,0.6862068965517242,0.7894280762564991
imagenet_r,m1_glfc,0,0,9,9,0.6724137931034483,0.7902946273830156
imagenet_r,m1_glfc,0,1,1,0,0.6169491525423729,0.6518424396442185
imagenet_r,m1_glfc,0,1,2,1,0.6067796610169491,0.675137653536637
imagenet_r,m1_glfc,0,1,3,2,0.6101694915254238,0.7022448115205422
imagenet_r,m1_glfc,0,1,4,3,0.6203389830508474,0.7276577721304532
imagenet_r,m1_glfc,0,1,5,4,0.6169491525423729,0.7399407030919102
imagenet_r,m1_glfc,0,1,6,5,0.6135593220338983,0.7484116899618806
imagenet_r,m1_glfc,0,1,7,6,0.6203389830508474,0.7590004235493435
imagenet_r,m1_glfc,0,1,8,7,0.6237288135593221,0.761118170266836
imagenet_r,m1_glfc,0,1,9,8,0.6271186440677966,0.759423972892842
imagenet_r,m1_glfc,0,2,2,0,0.4859154929577465,0.5329838357361293
imagenet_r,m1_glfc,0,2,3,1,0.573943661971831,0.616863259065094
imagenet_r,m1_glfc,0,2,4,2,0.6302816901408451,0.6885102664919178
imagenet_r,m1_glfc,0,2,5,3,0.6725352112676056,0.7260812581913499
imagenet_r,m1_glfc,0,2,6,4,0.6690140845070423,0.7418086500655308
imagenet_r,m1_glfc,0,2,7,5,0.6654929577464789,0.7487986020096112
imagenet_r,m1_glfc,0,2,8,6,0.6795774647887324,0.7522935779816514
imagenet_r,m1_glfc,0,2,9,7,0.6725352112676056,0.7483617300131061
imagenet_r,m1_glfc,0,3,3,0,0.4440677966101695,0.5101265822784811
imagenet_r,m1_glfc,0,3,4,1,0.559322033898305,0.6316455696202532
imagenet_r,m1_glfc,0,3,5,2,0.6305084745762712,0.6991561181434599
imagenet_r,m1_glfc,0,3,6,3,0.6610169491525424,0.7375527426160338
imagenet_r,m1_glfc,0,3,7,4,0.6813559322033899,0.7573839662447257
imagenet_r,m1_glfc,0,3,8,5,0.6915254237288135,0.7649789029535865
imagenet_r,m1_glfc,0,3,9,6,0.6779661016949152,0.7683544303797468
imagenet_r,m1_glfc,0,4,4,0,0.39215686274509803,0.4362965997541991
imagenet_r,m1_glfc,0,4,5,1,0.4542483660130719,0.5473166734944694
imagenet_r,m1_glfc,0,4,6,2,0.5032679738562091,0.6190086030315445
imagenet_r,m1_glfc,0,4,7,3,0.5359477124183006,0.6583367472347399
imagenet_r,m1_glfc,0,4,8,4,0.5130718954248366,0.6718557968045883
imagenet_r,m1_glfc,0,4,9,5,0.5359477124183006,0.6788201556739042
imagenet_r,m1_glfc,0,5,5,0,0.5786163522012578,0.5694062131340936
imagenet_r,m1_glfc,0,5,6,1,0.6383647798742138,0.6504128981517893
imagenet_r,m1_glfc,0,5,7,2,0.6918238993710691,0.7113645300825796
imagenet_r,m1_glfc,0,5,8,3,0.7012578616352201,0.7377113645300826
imagenet_r,m1_glfc,0,5,9,4,0.7138364779874213,0.7597325992921746
imagenet_r,m1_glfc,0,6,6,0,0.5238095238095238,0.5388556789069172
imagenet_r,m1_glfc,0,6,7,1,0.5952380952380952,0.6345004269854825
imagenet_r,m1_glfc,0,6,8,2,0.6462585034013606,0.6848847139197267
imagenet_r,m1_glfc,0,6,9,3,0.6700680272108843,0.7113578138343296
imagenet_r,m1_glfc,0,7,7,0,0.41935483870967744,0.4305054151624549
imagenet_r,m1_glfc,0,7,8,1,0.5053763440860215,0.5455776173285198
imagenet_r,m1_glfc,0,7,9,2,0.5448028673835126,0.6236462093862816
imagenet_r,m1_glfc,0,8,8,0,0.35964912280701755,0.4100587371512482
imagenet_r,m1_glfc,0,8,9,1,0.4502923976608187,0.4853157121879589
imagenet_r,m1_glfc,0,9,9,0,0.38831615120274915,0.43717728055077454
imagenet_r,m1_glfc,1,0,0,0,0.7370242214532872,0.7608131487889274
imagenet_r,m1_glfc,1,0,1,1,0.6851211072664359,0.7002595155709342
imagenet_r,m1_glfc,1,0,2,2,0.7093425605536332,0.754757785467128
imagenet_r,m1_glfc,1,0,3,3,0.7301038062283737,0.7954152249134948
imagenet_r,m1_glfc,1,0,4,4,0.740484429065744,0.8062283737024222
imagenet_r,m1_glfc,1,0,5,5,0.7439446366782007,0.8114186851211073
imagenet_r,m1_glfc,1,0,6,6,0.7335640138408305,0.8109861591695502
imagenet_r,m1_glfc,1,0,7,7,0.71280276816609,0.8118512110726643
imagenet_r,m1_glfc,1,0,8,8,0.7058823529411765,0.8079584775086506
imagenet_r,m1_glfc,1,0,9,9,0.698961937716263,0.8066608996539792
imagenet_r,m1_glfc,1,1,1,0,0.5922865013774105,0.6040152301834545
imagenet_r,m1_glfc,1,1,2,1,0.6005509641873278,0.6285912080304603
imagenet_r,m1_glfc,1,1,3,2,0.6391184573002755,0.7106265143648322
imagenet_r,m1_glfc,1,1,4,3,0.628099173553719,0.7303565247490481
imagenet_r,m1_glfc,1,1,5,4,0.6418732782369146,0.7320872274143302
imagenet_r,m1_glfc,1,1,6,5,0.6556473829201102,0.7386638975424022
imagenet_r,m1_glfc,1,1,7,6,0.6528925619834711,0.7386638975424022
imagenet_r,m1_glfc,1,1,8,7,0.6391184573002755,0.7296642436829353
imagenet_r,m1_glfc,1,1,9,8,0.6446280991735537,0.7348563516787816
imagenet_r,m1_glfc,1,2,2,0,0.49056603773584906,0.5485252140818269
imagenet_r,m1_glfc,1,2,3,1,0.6,0.6669838249286394
imagenet_r,m1_glfc,1,2,4,2,0.6264150943396226,0.7169362511893435
imagenet_r,m1_glfc,1,2,5,3,0.6679245283018868,0.7411988582302569
imagenet_r,m1_glfc,1,2,6,4,0.6641509433962264,0.7607040913415795
imagenet_r,m1_glfc,1,2,7,5,0.6792452830188679,0.7645099904852521
imagenet_r,m1_glfc,1,2,8,6,0.6641509433962264,0.7607040913415795
imagenet_r,m1_glfc,1,2,9,7,0.6679245283018868,0.7702188392007612
imagenet_r,m1_glfc,1,3,3,0,0.4924924924924925,0.5572176514584891
imagenet_r,m1_glfc,1,3,4,1,0.5675675675675675,0.637247569184742
imagenet_r,m1_glfc,1,3,5,2,0.5915915915915916,0.6705310396409873
imagenet_r,m1_glfc,1,3,6,3,0.6186186186186187,0.7083021690351533
imagenet_r,m1_glfc,1,3,7,4,0.6276276276276276,0.7292445774121167
imagenet_r,m1_glfc,1,3,8,5,0.6336336336336337,0.7236350037397158
imagenet_r,m1_glfc,1,3,9,6,0.6306306306306306,0.7296185489902768
imagenet_r,m1_glfc,1,4,4,0,0.4194915254237288,0.5192815636555732
imagenet_r,m1_glfc,1,4,5,1,0.5254237288135594,0.6212361331220285
imagenet_r,m1_glfc,1,4,6,2,0.6059322033898306,0.6835710512414157
imagenet_r,m1_glfc,1,4,7,3,0.6186440677966102,0.7210776545166403
imagenet_r,m1_glfc,1,4,8,4,0.6271186440677966,0.7337559429477021
imagenet_r,m1_glfc,1,4,9,5,0.6271186440677966,0.745905969360803
imagenet_r,m1_glfc,1,5,5,0,0.47368421052631576,0.5284112872052571
imagenet_r,m1_glfc,1,5,6,1,0.56656346749226,0.6354851178971782
imagenet_r,m1_glfc,1,5,7,2,0.6130030959752322,0.6698879010436799
imagenet_r,m1_glfc,1,5,8,3,0.6346749226006192,0.6957866254348667
imagenet_r,m1_glfc,1,5,9,4,0.653250773993808,0.7015848473134906
imagenet_r,m1_glfc,1,6,6,0,0.391304347826087,0.4670558798999166
imagenet_r,m1_glfc,1,6,7,1,0.4882943143812709,0.5771476230191827
imagenet_r,m1_glfc,1,6,8,2,0.5451505016722408,0.6522101751459549
imagenet_r,m1_glfc,1,6,9,3,0.5518394648829431,0.689324437030859
imagenet_r,m1_glfc,1,7,7,0,0.4621212121212121,0.4678724416944312
imagenet_r,m1_glfc,1,7,8,1,0.5833333333333334,0.5711565920990005
imagenet_r,m1_glfc,1,7,9,2,0.6098484848484849,0.6415992384578773
imagenet_r,m1_glfc,1,8,8,0,0.43217665615141954,0.4405842874062377
imagenet_r,m1_glfc,1,8,9,1,0.5299684542586751,0.5554678247137781
imagenet_r,m1_glfc,1,9,9,0,0.36721311475409835,0.38863729930012353
imagenet_r,m1_glfc,2,0,0,0,0.7335640138408305,0.7842287694974004
imagenet_r,m1_glfc,2,0,1,1,0.6539792387543253,0.7131715771230502
imagenet_r,m1_glfc,2,0,2,2,0.6816608996539792,0.7577989601386482
imagenet_r,m1_glfc,2,0,3,3,0.7093425605536332,0.7833622183708839
imagenet_r,m1_glfc,2,0,4,4,0.7162629757785467,0.798526863084922
imagenet_r,m1_glfc,2,0,5,5,0.7058823529411765,0.8084922010398613
imagenet_r,m1_glfc,2,0,6,6,0.71280276816609,0.8123916811091855
imagenet_r,m1_glfc,2,0,7,7,0.698961937716263,0.8128249566724437
imagenet_r,m1_glfc,2,0,8,8,0.7024221453287197,0.8162911611785095
imagenet_r,m1_glfc,2,0,9,9,0.6851211072664359,0.8167244367417678
imagenet_r,m1_glfc,2,1,1,0,0.5882352941176471,0.6563991323210412
imagenet_r,m1_glfc,2,1,2,1,0.6539792387543253,0.7097613882863341
imagenet_r,m1_glfc,2,1,3,2,0.6782006920415224,0.7366594360086768
imagenet_r,m1_glfc,2,1,4,3,0.671280276816609,0.7691973969631236
imagenet_r,m1_glfc,2,1,5,4,0.6782006920415224,0.7843817787418655
imagenet_r,m1_glfc,2,1,6,5,0.6851211072664359,0.793058568329718
imagenet_r,m1_glfc,2,1,7,6,0.6851211072664359,0.806941431670282
imagenet_r,m1_glfc,2,1,8,7,0.6782006920415224,0.796529284164859
imagenet_r,m1_glfc,2,1,9,8,0.6782006920415224,0.796529284164859
imagenet_r,m1_glfc,2,2,2,0,0.5481727574750831,0.5731554814506045
imagenet_r,m1_glfc,2,2,3,1,0.5913621262458472,0.6552730304293456
imagenet_r,m1_glfc,2,2,4,2,0.6511627906976745,0.7223843268028345
imagenet_r,m1_glfc,2,2,5,3,0.6644518272425249,0.7444768653605669
imagenet_r,m1_glfc,2,2,6,4,0.6744186046511628,0.7573989162150896
imagenet_r,m1_glfc,2,2,7,5,0.6810631229235881,0.7640683618174239
imagenet_r,m1_glfc,2,2,8,6,0.6777408637873754,0.759899958315965
imagenet_r,m1_glfc,2,2,9,7,0.6843853820598007,0.7674030846185911
imagenet_r,m1_glfc,2,3,3,0,0.503448275862069,0.5267471958584987
imagenet_r,m1_glfc,2,3,4,1,0.5448275862068965,0.5910267471958585
imagenet_r,m1_glfc,2,3,5,2,0.5724137931034483,0.6363244176013805
imagenet_r,m1_glfc,2,3,6,3,0.5896551724137931,0.6721311475409836
imagenet_r,m1_glfc,2,3,7,4,0.6344827586206897,0.7079378774805867
imagenet_r,m1_glfc,2,3,8,5,0.6448275862068965,0.7286453839516824
imagenet_r,m1_glfc,2,3,9,6,0.6344827586206897,0.7351164797238999
imagenet_r,m1_glfc,2,4,4,0,0.3611111111111111,0.403921568627451
imagenet_r,m1_glfc,2,4,5,1,0.4201388888888889,0.5111111111111111
imagenet_r,m1_glfc,2,4,6,2,0.5173611111111112,0.5738562091503268
imagenet_r,m1_glfc,2,4,7,3,0.5555555555555556,0.6183006535947713
imagenet_r,m1_glfc,2,4,8,4,0.5763888888888888,0.6405228758169934
imagenet_r,m1_glfc,2,4,9,5,0.6006944444444444,0.6636165577342048
imagenet_r,m1_glfc,2,5,5,0,0.5310344827586206,0.5454937473048728
imagenet_r,m1_glfc,2,5,6,1,0.5793103448275863,0.6239758516601983
imagenet_r,m1_glfc,2,5,7,2,0.6137931034482759,0.6739974126778784
imagenet_r,m1_glfc,2,5,8,3,0.6310344827586207,0.7003018542475204
imagenet_r,m1_glfc,2,5,9,4,0.6413793103448275,0.7179818887451488
imagenet_r,m1_glfc,2,6,6,0,0.48773006134969327,0.5384319754035357
imagenet_r,m1_glfc,2,6,7,1,0.5828220858895705,0.6295157571099155
imagenet_r,m1_glfc,2,6,8,2,0.6226993865030674,0.6729438893159109
imagenet_r,m1_glfc,2,6,9,3,0.6656441717791411,0.7063797079169869
imagenet_r,m1_glfc,2,7,7,0,0.4660493827160494,0.5142417244033872
imagenet_r,m1_glfc,2,7,8,1,0.5277777777777778,0.5977675134719015
imagenet_r,m1_glfc,2,7,9,2,0.5740740740740741,0.663972286374134
imagenet_r,m1_glfc,2,8,8,0,0.3753943217665615,0.4361198738170347
imagenet_r,m1_glfc,2,8,9,1,0.444794952681388,0.542981072555205
imagenet_r,m1_glfc,2,9,9,0,0.3892857142857143,0.4110813226094727
imagenet_r,m1_glfc,3,0,0,0,0.7463556851311953,0.7905109489051095
imagenet_r,m1_glfc,3,0,1,1,0.7142857142857143,0.75
imagenet_r,m1_glfc,3,0,2,2,0.7346938775510204,0.7737226277372263
imagenet_r,m1_glfc,3,0,3,3,0.760932944606414,0.801094890510949
imagenet_r,m1_glfc,3,0,4,4,0.7696793002915452,0.8131386861313868
imagenet_r,m1_glfc,3,0,5,5,0.7638483965014577,0.8083941605839416
imagenet_r,m1_glfc,3,0,6,6,0.760932944606414,0.8098540145985401
imagenet_r,m1_glfc,3,0,7,7,0.7405247813411079,0.801094890510949
imagenet_r,m1_glfc,3,0,8,8,0.7259475218658892,0.8025547445255474
imagenet_r,m1_glfc,3,0,9,9,0.7230320699708455,0.7916058394160584
imagenet_r,m1_glfc,3,1,1,0,0.5057034220532319,0.608922638822971
imagenet_r,m1_glfc,3,1,2,1,0.5665399239543726,0.6720455624110109
imagenet_r,m1_glfc,3,1,3,2,0.6539923954372624,0.7688656858092074
imagenet_r,m1_glfc,3,1,4,3,0.688212927756654,0.7978168011390603
imagenet_r,m1_glfc,3,1,5,4,0.7072243346007605,0.8220218319886095
imagenet_r,m1_glfc,3,1,6,5,0.6996197718631179,0.8158519221642145
imagenet_r,m1_glfc,3,1,7,6,0.6920152091254753,0.8201233981964879
imagenet_r,m1_glfc,3,1,8,7,0.6844106463878327,0.8220218319886095
imagenet_r,m1_glfc,3,1,9,8,0.6844106463878327,0.8201233981964879
imagenet_r,m1_glfc,3,2,2,0,0.4262295081967213,0.5336637752994631
imagenet_r,m1_glfc,3,2,3,1,0.5737704918032787,0.6774060305658819
imagenet_r,m1_glfc,3,2,4,2,0.5967213114754099,0.7154068566707972
imagenet_r,m1_glfc,3,2,5,3,0.6262295081967213,0.7422552664188352
imagenet_r,m1_glfc,3,2,6,4,0.6360655737704918,0.7488641057414291
imagenet_r,m1_glfc,3,2,7,5,0.6360655737704918,0.7534076827757125
imagenet_r,m1_glfc,3,2,8,6,0.6491803278688525,0.7496902106567535
imagenet_r,m1_glfc,3,2,9,7,0.6459016393442623,0.7587773647253201
imagenet_r,m1_glfc,3,3,3,0,0.509493670886076,0.5138668779714739
imagenet_r,m1_glfc,3,3,4,1,0.5664556962025317,0.5871632329635499
imagenet_r,m1_glfc,3,3,5,2,0.5981012658227848,0.6422345483359746
imagenet_r,m1_glfc,3,3,6,3,0.629746835443038,0.6767036450079239
imagenet_r,m1_glfc,3,3,7,4,0.6265822784810127,0.6905705229793978
imagenet_r,m1_glfc,3,3,8,5,0.6424050632911392,0.7004754358161648
imagenet_r,m1_glfc,3,3,9,6,0.6455696202531646,0.696513470681458
imagenet_r,m1_glfc,3,4,4,0,0.45901639344262296,0.5212591986917416
imagenet_r,m1_glfc,3,4,5,1,0.5409836065573771,0.5968928863450531
imagenet_r,m1_glfc,3,4,6,2,0.5868852459016394,0.6582174979558463
imagenet_r,m1_glfc,3,4,7,3,0.6065573770491803,0.6843826655764513
imagenet_r,m1_glfc,3,4,8,4,0.6032786885245902,0.6986917416189697
imagenet_r,m1_glfc,3,4,9,5,0.6065573770491803,0.7121831561733443
imagenet_r,m1_glfc,3,5,5,0,0.4115755627009646,0.4515738498789346
imagenet_r,m1_glfc,3,5,6,1,0.4887459807073955,0.5399515738498789
imagenet_r,m1_glfc,3,5,7,2,0.5594855305466238,0.6133979015334947
imagenet_r,m1_glfc,3,5,8,3,0.5819935691318328,0.6505246166263116
imagenet_r,m1_glfc,3,5,9,4,0.6045016077170418,0.678773204196933
imagenet_r,m1_glfc,3,6,6,0,0.37992831541218636,0.46869409660107336
imagenet_r,m1_glfc,3,6,7,1,0.4910394265232975,0.5948121645796064
imagenet_r,m1_glfc,3,6,8,2,0.5340501792114696,0.6627906976744186
imagenet_r,m1_glfc,3,6,9,3,0.5591397849462365,0.6838103756708408
imagenet_r,m1_glfc,3,7,7,0,0.4369230769230769,0.47279042840602087
imagenet_r,m1_glfc,3,7,8,1,0.5169230769230769,0.5750675414897722
imagenet_r,m1_glfc,3,7,9,2,0.5538461538461539,0.6279428791972211
imagenet_r,m1_glfc,3,8,8,0,0.4407894736842105,0.45375722543352603
imagenet_r,m1_glfc,3,8,9,1,0.5526315789473685,0.5681255161023947
imagenet_r,m1_glfc,3,9,9,0,0.4156378600823045,0.4377880184331797
imagenet_r,m1_glfc,4,0,0,0,0.6971830985915493,0.7401852668725187
imagenet_r,m1_glfc,4,0,1,1,0.5845070422535211,0.631230701367446
imagenet_r,m1_glfc,4,0,2,2,0.6443661971830986,0.7079841199823556
imagenet_r,m1_glfc,4,0,3,3,0.6901408450704225,0.7657697397441553
imagenet_r,m1_glfc,4,0,4,4,0.6971830985915493,0.7838553153947949
imagenet_r,m1_glfc,4,0,5,5,0.6866197183098591,0.7926775474194971
imagenet_r,m1_glfc,4,0,6,6,0.676056338028169,0.7891486546096163
imagenet_r,m1_glfc,4,0,7,7,0.6619718309859155,0.7754741949713277
imagenet_r,m1_glfc,4,0,8,8,0.6654929577464789,0.7723864137626819
imagenet_r,m1_glfc,4,0,9,9,0.6549295774647887,0.7719453021614469
imagenet_r,m1_glfc,4,1,1,0,0.6203703703703703,0.6344961240310077
imagenet_r,m1_glfc,4,1,2,1,0.6944444444444444,0.7034883720930233
imagenet_r,m1_glfc,4,1,3,2,0.7407407407407407,0.7670542635658915
imagenet_r,m1_glfc,4,1,4,3,0.7345679012345679,0.7965116279069767
imagenet_r,m1_glfc,4,1,5,4,0.7376543209876543,0.8112403100775194
imagenet_r,m1_glfc,4,1,6,5,0.7376543209876543,0.8135658914728682
imagenet_r,m1_glfc,4,1,7,6,0.75,0.8224806201550388
imagenet_r,m1_glfc,4,1,8,7,0.7376543209876543,0.8166666666666667
imagenet_r,m1_glfc,4,1,9,8,0.7438271604938271,0.8073643410852713
imagenet_r,m1_glfc,4,2,2,0,0.5379310344827586,0.5473411154345007
imagenet_r,m1_glfc,4,2,3,1,0.593103448275862,0.6450497189796801
imagenet_r,m1_glfc,4,2,4,2,0.6379310344827587,0.7047124945957631
imagenet_r,m1_glfc,4,2,5,3,0.6241379310344828,0.7328145265888456
imagenet_r,m1_glfc,4,2,6,4,0.6517241379310345,0.7431906614785992
imagenet_r,m1_glfc,4,2,7,5,0.6551724137931034,0.7527021184608733
imagenet_r,m1_glfc,4,2,8,6,0.6724137931034483,0.7674016428880243
imagenet_r,m1_glfc,4,2,9,7,0.6758620689655173,0.772589710332901
imagenet_r,m1_glfc,4,3,3,0,0.4668769716088328,0.5161544523246651
imagenet_r,m1_glfc,4,3,4,1,0.5425867507886435,0.6189913317572892
imagenet_r,m1_glfc,4,3,5,2,0.5962145110410094,0.6867612293144209
imagenet_r,m1_glfc,4,3,6,3,0.6214511041009464,0.7222222222222222
imagenet_r,m1_glfc,4,3,7,4,0.6340694006309149,0.7442868400315209
imagenet_r,m1_glfc,4,3,8,5,0.6403785488958991,0.7498029944838456
imagenet_r,m1_glfc,4,3,9,6,0.6403785488958991,0.7533490937746257
imagenet_r,m1_glfc,4,4,4,0,0.501628664495114,0.5230073952341824
imagenet_r,m1_glfc,4,4,5,1,0.5830618892508144,0.6125718981101068
imagenet_r,m1_glfc,4,4,6,2,0.6026058631921825,0.6585866885784717
imagenet_r,m1_glfc,4,4,7,3,0.6188925081433225,0.6741988496302382
imagenet_r,m1_glfc,4,4,8,4,0.6351791530944625,0.6902218570254725
imagenet_r,m1_glfc,4,4,9,5,0.6449511400651465,0.7087099424815119
imagenet_r,m1_glfc,4,5,5,0,0.43727598566308246,0.47804659498207885
imagenet_r,m1_glfc,4,5,6,1,0.4982078853046595,0.5689964157706093
imagenet_r,m1_glfc,4,5,7,2,0.5734767025089605,0.628584229390681
imagenet_r,m1_glfc,4,5,8,3,0.5698924731182796,0.6505376344086021
imagenet_r,m1_glfc,4,5,9,4,0.5985663082437276,0.6698028673835126
imagenet_r,m1_glfc,4,6,6,0,0.3959731543624161,0.4621497281472187
imagenet_r,m1_glfc,4,6,7,1,0.47315436241610737,0.562526139690506
imagenet_r,m1_glfc,4,6,8,2,0.5,0.6014219991635299
imagenet_r,m1_glfc,4,6,9,3,0.5536912751677853,0.643245503973233
imagenet_r,m1_glfc,4,7,7,0,0.4065934065934066,0.4833561331509348
imagenet_r,m1_glfc,4,7,8,1,0.5091575091575091,0.5864113087095303
imagenet_r,m1_glfc,4,7,9,2,0.5604395604395604,0.6548107615139079
imagenet_r,m1_glfc,4,8,8,0,0.3609271523178808,0.43680066307501036
imagenet_r,m1_glfc,4,8,9,1,0.4470198675496689,0.5532532117695814
imagenet_r,m1_glfc,4,9,9,0,0.4125,0.4344935471255377
imagenet_r,m2_target,0,0,0,0,0.7275862068965517,0.7837954939341422
imagenet_r,m2_target,0,0,1,1,0.7551724137931034,0.8279896013864818
imagenet_r,m2_target,0,0,2,2,0.7241379310344828,0.7954939341421143
imagenet_r,m2_target,0,0,3,3,0.6862068965517242,0.7707972270363952
imagenet_r,m2_target,0,0,4,4,0.6896551724137931,0.7673310225303293
imagenet_r,m2_target,0,0,5,5,0.6413793103448275,0.7474003466204506
imagenet_r,m2_target,0,0,6,6,0.6206896551724138,0.7318024263431543
imagenet_r,m2_target,0,0,7,7,0.6103448275862069,0.7123050259965338
imagenet_r,m2_target,0,0,8,8,0.603448275862069,0.7136048526863085
imagenet_r,m2_target,0,0,9,9,0.6137931034482759,0.7157712305025996
imagenet_r,m2_target,0,1,1,0,0.5932203389830508,0.6683608640406608
imagenet_r,m2_target,0,1,2,1,0.6474576271186441,0.783142736128759
imagenet_r,m2_target,0,1,3,2,0.6644067796610169,0.7755188479457857
imagenet_r,m2_target,0,1,4,3,0.6169491525423729,0.7416349004659043
imagenet_r,m2_target,0,1,5,4,0.5966101694915255,0.734011012282931
imagenet_r,m2_target,0,1,6,5,0.5932203389830508,0.7407878017789072
imagenet_r,m2_target,0,1,7,6,0.5796610169491525,0.7132570944515036
imagenet_r,m2_target,0,1,8,7,0.5966101694915255,0.7276577721304532
imagenet_r,m2_target,0,1,9,8,0.5830508474576271,0.7043625582380347
imagenet_r,m2_target,0,2,2,0,0.5422535211267606,0.5889034512887724
imagenet_r,m2_target,0,2,3,1,0.6866197183098591,0.7601572739187418
imagenet_r,m2_target,0,2,4,2,0.704225352112676,0.7702053298383573
imagenet_r,m2_target,0,2,5,3,0.6830985915492958,0.7501092179991262
imagenet_r,m2_target,0,2,6,4,0.6866197183098591,0.7483617300131061
imagenet_r,m2_target,0,2,7,5,0.676056338028169,0.7295762341633901
imagenet_r,m2_target,0,2,8,6,0.6619718309859155,0.7348186981214504
imagenet_r,m2_target,0,2,9,7,0.6619718309859155,0.7252075141983398
imagenet_r,m2_target,0,3,3,0,0.5084745762711864,0.5780590717299579
imagenet_r,m2_target,0,3,4,1,0.6813559322033899,0.7793248945147679
imagenet_r,m2_target,0,3,5,2,0.688135593220339,0.7784810126582279
imagenet_r,m2_target,0,3,6,3,0.688135593220339,0.7784810126582279
imagenet_r,m2_target,0,3,7,4,0.6813559322033899,0.7683544303797468
imagenet_r,m2_target,0,3,8,5,0.6847457627118644,0.7717299578059071
imagenet_r,m2_target,0,3,9,6,0.6508474576271186,0.7464135021097047
imagenet_r,m2_target,0,4,4,0,0.4150326797385621,0.49897582957804176
imagenet_r,m2_target,0,4,5,1,0.5686274509803921,0.6927488734125359
imagenet_r,m2_target,0,4,6,2,0.565359477124183,0.7083162638263008
imagenet_r,m2_target,0,4,7,3,0.5751633986928104,0.7070872593199509
imagenet_r,m2_target,0,4,8,4,0.5686274509803921,0.6911102007374027
imagenet_r,m2_target,0,4,9,5,0.5816993464052288,0.6853748463744367
imagenet_r,m2_target,0,5,5,0,0.6069182389937107,0.6071569012976799
imagenet_r,m2_target,0,5,6,1,0.7452830188679245,0.7656311443177349
imagenet_r,m2_target,0,5,7,2,0.7578616352201258,0.7723161620133701
imagenet_r,m2_target,0,5,8,3,0.7547169811320755,0.7683837986629964
imagenet_r,m2_target,0,5,9,4,0.7484276729559748,0.7632717263075108
imagenet_r,m2_target,0,6,6,0,0.564625850340136,0.5849701110162254
imagenet_r,m2_target,0,6,7,1,0.6938775510204082,0.71733561058924
imagenet_r,m2_target,0,6,8,2,0.6802721088435374,0.7382578992314262
imagenet_r,m2_target,0,6,9,3,0.6768707482993197,0.7263023057216055
imagenet_r,m2_target,0,7,7,0,0.46953405017921146,0.49097472924187724
imagenet_r,m2_target,0,7,8,1,0.6344086021505376,0.6949458483754513
imagenet_r,m2_target,0,7,9,2,0.6523297491039427,0.7166064981949458
imagenet_r,m2_target,0,8,8,0,0.3888888888888889,0.44823788546255505
imagenet_r,m2_target,0,8,9,1,0.5409356725146199,0.604258443465492
imagenet_r,m2_target,0,9,9,0,0.4570446735395189,0.48709122203098104
imagenet_r,m2_target,1,0,0,0,0.7370242214532872,0.7564878892733564
imagenet_r,m2_target,1,0,1,1,0.7370242214532872,0.8040657439446367
imagenet_r,m2_target,1,0,2,2,0.7508650519031141,0.8179065743944637
imagenet_r,m2_target,1,0,3,3,0.7716262975778547,0.8118512110726643
imagenet_r,m2_target,1,0,4,4,0.7162629757785467,0.7807093425605537
imagenet_r,m2_target,1,0,5,5,0.6885813148788927,0.773356401384083
imagenet_r,m2_target,1,0,6,6,0.6782006920415224,0.773356401384083
imagenet_r,m2_target,1,0,7,7,0.6747404844290658,0.7582179930795848
imagenet_r,m2_target,1,0,8,8,0.6643598615916955,0.754325259515571
imagenet_r,m2_target,1,0,9,9,0.657439446366782,0.740916955017301
imagenet_r,m2_target,1,1,1,0,0.6308539944903582,0.6881273797161648
imagenet_r,m2_target,1,1,2,1,0.7162534435261708,0.7715472481827622
imagenet_r,m2_target,1,1,3,2,0.6584022038567493,0.7435098650051921
imagenet_r,m2_target,1,1,4,3,0.650137741046832,0.7244721356870889
imagenet_r,m2_target,1,1,5,4,0.6391184573002755,0.7189338871581862
imagenet_r,m2_target,1,1,6,5,0.6446280991735537,0.702319141571478
imagenet_r,m2_target,1,1,7,6,0.6363636363636364,0.7054344063689858
imagenet_r,m2_target,1,1,8,7,0.6088154269972452,0.6805122879889235
imagenet_r,m2_target,1,1,9,8,0.6033057851239669,0.6728971962616822
imagenet_r,m2_target,1,2,2,0,0.5547169811320755,0.609895337773549
imagenet_r,m2_target,1,2,3,1,0.690566037735849,0.7697431018078021
imagenet_r,m2_target,1,2,4,2,0.690566037735849,0.7588011417697431
imagenet_r,m2_target,1,2,5,3,0.6641509433962264,0.7497621313035204
imagenet_r,m2_target,1,2,6,4,0.6415094339622641,0.7388201712654615
imagenet_r,m2_target,1,2,7,5,0.630188679245283,0.741674595623216
imagenet_r,m2_target,1,2,8,6,0.630188679245283,0.735965746907707
imagenet_r,m2_target,1,2,9,7,0.6415094339622641,0.7274024738344433
imagenet_r,m2_target,1,3,3,0,0.4744744744744745,0.5516080777860882
imagenet_r,m2_target,1,3,4,1,0.6366366366366366,0.7333582647718774
imagenet_r,m2_target,1,3,5,2,0.6576576576576577,0.7423335826477188
imagenet_r,m2_target,1,3,6,3,0.6426426426426426,0.7471952131637996
imagenet_r,m2_target,1,3,7,4,0.6456456456456456,0.7326103216155572
imagenet_r,m2_target,1,3,8,5,0.6516516516516516,0.7202692595362753
imagenet_r,m2_target,1,3,9,6,0.6216216216216216,0.718773373223635
imagenet_r,m2_target,1,4,4,0,0.5169491525423728,0.5995773903856313
imagenet_r,m2_target,1,4,5,1,0.6440677966101694,0.7638668779714739
imagenet_r,m2_target,1,4,6,2,0.6228813559322034,0.7606973058637084
imagenet_r,m2_target,1,4,7,3,0.6271186440677966,0.7548864236661385
imagenet_r,m2_target,1,4,8,4,0.6313559322033898,0.7527733755942948
imagenet_r,m2_target,1,4,9,5,0.6271186440677966,0.7506603275224512
imagenet_r,m2_target,1,5,5,0,0.4551083591331269,0.5330498647081562
imagenet_r,m2_target,1,5,6,1,0.6470588235294118,0.7108620023192888
imagenet_r,m2_target,1,5,7,2,0.6625386996904025,0.7267104754541941
imagenet_r,m2_target,1,5,8,3,0.6563467492260062,0.7178198685736374
imagenet_r,m2_target,1,5,9,4,0.6470588235294118,0.705836876691148
imagenet_r,m2_target,1,6,6,0,0.4682274247491639,0.530859049207673
imagenet_r,m2_target,1,6,7,1,0.5819397993311036,0.6934945788156798
imagenet_r,m2_target,1,6,8,2,0.6020066889632107,0.6968306922435363
imagenet_r,m2_target,1,6,9,3,0.5919732441471572,0.7014178482068391
imagenet_r,m2_target,1,7,7,0,0.5,0.532603522132318
imagenet_r,m2_target,1,7,8,1,0.6704545454545454,0.7168015230842456
imagenet_r,m2_target,1,7,9,2,0.7007575757575758,0.7467872441694431
imagenet_r,m2_target,1,8,8,0,0.4921135646687697,0.5049348598499802
imagenet_r,m2_target,1,8,9,1,0.6246056782334385,0.6589024871693644
imagenet_r,m2_target,1,9,9,0,0.40327868852459015,0.4676821737340469
imagenet_r,m2_target,2,0,0,0,0.7439446366782007,0.8019930675909879
imagenet_r,m2_target,2,0,1,1,0.7612456747404844,0.8175909878682842
imagenet_r,m2_target,2,0,2,2,0.7197231833910035,0.811525129982669
imagenet_r,m2_target,2,0,3,3,0.7024221453287197,0.7885615251299827
imagenet_r,m2_target,2,0,4,4,0.6643598615916955,0.7707972270363952
imagenet_r,m2_target,2,0,5,5,0.6643598615916955,0.7642980935875217
imagenet_r,m2_target,2,0,6,6,0.6505190311418685,0.7530329289428076
imagenet_r,m2_target,2,0,7,7,0.629757785467128,0.75736568457539
imagenet_r,m2_target,2,0,8,8,0.615916955017301,0.7512998266897747
imagenet_r,m2_target,2,0,9,9,0.6262975778546713,0.7534662045060658
imagenet_r,m2_target,2,1,1,0,0.5882352941176471,0.6702819956616052
imagenet_r,m2_target,2,1,2,1,0.7508650519031141,0.8281995661605206
imagenet_r,m2_target,2,1,3,2,0.7024221453287197,0.7926247288503254
imagenet_r,m2_target,2,1,4,3,0.6920415224913494,0.7822125813449023
imagenet_r,m2_target,2,1,5,4,0.6747404844290658,0.7639913232104122
imagenet_r,m2_target,2,1,6,5,0.6643598615916955,0.7505422993492408
imagenet_r,m2_target,2,1,7,6,0.6539792387543253,0.7457700650759219
imagenet_r,m2_target,2,1,8,7,0.6366782006920415,0.7414316702819956
imagenet_r,m2_target,2,1,9,8,0.643598615916955,0.7444685466377441
imagenet_r,m2_target,2,2,2,0,0.5780730897009967,0.6123384743643184
imagenet_r,m2_target,2,2,3,1,0.6677740863787376,0.7728220091704877
imagenet_r,m2_target,2,2,4,2,0.6910299003322259,0.7624010004168403
imagenet_r,m2_target,2,2,5,3,0.6445182724252492,0.7394747811588162
imagenet_r,m2_target,2,2,6,4,0.6611295681063123,0.7403084618591079
imagenet_r,m2_target,2,2,7,5,0.6478405315614618,0.7273864110045852
imagenet_r,m2_target,2,2,8,6,0.654485049833887,0.7286369320550229
imagenet_r,m2_target,2,2,9,7,0.6611295681063123,0.7311379741558983
imagenet_r,m2_target,2,3,3,0,0.5448275862068965,0.5901639344262295
imagenet_r,m2_target,2,3,4,1,0.6655172413793103,0.7437446074201898
imagenet_r,m2_target,2,3,5,2,0.6482758620689655,0.724762726488352
imagenet_r,m2_target,2,3,6,3,0.6344827586206897,0.7299396031061259
imagenet_r,m2_target,2,3,7,4,0.6586206896551724,0.7286453839516824
imagenet_r,m2_target,2,3,8,5,0.6413793103448275,0.724762726488352
imagenet_r,m2_target,2,3,9,6,0.6344827586206897,0.72648835202761
imagenet_r,m2_target,2,4,4,0,0.4375,0.4522875816993464
imagenet_r,m2_target,2,4,5,1,0.6423611111111112,0.681045751633987
imagenet_r,m2_target,2,4,6,2,0.65625,0.7032679738562092
imagenet_r,m2_target,2,4,7,3,0.625,0.7028322440087146
imagenet_r,m2_target,2,4,8,4,0.6423611111111112,0.7019607843137254
imagenet_r,m2_target,2,4,9,5,0.6493055555555556,0.6984749455337691
imagenet_r,m2_target,2,5,5,0,0.5310344827586206,0.5579991375592928
imagenet_r,m2_target,2,5,6,1,0.6482758620689655,0.7089262613195343
imagenet_r,m2_target,2,5,7,2,0.6517241379310345,0.7296248382923674
imagenet_r,m2_target,2,5,8,3,0.6551724137931034,0.7339370418283743
imagenet_r,m2_target,2,5,9,4,0.6448275862068965,0.7214316515739543
imagenet_r,m2_target,2,6,6,0,0.5337423312883436,0.5672559569561876
imagenet_r,m2_target,2,6,7,1,0.6625766871165644,0.712913143735588
imagenet_r,m2_target,2,6,8,2,0.6840490797546013,0.7267486548808608
imagenet_r,m2_target,2,6,9,3,0.6901840490797546,0.7252113758647194
imagenet_r,m2_target,2,7,7,0,0.49382716049382713,0.5488837567359507
imagenet_r,m2_target,2,7,8,1,0.6172839506172839,0.6966897613548884
imagenet_r,m2_target,2,7,9,2,0.6327160493827161,0.7282525019245574
imagenet_r,m2_target,2,8,8,0,0.41324921135646686,0.4834384858044164
imagenet_r,m2_target,2,8,9,1,0.5394321766561514,0.6273659305993691
imagenet_r,m2_target,2,9,9,0,0.4714285714285714,0.47631814119749777
imagenet_r,m2_target,3,0,0,0,0.7521865889212828,0.7974452554744526
imagenet_r,m2_target,3,0,1,1,0.8221574344023324,0.8540145985401459
imagenet_r,m2_target,3,0,2,2,0.7463556851311953,0.7970802919708029
imagenet_r,m2_target,3,0,3,3,0.7288629737609329,0.7828467153284672
imagenet_r,m2_target,3,0,4,4,0.7084548104956269,0.7587591240875913
imagenet_r,m2_target,3,0,5,5,0.6793002915451894,0.745985401459854
imagenet_r,m2_target,3,0,6,6,0.6530612244897959,0.718978102189781
imagenet_r,m2_target,3,0,7,7,0.6384839650145773,0.7105839416058394
imagenet_r,m2_target,3,0,8,8,0.6355685131195336,0.7029197080291971
imagenet_r,m2_target,3,0,9,9,0.6297376093294461,0.6894160583941605
imagenet_r,m2_target,3,1,1,0,0.6121673003802282,0.6858092074038918
imagenet_r,m2_target,3,1,2,1,0.7300380228136882,0.851922164214523
imagenet_r,m2_target,3,1,3,2,0.7376425855513308,0.8272425249169435
imagenet_r,m2_target,3,1,4,3,0.7110266159695817,0.8182249644043664
imagenet_r,m2_target,3,1,5,4,0.6920152091254753,0.8158519221642145
imagenet_r,m2_target,3,1,6,5,0.7072243346007605,0.7921214997626957
imagenet_r,m2_target,3,1,7,6,0.6615969581749049,0.7679164689131467
imagenet_r,m2_target,3,1,8,7,0.6501901140684411,0.7745609871855719
imagenet_r,m2_target,3,1,9,8,0.6501901140684411,0.7740863787375415
imagenet_r,m2_target,3,2,2,0,0.5704918032786885,0.6439487814952499
imagenet_r,m2_target,3,2,3,1,0.6885245901639344,0.7691036761668731
imagenet_r,m2_target,3,2,4,2,0.6852459016393443,0.7724080958281702
imagenet_r,m2_target,3,2,5,3,0.639344262295082,0.7554729450640232
imagenet_r,m2_target,3,2,6,4,0.6491803278688525,0.7422552664188352
imagenet_r,m2_target,3,2,7,5,0.639344262295082,0.7377116893845518
imagenet_r,m2_target,3,2,8,6,0.6360655737704918,0.7261462205700124
imagenet_r,m2_target,3,2,9,7,0.639344262295082,0.7294506402313093
imagenet_r,m2_target,3,3,3,0,0.49683544303797467,0.5388272583201268
imagenet_r,m2_target,3,3,4,1,0.6582278481012658,0.7274167987321711
imagenet_r,m2_target,3,3,5,2,0.6582278481012658,0.7297939778129953
imagenet_r,m2_target,3,3,6,3,0.6550632911392406,0.6949286846275753
imagenet_r,m2_target,3,3,7,4,0.6424050632911392,0.6909667194928685
imagenet_r,m2_target,3,3,8,5,0.6329113924050633,0.68026941362916
imagenet_r,m2_target,3,3,9,6,0.620253164556962,0.6695721077654516
imagenet_r,m2_target,3,4,4,0,0.5049180327868853,0.5605069501226492
imagenet_r,m2_target,3,4,5,1,0.6196721311475409,0.7260834014717906
imagenet_r,m2_target,3,4,6,2,0.6426229508196721,0.7273098937040066
imagenet_r,m2_target,3,4,7,3,0.639344262295082,0.7363041700735895
imagenet_r,m2_target,3,4,8,4,0.6196721311475409,0.7211774325429272
imagenet_r,m2_target,3,4,9,5,0.6131147540983607,0.714227309893704
imagenet_r,m2_target,3,5,5,0,0.43729903536977494,0.4915254237288136
imagenet_r,m2_target,3,5,6,1,0.639871382636656,0.6961259079903148
imagenet_r,m2_target,3,5,7,2,0.6495176848874598,0.7191283292978208
imagenet_r,m2_target,3,5,8,3,0.6270096463022508,0.7094430992736077
imagenet_r,m2_target,3,5,9,4,0.6463022508038585,0.7320419693301049
imagenet_r,m2_target,3,6,6,0,0.43727598566308246,0.5317531305903399
imagenet_r,m2_target,3,6,7,1,0.5913978494623656,0.7048300536672629
imagenet_r,m2_target,3,6,8,2,0.6164874551971327,0.7160107334525939
imagenet_r,m2_target,3,6,9,3,0.6164874551971327,0.7222719141323792
imagenet_r,m2_target,3,7,7,0,0.4646153846153846,0.5225781551524508
imagenet_r,m2_target,3,7,8,1,0.6061538461538462,0.6823620223851795
imagenet_r,m2_target,3,7,9,2,0.64,0.697800077190274
imagenet_r,m2_target,3,8,8,0,0.506578947368421,0.5545004128819158
imagenet_r,m2_target,3,8,9,1,0.6151315789473685,0.6672171758876961
imagenet_r,m2_target,3,9,9,0,0.49382716049382713,0.525857654889913
imagenet_r,m2_target,4,0,0,0,0.7077464788732394,0.7507719453021614
imagenet_r,m2_target,4,0,1,1,0.7077464788732394,0.7759153065725629
imagenet_r,m2_target,4,0,2,2,0.6725352112676056,0.7772386413762682
imagenet_r,m2_target,4,0,3,3,0.6549295774647887,0.7737097485663873
imagenet_r,m2_target,4,0,4,4,0.6408450704225352,0.7697397441552712
imagenet_r,m2_target,4,0,5,5,0.6338028169014085,0.7538597265108072
imagenet_r,m2_target,4,0,6,6,0.6056338028169014,0.7393030436700485
imagenet_r,m2_target,4,0,7,7,0.602112676056338,0.7216585796206441
imagenet_r,m2_target,4,0,8,8,0.6338028169014085,0.7322452580502867
imagenet_r,m2_target,4,0,9,9,0.6161971830985915,0.7238641376268196
imagenet_r,m2_target,4,1,1,0,0.6512345679012346,0.6825581395348838
imagenet_r,m2_target,4,1,2,1,0.7962962962962963,0.813953488372093
imagenet_r,m2_target,4,1,3,2,0.7654320987654321,0.7965116279069767
imagenet_r,m2_target,4,1,4,3,0.7345679012345679,0.7763565891472868
imagenet_r,m2_target,4,1,5,4,0.7129629629629629,0.7635658914728682
imagenet_r,m2_target,4,1,6,5,0.7067901234567902,0.7484496124031008
imagenet_r,m2_target,4,1,7,6,0.7160493827160493,0.7383720930232558
imagenet_r,m2_target,4,1,8,7,0.7129629629629629,0.7333333333333333
imagenet_r,m2_target,4,1,9,8,0.7098765432098766,0.7310077519379845
imagenet_r,m2_target,4,2,2,0,0.5862068965517241,0.6195417207090359
imagenet_r,m2_target,4,2,3,1,0.6931034482758621,0.7648076091655858
imagenet_r,m2_target,4,2,4,2,0.6896551724137931,0.764375270211846
imagenet_r,m2_target,4,2,5,3,0.6448275862068965,0.7172503242542153
imagenet_r,m2_target,4,2,6,4,0.6689655172413793,0.7410289667099006
imagenet_r,m2_target,4,2,7,5,0.6275862068965518,0.7202766969303934
imagenet_r,m2_target,4,2,8,6,0.6379310344827587,0.7202766969303934
imagenet_r,m2_target,4,2,9,7,0.6344827586206897,0.7246000864677907
imagenet_r,m2_target,4,3,3,0,0.5173501577287066,0.6146572104018913
imagenet_r,m2_target,4,3,4,1,0.7034700315457413,0.7805358550039401
imagenet_r,m2_target,4,3,5,2,0.7066246056782335,0.77698975571316
imagenet_r,m2_target,4,3,6,3,0.694006309148265,0.7714736012608353
imagenet_r,m2_target,4,3,7,4,0.6340694006309149,0.7265563435776202
imagenet_r,m2_target,4,3,8,5,0.6750788643533123,0.7537431048069346
imagenet_r,m2_target,4,3,9,6,0.6498422712933754,0.7505910165484634
imagenet_r,m2_target,4,4,4,0,0.5276872964169381,0.5353327855382087
imagenet_r,m2_target,4,4,5,1,0.6547231270358306,0.7128184059161874
imagenet_r,m2_target,4,4,6,2,0.6449511400651465,0.7161051766639277
imagenet_r,m2_target,4,4,7,3,0.6286644951140065,0.6963845521774856
imagenet_r,m2_target,4,4,8,4,0.6416938110749185,0.7013147082990961
imagenet_r,m2_target,4,4,9,5,0.6384364820846905,0.7103533278553821
imagenet_r,m2_target,4,5,5,0,0.4731182795698925,0.5318100358422939
imagenet_r,m2_target,4,5,6,1,0.6451612903225806,0.6975806451612904
imagenet_r,m2_target,4,5,7,2,0.6738351254480287,0.7051971326164874
imagenet_r,m2_target,4,5,8,3,0.6774193548387096,0.7110215053763441
imagenet_r,m2_target,4,5,9,4,0.6451612903225806,0.7087813620071685
imagenet_r,m2_target,4,6,6,0,0.4261744966442953,0.49268088665830195
imagenet_r,m2_target,4,6,7,1,0.5369127516778524,0.6570472605604349
imagenet_r,m2_target,4,6,8,2,0.5369127516778524,0.6499372647427855
imagenet_r,m2_target,4,6,9,3,0.540268456375839,0.6700125470514429
imagenet_r,m2_target,4,7,7,0,0.5201465201465202,0.5686274509803921
imagenet_r,m2_target,4,7,8,1,0.6263736263736264,0.7222982216142271
imagenet_r,m2_target,4,7,9,2,0.6336996336996337,0.7441860465116279
imagenet_r,m2_target,4,8,8,0,0.40728476821192056,0.4910899295482801
imagenet_r,m2_target,4,8,9,1,0.5728476821192053,0.6539577289680896
imagenet_r,m2_target,4,9,9,0,0.45625,0.4806413766132186
imagenet_r,m3_fot,0,0,0,0,0.7344827586206897,0.7876949740034662
imagenet_r,m3_fot,0,0,1,1,0.5103448275862069,0.5810225303292894
imagenet_r,m3_fot,0,0,2,2,0.5172413793103449,0.5654246100519931
imagenet_r,m3_fot,0,0,3,3,0.4793103448275862,0.5342287694974004
imagenet_r,m3_fot,0,0,4,4,0.4413793103448276,0.48570190641247835
imagenet_r,m3_fot,0,0,5,5,0.4379310344827586,0.5082322357019065
imagenet_r,m3_fot,0,0,6,6,0.46551724137931033,0.5272963604852686
imagenet_r,m3_fot,0,0,7,7,0.4413793103448276,0.5069324090121318
imagenet_r,m3_fot,0,0,8,8,0.45517241379310347,0.5051993067590987
imagenet_r,m3_fot,0,0,9,9,0.43103448275862066,0.5025996533795494
imagenet_r,m3_fot,0,1,1,0,0.6237288135593221,0.6814908936891148
imagenet_r,m3_fot,0,1,2,1,0.3728813559322034,0.4362558238034731
imagenet_r,m3_fot,0,1,3,2,0.3288135593220339,0.37950021177467175
imagenet_r,m3_fot,0,1,4,3,0.3152542372881356,0.38246505717916135
imagenet_r,m3_fot,0,1,5,4,0.3220338983050847,0.40533672172808133
imagenet_r,m3_fot,0,1,6,5,0.3593220338983051,0.45743329097839897
imagenet_r,m3_fot,0,1,7,6,0.36610169491525424,0.4531977975434138
imagenet_r,m3_fot,0,1,8,7,0.38305084745762713,0.4692926725963575
imagenet_r,m3_fot,0,1,9,8,0.3593220338983051,0.4557390936044049
imagenet_r,m3_fot,0,2,2,0,0.6408450704225352,0.7138488422892093
imagenet_r,m3_fot,0,2,3,1,0.4119718309859155,0.45172564438619484
imagenet_r,m3_fot,0,2,4,2,0.40492957746478875,0.43556138051550897
imagenet_r,m3_fot,0,2,5,3,0.4084507042253521,0.45565749235474007
imagenet_r,m3_fot,0,2,6,4,0.44366197183098594,0.472258628221931
imagenet_r,m3_fot,0,2,7,5,0.4014084507042254,0.4346876365224989
imagenet_r,m3_fot,0,2,8,6,0.4471830985915493,0.4783748361730013
imagenet_r,m3_fot,0,2,9,7,0.4154929577464789,0.4521625163826999
imagenet_r,m3_fot,0,3,3,0,0.7830508474576271,0.8046413502109705
imagenet_r,m3_fot,0,3,4,1,0.43050847457627117,0.4620253164556962
imagenet_r,m3_fot,0,3,5,2,0.4406779661016949,0.47890295358649787
imagenet_r,m3_fot,0,3,6,3,0.46440677966101696,0.5358649789029536
imagenet_r,m3_fot,0,3,7,4,0.488135593220339,0.5421940928270043
imagenet_r,m3_fot,0,3,8,5,0.48135593220338985,0.5582278481012658
imagenet_r,m3_fot,0,3,9,6,0.4711864406779661,0.5358649789029536
imagenet_r,m3_fot,0,4,4,0,0.6503267973856209,0.7443670626792298
imagenet_r,m3_fot,0,4,5,1,0.4117647058823529,0.46292503072511265
imagenet_r,m3_fot,0,4,6,2,0.3954248366013072,0.5018435067595248
imagenet_r,m3_fot,0,4,7,3,0.3954248366013072,0.46661204424416225
imagenet_r,m3_fot,0,4,8,4,0.40522875816993464,0.4842277755018435
imagenet_r,m3_fot,0,4,9,5,0.369281045751634,0.4379352724293322
imagenet_r,m3_fot,0,5,5,0,0.7169811320754716,0.7695635076681085
imagenet_r,m3_fot,0,5,6,1,0.4937106918238994,0.5363743609909556
imagenet_r,m3_fot,0,5,7,2,0.5031446540880503,0.522611089264648
imagenet_r,m3_fot,0,5,8,3,0.5031446540880503,0.5363743609909556
imagenet_r,m3_fot,0,5,9,4,0.4811320754716981,0.5088478175383405
imagenet_r,m3_fot,0,6,6,0,0.7482993197278912,0.8005977796754911
imagenet_r,m3_fot,0,6,7,1,0.5510204081632653,0.5866780529461998
imagenet_r,m3_fot,0,6,8,2,0.564625850340136,0.5956447480785654
imagenet_r,m3_fot,0,6,9,3,0.5238095238095238,0.5520922288642186
imagenet_r,m3_fot,0,7,7,0,0.6989247311827957,0.7847472924187726
imagenet_r,m3_fot,0,7,8,1,0.43010752688172044,0.4887184115523466
imagenet_r,m3_fot,0,7,9,2,0.40860215053763443,0.47157039711191334
imagenet_r,m3_fot,0,8,8,0,0.6461988304093568,0.7125550660792952
imagenet_r,m3_fot,0,8,9,1,0.3538011695906433,0.4093245227606461
imagenet_r,m3_fot,0,9,9,0,0.6907216494845361,0.7633390705679862
imagenet_r,m3_fot,1,0,0,0,0.7370242214532872,0.7608131487889274
imagenet_r,m3_fot,1,0,1,1,0.4844290657439446,0.5376297577854672
imagenet_r,m3_fot,1,0,2,2,0.5155709342560554,0.5449826989619377
imagenet_r,m3_fot,1,0,3,3,0.4982698961937716,0.5220588235294118
imagenet_r,m3_fot,1,0,4,4,0.4290657439446367,0.48226643598615915
imagenet_r,m3_fot,1,0,5,5,0.43252595155709345,0.47231833910034604
imagenet_r,m3_fot,1,0,6,6,0.4532871972318339,0.4757785467128028
imagenet_r,m3_fot,1,0,7,7,0.4463667820069204,0.4801038062283737
imagenet_r,m3_fot,1,0,8,8,0.4429065743944637,0.46756055363321797
imagenet_r,m3_fot,1,0,9,9,0.3944636678200692,0.4312283737024221
imagenet_r,m3_fot,1,1,1,0,0.6418732782369146,0.6735894773277951
imagenet_r,m3_fot,1,1,2,1,0.5371900826446281,0.5908618899273105
imagenet_r,m3_fot,1,1,3,2,0.48484848484848486,0.5195569401176878
imagenet_r,m3_fot,1,1,4,3,0.44352617079889806,0.47594323295257873
imagenet_r,m3_fot,1,1,5,4,0.4573002754820937,0.4800969193492558
imagenet_r,m3_fot,1,1,6,5,0.4214876033057851,0.46002076843198336
imagenet_r,m3_fot,1,1,7,6,0.42699724517906334,0.4714434060228453
imagenet_r,m3_fot,1,1,8,7,0.4380165289256198,0.44929041190723434
imagenet_r,m3_fot,1,1,9,8,0.39944903581267216,0.4035998615437868
imagenet_r,m3_fot,1,2,2,0,0.6867924528301886,0.741674595623216
imagenet_r,m3_fot,1,2,3,1,0.5169811320754717,0.5642245480494766
imagenet_r,m3_fot,1,2,4,2,0.43018867924528303,0.483349191246432
imagenet_r,m3_fot,1,2,5,3,0.4490566037735849,0.49571836346336823
imagenet_r,m3_fot,1,2,6,4,0.45660377358490567,0.4961941008563273
imagenet_r,m3_fot,1,2,7,5,0.4830188679245283,0.5499524262607041
imagenet_r,m3_fot,1,2,8,6,0.45660377358490567,0.5161750713606089
imagenet_r,m3_fot,1,2,9,7,0.42641509433962266,0.5009514747859182
imagenet_r,m3_fot,1,3,3,0,0.6756756756756757,0.7606581899775617
imagenet_r,m3_fot,1,3,4,1,0.45045045045045046,0.518324607329843
imagenet_r,m3_fot,1,3,5,2,0.4954954954954955,0.5478683620044876
imagenet_r,m3_fot,1,3,6,3,0.47147147147147145,0.5291697830964847
imagenet_r,m3_fot,1,3,7,4,0.5105105105105106,0.5856394913986537
imagenet_r,m3_fot,1,3,8,5,0.4804804804804805,0.5433807030665669
imagenet_r,m3_fot,1,3,9,6,0.43243243243243246,0.5093492894540015
imagenet_r,m3_fot,1,4,4,0,0.6991525423728814,0.7654516640253566
imagenet_r,m3_fot,1,4,5,1,0.3855932203389831,0.44849445324881143
imagenet_r,m3_fot,1,4,6,2,0.4067796610169492,0.46275752773375595
imagenet_r,m3_fot,1,4,7,3,0.4576271186440678,0.5071315372424723
imagenet_r,m3_fot,1,4,8,4,0.4194915254237288,0.49498151082937136
imagenet_r,m3_fot,1,4,9,5,0.3813559322033898,0.4606444796619123
imagenet_r,m3_fot,1,5,5,0,0.7058823529411765,0.7614998067259374
imagenet_r,m3_fot,1,5,6,1,0.48606811145510836,0.516041747197526
imagenet_r,m3_fot,1,5,7,2,0.4953560371517028,0.5535369153459606
imagenet_r,m3_fot,1,5,8,3,0.4953560371517028,0.5469655972168534
imagenet_r,m3_fot,1,5,9,4,0.43962848297213625,0.480092771550058
imagenet_r,m3_fot,1,6,6,0,0.7324414715719063,0.7873227689741451
imagenet_r,m3_fot,1,6,7,1,0.45819397993311034,0.5300250208507089
imagenet_r,m3_fot,1,6,8,2,0.43478260869565216,0.5191826522101751
imagenet_r,m3_fot,1,6,9,3,0.38461538461538464,0.4683069224353628
imagenet_r,m3_fot,1,7,7,0,0.7196969696969697,0.7953355544978582
imagenet_r,m3_fot,1,7,8,1,0.5227272727272727,0.5763921941932413
imagenet_r,m3_fot,1,7,9,2,0.5151515151515151,0.5459305092812946
imagenet_r,m3_fot,1,8,8,0,0.7350157728706624,0.7808922226608764
imagenet_r,m3_fot,1,8,9,1,0.42586750788643535,0.439005132254244
imagenet_r,m3_fot,1,9,9,0,0.6557377049180327,0.7027583367641005
imagenet_r,m3_fot,2,0,0,0,0.7335640138408305,0.7842287694974004
imagenet_r,m3_fot,2,0,1,1,0.5536332179930796,0.5862218370883883
imagenet_r,m3_fot,2,0,2,2,0.5363321799307958,0.5758232235701907
imagenet_r,m3_fot,2,0,3,3,0.4740484429065744,0.5268630849220104
imagenet_r,m3_fot,2,0,4,4,0.4429065743944637,0.5069324090121318
imagenet_r,m3_fot,2,0,5,5,0.4429065743944637,0.5121317157712305
imagenet_r,m3_fot,2,0,6,6,0.44982698961937717,0.5064991334488734
imagenet_r,m3_fot,2,0,7,7,0.4463667820069204,0.5125649913344887
imagenet_r,m3_fot,2,0,8,8,0.44982698961937717,0.5281629116117851
imagenet_r,m3_fot,2,0,9,9,0.4429065743944637,0.5086655112651647
imagenet_r,m3_fot,2,1,1,0,0.6366782006920415,0.7197396963123645
imagenet_r,m3_fot,2,1,2,1,0.4913494809688581,0.5579175704989154
imagenet_r,m3_fot,2,1,3,2,0.4913494809688581,0.5683297180043384
imagenet_r,m3_fot,2,1,4,3,0.5121107266435986,0.5535791757049892
imagenet_r,m3_fot,2,1,5,4,0.47750865051903113,0.5752711496746203
imagenet_r,m3_fot,2,1,6,5,0.47750865051903113,0.5652928416485901
imagenet_r,m3_fot,2,1,7,6,0.46366782006920415,0.5691973969631237
imagenet_r,m3_fot,2,1,8,7,0.4671280276816609,0.559652928416486
imagenet_r,m3_fot,2,1,9,8,0.4463667820069204,0.5357917570498916
imagenet_r,m3_fot,2,2,2,0,0.717607973421927,0.7749062109212171
imagenet_r,m3_fot,2,2,3,1,0.4950166112956811,0.5031263026260943
imagenet_r,m3_fot,2,2,4,2,0.5116279069767442,0.5460608586911213
imagenet_r,m3_fot,2,2,5,3,0.5049833887043189,0.5464776990412672
imagenet_r,m3_fot,2,2,6,4,0.5116279069767442,0.5523134639433097
imagenet_r,m3_fot,2,2,7,5,0.521594684385382,0.5756565235514798
imagenet_r,m3_fot,2,2,8,6,0.5548172757475083,0.602334305960817
imagenet_r,m3_fot,2,2,9,7,0.521594684385382,0.5894122551062942
imagenet_r,m3_fot,2,3,3,0,0.696551724137931,0.7463330457290768
imagenet_r,m3_fot,2,3,4,1,0.36551724137931035,0.4003451251078516
imagenet_r,m3_fot,2,3,5,2,0.3413793103448276,0.4158757549611734
imagenet_r,m3_fot,2,3,6,3,0.35172413793103446,0.40509059534081104
imagenet_r,m3_fot,2,3,7,4,0.3793103448275862,0.4430543572044866
imagenet_r,m3_fot,2,3,8,5,0.4,0.4685073339085418
imagenet_r,m3_fot,2,3,9,6,0.38620689655172413,0.4430543572044866
imagenet_r,m3_fot,2,4,4,0,0.7222222222222222,0.7472766884531591
imagenet_r,m3_fot,2,4,5,1,0.4409722222222222,0.4610021786492375
imagenet_r,m3_fot,2,4,6,2,0.4236111111111111,0.44052287581699345
imagenet_r,m3_fot,2,4,7,3,0.4583333333333333,0.4736383442265795
imagenet_r,m3_fot,2,4,8,4,0.4826388888888889,0.48845315904139436
imagenet_r,m3_fot,2,4,9,5,0.4618055555555556,0.47799564270152506
imagenet_r,m3_fot,2,5,5,0,0.7206896551724138,0.741267787839586
imagenet_r,m3_fot,2,5,6,1,0.4379310344827586,0.47477360931435963
imagenet_r,m3_fot,2,5,7,2,0.45517241379310347,0.4833980163863734
imagenet_r,m3_fot,2,5,8,3,0.47586206896551725,0.5200517464424321
imagenet_r,m3_fot,2,5,9,4,0.4517241379310345,0.4898663216903838
imagenet_r,m3_fot,2,6,6,0,0.754601226993865,0.7920830130668717
imagenet_r,m3_fot,2,6,7,1,0.46932515337423314,0.48001537279016143
imagenet_r,m3_fot,2,6,8,2,0.46932515337423314,0.4796310530361261
imagenet_r,m3_fot,2,6,9,3,0.4325153374233129,0.4423520368946964
imagenet_r,m3_fot,2,7,7,0,0.6790123456790124,0.7528868360277137
imagenet_r,m3_fot,2,7,8,1,0.5308641975308642,0.5943033102386451
imagenet_r,m3_fot,2,7,9,2,0.5277777777777778,0.5642802155504234
imagenet_r,m3_fot,2,8,8,0,0.6340694006309149,0.735410094637224
imagenet_r,m3_fot,2,8,9,1,0.31230283911671924,0.39353312302839116
imagenet_r,m3_fot,2,9,9,0,0.625,0.693029490616622
imagenet_r,m3_fot,3,0,0,0,0.7463556851311953,0.7905109489051095
imagenet_r,m3_fot,3,0,1,1,0.6326530612244898,0.6558394160583941
imagenet_r,m3_fot,3,0,2,2,0.49854227405247814,0.5587591240875912
imagenet_r,m3_fot,3,0,3,3,0.4577259475218659,0.5072992700729927
imagenet_r,m3_fot,3,0,4,4,0.46647230320699706,0.5284671532846715
imagenet_r,m3_fot,3,0,5,5,0.4139941690962099,0.4744525547445255
imagenet_r,m3_fot,3,0,6,6,0.4314868804664723,0.472992700729927
imagenet_r,m3_fot,3,0,7,7,0.43440233236151604,0.4576642335766423
imagenet_r,m3_fot,3,0,8,8,0.4227405247813411,0.4572992700729927
imagenet_r,m3_fot,3,0,9,9,0.42565597667638483,0.4551094890510949
imagenet_r,m3_fot,3,1,1,0,0.6615969581749049,0.736592311343142
imagenet_r,m3_fot,3,1,2,1,0.5095057034220533,0.5790223065970574
imagenet_r,m3_fot,3,1,3,2,0.5627376425855514,0.6174655908875178
imagenet_r,m3_fot,3,1,4,3,0.5855513307984791,0.6312292358803987
imagenet_r,m3_fot,3,1,5,4,0.5551330798479087,0.6079734219269103
imagenet_r,m3_fot,3,1,6,5,0.5095057034220533,0.580920740389179
imagenet_r,m3_fot,3,1,7,6,0.4866920152091255,0.5291884195538681
imagenet_r,m3_fot,3,1,8,7,0.5209125475285171,0.5481727574750831
imagenet_r,m3_fot,3,1,9,8,0.5133079847908745,0.561936402467964
imagenet_r,m3_fot,3,2,2,0,0.6721311475409836,0.7306897976042958
imagenet_r,m3_fot,3,2,3,1,0.43934426229508194,0.48451053283767037
imagenet_r,m3_fot,3,2,4,2,0.42950819672131146,0.4849235852953325
imagenet_r,m3_fot,3,2,5,3,0.3901639344262295,0.436183395291202
imagenet_r,m3_fot,3,2,6,4,0.4065573770491803,0.4774886410574143
imagenet_r,m3_fot,3,2,7,5,0.3836065573770492,0.45353159851301117
imagenet_r,m3_fot,3,2,8,6,0.4098360655737705,0.46551011978521273
imagenet_r,m3_fot,3,2,9,7,0.4163934426229508,0.4836844279223461
imagenet_r,m3_fot,3,3,3,0,0.6234177215189873,0.7020602218700476
imagenet_r,m3_fot,3,3,4,1,0.379746835443038,0.4346275752773376
imagenet_r,m3_fot,3,3,5,2,0.35443037974683544,0.3847068145800317
imagenet_r,m3_fot,3,3,6,3,0.3639240506329114,0.39619651347068147
imagenet_r,m3_fot,3,3,7,4,0.34810126582278483,0.3787638668779715
imagenet_r,m3_fot,3,3,8,5,0.379746835443038,0.40332805071315375
imagenet_r,m3_fot,3,3,9,6,0.38924050632911394,0.4223454833597464
imagenet_r,m3_fot,3,4,4,0,0.6885245901639344,0.7833197056418643
imagenet_r,m3_fot,3,4,5,1,0.4163934426229508,0.47015535568274736
imagenet_r,m3_fot,3,4,6,2,0.42295081967213116,0.4677023712183156
imagenet_r,m3_fot,3,4,7,3,0.4426229508196721,0.49141455437448894
imagenet_r,m3_fot,3,4,8,4,0.43934426229508194,0.48528209321340965
imagenet_r,m3_fot,3,4,9,5,0.4262295081967213,0.4991823385118561
imagenet_r,m3_fot,3,5,5,0,0.7106109324758842,0.7602905569007264
imagenet_r,m3_fot,3,5,6,1,0.42765273311897106,0.4495560936238902
imagenet_r,m3_fot,3,5,7,2,0.43729903536977494,0.44552058111380144
imagenet_r,m3_fot,3,5,8,3,0.43086816720257237,0.45076674737691685
imagenet_r,m3_fot,3,5,9,4,0.45016077170418006,0.4774011299435028
imagenet_r,m3_fot,3,6,6,0,0.6953405017921147,0.7915921288014311
imagenet_r,m3_fot,3,6,7,1,0.3870967741935484,0.4597495527728086
imagenet_r,m3_fot,3,6,8,2,0.3870967741935484,0.4807692307692308
imagenet_r,m3_fot,3,6,9,3,0.4014336917562724,0.4977638640429338
imagenet_r,m3_fot,3,7,7,0,0.7384615384615385,0.7568506368197607
imagenet_r,m3_fot,3,7,8,1,0.38461538461538464,0.41875723658818986
imagenet_r,m3_fot,3,7,9,2,0.37846153846153846,0.45658047086067155
imagenet_r,m3_fot,3,8,8,0,0.7039473684210527,0.7766308835672997
imagenet_r,m3_fot,3,8,9,1,0.4506578947368421,0.5041288191577209
imagenet_r,m3_fot,3,9,9,0,0.6831275720164609,0.7578084997439836
imagenet_r,m3_fot,4,0,0,0,0.6971830985915493,0.7401852668725187
imagenet_r,m3_fot,4,0,1,1,0.4753521126760563,0.5253639170710189
imagenet_r,m3_fot,4,0,2,2,0.39436619718309857,0.46360829289810324
imagenet_r,m3_fot,4,0,3,3,0.397887323943662,0.4516982796647552
imagenet_r,m3_fot,4,0,4,4,0.3908450704225352,0.44287604764005295
imagenet_r,m3_fot,4,0,5,5,0.36971830985915494,0.4406704896338774
imagenet_r,m3_fot,4,0,6,6,0.3732394366197183,0.43890604322893695
imagenet_r,m3_fot,4,0,7,7,0.3591549295774648,0.4199382443758271
imagenet_r,m3_fot,4,0,8,8,0.38028169014084506,0.42964269960299956
imagenet_r,m3_fot,4,0,9,9,0.3873239436619718,0.43890604322893695
imagenet_r,m3_fot,4,1,1,0,0.6697530864197531,0.6794573643410853
imagenet_r,m3_fot,4,1,2,1,0.6234567901234568,0.6437984496124031
imagenet_r,m3_fot,4,1,3,2,0.5740740740740741,0.577906976744186
imagenet_r,m3_fot,4,1,4,3,0.5308641975308642,0.5131782945736434
imagenet_r,m3_fot,4,1,5,4,0.5432098765432098,0.5558139534883721
imagenet_r,m3_fot,4,1,6,5,0.5123456790123457,0.5426356589147286
imagenet_r,m3_fot,4,1,7,6,0.5216049382716049,0.546124031007752
imagenet_r,m3_fot,4,1,8,7,0.5123456790123457,0.5263565891472868
imagenet_r,m3_fot,4,1,9,8,0.5432098765432098,0.5542635658914729
imagenet_r,m3_fot,4,2,2,0,0.6,0.669260700389105
imagenet_r,m3_fot,4,2,3,1,0.3931034482758621,0.43795936013834846
imagenet_r,m3_fot,4,2,4,2,0.38620689655172413,0.4522265456117596
imagenet_r,m3_fot,4,2,5,3,0.3931034482758621,0.44963251188932124
imagenet_r,m3_fot,4,2,6,4,0.4206896551724138,0.5019455252918288
imagenet_r,m3_fot,4,2,7,5,0.4068965517241379,0.46735840899265024
imagenet_r,m3_fot,4,2,8,6,0.41379310344827586,0.47038478166882836
imagenet_r,m3_fot,4,2,9,7,0.4413793103448276,0.503242542153048
imagenet_r,m3_fot,4,3,3,0,0.7318611987381703,0.7966903073286052
imagenet_r,m3_fot,4,3,4,1,0.4605678233438486,0.4996059889676911
imagenet_r,m3_fot,4,3,5,2,0.4637223974763407,0.5220646178092987
imagenet_r,m3_fot,4,3,6,3,0.47634069400630913,0.5468873128447597
imagenet_r,m3_fot,4,3,7,4,0.45425867507886436,0.524822695035461
imagenet_r,m3_fot,4,3,8,5,0.4353312302839117,0.5031520882584712
imagenet_r,m3_fot,4,3,9,6,0.4668769716088328,0.5445232466509062
imagenet_r,m3_fot,4,4,4,0,0.6514657980456026,0.7181594083812654
imagenet_r,m3_fot,4,4,5,1,0.46905537459283386,0.4991783073130649
imagenet_r,m3_fot,4,4,6,2,0.46905537459283386,0.5184880854560394
imagenet_r,m3_fot,4,4,7,3,0.4364820846905538,0.47370583401807725
imagenet_r,m3_fot,4,4,8,4,0.43973941368078173,0.47493837304847986
imagenet_r,m3_fot,4,4,9,5,0.4560260586319218,0.4942481511914544
imagenet_r,m3_fot,4,5,5,0,0.6917562724014337,0.7647849462365591
imagenet_r,m3_fot,4,5,6,1,0.41935483870967744,0.4771505376344086
imagenet_r,m3_fot,4,5,7,2,0.4229390681003584,0.47580645161290325
imagenet_r,m3_fot,4,5,8,3,0.3942652329749104,0.45474910394265233
imagenet_r,m3_fot,4,5,9,4,0.3942652329749104,0.47939068100358423
imagenet_r,m3_fot,4,6,6,0,0.6442953020134228,0.7432036804684232
imagenet_r,m3_fot,4,6,7,1,0.37919463087248323,0.4696779590129653
imagenet_r,m3_fot,4,6,8,2,0.3825503355704698,0.4466750313676286
imagenet_r,m3_fot,4,6,9,3,0.39932885906040266,0.46758678377248014
imagenet_r,m3_fot,4,7,7,0,0.73992673992674,0.8121295029639762
imagenet_r,m3_fot,4,7,8,1,0.5824175824175825,0.6210670314637483
imagenet_r,m3_fot,4,7,9,2,0.5860805860805861,0.6324669402644779
imagenet_r,m3_fot,4,8,8,0,0.6589403973509934,0.7716535433070866
imagenet_r,m3_fot,4,8,9,1,0.41721854304635764,0.48611686697057604
imagenet_r,m3_fot,4,9,9,0,0.6625,0.7109894407508799
imagenet_r,m4_proto,0,0,0,0,0.6931034482758621,0.7400346620450606
imagenet_r,m4_proto,0,0,1,1,0.6068965517241379,0.6681109185441941
imagenet_r,m4_proto,0,0,2,2,0.5413793103448276,0.6412478336221837
imagenet_r,m4_proto,0,0,3,3,0.5206896551724138,0.6200173310225303
imagenet_r,m4_proto,0,0,4,4,0.5,0.598786828422877
imagenet_r,m4_proto,0,0,5,5,0.4827586206896552,0.5879549393414212
imagenet_r,m4_proto,0,0,6,6,0.47586206896551725,0.57842287694974
imagenet_r,m4_proto,0,0,7,7,0.45517241379310347,0.5511265164644714
imagenet_r,m4_proto,0,0,8,8,0.4379310344827586,0.5294627383015598
imagenet_r,m4_proto,0,0,9,9,0.43103448275862066,0.5216637781629117
imagenet_r,m4_proto,0,1,1,0,0.5559322033898305,0.6696315120711563
imagenet_r,m4_proto,0,1,2,1,0.5220338983050847,0.6387124099957645
imagenet_r,m4_proto,0,1,3,2,0.488135593220339,0.602287166454892
imagenet_r,m4_proto,0,1,4,3,0.4745762711864407,0.5836509953409572
imagenet_r,m4_proto,0,1,5,4,0.4576271186440678,0.5709445150360017
imagenet_r,m4_proto,0,1,6,5,0.4440677966101695,0.5628970775095299
imagenet_r,m4_proto,0,1,7,6,0.43389830508474575,0.5527318932655655
imagenet_r,m4_proto,0,1,8,7,0.4271186440677966,0.5404489623041084
imagenet_r,m4_proto,0,1,9,8,0.4135593220338983,0.5226598898771707
imagenet_r,m4_proto,0,2,2,0,0.5985915492957746,0.6439493228484054
imagenet_r,m4_proto,0,2,3,1,0.5774647887323944,0.6308431629532547
imagenet_r,m4_proto,0,2,4,2,0.5598591549295775,0.6107470511140236
imagenet_r,m4_proto,0,2,5,3,0.545774647887324,0.599825251201398
imagenet_r,m4_proto,0,2,6,4,0.5352112676056338,0.5862822193097422
imagenet_r,m4_proto,0,2,7,5,0.5105633802816901,0.5688073394495413
imagenet_r,m4_proto,0,2,8,6,0.4859154929577465,0.5548274355613805
imagenet_r,m4_proto,0,2,9,7,0.4612676056338028,0.5386631716906947
imagenet_r,m4_proto,0,3,3,0,0.6305084745762712,0.6789029535864979
imagenet_r,m4_proto,0,3,4,1,0.6067796610169491,0.6561181434599156
imagenet_r,m4_proto,0,3,5,2,0.5830508474576271,0.6421940928270042
imagenet_r,m4_proto,0,3,6,3,0.5728813559322034,0.6350210970464135
imagenet_r,m4_proto,0,3,7,4,0.5627118644067797,0.6274261603375527
imagenet_r,m4_proto,0,3,8,5,0.559322033898305,0.6189873417721519
imagenet_r,m4_proto,0,3,9,6,0.5525423728813559,0.6084388185654008
imagenet_r,m4_proto,0,4,4,0,0.5196078431372549,0.5710774272839001
imagenet_r,m4_proto,0,4,5,1,0.49673202614379086,0.5575583777140516
imagenet_r,m4_proto,0,4,6,2,0.48366013071895425,0.5489553461696026
imagenet_r,m4_proto,0,4,7,3,0.4673202614379085,0.5403523146251537
imagenet_r,m4_proto,0,4,8,4,0.4477124183006536,0.5292912740680049
imagenet_r,m4_proto,0,4,9,5,0.434640522875817,0.5116755428103237
imagenet_r,m4_proto,0,5,5,0,0.7044025157232704,0.6763664962642548
imagenet_r,m4_proto,0,5,6,1,0.6886792452830188,0.6665355878883209
imagenet_r,m4_proto,0,5,7,2,0.6792452830188679,0.6610302791977979
imagenet_r,m4_proto,0,5,8,3,0.6761006289308176,0.6539520251671255
imagenet_r,m4_proto,0,5,9,4,0.6635220125786163,0.6429414077860794
imagenet_r,m4_proto,0,6,6,0,0.6496598639455783,0.6438941076003416
imagenet_r,m4_proto,0,6,7,1,0.6462585034013606,0.6310845431255337
imagenet_r,m4_proto,0,6,8,2,0.6190476190476191,0.6191289496157131
imagenet_r,m4_proto,0,6,9,3,0.608843537414966,0.6058923996584116
imagenet_r,m4_proto,0,7,7,0,0.5770609318996416,0.625
imagenet_r,m4_proto,0,7,8,1,0.5483870967741935,0.5947653429602888
imagenet_r,m4_proto,0,7,9,2,0.5376344086021505,0.5888989169675091
imagenet_r,m4_proto,0,8,8,0,0.45321637426900585,0.51431718061674
imagenet_r,m4_proto,0,8,9,1,0.4473684210526316,0.49963289280469897
imagenet_r,m4_proto,0,9,9,0,0.584192439862543,0.6028399311531841
imagenet_r,m4_proto,1,0,0,0,0.7577854671280276,0.7945501730103807
imagenet_r,m4_proto,1,0,1,1,0.698961937716263,0.7370242214532872
imagenet_r,m4_proto,1,0,2,2,0.6816608996539792,0.7119377162629758
imagenet_r,m4_proto,1,0,3,3,0.643598615916955,0.6829584775086506
imagenet_r,m4_proto,1,0,4,4,0.629757785467128,0.6682525951557093
imagenet_r,m4_proto,1,0,5,5,0.6124567474048442,0.6570069204152249
imagenet_r,m4_proto,1,0,6,6,0.5951557093425606,0.6479238754325259
imagenet_r,m4_proto,1,0,7,7,0.5882352941176471,0.6336505190311419
imagenet_r,m4_proto,1,0,8,8,0.5813148788927336,0.625
imagenet_r,m4_proto,1,0,9,9,0.5674740484429066,0.6137543252595156
imagenet_r,m4_proto,1,1,1,0,0.6170798898071626,0.652128764278297
imagenet_r,m4_proto,1,1,2,1,0.5757575757575758,0.6095534787123572
imagenet_r,m4_proto,1,1,3,2,0.512396694214876,0.562478366216684
imagenet_r,m4_proto,1,1,4,3,0.5013774104683195,0.5479404638283143
imagenet_r,m4_proto,1,1,5,4,0.5013774104683195,0.5358255451713395
imagenet_r,m4_proto,1,1,6,5,0.4820936639118457,0.5185185185185185
imagenet_r,m4_proto,1,1,7,6,0.46831955922865015,0.5067497403946002
imagenet_r,m4_proto,1,1,8,7,0.4490358126721763,0.48736587054344066
imagenet_r,m4_proto,1,1,9,8,0.4297520661157025,0.4766355140186916
imagenet_r,m4_proto,1,2,2,0,0.6339622641509434,0.6684110371075167
imagenet_r,m4_proto,1,2,3,1,0.6075471698113207,0.642721217887726
imagenet_r,m4_proto,1,2,4,2,0.569811320754717,0.6246431969552807
imagenet_r,m4_proto,1,2,5,3,0.5622641509433962,0.6165556612749762
imagenet_r,m4_proto,1,2,6,4,0.5245283018867924,0.5960989533777354
imagenet_r,m4_proto,1,2,7,5,0.5169811320754717,0.5813510941960038
imagenet_r,m4_proto,1,2,8,6,0.5018867924528302,0.5623215984776403
imagenet_r,m4_proto,1,2,9,7,0.49056603773584906,0.5575642245480494
imagenet_r,m4_proto,1,3,3,0,0.5645645645645646,0.6331338818249813
imagenet_r,m4_proto,1,3,4,1,0.5525525525525525,0.6222887060583395
imagenet_r,m4_proto,1,3,5,2,0.5495495495495496,0.6170531039640987
imagenet_r,m4_proto,1,3,6,3,0.5315315315315315,0.6054599850411369
imagenet_r,m4_proto,1,3,7,4,0.5105105105105106,0.5893792071802543
imagenet_r,m4_proto,1,3,8,5,0.5045045045045045,0.581151832460733
imagenet_r,m4_proto,1,3,9,6,0.4894894894894895,0.5661929693343306
imagenet_r,m4_proto,1,4,4,0,0.5805084745762712,0.6661384046487058
imagenet_r,m4_proto,1,4,5,1,0.5720338983050848,0.6545166402535658
imagenet_r,m4_proto,1,4,6,2,0.5677966101694916,0.6455361859482304
imagenet_r,m4_proto,1,4,7,3,0.559322033898305,0.6333861595351294
imagenet_r,m4_proto,1,4,8,4,0.5508474576271186,0.6217643951399895
imagenet_r,m4_proto,1,4,9,5,0.5338983050847458,0.6143687268885367
imagenet_r,m4_proto,1,5,5,0,0.5541795665634675,0.6095863935059915
imagenet_r,m4_proto,1,5,6,1,0.5479876160990712,0.6010823347506764
imagenet_r,m4_proto,1,5,7,2,0.5386996904024768,0.5883262466177039
imagenet_r,m4_proto,1,5,8,3,0.5170278637770898,0.5732508697332818
imagenet_r,m4_proto,1,5,9,4,0.5077399380804953,0.5608813297255508
imagenet_r,m4_proto,1,6,6,0,0.5217391304347826,0.5683903252710593
imagenet_r,m4_proto,1,6,7,1,0.4983277591973244,0.5500417014178482
imagenet_r,m4_proto,1,6,8,2,0.47491638795986624,0.5387823185988324
imagenet_r,m4_proto,1,6,9,3,0.46488294314381273,0.5296080066722268
imagenet_r,m4_proto,1,7,7,0,0.6590909090909091,0.6777724892908139
imagenet_r,m4_proto,1,7,8,1,0.6439393939393939,0.6673012851023322
imagenet_r,m4_proto,1,7,9,2,0.6401515151515151,0.6625416468348405
imagenet_r,m4_proto,1,8,8,0,0.5299684542586751,0.560994867745756
imagenet_r,m4_proto,1,8,9,1,0.5173501577287066,0.5542834583497829
imagenet_r,m4_proto,1,9,9,0,0.5311475409836065,0.543845203787567
imagenet_r,m4_proto,2,0,0,0,0.7093425605536332,0.7833622183708839
imagenet_r,m4_proto,2,0,1,1,0.629757785467128,0.7305025996533796
imagenet_r,m4_proto,2,0,2,2,0.5986159169550173,0.7006065857885615
imagenet_r,m4_proto,2,0,3,3,0.5674740484429066,0.6572790294627383
imagenet_r,m4_proto,2,0,4,4,0.5397923875432526,0.6308492201039861
imagenet_r,m4_proto,2,0,5,5,0.5190311418685121,0.6109185441941074
imagenet_r,m4_proto,2,0,6,6,0.5121107266435986,0.6022530329289428
imagenet_r,m4_proto,2,0,7,7,0.5086505190311419,0.5948873483535528
imagenet_r,m4_proto,2,0,8,8,0.5017301038062284,0.5901213171577123
imagenet_r,m4_proto,2,0,9,9,0.4982698961937716,0.5844887348353552
imagenet_r,m4_proto,2,1,1,0,0.657439446366782,0.7427331887201736
imagenet_r,m4_proto,2,1,2,1,0.6228373702422145,0.7149674620390456
imagenet_r,m4_proto,2,1,3,2,0.5951557093425606,0.6854663774403471
imagenet_r,m4_proto,2,1,4,3,0.5951557093425606,0.6698481561822126
imagenet_r,m4_proto,2,1,5,4,0.5709342560553633,0.6459869848156182
imagenet_r,m4_proto,2,1,6,5,0.5709342560553633,0.6412147505422994
imagenet_r,m4_proto,2,1,7,6,0.5536332179930796,0.6351409978308026
imagenet_r,m4_proto,2,1,8,7,0.5467128027681661,0.6286334056399132
imagenet_r,m4_proto,2,1,9,8,0.5432525951557093,0.6264642082429501
imagenet_r,m4_proto,2,2,2,0,0.6179401993355482,0.6827844935389745
imagenet_r,m4_proto,2,2,3,1,0.5548172757475083,0.6244268445185494
imagenet_r,m4_proto,2,2,4,2,0.53156146179402,0.5964985410587745
imagenet_r,m4_proto,2,2,5,3,0.5083056478405316,0.5644018340975406
imagenet_r,m4_proto,2,2,6,4,0.5049833887043189,0.5581492288453522
imagenet_r,m4_proto,2,2,7,5,0.49169435215946844,0.5489787411421425
imagenet_r,m4_proto,2,2,8,6,0.48172757475083056,0.5418924551896623
imagenet_r,m4_proto,2,2,9,7,0.47840531561461797,0.5381408920383494
imagenet_r,m4_proto,2,3,3,0,0.6068965517241379,0.637618636755824
imagenet_r,m4_proto,2,3,4,1,0.5655172413793104,0.6039689387402933
imagenet_r,m4_proto,2,3,5,2,0.5413793103448276,0.5871440897325281
imagenet_r,m4_proto,2,3,6,3,0.5206896551724138,0.5707506471095772
imagenet_r,m4_proto,2,3,7,4,0.506896551724138,0.5651423641069888
imagenet_r,m4_proto,2,3,8,5,0.496551724137931,0.5603968938740294
imagenet_r,m4_proto,2,3,9,6,0.496551724137931,0.5552200172562554
imagenet_r,m4_proto,2,4,4,0,0.5833333333333334,0.5912854030501089
imagenet_r,m4_proto,2,4,5,1,0.5520833333333334,0.5616557734204793
imagenet_r,m4_proto,2,4,6,2,0.53125,0.5376906318082789
imagenet_r,m4_proto,2,4,7,3,0.5173611111111112,0.5285403050108932
imagenet_r,m4_proto,2,4,8,4,0.5104166666666666,0.5202614379084968
imagenet_r,m4_proto,2,4,9,5,0.5069444444444444,0.518082788671024
imagenet_r,m4_proto,2,5,5,0,0.6068965517241379,0.6338939197930142
imagenet_r,m4_proto,2,5,6,1,0.5862068965517241,0.617507546356188
imagenet_r,m4_proto,2,5,7,2,0.5793103448275863,0.6041397153945667
imagenet_r,m4_proto,2,5,8,3,0.5758620689655173,0.6002587322121604
imagenet_r,m4_proto,2,5,9,4,0.5586206896551724,0.5881845623113411
imagenet_r,m4_proto,2,6,6,0,0.558282208588957,0.5883935434281322
imagenet_r,m4_proto,2,6,7,1,0.5368098159509203,0.57532667179093
imagenet_r,m4_proto,2,6,8,2,0.5245398773006135,0.5607225211375865
imagenet_r,m4_proto,2,6,9,3,0.5184049079754601,0.5518831667947732
imagenet_r,m4_proto,2,7,7,0,0.5771604938271605,0.6231716705157814
imagenet_r,m4_proto,2,7,8,1,0.5709876543209876,0.6181678214010777
imagenet_r,m4_proto,2,7,9,2,0.5679012345679012,0.6104695919938414
imagenet_r,m4_proto,2,8,8,0,0.444794952681388,0.5244479495268138
imagenet_r,m4_proto,2,8,9,1,0.4384858044164038,0.5185331230283912
imagenet_r,m4_proto,2,9,9,0,0.5285714285714286,0.5460232350312779
imagenet_r,m4_proto,3,0,0,0,0.7463556851311953,0.7722627737226277
imagenet_r,m4_proto,3,0,1,1,0.685131195335277,0.7197080291970803
imagenet_r,m4_proto,3,0,2,2,0.6122448979591837,0.6565693430656935
imagenet_r,m4_proto,3,0,3,3,0.5685131195335277,0.6153284671532847
imagenet_r,m4_proto,3,0,4,4,0.5539358600583091,0.6036496350364964
imagenet_r,m4_proto,3,0,5,5,0.5306122448979592,0.5781021897810219
imagenet_r,m4_proto,3,0,6,6,0.5102040816326531,0.5572992700729927
imagenet_r,m4_proto,3,0,7,7,0.49854227405247814,0.5481751824817518
imagenet_r,m4_proto,3,0,8,8,0.4868804664723032,0.5357664233576642
imagenet_r,m4_proto,3,0,9,9,0.47230320699708456,0.5215328467153285
imagenet_r,m4_proto,3,1,1,0,0.7300380228136882,0.764594209776934
imagenet_r,m4_proto,3,1,2,1,0.6730038022813688,0.7242524916943521
imagenet_r,m4_proto,3,1,3,2,0.6463878326996197,0.6943521594684385
imagenet_r,m4_proto,3,1,4,3,0.6387832699619772,0.6862838158519222
imagenet_r,m4_proto,3,1,5,4,0.623574144486692,0.6710963455149501
imagenet_r,m4_proto,3,1,6,5,0.6197718631178707,0.65828191741813
imagenet_r,m4_proto,3,1,7,6,0.6083650190114068,0.6449928808732796
imagenet_r,m4_proto,3,1,8,7,0.6007604562737643,0.6373991457047935
imagenet_r,m4_proto,3,1,9,8,0.6007604562737643,0.6302800189843379
imagenet_r,m4_proto,3,2,2,0,0.6262295081967213,0.6720363486162743
imagenet_r,m4_proto,3,2,3,1,0.5901639344262295,0.6336224700536969
imagenet_r,m4_proto,3,2,4,2,0.5704918032786885,0.6146220570012392
imagenet_r,m4_proto,3,2,5,3,0.5409836065573771,0.5902519619991738
imagenet_r,m4_proto,3,2,6,4,0.5245901639344263,0.5786864931846345
imagenet_r,m4_proto,3,2,7,5,0.5081967213114754,0.567121024370095
imagenet_r,m4_proto,3,2,8,6,0.4885245901639344,0.5576208178438662
imagenet_r,m4_proto,3,2,9,7,0.47540983606557374,0.5514250309789344
imagenet_r,m4_proto,3,3,3,0,0.5981012658227848,0.615689381933439
imagenet_r,m4_proto,3,3,4,1,0.5854430379746836,0.6002377179080824
imagenet_r,m4_proto,3,3,5,2,0.5664556962025317,0.5740887480190174
imagenet_r,m4_proto,3,3,6,3,0.5443037974683544,0.5455625990491284
imagenet_r,m4_proto,3,3,7,4,0.5189873417721519,0.5328843106180665
imagenet_r,m4_proto,3,3,8,5,0.509493670886076,0.5257527733755943
imagenet_r,m4_proto,3,3,9,6,0.5,0.5182250396196514
imagenet_r,m4_proto,3,4,4,0,0.5639344262295082,0.616516762060507
imagenet_r,m4_proto,3,4,5,1,0.5508196721311476,0.5997547015535568
imagenet_r,m4_proto,3,4,6,2,0.5344262295081967,0.5838103025347506
imagenet_r,m4_proto,3,4,7,3,0.521311475409836,0.5797219950940311
imagenet_r,m4_proto,3,4,8,4,0.5081967213114754,0.5666394112837285
imagenet_r,m4_proto,3,4,9,5,0.4852459016393443,0.5474243663123467
imagenet_r,m4_proto,3,5,5,0,0.5755627009646302,0.619451170298628
imagenet_r,m4_proto,3,5,6,1,0.5562700964630225,0.6029055690072639
imagenet_r,m4_proto,3,5,7,2,0.5466237942122186,0.596045197740113
imagenet_r,m4_proto,3,5,8,3,0.5369774919614148,0.585956416464891
imagenet_r,m4_proto,3,5,9,4,0.5337620578778135,0.5839386602098466
imagenet_r,m4_proto,3,6,6,0,0.4731182795698925,0.5840787119856887
imagenet_r,m4_proto,3,6,7,1,0.4731182795698925,0.5778175313059034
imagenet_r,m4_proto,3,6,8,2,0.45161290322580644,0.5652951699463328
imagenet_r,m4_proto,3,6,9,3,0.4444444444444444,0.5590339892665475
imagenet_r,m4_proto,3,7,7,0,0.5538461538461539,0.5932072558857584
imagenet_r,m4_proto,3,7,8,1,0.5415384615384615,0.5742956387495176
imagenet_r,m4_proto,3,7,9,2,0.5292307692307693,0.5642609031262061
imagenet_r,m4_proto,3,8,8,0,0.5822368421052632,0.5900082576383154
imagenet_r,m4_proto,3,8,9,1,0.5756578947368421,0.5842279108175062
imagenet_r,m4_proto,3,9,9,0,0.5308641975308642,0.5990783410138248
imagenet_r,m4_proto,4,0,0,0,0.6936619718309859,0.7485663872959859
imagenet_r,m4_proto,4,0,1,1,0.6408450704225352,0.6890163211292457
imagenet_r,m4_proto,4,0,2,2,0.5809859154929577,0.6382884869872077
imagenet_r,m4_proto,4,0,3,3,0.5633802816901409,0.6100573445081605
imagenet_r,m4_proto,4,0,4,4,0.5352112676056338,0.5871195412439347
imagenet_r,m4_proto,4,0,5,5,0.528169014084507,0.5752095280105867
imagenet_r,m4_proto,4,0,6,6,0.4964788732394366,0.5540361711513013
imagenet_r,m4_proto,4,0,7,7,0.4788732394366197,0.5403617115130128
imagenet_r,m4_proto,4,0,8,8,0.4788732394366197,0.5363917071018968
imagenet_r,m4_proto,4,0,9,9,0.4612676056338028,0.5258050286722541
imagenet_r,m4_proto,4,1,1,0,0.6944444444444444,0.7058139534883721
imagenet_r,m4_proto,4,1,2,1,0.6604938271604939,0.6705426356589147
imagenet_r,m4_proto,4,1,3,2,0.6450617283950617,0.6515503875968992
imagenet_r,m4_proto,4,1,4,3,0.6172839506172839,0.6248062015503876
imagenet_r,m4_proto,4,1,5,4,0.6111111111111112,0.612015503875969
imagenet_r,m4_proto,4,1,6,5,0.5864197530864198,0.5903100775193798
imagenet_r,m4_proto,4,1,7,6,0.5833333333333334,0.5786821705426357
imagenet_r,m4_proto,4,1,8,7,0.5802469135802469,0.5728682170542636
imagenet_r,m4_proto,4,1,9,8,0.5648148148148148,0.5635658914728682
imagenet_r,m4_proto,4,2,2,0,0.6310344827586207,0.6740164288802422
imagenet_r,m4_proto,4,2,3,1,0.603448275862069,0.6446173800259404
imagenet_r,m4_proto,4,2,4,2,0.5655172413793104,0.6169476869865975
imagenet_r,m4_proto,4,2,5,3,0.5482758620689655,0.5953307392996109
imagenet_r,m4_proto,4,2,6,4,0.5379310344827586,0.5862516212710766
imagenet_r,m4_proto,4,2,7,5,0.5310344827586206,0.5771725032425421
imagenet_r,m4_proto,4,2,8,6,0.5275862068965518,0.5702550799827064
imagenet_r,m4_proto,4,2,9,7,0.5103448275862069,0.5572849113705145
imagenet_r,m4_proto,4,3,3,0,0.5615141955835962,0.6583924349881797
imagenet_r,m4_proto,4,3,4,1,0.5236593059936908,0.6245074862096138
imagenet_r,m4_proto,4,3,5,2,0.49842271293375395,0.6028368794326241
imagenet_r,m4_proto,4,3,6,3,0.4794952681388013,0.5921985815602837
imagenet_r,m4_proto,4,3,7,4,0.4637223974763407,0.5819542947202522
imagenet_r,m4_proto,4,3,8,5,0.45741324921135645,0.5780141843971631
imagenet_r,m4_proto,4,3,9,6,0.4479495268138801,0.5689519306540584
imagenet_r,m4_proto,4,4,4,0,0.5765472312703583,0.6183237469186524
imagenet_r,m4_proto,4,4,5,1,0.5635179153094463,0.5994248151191455
imagenet_r,m4_proto,4,4,6,2,0.5537459283387622,0.5936729663105998
imagenet_r,m4_proto,4,4,7,3,0.5472312703583062,0.5870994248151191
imagenet_r,m4_proto,4,4,8,4,0.5407166123778502,0.5813475760065735
imagenet_r,m4_proto,4,4,9,5,0.5342019543973942,0.5739523418241578
imagenet_r,m4_proto,4,5,5,0,0.5806451612903226,0.5855734767025089
imagenet_r,m4_proto,4,5,6,1,0.5627240143369175,0.5703405017921147
imagenet_r,m4_proto,4,5,7,2,0.5627240143369175,0.5618279569892473
imagenet_r,m4_proto,4,5,8,3,0.5555555555555556,0.5533154121863799
imagenet_r,m4_proto,4,5,9,4,0.5340501792114696,0.543010752688172
imagenet_r,m4_proto,4,6,6,0,0.4697986577181208,0.5470514429109159
imagenet_r,m4_proto,4,6,7,1,0.4664429530201342,0.5370138017565872
imagenet_r,m4_proto,4,6,8,2,0.44966442953020136,0.5219573400250941
imagenet_r,m4_proto,4,6,9,3,0.43288590604026844,0.5144291091593476
imagenet_r,m4_proto,4,7,7,0,0.5897435897435898,0.6520747834017327
imagenet_r,m4_proto,4,7,8,1,0.5824175824175825,0.6434108527131783
imagenet_r,m4_proto,4,7,9,2,0.575091575091575,0.6342909256725946
imagenet_r,m4_proto,4,8,8,0,0.49337748344370863,0.5743887277248239
imagenet_r,m4_proto,4,8,9,1,0.49337748344370863,0.568586821384169
imagenet_r,m4_proto,4,9,9,0,0.578125,0.5874071177160736
imagenet_r,m5_hybrid_replay,0,0,0,0,0.7275862068965517,0.7837954939341422
imagenet_r,m5_hybrid_replay,0,0,1,1,0.6724137931034483,0.7435008665511266
imagenet_r,m5_hybrid_replay,0,0,2,2,0.7275862068965517,0.811525129982669
imagenet_r,m5_hybrid_replay,0,0,3,3,0.6655172413793103,0.779896013864818
imagenet_r,m5_hybrid_replay,0,0,4,4,0.6827586206896552,0.7898613518197574
imagenet_r,m5_hybrid_replay,0,0,5,5,0.6862068965517242,0.798526863084922
imagenet_r,m5_hybrid_replay,0,0,6,6,0.6655172413793103,0.7863951473136915
imagenet_r,m5_hybrid_replay,0,0,7,7,0.6482758620689655,0.774263431542461
imagenet_r,m5_hybrid_replay,0,0,8,8,0.6586206896551724,0.7829289428076257
imagenet_r,m5_hybrid_replay,0,0,9,9,0.6551724137931034,0.7889948006932409
imagenet_r,m5_hybrid_replay,0,1,1,0,0.6067796610169491,0.7047861075815333
imagenet_r,m5_hybrid_replay,0,1,2,1,0.6135593220338983,0.7191867852604829
imagenet_r,m5_hybrid_replay,0,1,3,2,0.6067796610169491,0.746293943244388
imagenet_r,m5_hybrid_replay,0,1,4,3,0.6237288135593221,0.770012706480305
imagenet_r,m5_hybrid_replay,0,1,5,4,0.6169491525423729,0.7793307920372723
imagenet_r,m5_hybrid_replay,0,1,6,5,0.6135593220338983,0.7789072426937739
imagenet_r,m5_hybrid_replay,0,1,7,6,0.6338983050847458,0.7784836933502753
imagenet_r,m5_hybrid_replay,0,1,8,7,0.6101694915254238,0.772554002541296
imagenet_r,m5_hybrid_replay,0,1,9,8,0.5932203389830508,0.7704362558238035
imagenet_r,m5_hybrid_replay,0,2,2,0,0.5985915492957746,0.654434250764526
imagenet_r,m5_hybrid_replay,0,2,3,1,0.6725352112676056,0.7422455220620359
imagenet_r,m5_hybrid_replay,0,2,4,2,0.7077464788732394,0.7640891218872871
imagenet_r,m5_hybrid_replay,0,2,5,3,0.7147887323943662,0.7750109217999126
imagenet_r,m5_hybrid_replay,0,2,6,4,0.6830985915492958,0.7640891218872871
imagenet_r,m5_hybrid_replay,0,2,7,5,0.6830985915492958,0.7675840978593272
imagenet_r,m5_hybrid_replay,0,2,8,6,0.6725352112676056,0.7592835299257318
imagenet_r,m5_hybrid_replay,0,2,9,7,0.6690140845070423,0.7605941459152469
imagenet_r,m5_hybrid_replay,0,3,3,0,0.6101694915254238,0.6759493670886076
imagenet_r,m5_hybrid_replay,0,3,4,1,0.6983050847457627,0.7713080168776372
imagenet_r,m5_hybrid_replay,0,3,5,2,0.6949152542372882,0.7818565400843882
imagenet_r,m5_hybrid_replay,0,3,6,3,0.6915254237288135,0.810126582278481
imagenet_r,m5_hybrid_replay,0,3,7,4,0.7152542372881356,0.8219409282700422
imagenet_r,m5_hybrid_replay,0,3,8,5,0.6644067796610169,0.8084388185654009
imagenet_r,m5_hybrid_replay,0,3,9,6,0.6677966101694915,0.8071729957805908
imagenet_r,m5_hybrid_replay,0,4,4,0,0.4934640522875817,0.5772224498156493
imagenet_r,m5_hybrid_replay,0,4,5,1,0.6078431372549019,0.7050389184760344
imagenet_r,m5_hybrid_replay,0,4,6,2,0.5980392156862745,0.7275706677591152
imagenet_r,m5_hybrid_replay,0,4,7,3,0.6078431372549019,0.7279803359278983
imagenet_r,m5_hybrid_replay,0,4,8,4,0.5882352941176471,0.7255223269151987
imagenet_r,m5_hybrid_replay,0,4,9,5,0.5849673202614379,0.7287996722654649
imagenet_r,m5_hybrid_replay,0,5,5,0,0.6666666666666666,0.6618167518678726
imagenet_r,m5_hybrid_replay,0,5,6,1,0.7169811320754716,0.7632717263075108
imagenet_r,m5_hybrid_replay,0,5,7,2,0.7389937106918238,0.7915847424302006
imagenet_r,m5_hybrid_replay,0,5,8,3,0.7421383647798742,0.8037750688163586
imagenet_r,m5_hybrid_replay,0,5,9,4,0.7421383647798742,0.8183248132127409
imagenet_r,m5_hybrid_replay,0,6,6,0,0.6054421768707483,0.6473099914602903
imagenet_r,m5_hybrid_replay,0,6,7,1,0.6972789115646258,0.7455166524338173
imagenet_r,m5_hybrid_replay,0,6,8,2,0.7074829931972789,0.7643040136635354
imagenet_r,m5_hybrid_replay,0,6,9,3,0.6972789115646258,0.7664389410760034
imagenet_r,m5_hybrid_replay,0,7,7,0,0.5089605734767025,0.5464801444043321
imagenet_r,m5_hybrid_replay,0,7,8,1,0.6021505376344086,0.6863718411552346
imagenet_r,m5_hybrid_replay,0,7,9,2,0.6738351254480287,0.7653429602888087
imagenet_r,m5_hybrid_replay,0,8,8,0,0.4502923976608187,0.5066079295154186
imagenet_r,m5_hybrid_replay,0,8,9,1,0.5701754385964912,0.6123348017621145
imagenet_r,m5_hybrid_replay,0,9,9,0,0.5051546391752577,0.5451807228915663
imagenet_r,m5_hybrid_replay,1,0,0,0,0.7370242214532872,0.7564878892733564
imagenet_r,m5_hybrid_replay,1,0,1,1,0.6608996539792388,0.7525951557093425
imagenet_r,m5_hybrid_replay,1,0,2,2,0.7785467128027682,0.8313148788927336
imagenet_r,m5_hybrid_replay,1,0,3,3,0.7716262975778547,0.8429930795847751
imagenet_r,m5_hybrid_replay,1,0,4,4,0.7370242214532872,0.8261245674740484
imagenet_r,m5_hybrid_replay,1,0,5,5,0.7162629757785467,0.8261245674740484
imagenet_r,m5_hybrid_replay,1,0,6,6,0.7093425605536332,0.8217993079584776
imagenet_r,m5_hybrid_replay,1,0,7,7,0.6782006920415224,0.8131487889273357
imagenet_r,m5_hybrid_replay,1,0,8,8,0.6747404844290658,0.8161764705882353
imagenet_r,m5_hybrid_replay,1,0,9,9,0.657439446366782,0.8096885813148789
imagenet_r,m5_hybrid_replay,1,1,1,0,0.6831955922865014,0.7431637244721356
imagenet_r,m5_hybrid_replay,1,1,2,1,0.6446280991735537,0.7244721356870889
imagenet_r,m5_hybrid_replay,1,1,3,2,0.6418732782369146,0.7334717895465559
imagenet_r,m5_hybrid_replay,1,1,4,3,0.6528925619834711,0.7497403946002077
imagenet_r,m5_hybrid_replay,1,1,5,4,0.6584022038567493,0.7556247836621668
imagenet_r,m5_hybrid_replay,1,1,6,5,0.6446280991735537,0.7355486327448945
imagenet_r,m5_hybrid_replay,1,1,7,6,0.6336088154269972,0.7317410868812738
imagenet_r,m5_hybrid_replay,1,1,8,7,0.6336088154269972,0.7307026652821045
imagenet_r,m5_hybrid_replay,1,1,9,8,0.6088154269972452,0.7227414330218068
imagenet_r,m5_hybrid_replay,1,2,2,0,0.6377358490566037,0.6969552806850619
imagenet_r,m5_hybrid_replay,1,2,3,1,0.6943396226415094,0.7626070409134158
imagenet_r,m5_hybrid_replay,1,2,4,2,0.6716981132075471,0.7668886774500476
imagenet_r,m5_hybrid_replay,1,2,5,3,0.660377358490566,0.7811607992388202
imagenet_r,m5_hybrid_replay,1,2,6,4,0.6415094339622641,0.7859181731684111
imagenet_r,m5_hybrid_replay,1,2,7,5,0.6490566037735849,0.7906755470980019
imagenet_r,m5_hybrid_replay,1,2,8,6,0.630188679245283,0.7840152235965747
imagenet_r,m5_hybrid_replay,1,2,9,7,0.6415094339622641,0.7940057088487155
imagenet_r,m5_hybrid_replay,1,3,3,0,0.5675675675675675,0.6454749439042633
imagenet_r,m5_hybrid_replay,1,3,4,1,0.6336336336336337,0.737471952131638
imagenet_r,m5_hybrid_replay,1,3,5,2,0.6606606606606606,0.7591623036649214
imagenet_r,m5_hybrid_replay,1,3,6,3,0.6516516516516516,0.7569184741959611
imagenet_r,m5_hybrid_replay,1,3,7,4,0.6696696696696697,0.7718773373223635
imagenet_r,m5_hybrid_replay,1,3,8,5,0.6456456456456456,0.7524308152580403
imagenet_r,m5_hybrid_replay,1,3,9,6,0.6306306306306306,0.7591623036649214
imagenet_r,m5_hybrid_replay,1,4,4,0,0.5254237288135594,0.6497622820919176
imagenet_r,m5_hybrid_replay,1,4,5,1,0.6483050847457628,0.7591125198098256
imagenet_r,m5_hybrid_replay,1,4,6,2,0.6398305084745762,0.7812995245641838
imagenet_r,m5_hybrid_replay,1,4,7,3,0.6398305084745762,0.791864764923402
imagenet_r,m5_hybrid_replay,1,4,8,4,0.6483050847457628,0.7902799788695193
imagenet_r,m5_hybrid_replay,1,4,9,5,0.6440677966101694,0.808769149498151
imagenet_r,m5_hybrid_replay,1,5,5,0,0.5572755417956656,0.6215693853884808
imagenet_r,m5_hybrid_replay,1,5,6,1,0.6656346749226006,0.7506764592191728
imagenet_r,m5_hybrid_replay,1,5,7,2,0.6749226006191951,0.7603401623502126
imagenet_r,m5_hybrid_replay,1,5,8,3,0.6625386996904025,0.758020873598763
imagenet_r,m5_hybrid_replay,1,5,9,4,0.6687306501547987,0.7537688442211056
imagenet_r,m5_hybrid_replay,1,6,6,0,0.4983277591973244,0.5892410341951626
imagenet_r,m5_hybrid_replay,1,6,7,1,0.6120401337792643,0.713094245204337
imagenet_r,m5_hybrid_replay,1,6,8,2,0.6153846153846154,0.7522935779816514
imagenet_r,m5_hybrid_replay,1,6,9,3,0.6220735785953178,0.7718932443703086
imagenet_r,m5_hybrid_replay,1,7,7,0,0.5265151515151515,0.5630652070442647
imagenet_r,m5_hybrid_replay,1,7,8,1,0.6666666666666666,0.7210851975249881
imagenet_r,m5_hybrid_replay,1,7,9,2,0.678030303030303,0.7753450737743931
imagenet_r,m5_hybrid_replay,1,8,8,0,0.5141955835962145,0.5286221871298855
imagenet_r,m5_hybrid_replay,1,8,9,1,0.637223974763407,0.6762731938412949
imagenet_r,m5_hybrid_replay,1,9,9,0,0.419672131147541,0.4973240016467682
imagenet_r,m5_hybrid_replay,2,0,0,0,0.7439446366782007,0.8019930675909879
imagenet_r,m5_hybrid_replay,2,0,1,1,0.6782006920415224,0.770363951473137
imagenet_r,m5_hybrid_replay,2,0,2,2,0.7231833910034602,0.8349220103986135
imagenet_r,m5_hybrid_replay,2,0,3,3,0.726643598615917,0.824523396880416
imagenet_r,m5_hybrid_replay,2,0,4,4,0.7093425605536332,0.8206239168110918
imagenet_r,m5_hybrid_replay,2,0,5,5,0.7024221453287197,0.8262564991334489
imagenet_r,m5_hybrid_replay,2,0,6,6,0.6747404844290658,0.8297227036395147
imagenet_r,m5_hybrid_replay,2,0,7,7,0.6816608996539792,0.8297227036395147
imagenet_r,m5_hybrid_replay,2,0,8,8,0.6747404844290658,0.8223570190641247
imagenet_r,m5_hybrid_replay,2,0,9,9,0.6608996539792388,0.8271230502599654
imagenet_r,m5_hybrid_replay,2,1,1,0,0.6782006920415224,0.7778741865509762
imagenet_r,m5_hybrid_replay,2,1,2,1,0.6885813148788927,0.8086767895878525
imagenet_r,m5_hybrid_replay,2,1,3,2,0.671280276816609,0.8026030368763557
imagenet_r,m5_hybrid_replay,2,1,4,3,0.6885813148788927,0.8203904555314534
imagenet_r,m5_hybrid_replay,2,1,5,4,0.6782006920415224,0.8134490238611713
imagenet_r,m5_hybrid_replay,2,1,6,5,0.6643598615916955,0.8112798264642083
imagenet_r,m5_hybrid_replay,2,1,7,6,0.6228373702422145,0.7900216919739697
imagenet_r,m5_hybrid_replay,2,1,8,7,0.6228373702422145,0.7891540130151844
imagenet_r,m5_hybrid_replay,2,1,9,8,0.629757785467128,0.7956616052060738
imagenet_r,m5_hybrid_replay,2,2,2,0,0.6345514950166113,0.6827844935389745
imagenet_r,m5_hybrid_replay,2,2,3,1,0.6777408637873754,0.779491454772822
imagenet_r,m5_hybrid_replay,2,2,4,2,0.6877076411960132,0.8003334722801168
imagenet_r,m5_hybrid_replay,2,2,5,3,0.6744186046511628,0.7857440600250104
imagenet_r,m5_hybrid_replay,2,2,6,4,0.6943521594684385,0.7982492705293872
imagenet_r,m5_hybrid_replay,2,2,7,5,0.6843853820598007,0.7849103793247186
imagenet_r,m5_hybrid_replay,2,2,8,6,0.6810631229235881,0.7899124635264694
imagenet_r,m5_hybrid_replay,2,2,9,7,0.6777408637873754,0.7969987494789496
imagenet_r,m5_hybrid_replay,2,3,3,0,0.593103448275862,0.6557377049180327
imagenet_r,m5_hybrid_replay,2,3,4,1,0.6551724137931034,0.7394305435720449
imagenet_r,m5_hybrid_replay,2,3,5,2,0.6413793103448275,0.7411561691113029
imagenet_r,m5_hybrid_replay,2,3,6,3,0.6310344827586207,0.7549611734253667
imagenet_r,m5_hybrid_replay,2,3,7,4,0.6586206896551724,0.7730802415875755
imagenet_r,m5_hybrid_replay,2,3,8,5,0.6551724137931034,0.771786022433132
imagenet_r,m5_hybrid_replay,2,3,9,6,0.6551724137931034,0.7653149266609146
imagenet_r,m5_hybrid_replay,2,4,4,0,0.4652777777777778,0.5337690631808278
imagenet_r,m5_hybrid_replay,2,4,5,1,0.5694444444444444,0.6666666666666666
imagenet_r,m5_hybrid_replay,2,4,6,2,0.6180555555555556,0.7019607843137254
imagenet_r,m5_hybrid_replay,2,4,7,3,0.6145833333333334,0.7119825708061002
imagenet_r,m5_hybrid_replay,2,4,8,4,0.625,0.725925925925926
imagenet_r,m5_hybrid_replay,2,4,9,5,0.6319444444444444,0.7407407407407407
imagenet_r,m5_hybrid_replay,2,5,5,0,0.6206896551724138,0.6170763260025873
imagenet_r,m5_hybrid_replay,2,5,6,1,0.6655172413793103,0.727468736524364
imagenet_r,m5_hybrid_replay,2,5,7,2,0.6827586206896552,0.7542043984476067
imagenet_r,m5_hybrid_replay,2,5,8,3,0.7034482758620689,0.7731780940060371
imagenet_r,m5_hybrid_replay,2,5,9,4,0.6862068965517242,0.7619663648124192
imagenet_r,m5_hybrid_replay,2,6,6,0,0.598159509202454,0.6348962336664105
imagenet_r,m5_hybrid_replay,2,6,7,1,0.696319018404908,0.7490392006149116
imagenet_r,m5_hybrid_replay,2,6,8,2,0.7085889570552147,0.7651806302843966
imagenet_r,m5_hybrid_replay,2,6,9,3,0.745398773006135,0.7840122982321291
imagenet_r,m5_hybrid_replay,2,7,7,0,0.5277777777777778,0.5985373364126251
imagenet_r,m5_hybrid_replay,2,7,8,1,0.6296296296296297,0.6982294072363356
imagenet_r,m5_hybrid_replay,2,7,9,2,0.6697530864197531,0.7455735180908392
imagenet_r,m5_hybrid_replay,2,8,8,0,0.4195583596214511,0.511435331230284
imagenet_r,m5_hybrid_replay,2,8,9,1,0.5615141955835962,0.6403785488958991
imagenet_r,m5_hybrid_replay,2,9,9,0,0.45714285714285713,0.49776586237712245
imagenet_r,m5_hybrid_replay,3,0,0,0,0.7521865889212828,0.7974452554744526
imagenet_r,m5_hybrid_replay,3,0,1,1,0.7725947521865889,0.8105839416058395
imagenet_r,m5_hybrid_replay,3,0,2,2,0.7405247813411079,0.7945255474452555
imagenet_r,m5_hybrid_replay,3,0,3,3,0.7521865889212828,0.8083941605839416
imagenet_r,m5_hybrid_replay,3,0,4,4,0.7405247813411079,0.8105839416058395
imagenet_r,m5_hybrid_replay,3,0,5,5,0.7201166180758017,0.7956204379562044
imagenet_r,m5_hybrid_replay,3,0,6,6,0.717201166180758,0.7905109489051095
imagenet_r,m5_hybrid_replay,3,0,7,7,0.7026239067055393,0.7824817518248175
imagenet_r,m5_hybrid_replay,3,0,8,8,0.6997084548104956,0.7781021897810219
imagenet_r,m5_hybrid_replay,3,0,9,9,0.685131195335277,0.768978102189781
imagenet_r,m5_hybrid_replay,3,1,1,0,0.688212927756654,0.7821547223540579
imagenet_r,m5_hybrid_replay,3,1,2,1,0.7110266159695817,0.829140958709065
imagenet_r,m5_hybrid_replay,3,1,3,2,0.7414448669201521,0.8737541528239202
imagenet_r,m5_hybrid_replay,3,1,4,3,0.6996197718631179,0.8623635500711913
imagenet_r,m5_hybrid_replay,3,1,5,4,0.7034220532319392,0.8614143331751305
imagenet_r,m5_hybrid_replay,3,1,6,5,0.6958174904942965,0.8410061699098244
imagenet_r,m5_hybrid_replay,3,1,7,6,0.6539923954372624,0.8305647840531561
imagenet_r,m5_hybrid_replay,3,1,8,7,0.6653992395437263,0.8433792121499762
imagenet_r,m5_hybrid_replay,3,1,9,8,0.6653992395437263,0.8391077361177028
imagenet_r,m5_hybrid_replay,3,2,2,0,0.5901639344262295,0.7059066501445683
imagenet_r,m5_hybrid_replay,3,2,3,1,0.6557377049180327,0.7703428335398596
imagenet_r,m5_hybrid_replay,3,2,4,2,0.6688524590163935,0.7711689384551839
imagenet_r,m5_hybrid_replay,3,2,5,3,0.6524590163934426,0.7847996695580338
imagenet_r,m5_hybrid_replay,3,2,6,4,0.6426229508196721,0.785212722015696
imagenet_r,m5_hybrid_replay,3,2,7,5,0.6459016393442623,0.7843866171003717
imagenet_r,m5_hybrid_replay,3,2,8,6,0.6557377049180327,0.7856257744733581
imagenet_r,m5_hybrid_replay,3,2,9,7,0.639344262295082,0.7901693515076414
imagenet_r,m5_hybrid_replay,3,3,3,0,0.5569620253164557,0.6109350237717908
imagenet_r,m5_hybrid_replay,3,3,4,1,0.6613924050632911,0.7329635499207607
imagenet_r,m5_hybrid_replay,3,3,5,2,0.689873417721519,0.7523771790808241
imagenet_r,m5_hybrid_replay,3,3,6,3,0.6677215189873418,0.7333597464342314
imagenet_r,m5_hybrid_replay,3,3,7,4,0.6613924050632911,0.7072107765451664
imagenet_r,m5_hybrid_replay,3,3,8,5,0.6582278481012658,0.7250396196513471
imagenet_r,m5_hybrid_replay,3,3,9,6,0.6455696202531646,0.7206814580031695
imagenet_r,m5_hybrid_replay,3,4,4,0,0.5836065573770491,0.6553556827473426
imagenet_r,m5_hybrid_replay,3,4,5,1,0.6459016393442623,0.758381030253475
imagenet_r,m5_hybrid_replay,3,4,6,2,0.6754098360655738,0.7804578904333606
imagenet_r,m5_hybrid_replay,3,4,7,3,0.6524590163934426,0.7837285363859362
imagenet_r,m5_hybrid_replay,3,4,8,4,0.6426229508196721,0.776778413736713
imagenet_r,m5_hybrid_replay,3,4,9,5,0.6426229508196721,0.7820932134096484
imagenet_r,m5_hybrid_replay,3,5,5,0,0.5080385852090032,0.5677966101694916
imagenet_r,m5_hybrid_replay,3,5,6,1,0.6012861736334405,0.6711057304277643
imagenet_r,m5_hybrid_replay,3,5,7,2,0.6495176848874598,0.731638418079096
imagenet_r,m5_hybrid_replay,3,5,8,3,0.6559485530546624,0.741727199354318
imagenet_r,m5_hybrid_replay,3,5,9,4,0.6816720257234726,0.7711864406779662
imagenet_r,m5_hybrid_replay,3,6,6,0,0.4731182795698925,0.5760286225402504
imagenet_r,m5_hybrid_replay,3,6,7,1,0.5913978494623656,0.721824686940966
imagenet_r,m5_hybrid_replay,3,6,8,2,0.6200716845878136,0.7446332737030411
imagenet_r,m5_hybrid_replay,3,6,9,3,0.6308243727598566,0.7558139534883721
imagenet_r,m5_hybrid_replay,3,7,7,0,0.5476923076923077,0.6071015052103435
imagenet_r,m5_hybrid_replay,3,7,8,1,0.6030769230769231,0.6997298340409108
imagenet_r,m5_hybrid_replay,3,7,9,2,0.6553846153846153,0.7279042840602085
imagenet_r,m5_hybrid_replay,3,8,8,0,0.5328947368421053,0.5594549958711809
imagenet_r,m5_hybrid_replay,3,8,9,1,0.6282894736842105,0.6969446738232865
imagenet_r,m5_hybrid_replay,3,9,9,0,0.5061728395061729,0.5427547363031234
imagenet_r,m5_hybrid_replay,4,0,0,0,0.7077464788732394,0.7507719453021614
imagenet_r,m5_hybrid_replay,4,0,1,1,0.6267605633802817,0.7044552271724747
imagenet_r,m5_hybrid_replay,4,0,2,2,0.6901408450704225,0.8226731363034848
imagenet_r,m5_hybrid_replay,4,0,3,3,0.6725352112676056,0.8156153506837229
imagenet_r,m5_hybrid_replay,4,0,4,4,0.6584507042253521,0.8182620202911337
imagenet_r,m5_hybrid_replay,4,0,5,5,0.6408450704225352,0.8151742390824879
imagenet_r,m5_hybrid_replay,4,0,6,6,0.6338028169014085,0.7860608734009704
imagenet_r,m5_hybrid_replay,4,0,7,7,0.6373239436619719,0.7895897662108513
imagenet_r,m5_hybrid_replay,4,0,8,8,0.6373239436619719,0.7926775474194971
imagenet_r,m5_hybrid_replay,4,0,9,9,0.6126760563380281,0.7909131010145567
imagenet_r,m5_hybrid_replay,4,1,1,0,0.7283950617283951,0.7771317829457365
imagenet_r,m5_hybrid_replay,4,1,2,1,0.7685185185185185,0.8069767441860465
imagenet_r,m5_hybrid_replay,4,1,3,2,0.7962962962962963,0.8399224806201551
imagenet_r,m5_hybrid_replay,4,1,4,3,0.7469135802469136,0.8255813953488372
imagenet_r,m5_hybrid_replay,4,1,5,4,0.75,0.8158914728682171
imagenet_r,m5_hybrid_replay,4,1,6,5,0.7283950617283951,0.7906976744186046
imagenet_r,m5_hybrid_replay,4,1,7,6,0.7253086419753086,0.8
imagenet_r,m5_hybrid_replay,4,1,8,7,0.7160493827160493,0.7953488372093023
imagenet_r,m5_hybrid_replay,4,1,9,8,0.7098765432098766,0.8003875968992248
imagenet_r,m5_hybrid_replay,4,2,2,0,0.603448275862069,0.6835278858625162
imagenet_r,m5_hybrid_replay,4,2,3,1,0.6620689655172414,0.7410289667099006
imagenet_r,m5_hybrid_replay,4,2,4,2,0.6620689655172414,0.7648076091655858
imagenet_r,m5_hybrid_replay,4,2,5,3,0.6413793103448275,0.7462170341547774
imagenet_r,m5_hybrid_replay,4,2,6,4,0.6931034482758621,0.7712926934716818
imagenet_r,m5_hybrid_replay,4,2,7,5,0.6413793103448275,0.7751837440553394
imagenet_r,m5_hybrid_replay,4,2,8,6,0.6827586206896552,0.7846952010376135
imagenet_r,m5_hybrid_replay,4,2,9,7,0.6620689655172414,0.7816688283614354
imagenet_r,m5_hybrid_replay,4,3,3,0,0.6088328075709779,0.6765169424743893
imagenet_r,m5_hybrid_replay,4,3,4,1,0.7034700315457413,0.7568951930654059
imagenet_r,m5_hybrid_replay,4,3,5,2,0.7003154574132492,0.7903861308116628
imagenet_r,m5_hybrid_replay,4,3,6,3,0.6971608832807571,0.789204097714736
imagenet_r,m5_hybrid_replay,4,3,7,4,0.6561514195583596,0.7718676122931442
imagenet_r,m5_hybrid_replay,4,3,8,5,0.6845425867507886,0.7710795902285263
imagenet_r,m5_hybrid_replay,4,3,9,6,0.6750788643533123,0.7907801418439716
imagenet_r,m5_hybrid_replay,4,4,4,0,0.6026058631921825,0.6281840591618735
imagenet_r,m5_hybrid_replay,4,4,5,1,0.6579804560260586,0.7222678718159409
imagenet_r,m5_hybrid_replay,4,4,6,2,0.6612377850162866,0.7530813475760065
imagenet_r,m5_hybrid_replay,4,4,7,3,0.6482084690553745,0.7415776499589154
imagenet_r,m5_hybrid_replay,4,4,8,4,0.6547231270358306,0.7506162695152013
imagenet_r,m5_hybrid_replay,4,4,9,5,0.6612377850162866,0.7596548890714873
imagenet_r,m5_hybrid_replay,4,5,5,0,0.5304659498207885,0.5882616487455197
imagenet_r,m5_hybrid_replay,4,5,6,1,0.6093189964157706,0.703853046594982
imagenet_r,m5_hybrid_replay,4,5,7,2,0.6523297491039427,0.7325268817204301
imagenet_r,m5_hybrid_replay,4,5,8,3,0.6308243727598566,0.7226702508960573
imagenet_r,m5_hybrid_replay,4,5,9,4,0.6415770609318996,0.7343189964157706
imagenet_r,m5_hybrid_replay,4,6,6,0,0.4563758389261745,0.5428690924299456
imagenet_r,m5_hybrid_replay,4,6,7,1,0.5637583892617449,0.6896695943120034
imagenet_r,m5_hybrid_replay,4,6,8,2,0.5704697986577181,0.6842325386867419
imagenet_r,m5_hybrid_replay,4,6,9,3,0.5704697986577181,0.7017984107068173
imagenet_r,m5_hybrid_replay,4,7,7,0,0.5128205128205128,0.5882352941176471
imagenet_r,m5_hybrid_replay,4,7,8,1,0.6227106227106227,0.724578203374373
imagenet_r,m5_hybrid_replay,4,7,9,2,0.684981684981685,0.7765617875056999
imagenet_r,m5_hybrid_replay,4,8,8,0,0.40728476821192056,0.5288023207625363
imagenet_r,m5_hybrid_replay,4,8,9,1,0.5264900662251656,0.6858682138416908
imagenet_r,m5_hybrid_replay,4,9,9,0,0.496875,0.5189675400860383
imagenet_r,m8_analytic,0,0,0,0,0.7931034482758621,0.9878682842287695
imagenet_r,m8_analytic,0,0,1,1,0.7482758620689656,0.9432409012131716
imagenet_r,m8_analytic,0,0,2,2,0.7,0.895580589254766
imagenet_r,m8_analytic,0,0,3,3,0.6724137931034483,0.8548526863084922
imagenet_r,m8_analytic,0,0,4,4,0.6586206896551724,0.8106585788561526
imagenet_r,m8_analytic,0,0,5,5,0.6137931034482759,0.7785961871750433
imagenet_r,m8_analytic,0,0,6,6,0.6,0.7508665511265165
imagenet_r,m8_analytic,0,0,7,7,0.6,0.729636048526863
imagenet_r,m8_analytic,0,0,8,8,0.5862068965517241,0.7053726169844021
imagenet_r,m8_analytic,0,0,9,9,0.5758620689655173,0.6910745233968805
imagenet_r,m8_analytic,0,1,1,0,0.7322033898305085,0.9453621346886912
imagenet_r,m8_analytic,0,1,2,1,0.7152542372881356,0.9030072003388395
imagenet_r,m8_analytic,0,1,3,2,0.6576271186440678,0.8479457856840322
imagenet_r,m8_analytic,0,1,4,3,0.6372881355932203,0.8051673019906819
imagenet_r,m8_analytic,0,1,5,4,0.6135593220338983,0.7767894959762812
imagenet_r,m8_analytic,0,1,6,5,0.6067796610169491,0.7518000847098687
imagenet_r,m8_analytic,0,1,7,6,0.5864406779661017,0.7361287590004235
imagenet_r,m8_analytic,0,1,8,7,0.576271186440678,0.7064803049555273
imagenet_r,m8_analytic,0,1,9,8,0.559322033898305,0.6937738246505718
imagenet_r,m8_analytic,0,2,2,0,0.7394366197183099,0.8964613368283093
imagenet_r,m8_analytic,0,2,3,1,0.7183098591549296,0.8593272171253823
imagenet_r,m8_analytic,0,2,4,2,0.7147887323943662,0.8256880733944955
imagenet_r,m8_analytic,0,2,5,3,0.6654929577464789,0.7981651376146789
imagenet_r,m8_analytic,0,2,6,4,0.6654929577464789,0.7767584097859327
imagenet_r,m8_analytic,0,2,7,5,0.6267605633802817,0.7422455220620359
imagenet_r,m8_analytic,0,2,8,6,0.6197183098591549,0.7269550021843599
imagenet_r,m8_analytic,0,2,9,7,0.6126760563380281,0.7112276103101791
imagenet_r,m8_analytic,0,3,3,0,0.7966101694915254,0.8995780590717299
imagenet_r,m8_analytic,0,3,4,1,0.7796610169491526,0.8725738396624473
imagenet_r,m8_analytic,0,3,5,2,0.7423728813559322,0.8455696202531645
imagenet_r,m8_analytic,0,3,6,3,0.7288135593220338,0.8202531645569621
imagenet_r,m8_analytic,0,3,7,4,0.7186440677966102,0.8075949367088607
imagenet_r,m8_analytic,0,3,8,5,0.6983050847457627,0.7928270042194093
imagenet_r,m8_analytic,0,3,9,6,0.6915254237288135,0.7784810126582279
imagenet_r,m8_analytic,0,4,4,0,0.6830065359477124,0.8381810733306022
imagenet_r,m8_analytic,0,4,5,1,0.6535947712418301,0.8119623105284719
imagenet_r,m8_analytic,0,4,6,2,0.6241830065359477,0.7845145432199918
imagenet_r,m8_analytic,0,4,7,3,0.6241830065359477,0.77181482998771
imagenet_r,m8_analytic,0,4,8,4,0.6013071895424836,0.7443670626792298
imagenet_r,m8_analytic,0,4,9,5,0.5915032679738562,0.71446128635805
imagenet_r,m8_analytic,0,5,5,0,0.7735849056603774,0.853716083366103
imagenet_r,m8_analytic,0,5,6,1,0.7672955974842768,0.8324813212740857
imagenet_r,m8_analytic,0,5,7,2,0.7704402515723271,0.8281557215886748
imagenet_r,m8_analytic,0,5,8,3,0.7610062893081762,0.810853322847031
imagenet_r,m8_analytic,0,5,9,4,0.7452830188679245,0.8014156508061345
imagenet_r,m8_analytic,0,6,6,0,0.7210884353741497,0.8087105038428694
imagenet_r,m8_analytic,0,6,7,1,0.7108843537414966,0.7929120409906063
imagenet_r,m8_analytic,0,6,8,2,0.6938775510204082,0.773270708795901
imagenet_r,m8_analytic,0,6,9,3,0.6938775510204082,0.7574722459436379
imagenet_r,m8_analytic,0,7,7,0,0.7025089605734767,0.8091155234657039
imagenet_r,m8_analytic,0,7,8,1,0.6702508960573477,0.7788808664259927
imagenet_r,m8_analytic,0,7,9,2,0.6523297491039427,0.7594765342960289
imagenet_r,m8_analytic,0,8,8,0,0.6140350877192983,0.7173274596182085
imagenet_r,m8_analytic,0,8,9,1,0.5935672514619883,0.6941997063142438
imagenet_r,m8_analytic,0,9,9,0,0.6426116838487973,0.7607573149741824
imagenet_r,m8_analytic,1,0,0,0,0.8304498269896193,0.990484429065744
imagenet_r,m8_analytic,1,0,1,1,0.8131487889273357,0.9390138408304498
imagenet_r,m8_analytic,1,0,2,2,0.8027681660899654,0.9134948096885813
imagenet_r,m8_analytic,1,0,3,3,0.7750865051903114,0.8871107266435986
imagenet_r,m8_analytic,1,0,4,4,0.7612456747404844,0.8672145328719724
imagenet_r,m8_analytic,1,0,5,5,0.740484429065744,0.8269896193771626
imagenet_r,m8_analytic,1,0,6,6,0.726643598615917,0.8070934256055363
imagenet_r,m8_analytic,1,0,7,7,0.7058823529411765,0.7932525951557093
imagenet_r,m8_analytic,1,0,8,8,0.6816608996539792,0.7737889273356401
imagenet_r,m8_analytic,1,0,9,9,0.6747404844290658,0.7616782006920415
imagenet_r,m8_analytic,1,1,1,0,0.7878787878787878,0.9273104880581516
imagenet_r,m8_analytic,1,1,2,1,0.7603305785123967,0.8916580131533403
imagenet_r,m8_analytic,1,1,3,2,0.7245179063360881,0.8518518518518519
imagenet_r,m8_analytic,1,1,4,3,0.71900826446281,0.8290065766701281
imagenet_r,m8_analytic,1,1,5,4,0.6887052341597796,0.8044305988231222
imagenet_r,m8_analytic,1,1,6,5,0.6721763085399449,0.7767393561786086
imagenet_r,m8_analytic,1,1,7,6,0.6528925619834711,0.7590861889927311
imagenet_r,m8_analytic,1,1,8,7,0.6225895316804407,0.7275874004845967
imagenet_r,m8_analytic,1,1,9,8,0.6225895316804407,0.7068189685012115
imagenet_r,m8_analytic,1,2,2,0,0.7396226415094339,0.8772597526165556
imagenet_r,m8_analytic,1,2,3,1,0.6943396226415094,0.8368220742150333
imagenet_r,m8_analytic,1,2,4,2,0.6679245283018868,0.8092293054234063
imagenet_r,m8_analytic,1,2,5,3,0.6528301886792452,0.7811607992388202
imagenet_r,m8_analytic,1,2,6,4,0.630188679245283,0.7573739295908658
imagenet_r,m8_analytic,1,2,7,5,0.6264150943396226,0.7440532825880114
imagenet_r,m8_analytic,1,2,8,6,0.6113207547169811,0.7288296860133207
imagenet_r,m8_analytic,1,2,9,7,0.6150943396226415,0.7221693625118935
imagenet_r,m8_analytic,1,3,3,0,0.6996996996996997,0.8612565445026178
imagenet_r,m8_analytic,1,3,4,1,0.6936936936936937,0.8462976813762154
imagenet_r,m8_analytic,1,3,5,2,0.6756756756756757,0.8160059835452506
imagenet_r,m8_analytic,1,3,6,3,0.6726726726726727,0.7976813762154076
imagenet_r,m8_analytic,1,3,7,4,0.6666666666666666,0.7804786836200449
imagenet_r,m8_analytic,1,3,8,5,0.6396396396396397,0.7587883320867614
imagenet_r,m8_analytic,1,3,9,6,0.6216216216216216,0.7389678384442783
imagenet_r,m8_analytic,1,4,4,0,0.6779661016949152,0.8203909138932911
imagenet_r,m8_analytic,1,4,5,1,0.6271186440677966,0.7892234548335975
imagenet_r,m8_analytic,1,4,6,2,0.597457627118644,0.7622820919175911
imagenet_r,m8_analytic,1,4,7,3,0.5932203389830508,0.7501320655044902
imagenet_r,m8_analytic,1,4,8,4,0.5805084745762712,0.7189646064447967
imagenet_r,m8_analytic,1,4,9,5,0.576271186440678,0.705229793977813
imagenet_r,m8_analytic,1,5,5,0,0.7492260061919505,0.833011209895632
imagenet_r,m8_analytic,1,5,6,1,0.7244582043343654,0.8183223811364515
imagenet_r,m8_analytic,1,5,7,2,0.7089783281733746,0.8044066486277541
imagenet_r,m8_analytic,1,5,8,3,0.6996904024767802,0.7889447236180904
imagenet_r,m8_analytic,1,5,9,4,0.6934984520123839,0.7761886354851179
imagenet_r,m8_analytic,1,6,6,0,0.6488294314381271,0.7798165137614679
imagenet_r,m8_analytic,1,6,7,1,0.6321070234113713,0.7635529608006673
imagenet_r,m8_analytic,1,6,8,2,0.6287625418060201,0.7506255212677231
imagenet_r,m8_analytic,1,6,9,3,0.6053511705685619,0.7335279399499584
imagenet_r,m8_analytic,1,7,7,0,0.7083333333333334,0.7972394098048549
imagenet_r,m8_analytic,1,7,8,1,0.6893939393939394,0.7786768205616373
imagenet_r,m8_analytic,1,7,9,2,0.6818181818181818,0.7648738695859115
imagenet_r,m8_analytic,1,8,8,0,0.6782334384858044,0.7639163047769444
imagenet_r,m8_analytic,1,8,9,1,0.6624605678233438,0.7528622187129885
imagenet_r,m8_analytic,1,9,9,0,0.5967213114754099,0.6961712638946068
imagenet_r,m8_analytic,2,0,0,0,0.7889273356401384,0.9904679376083189
imagenet_r,m8_analytic,2,0,1,1,0.7681660899653979,0.9519064124783362
imagenet_r,m8_analytic,2,0,2,2,0.7370242214532872,0.9090121317157712
imagenet_r,m8_analytic,2,0,3,3,0.7024221453287197,0.871317157712305
imagenet_r,m8_analytic,2,0,4,4,0.6851211072664359,0.8388214904679376
imagenet_r,m8_analytic,2,0,5,5,0.6643598615916955,0.8162911611785095
imagenet_r,m8_analytic,2,0,6,6,0.6401384083044983,0.7850953206239168
imagenet_r,m8_analytic,2,0,7,7,0.6332179930795848,0.7634315424610052
imagenet_r,m8_analytic,2,0,8,8,0.6228373702422145,0.7482668977469671
imagenet_r,m8_analytic,2,0,9,9,0.6055363321799307,0.7352686308492201
imagenet_r,m8_analytic,2,1,1,0,0.7820069204152249,0.9613882863340564
imagenet_r,m8_analytic,2,1,2,1,0.7335640138408305,0.9149674620390456
imagenet_r,m8_analytic,2,1,3,2,0.7058823529411765,0.8767895878524946
imagenet_r,m8_analytic,2,1,4,3,0.6955017301038062,0.8537960954446855
imagenet_r,m8_analytic,2,1,5,4,0.671280276816609,0.8299349240780911
imagenet_r,m8_analytic,2,1,6,5,0.6678200692041523,0.8026030368763557
imagenet_r,m8_analytic,2,1,7,6,0.6332179930795848,0.7718004338394794
imagenet_r,m8_analytic,2,1,8,7,0.6055363321799307,0.7488069414316703
imagenet_r,m8_analytic,2,1,9,8,0.5813148788927336,0.73058568329718
imagenet_r,m8_analytic,2,2,2,0,0.7807308970099668,0.929137140475198
imagenet_r,m8_analytic,2,2,3,1,0.7508305647840532,0.8982909545644019
imagenet_r,m8_analytic,2,2,4,2,0.7308970099667774,0.8720300125052105
imagenet_r,m8_analytic,2,2,5,3,0.6976744186046512,0.8411838265944144
imagenet_r,m8_analytic,2,2,6,4,0.6976744186046512,0.8136723634847853
imagenet_r,m8_analytic,2,2,7,5,0.6976744186046512,0.7949145477282201
imagenet_r,m8_analytic,2,2,8,6,0.6843853820598007,0.7761567319716548
imagenet_r,m8_analytic,2,2,9,7,0.6710963455149501,0.7657357232180075
imagenet_r,m8_analytic,2,3,3,0,0.7172413793103448,0.8636755823986195
imagenet_r,m8_analytic,2,3,4,1,0.7103448275862069,0.8321829163071613
imagenet_r,m8_analytic,2,3,5,2,0.6758620689655173,0.7989646246764452
imagenet_r,m8_analytic,2,3,6,3,0.6413793103448275,0.769197584124245
imagenet_r,m8_analytic,2,3,7,4,0.6413793103448275,0.7471958584987057
imagenet_r,m8_analytic,2,3,8,5,0.6310344827586207,0.7320966350301984
imagenet_r,m8_analytic,2,3,9,6,0.6241379310344828,0.7213114754098361
imagenet_r,m8_analytic,2,4,4,0,0.7083333333333334,0.8117647058823529
imagenet_r,m8_analytic,2,4,5,1,0.6736111111111112,0.7721132897603485
imagenet_r,m8_analytic,2,4,6,2,0.6319444444444444,0.7315904139433551
imagenet_r,m8_analytic,2,4,7,3,0.6180555555555556,0.7076252723311547
imagenet_r,m8_analytic,2,4,8,4,0.6111111111111112,0.6867102396514161
imagenet_r,m8_analytic,2,4,9,5,0.6006944444444444,0.6775599128540305
imagenet_r,m8_analytic,2,5,5,0,0.7310344827586207,0.8137128072445019
imagenet_r,m8_analytic,2,5,6,1,0.7068965517241379,0.7848210435532557
imagenet_r,m8_analytic,2,5,7,2,0.6896551724137931,0.759379042690815
imagenet_r,m8_analytic,2,5,8,3,0.6758620689655173,0.7442863303147909
imagenet_r,m8_analytic,2,5,9,4,0.6655172413793103,0.7283311772315654
imagenet_r,m8_analytic,2,6,6,0,0.7668711656441718,0.8385857033051499
imagenet_r,m8_analytic,2,6,7,1,0.7423312883435583,0.8170637970791699
imagenet_r,m8_analytic,2,6,8,2,0.7423312883435583,0.792467332820907
imagenet_r,m8_analytic,2,6,9,3,0.7331288343558282,0.7851652574942352
imagenet_r,m8_analytic,2,7,7,0,0.7098765432098766,0.8271747498075442
imagenet_r,m8_analytic,2,7,8,1,0.6944444444444444,0.8179368745188607
imagenet_r,m8_analytic,2,7,9,2,0.691358024691358,0.7990762124711316
imagenet_r,m8_analytic,2,8,8,0,0.580441640378549,0.7180599369085173
imagenet_r,m8_analytic,2,8,9,1,0.5615141955835962,0.6983438485804416
imagenet_r,m8_analytic,2,9,9,0,0.6107142857142858,0.7059874888293118
imagenet_r,m8_analytic,3,0,0,0,0.8250728862973761,0.9908759124087592
imagenet_r,m8_analytic,3,0,1,1,0.8279883381924198,0.9613138686131387
imagenet_r,m8_analytic,3,0,2,2,0.7842565597667639,0.9098540145985401
imagenet_r,m8_analytic,3,0,3,3,0.7317784256559767,0.8656934306569343
imagenet_r,m8_analytic,3,0,4,4,0.7201166180758017,0.8343065693430657
imagenet_r,m8_analytic,3,0,5,5,0.685131195335277,0.8003649635036496
imagenet_r,m8_analytic,3,0,6,6,0.6705539358600583,0.7813868613138686
imagenet_r,m8_analytic,3,0,7,7,0.6384839650145773,0.7609489051094891
imagenet_r,m8_analytic,3,0,8,8,0.6326530612244898,0.747080291970803
imagenet_r,m8_analytic,3,0,9,9,0.6151603498542274,0.737956204379562
imagenet_r,m8_analytic,3,1,1,0,0.7832699619771863,0.9558614143331752
imagenet_r,m8_analytic,3,1,2,1,0.7452471482889734,0.9074513526340768
imagenet_r,m8_analytic,3,1,3,2,0.7224334600760456,0.8737541528239202
imagenet_r,m8_analytic,3,1,4,3,0.7110266159695817,0.8467014712861889
imagenet_r,m8_analytic,3,1,5,4,0.688212927756654,0.8343616516373992
imagenet_r,m8_analytic,3,1,6,5,0.6844106463878327,0.8144280968201234
imagenet_r,m8_analytic,3,1,7,6,0.6730038022813688,0.7944945420028476
imagenet_r,m8_analytic,3,1,8,7,0.6463878326996197,0.7788324632178453
imagenet_r,m8_analytic,3,1,9,8,0.6387832699619772,0.7693402942572378
imagenet_r,m8_analytic,3,2,2,0,0.7311475409836066,0.9070631970260223
imagenet_r,m8_analytic,3,2,3,1,0.6950819672131148,0.8579099545642297
imagenet_r,m8_analytic,3,2,4,2,0.6885245901639344,0.825691862866584
imagenet_r,m8_analytic,3,2,5,3,0.6622950819672131,0.7881040892193308
imagenet_r,m8_analytic,3,2,6,4,0.6557377049180327,0.7666253614209004
imagenet_r,m8_analytic,3,2,7,5,0.6360655737704918,0.74514663362247
imagenet_r,m8_analytic,3,2,8,6,0.6131147540983607,0.7286245353159851
imagenet_r,m8_analytic,3,2,9,7,0.6131147540983607,0.721602643535729
imagenet_r,m8_analytic,3,3,3,0,0.740506329113924,0.8613312202852615
imagenet_r,m8_analytic,3,3,4,1,0.7246835443037974,0.8363708399366085
imagenet_r,m8_analytic,3,3,5,2,0.6962025316455697,0.8038827258320127
imagenet_r,m8_analytic,3,3,6,3,0.6772151898734177,0.7729793977812995
imagenet_r,m8_analytic,3,3,7,4,0.6424050632911392,0.7377179080824089
imagenet_r,m8_analytic,3,3,8,5,0.6360759493670886,0.7250396196513471
imagenet_r,m8_analytic,3,3,9,6,0.620253164556962,0.7095879556259905
imagenet_r,m8_analytic,3,4,4,0,0.6885245901639344,0.8295175797219951
imagenet_r,m8_analytic,3,4,5,1,0.6655737704918033,0.7968111201962388
imagenet_r,m8_analytic,3,4,6,2,0.6459016393442623,0.7747342600163533
imagenet_r,m8_analytic,3,4,7,3,0.6426229508196721,0.7534750613246116
imagenet_r,m8_analytic,3,4,8,4,0.6229508196721312,0.7264922322158627
imagenet_r,m8_analytic,3,4,9,5,0.6163934426229508,0.7121831561733443
imagenet_r,m8_analytic,3,5,5,0,0.6945337620578779,0.8062953995157385
imagenet_r,m8_analytic,3,5,6,1,0.6816720257234726,0.7800645682001615
imagenet_r,m8_analytic,3,5,7,2,0.6784565916398714,0.7699757869249395
imagenet_r,m8_analytic,3,5,8,3,0.6655948553054662,0.7526230831315577
imagenet_r,m8_analytic,3,5,9,4,0.6655948553054662,0.7461662631154157
imagenet_r,m8_analytic,3,6,6,0,0.6559139784946236,0.7983005366726297
imagenet_r,m8_analytic,3,6,7,1,0.6379928315412187,0.7830948121645797
imagenet_r,m8_analytic,3,6,8,2,0.6236559139784946,0.7683363148479427
imagenet_r,m8_analytic,3,6,9,3,0.6164874551971327,0.759391771019678
imagenet_r,m8_analytic,3,7,7,0,0.7230769230769231,0.7892705519104593
imagenet_r,m8_analytic,3,7,8,1,0.6984615384615385,0.7769201080663837
imagenet_r,m8_analytic,3,7,9,2,0.6953846153846154,0.7622539560015438
imagenet_r,m8_analytic,3,8,8,0,0.6907894736842105,0.7696118909991743
imagenet_r,m8_analytic,3,8,9,1,0.680921052631579,0.7625928984310487
imagenet_r,m8_analytic,3,9,9,0,0.5843621399176955,0.6717869943676396
imagenet_r,m8_analytic,4,0,0,0,0.7816901408450704,0.9885310983678871
imagenet_r,m8_analytic,4,0,1,1,0.7464788732394366,0.9369210410233789
imagenet_r,m8_analytic,4,0,2,2,0.7077464788732394,0.8936921041023379
imagenet_r,m8_analytic,4,0,3,3,0.6795774647887324,0.8588442876047641
imagenet_r,m8_analytic,4,0,4,4,0.6584507042253521,0.835465372739303
imagenet_r,m8_analytic,4,0,5,5,0.6514084507042254,0.8147331274812527
imagenet_r,m8_analytic,4,0,6,6,0.6197183098591549,0.7856197617997354
imagenet_r,m8_analytic,4,0,7,7,0.6126760563380281,0.7662108513453904
imagenet_r,m8_analytic,4,0,8,8,0.6056338028169014,0.7494486104984561
imagenet_r,m8_analytic,4,0,9,9,0.602112676056338,0.7388619320688135
imagenet_r,m8_analytic,4,1,1,0,0.8364197530864198,0.9480620155038759
imagenet_r,m8_analytic,4,1,2,1,0.8240740740740741,0.915891472868217
imagenet_r,m8_analytic,4,1,3,2,0.8179012345679012,0.8872093023255814
imagenet_r,m8_analytic,4,1,4,3,0.7839506172839507,0.860077519379845
imagenet_r,m8_analytic,4,1,5,4,0.7561728395061729,0.8395348837209302
imagenet_r,m8_analytic,4,1,6,5,0.7345679012345679,0.8038759689922481
imagenet_r,m8_analytic,4,1,7,6,0.7376543209876543,0.7872093023255814
imagenet_r,m8_analytic,4,1,8,7,0.7222222222222222,0.7713178294573644
imagenet_r,m8_analytic,4,1,9,8,0.6975308641975309,0.7600775193798449
imagenet_r,m8_analytic,4,2,2,0,0.7586206896551724,0.8966709900562041
imagenet_r,m8_analytic,4,2,3,1,0.7172413793103448,0.8625162127107653
imagenet_r,m8_analytic,4,2,4,2,0.7034482758620689,0.8335495028102032
imagenet_r,m8_analytic,4,2,5,3,0.6655172413793103,0.8054474708171206
imagenet_r,m8_analytic,4,2,6,4,0.6586206896551724,0.7881539126675313
imagenet_r,m8_analytic,4,2,7,5,0.6275862068965518,0.772589710332901
imagenet_r,m8_analytic,4,2,8,6,0.6068965517241379,0.7518374405533939
imagenet_r,m8_analytic,4,2,9,7,0.603448275862069,0.7354085603112841
imagenet_r,m8_analytic,4,3,3,0,0.7886435331230284,0.8928289992119779
imagenet_r,m8_analytic,4,3,4,1,0.7570977917981072,0.8617021276595744
imagenet_r,m8_analytic,4,3,5,2,0.7350157728706624,0.8443656422379827
imagenet_r,m8_analytic,4,3,6,3,0.7255520504731862,0.8297872340425532
imagenet_r,m8_analytic,4,3,7,4,0.6908517350157729,0.7998423955870765
imagenet_r,m8_analytic,4,3,8,5,0.6782334384858044,0.7860520094562647
imagenet_r,m8_analytic,4,3,9,6,0.6750788643533123,0.7702915681639085
imagenet_r,m8_analytic,4,4,4,0,0.6416938110749185,0.7962202136400987
imagenet_r,m8_analytic,4,4,5,1,0.6319218241042345,0.7588331963845522
imagenet_r,m8_analytic,4,4,6,2,0.6351791530944625,0.7428101889893179
imagenet_r,m8_analytic,4,4,7,3,0.6188925081433225,0.7247329498767461
imagenet_r,m8_analytic,4,4,8,4,0.6058631921824105,0.7111750205423172
imagenet_r,m8_analytic,4,4,9,5,0.5993485342019544,0.6972062448644207
imagenet_r,m8_analytic,4,5,5,0,0.6810035842293907,0.7836021505376344
imagenet_r,m8_analytic,4,5,6,1,0.6272401433691757,0.7544802867383512
imagenet_r,m8_analytic,4,5,7,2,0.6164874551971327,0.7379032258064516
imagenet_r,m8_analytic,4,5,8,3,0.5949820788530465,0.7123655913978495
imagenet_r,m8_analytic,4,5,9,4,0.5770609318996416,0.692652329749104
imagenet_r,m8_analytic,4,6,6,0,0.6006711409395973,0.7486407360936846
imagenet_r,m8_analytic,4,6,7,1,0.5973154362416108,0.7369301547469678
imagenet_r,m8_analytic,4,6,8,2,0.5738255033557047,0.7072354663320787
imagenet_r,m8_analytic,4,6,9,3,0.5738255033557047,0.6884148891677122
imagenet_r,m8_analytic,4,7,7,0,0.7362637362637363,0.8226174190606476
imagenet_r,m8_analytic,4,7,8,1,0.7142857142857143,0.8130414956680346
imagenet_r,m8_analytic,4,7,9,2,0.7106227106227107,0.8002735978112175
imagenet_r,m8_analytic,4,8,8,0,0.6357615894039735,0.7604641525072524
imagenet_r,m8_analytic,4,8,9,1,0.6291390728476821,0.7438872772482387
imagenet_r,m8_analytic,4,9,9,0,0.68125,0.7324990222917481
