dataset,method,seed,task_k,task_T,elapsed,acc,acc_train
cub200,m0_fedavg,0,0,0,0,0.821917808219178,0.85
cub200,m0_fedavg,0,0,1,1,0.6095890410958904,0.702
cub200,m0_fedavg,0,0,2,2,0.4520547945205479,0.538
cub200,m0_fedavg,0,0,3,3,0.4143835616438356,0.49
cub200,m0_fedavg,0,0,4,4,0.3835616438356164,0.446
cub200,m0_fedavg,0,0,5,5,0.3938356164383562,0.444
cub200,m0_fedavg,0,0,6,6,0.3595890410958904,0.448
cub200,m0_fedavg,0,0,7,7,0.4058219178082192,0.494
cub200,m0_fedavg,0,0,8,8,0.4178082191780822,0.478
cub200,m0_fedavg,0,0,9,9,0.3407534246575342,0.426
cub200,m0_fedavg,0,1,1,0,0.7718120805369127,0.8393574297188755
cub200,m0_fedavg,0,1,2,1,0.5973154362416108,0.6526104417670683
cub200,m0_fedavg,0,1,3,2,0.5234899328859061,0.5903614457831325
cub200,m0_fedavg,0,1,4,3,0.4429530201342282,0.5
cub200,m0_fedavg,0,1,5,4,0.3573825503355705,0.4397590361445783
cub200,m0_fedavg,0,1,6,5,0.14597315436241612,0.19477911646586346
cub200,m0_fedavg,0,1,7,6,0.24161073825503357,0.28714859437751006
cub200,m0_fedavg,0,1,8,7,0.24161073825503357,0.2891566265060241
cub200,m0_fedavg,0,1,9,8,0.2684563758389262,0.3293172690763052
cub200,m0_fedavg,0,2,2,0,0.7585034013605442,0.814
cub200,m0_fedavg,0,2,3,1,0.6241496598639455,0.656
cub200,m0_fedavg,0,2,4,2,0.5697278911564626,0.64
cub200,m0_fedavg,0,2,5,3,0.44047619047619047,0.466
cub200,m0_fedavg,0,2,6,4,0.3333333333333333,0.366
cub200,m0_fedavg,0,2,7,5,0.2891156462585034,0.322
cub200,m0_fedavg,0,2,8,6,0.3435374149659864,0.356
cub200,m0_fedavg,0,2,9,7,0.22959183673469388,0.274
cub200,m0_fedavg,0,3,3,0,0.851027397260274,0.888
cub200,m0_fedavg,0,3,4,1,0.3595890410958904,0.376
cub200,m0_fedavg,0,3,5,2,0.2226027397260274,0.236
cub200,m0_fedavg,0,3,6,3,0.2106164383561644,0.244
cub200,m0_fedavg,0,3,7,4,0.24315068493150685,0.28
cub200,m0_fedavg,0,3,8,5,0.2671232876712329,0.3
cub200,m0_fedavg,0,3,9,6,0.1695205479452055,0.198
cub200,m0_fedavg,0,4,4,0,0.8534031413612565,0.892
cub200,m0_fedavg,0,4,5,1,0.4607329842931937,0.488
cub200,m0_fedavg,0,4,6,2,0.40663176265270506,0.434
cub200,m0_fedavg,0,4,7,3,0.41361256544502617,0.454
cub200,m0_fedavg,0,4,8,4,0.418848167539267,0.462
cub200,m0_fedavg,0,4,9,5,0.3507853403141361,0.386
cub200,m0_fedavg,0,5,5,0,0.8907563025210085,0.9258517034068137
cub200,m0_fedavg,0,5,6,1,0.4184873949579832,0.4408817635270541
cub200,m0_fedavg,0,5,7,2,0.41680672268907565,0.46092184368737477
cub200,m0_fedavg,0,5,8,3,0.3949579831932773,0.4348697394789579
cub200,m0_fedavg,0,5,9,4,0.3243697478991597,0.3787575150300601
cub200,m0_fedavg,0,6,6,0,0.8691099476439791,0.9458917835671342
cub200,m0_fedavg,0,6,7,1,0.6893542757417103,0.7334669338677354
cub200,m0_fedavg,0,6,8,2,0.5724258289703316,0.6092184368737475
cub200,m0_fedavg,0,6,9,3,0.5532286212914486,0.5871743486973948
cub200,m0_fedavg,0,7,7,0,0.7872340425531915,0.826
cub200,m0_fedavg,0,7,8,1,0.5354609929078015,0.566
cub200,m0_fedavg,0,7,9,2,0.45390070921985815,0.482
cub200,m0_fedavg,0,8,8,0,0.8866906474820144,0.916
cub200,m0_fedavg,0,8,9,1,0.5485611510791367,0.6
cub200,m0_fedavg,0,9,9,0,0.8657487091222031,0.9076305220883534
cub200,m0_fedavg,1,0,0,0,0.9081455805892548,0.9458917835671342
cub200,m0_fedavg,1,0,1,1,0.7348353552859619,0.7274549098196392
cub200,m0_fedavg,1,0,2,2,0.5060658578856152,0.5070140280561122
cub200,m0_fedavg,1,0,3,3,0.5060658578856152,0.501002004008016
cub200,m0_fedavg,1,0,4,4,0.4558058925476603,0.4649298597194389
cub200,m0_fedavg,1,0,5,5,0.3466204506065858,0.3527054108216433
cub200,m0_fedavg,1,0,6,6,0.22010398613518198,0.2725450901803607
cub200,m0_fedavg,1,0,7,7,0.21143847487001732,0.22845691382765532
cub200,m0_fedavg,1,0,8,8,0.24783362218370883,0.27655310621242485
cub200,m0_fedavg,1,0,9,9,0.21837088388214904,0.24048096192384769
cub200,m0_fedavg,1,1,1,0,0.8350694444444444,0.938
cub200,m0_fedavg,1,1,2,1,0.6302083333333334,0.734
cub200,m0_fedavg,1,1,3,2,0.6979166666666666,0.746
cub200,m0_fedavg,1,1,4,3,0.5260416666666666,0.57
cub200,m0_fedavg,1,1,5,4,0.46875,0.522
cub200,m0_fedavg,1,1,6,5,0.3940972222222222,0.418
cub200,m0_fedavg,1,1,7,6,0.4079861111111111,0.45
cub200,m0_fedavg,1,1,8,7,0.3940972222222222,0.428
cub200,m0_fedavg,1,1,9,8,0.3732638888888889,0.424
cub200,m0_fedavg,1,2,2,0,0.7950089126559715,0.8514056224899599
cub200,m0_fedavg,1,2,3,1,0.5597147950089126,0.6004016064257028
cub200,m0_fedavg,1,2,4,2,0.3493761140819964,0.38353413654618473
cub200,m0_fedavg,1,2,5,3,0.3172905525846702,0.3514056224899598
cub200,m0_fedavg,1,2,6,4,0.31016042780748665,0.3614457831325301
cub200,m0_fedavg,1,2,7,5,0.2887700534759358,0.3373493975903614
cub200,m0_fedavg,1,2,8,6,0.34402852049910876,0.37751004016064255
cub200,m0_fedavg,1,2,9,7,0.2816399286987522,0.3232931726907631
cub200,m0_fedavg,1,3,3,0,0.8703374777975134,0.9138276553106213
cub200,m0_fedavg,1,3,4,1,0.5186500888099467,0.593186372745491
cub200,m0_fedavg,1,3,5,2,0.44760213143872113,0.5190380761523046
cub200,m0_fedavg,1,3,6,3,0.33747779751332146,0.40681362725450904
cub200,m0_fedavg,1,3,7,4,0.3019538188277087,0.3627254509018036
cub200,m0_fedavg,1,3,8,5,0.26287744227353466,0.3026052104208417
cub200,m0_fedavg,1,3,9,6,0.2344582593250444,0.28256513026052105
cub200,m0_fedavg,1,4,4,0,0.8624161073825504,0.892
cub200,m0_fedavg,1,4,5,1,0.6929530201342282,0.75
cub200,m0_fedavg,1,4,6,2,0.5151006711409396,0.572
cub200,m0_fedavg,1,4,7,3,0.4110738255033557,0.472
cub200,m0_fedavg,1,4,8,4,0.37919463087248323,0.462
cub200,m0_fedavg,1,4,9,5,0.32550335570469796,0.416
cub200,m0_fedavg,1,5,5,0,0.9512635379061372,0.95
cub200,m0_fedavg,1,5,6,1,0.6841155234657039,0.718
cub200,m0_fedavg,1,5,7,2,0.6155234657039711,0.668
cub200,m0_fedavg,1,5,8,3,0.6498194945848376,0.702
cub200,m0_fedavg,1,5,9,4,0.6425992779783394,0.672
cub200,m0_fedavg,1,6,6,0,0.8834459459459459,0.926
cub200,m0_fedavg,1,6,7,1,0.5084459459459459,0.53
cub200,m0_fedavg,1,6,8,2,0.35135135135135137,0.398
cub200,m0_fedavg,1,6,9,3,0.34628378378378377,0.386
cub200,m0_fedavg,1,7,7,0,0.8983050847457628,0.9178356713426854
cub200,m0_fedavg,1,7,8,1,0.6067796610169491,0.6292585170340681
cub200,m0_fedavg,1,7,9,2,0.4847457627118644,0.49899799599198397
cub200,m0_fedavg,1,8,8,0,0.9193277310924369,0.9659318637274549
cub200,m0_fedavg,1,8,9,1,0.4773109243697479,0.4909819639278557
cub200,m0_fedavg,1,9,9,0,0.9305084745762712,0.952
cub200,m0_fedavg,2,0,0,0,0.930976430976431,0.938
cub200,m0_fedavg,2,0,1,1,0.6464646464646465,0.658
cub200,m0_fedavg,2,0,2,2,0.6296296296296297,0.634
cub200,m0_fedavg,2,0,3,3,0.49158249158249157,0.532
cub200,m0_fedavg,2,0,4,4,0.42424242424242425,0.45
cub200,m0_fedavg,2,0,5,5,0.36363636363636365,0.41
cub200,m0_fedavg,2,0,6,6,0.4393939393939394,0.458
cub200,m0_fedavg,2,0,7,7,0.2441077441077441,0.268
cub200,m0_fedavg,2,0,8,8,0.26936026936026936,0.306
cub200,m0_fedavg,2,0,9,9,0.20202020202020202,0.236
cub200,m0_fedavg,2,1,1,0,0.8827470686767169,0.934
cub200,m0_fedavg,2,1,2,1,0.5611390284757118,0.608
cub200,m0_fedavg,2,1,3,2,0.5494137353433836,0.57
cub200,m0_fedavg,2,1,4,3,0.423785594639866,0.45
cub200,m0_fedavg,2,1,5,4,0.41708542713567837,0.456
cub200,m0_fedavg,2,1,6,5,0.38860971524288107,0.442
cub200,m0_fedavg,2,1,7,6,0.33668341708542715,0.362
cub200,m0_fedavg,2,1,8,7,0.32160804020100503,0.368
cub200,m0_fedavg,2,1,9,8,0.21440536013400335,0.256
cub200,m0_fedavg,2,2,2,0,0.8598615916955017,0.896
cub200,m0_fedavg,2,2,3,1,0.38408304498269896,0.392
cub200,m0_fedavg,2,2,4,2,0.3062283737024221,0.342
cub200,m0_fedavg,2,2,5,3,0.16089965397923875,0.188
cub200,m0_fedavg,2,2,6,4,0.2750865051903114,0.32
cub200,m0_fedavg,2,2,7,5,0.2231833910034602,0.248
cub200,m0_fedavg,2,2,8,6,0.16262975778546712,0.204
cub200,m0_fedavg,2,2,9,7,0.1903114186851211,0.216
cub200,m0_fedavg,2,3,3,0,0.8869565217391304,0.8993963782696177
cub200,m0_fedavg,2,3,4,1,0.6782608695652174,0.641851106639839
cub200,m0_fedavg,2,3,5,2,0.40347826086956523,0.42052313883299797
cub200,m0_fedavg,2,3,6,3,0.3582608695652174,0.35412474849094566
cub200,m0_fedavg,2,3,7,4,0.3008695652173913,0.289738430583501
cub200,m0_fedavg,2,3,8,5,0.29739130434782607,0.2977867203219316
cub200,m0_fedavg,2,3,9,6,0.23304347826086957,0.23541247484909456
cub200,m0_fedavg,2,4,4,0,0.8205128205128205,0.86
cub200,m0_fedavg,2,4,5,1,0.4307692307692308,0.504
cub200,m0_fedavg,2,4,6,2,0.41196581196581195,0.484
cub200,m0_fedavg,2,4,7,3,0.3435897435897436,0.4
cub200,m0_fedavg,2,4,8,4,0.26666666666666666,0.346
cub200,m0_fedavg,2,4,9,5,0.1829059829059829,0.236
cub200,m0_fedavg,2,5,5,0,0.8568840579710145,0.906
cub200,m0_fedavg,2,5,6,1,0.7210144927536232,0.756
cub200,m0_fedavg,2,5,7,2,0.4329710144927536,0.494
cub200,m0_fedavg,2,5,8,3,0.4057971014492754,0.494
cub200,m0_fedavg,2,5,9,4,0.30434782608695654,0.376
cub200,m0_fedavg,2,6,6,0,0.889267461669506,0.916
cub200,m0_fedavg,2,6,7,1,0.7325383304940375,0.766
cub200,m0_fedavg,2,6,8,2,0.5809199318568995,0.64
cub200,m0_fedavg,2,6,9,3,0.444633730834753,0.492
cub200,m0_fedavg,2,7,7,0,0.9050086355785838,0.9338677354709419
cub200,m0_fedavg,2,7,8,1,0.36787564766839376,0.3687374749498998
cub200,m0_fedavg,2,7,9,2,0.1848013816925734,0.20841683366733466
cub200,m0_fedavg,2,8,8,0,0.8180212014134276,0.8897795591182365
cub200,m0_fedavg,2,8,9,1,0.5,0.5531062124248497
cub200,m0_fedavg,2,9,9,0,0.7108433734939759,0.7895791583166333
cub200,m0_fedavg,3,0,0,0,0.8342342342342343,0.892
cub200,m0_fedavg,3,0,1,1,0.618018018018018,0.672
cub200,m0_fedavg,3,0,2,2,0.4486486486486487,0.532
cub200,m0_fedavg,3,0,3,3,0.36936936936936937,0.486
cub200,m0_fedavg,3,0,4,4,0.27207207207207207,0.366
cub200,m0_fedavg,3,0,5,5,0.21621621621621623,0.264
cub200,m0_fedavg,3,0,6,6,0.25765765765765763,0.342
cub200,m0_fedavg,3,0,7,7,0.2072072072072072,0.256
cub200,m0_fedavg,3,0,8,8,0.12072072072072072,0.16
cub200,m0_fedavg,3,0,9,9,0.0918918918918919,0.122
cub200,m0_fedavg,3,1,1,0,0.875,0.882
cub200,m0_fedavg,3,1,2,1,0.5118243243243243,0.568
cub200,m0_fedavg,3,1,3,2,0.46452702702702703,0.51
cub200,m0_fedavg,3,1,4,3,0.3716216216216216,0.428
cub200,m0_fedavg,3,1,5,4,0.2939189189189189,0.38
cub200,m0_fedavg,3,1,6,5,0.3614864864864865,0.394
cub200,m0_fedavg,3,1,7,6,0.3902027027027027,0.454
cub200,m0_fedavg,3,1,8,7,0.28547297297297297,0.352
cub200,m0_fedavg,3,1,9,8,0.16891891891891891,0.212
cub200,m0_fedavg,3,2,2,0,0.9117147707979627,0.9539078156312625
cub200,m0_fedavg,3,2,3,1,0.5365025466893039,0.593186372745491
cub200,m0_fedavg,3,2,4,2,0.2920203735144312,0.3346693386773547
cub200,m0_fedavg,3,2,5,3,0.36502546689303905,0.42084168336673344
cub200,m0_fedavg,3,2,6,4,0.3853989813242784,0.43286573146292584
cub200,m0_fedavg,3,2,7,5,0.26825127334465193,0.30060120240480964
cub200,m0_fedavg,3,2,8,6,0.21392190152801357,0.24048096192384769
cub200,m0_fedavg,3,2,9,7,0.166383701188455,0.19839679358717435
cub200,m0_fedavg,3,3,3,0,0.9232081911262798,0.9598393574297188
cub200,m0_fedavg,3,3,4,1,0.5392491467576792,0.606425702811245
cub200,m0_fedavg,3,3,5,2,0.5511945392491467,0.5903614457831325
cub200,m0_fedavg,3,3,6,3,0.40273037542662116,0.43172690763052207
cub200,m0_fedavg,3,3,7,4,0.30204778156996587,0.3493975903614458
cub200,m0_fedavg,3,3,8,5,0.16552901023890784,0.21084337349397592
cub200,m0_fedavg,3,3,9,6,0.2098976109215017,0.25903614457831325
cub200,m0_fedavg,3,4,4,0,0.8006993006993007,0.87
cub200,m0_fedavg,3,4,5,1,0.486013986013986,0.538
cub200,m0_fedavg,3,4,6,2,0.513986013986014,0.584
cub200,m0_fedavg,3,4,7,3,0.39335664335664333,0.47
cub200,m0_fedavg,3,4,8,4,0.2517482517482518,0.334
cub200,m0_fedavg,3,4,9,5,0.256993006993007,0.33
cub200,m0_fedavg,3,5,5,0,0.9522184300341296,0.97
cub200,m0_fedavg,3,5,6,1,0.643344709897611,0.67
cub200,m0_fedavg,3,5,7,2,0.5136518771331058,0.556
cub200,m0_fedavg,3,5,8,3,0.34812286689419797,0.4
cub200,m0_fedavg,3,5,9,4,0.32593856655290104,0.4
cub200,m0_fedavg,3,6,6,0,0.9040852575488455,0.9278557114228457
cub200,m0_fedavg,3,6,7,1,0.5985790408525755,0.591182364729459
cub200,m0_fedavg,3,6,8,2,0.5541740674955595,0.5831663326653307
cub200,m0_fedavg,3,6,9,3,0.4849023090586146,0.5190380761523046
cub200,m0_fedavg,3,7,7,0,0.8433734939759037,0.88
cub200,m0_fedavg,3,7,8,1,0.657487091222031,0.672
cub200,m0_fedavg,3,7,9,2,0.5249569707401033,0.57
cub200,m0_fedavg,3,8,8,0,0.927710843373494,0.9458917835671342
cub200,m0_fedavg,3,8,9,1,0.5731497418244407,0.5891783567134269
cub200,m0_fedavg,3,9,9,0,0.8081494057724957,0.811623246492986
cub200,m0_fedavg,4,0,0,0,0.9021922428330523,0.918
cub200,m0_fedavg,4,0,1,1,0.4502529510961214,0.466
cub200,m0_fedavg,4,0,2,2,0.39291736930860033,0.406
cub200,m0_fedavg,4,0,3,3,0.2934232715008432,0.308
cub200,m0_fedavg,4,0,4,4,0.26475548060708265,0.284
cub200,m0_fedavg,4,0,5,5,0.22259696458684655,0.238
cub200,m0_fedavg,4,0,6,6,0.24283305227655985,0.27
cub200,m0_fedavg,4,0,7,7,0.26981450252951095,0.298
cub200,m0_fedavg,4,0,8,8,0.21922428330522767,0.232
cub200,m0_fedavg,4,0,9,9,0.1905564924114671,0.216
cub200,m0_fedavg,4,1,1,0,0.9414893617021277,0.968
cub200,m0_fedavg,4,1,2,1,0.5957446808510638,0.606
cub200,m0_fedavg,4,1,3,2,0.4432624113475177,0.46
cub200,m0_fedavg,4,1,4,3,0.3280141843971631,0.334
cub200,m0_fedavg,4,1,5,4,0.24645390070921985,0.236
cub200,m0_fedavg,4,1,6,5,0.24645390070921985,0.246
cub200,m0_fedavg,4,1,7,6,0.2695035460992908,0.266
cub200,m0_fedavg,4,1,8,7,0.2641843971631206,0.258
cub200,m0_fedavg,4,1,9,8,0.17553191489361702,0.186
cub200,m0_fedavg,4,2,2,0,0.9137614678899083,0.914
cub200,m0_fedavg,4,2,3,1,0.5229357798165137,0.542
cub200,m0_fedavg,4,2,4,2,0.43119266055045874,0.464
cub200,m0_fedavg,4,2,5,3,0.29908256880733947,0.328
cub200,m0_fedavg,4,2,6,4,0.3688073394495413,0.434
cub200,m0_fedavg,4,2,7,5,0.3559633027522936,0.406
cub200,m0_fedavg,4,2,8,6,0.3486238532110092,0.408
cub200,m0_fedavg,4,2,9,7,0.26055045871559634,0.282
cub200,m0_fedavg,4,3,3,0,0.9363957597173145,0.9659318637274549
cub200,m0_fedavg,4,3,4,1,0.6007067137809188,0.6533066132264529
cub200,m0_fedavg,4,3,5,2,0.3621908127208481,0.3907815631262525
cub200,m0_fedavg,4,3,6,3,0.30565371024734983,0.36072144288577157
cub200,m0_fedavg,4,3,7,4,0.35159010600706714,0.3967935871743487
cub200,m0_fedavg,4,3,8,5,0.30212014134275617,0.3807615230460922
cub200,m0_fedavg,4,3,9,6,0.2826855123674912,0.35070140280561124
cub200,m0_fedavg,4,4,4,0,0.8225255972696246,0.854
cub200,m0_fedavg,4,4,5,1,0.4863481228668942,0.53
cub200,m0_fedavg,4,4,6,2,0.44368600682593856,0.466
cub200,m0_fedavg,4,4,7,3,0.4283276450511945,0.44
cub200,m0_fedavg,4,4,8,4,0.2986348122866894,0.332
cub200,m0_fedavg,4,4,9,5,0.24744027303754265,0.28
cub200,m0_fedavg,4,5,5,0,0.8741496598639455,0.9317269076305221
cub200,m0_fedavg,4,5,6,1,0.7312925170068028,0.7670682730923695
cub200,m0_fedavg,4,5,7,2,0.5884353741496599,0.6345381526104418
cub200,m0_fedavg,4,5,8,3,0.4710884353741497,0.5020080321285141
cub200,m0_fedavg,4,5,9,4,0.34183673469387754,0.3755020080321285
cub200,m0_fedavg,4,6,6,0,0.9054982817869416,0.93
cub200,m0_fedavg,4,6,7,1,0.4793814432989691,0.552
cub200,m0_fedavg,4,6,8,2,0.49312714776632305,0.538
cub200,m0_fedavg,4,6,9,3,0.3247422680412371,0.354
cub200,m0_fedavg,4,7,7,0,0.948073701842546,0.9759036144578314
cub200,m0_fedavg,4,7,8,1,0.6164154103852596,0.6244979919678715
cub200,m0_fedavg,4,7,9,2,0.3685092127303183,0.3815261044176707
cub200,m0_fedavg,4,8,8,0,0.9427083333333334,0.958
cub200,m0_fedavg,4,8,9,1,0.6475694444444444,0.7
cub200,m0_fedavg,4,9,9,0,0.914572864321608,0.9579158316633266
cub200,m1_glfc,0,0,0,0,0.821917808219178,0.85
cub200,m1_glfc,0,0,1,1,0.7551369863013698,0.826
cub200,m1_glfc,0,0,2,2,0.8818493150684932,0.94
cub200,m1_glfc,0,0,3,3,0.910958904109589,0.964
cub200,m1_glfc,0,0,4,4,0.9297945205479452,0.968
cub200,m1_glfc,0,0,5,5,0.9366438356164384,0.97
cub200,m1_glfc,0,0,6,6,0.9195205479452054,0.97
cub200,m1_glfc,0,0,7,7,0.9246575342465754,0.97
cub200,m1_glfc,0,0,8,8,0.922945205479452,0.972
cub200,m1_glfc,0,0,9,9,0.916095890410959,0.97
cub200,m1_glfc,0,1,1,0,0.5067114093959731,0.5803212851405622
cub200,m1_glfc,0,1,2,1,0.6325503355704698,0.7068273092369478
cub200,m1_glfc,0,1,3,2,0.7533557046979866,0.8273092369477911
cub200,m1_glfc,0,1,4,3,0.8422818791946308,0.927710843373494
cub200,m1_glfc,0,1,5,4,0.8859060402684564,0.9578313253012049
cub200,m1_glfc,0,1,6,5,0.8859060402684564,0.9698795180722891
cub200,m1_glfc,0,1,7,6,0.8825503355704698,0.9678714859437751
cub200,m1_glfc,0,1,8,7,0.8976510067114094,0.9618473895582329
cub200,m1_glfc,0,1,9,8,0.8942953020134228,0.9598393574297188
cub200,m1_glfc,0,2,2,0,0.4574829931972789,0.522
cub200,m1_glfc,0,2,3,1,0.7261904761904762,0.798
cub200,m1_glfc,0,2,4,2,0.826530612244898,0.88
cub200,m1_glfc,0,2,5,3,0.8452380952380952,0.916
cub200,m1_glfc,0,2,6,4,0.8894557823129252,0.95
cub200,m1_glfc,0,2,7,5,0.9064625850340136,0.962
cub200,m1_glfc,0,2,8,6,0.8758503401360545,0.95
cub200,m1_glfc,0,2,9,7,0.8809523809523809,0.956
cub200,m1_glfc,0,3,3,0,0.4246575342465753,0.492
cub200,m1_glfc,0,3,4,1,0.6147260273972602,0.69
cub200,m1_glfc,0,3,5,2,0.714041095890411,0.79
cub200,m1_glfc,0,3,6,3,0.7654109589041096,0.864
cub200,m1_glfc,0,3,7,4,0.791095890410959,0.882
cub200,m1_glfc,0,3,8,5,0.8287671232876712,0.926
cub200,m1_glfc,0,3,9,6,0.8424657534246576,0.948
cub200,m1_glfc,0,4,4,0,0.537521815008726,0.568
cub200,m1_glfc,0,4,5,1,0.6474694589877836,0.69
cub200,m1_glfc,0,4,6,2,0.743455497382199,0.798
cub200,m1_glfc,0,4,7,3,0.8027923211169284,0.858
cub200,m1_glfc,0,4,8,4,0.8603839441535777,0.914
cub200,m1_glfc,0,4,9,5,0.8691099476439791,0.916
cub200,m1_glfc,0,5,5,0,0.12100840336134454,0.19238476953907815
cub200,m1_glfc,0,5,6,1,0.33277310924369746,0.5070140280561122
cub200,m1_glfc,0,5,7,2,0.6134453781512605,0.7334669338677354
cub200,m1_glfc,0,5,8,3,0.7210084033613445,0.8056112224448898
cub200,m1_glfc,0,5,9,4,0.7764705882352941,0.8677354709418837
cub200,m1_glfc,0,6,6,0,0.16753926701570682,0.20440881763527055
cub200,m1_glfc,0,6,7,1,0.3787085514834206,0.4468937875751503
cub200,m1_glfc,0,6,8,2,0.5968586387434555,0.7274549098196392
cub200,m1_glfc,0,6,9,3,0.7068062827225131,0.8276553106212425
cub200,m1_glfc,0,7,7,0,0.23049645390070922,0.27
cub200,m1_glfc,0,7,8,1,0.41312056737588654,0.472
cub200,m1_glfc,0,7,9,2,0.5372340425531915,0.614
cub200,m1_glfc,0,8,8,0,0.302158273381295,0.358
cub200,m1_glfc,0,8,9,1,0.48381294964028776,0.56
cub200,m1_glfc,0,9,9,0,0.09982788296041308,0.13654618473895583
cub200,m1_glfc,1,0,0,0,0.9081455805892548,0.9458917835671342
cub200,m1_glfc,1,0,1,1,0.8162911611785095,0.8657314629258517
cub200,m1_glfc,1,0,2,2,0.925476603119584,0.9639278557114228
cub200,m1_glfc,1,0,3,3,0.9428076256499134,0.9719438877755511
cub200,m1_glfc,1,0,4,4,0.9480069324090121,0.9739478957915831
cub200,m1_glfc,1,0,5,5,0.9324090121317158,0.969939879759519
cub200,m1_glfc,1,0,6,6,0.9272097053726169,0.9719438877755511
cub200,m1_glfc,1,0,7,7,0.9358752166377816,0.969939879759519
cub200,m1_glfc,1,0,8,8,0.92894280762565,0.969939879759519
cub200,m1_glfc,1,0,9,9,0.925476603119584,0.9719438877755511
cub200,m1_glfc,1,1,1,0,0.8072916666666666,0.89
cub200,m1_glfc,1,1,2,1,0.8871527777777778,0.928
cub200,m1_glfc,1,1,3,2,0.90625,0.944
cub200,m1_glfc,1,1,4,3,0.9288194444444444,0.968
cub200,m1_glfc,1,1,5,4,0.9236111111111112,0.97
cub200,m1_glfc,1,1,6,5,0.9253472222222222,0.97
cub200,m1_glfc,1,1,7,6,0.921875,0.964
cub200,m1_glfc,1,1,8,7,0.9184027777777778,0.966
cub200,m1_glfc,1,1,9,8,0.9184027777777778,0.972
cub200,m1_glfc,1,2,2,0,0.43672014260249553,0.5020080321285141
cub200,m1_glfc,1,2,3,1,0.6327985739750446,0.7409638554216867
cub200,m1_glfc,1,2,4,2,0.7272727272727273,0.8232931726907631
cub200,m1_glfc,1,2,5,3,0.7771836007130125,0.8654618473895582
cub200,m1_glfc,1,2,6,4,0.803921568627451,0.8815261044176707
cub200,m1_glfc,1,2,7,5,0.82174688057041,0.8975903614457831
cub200,m1_glfc,1,2,8,6,0.8431372549019608,0.9096385542168675
cub200,m1_glfc,1,2,9,7,0.8342245989304813,0.9036144578313253
cub200,m1_glfc,1,3,3,0,0.34991119005328597,0.3667334669338677
cub200,m1_glfc,1,3,4,1,0.6163410301953819,0.7094188376753507
cub200,m1_glfc,1,3,5,2,0.7655417406749556,0.843687374749499
cub200,m1_glfc,1,3,6,3,0.8365896980461812,0.9238476953907816
cub200,m1_glfc,1,3,7,4,0.8650088809946714,0.9398797595190381
cub200,m1_glfc,1,3,8,5,0.8898756660746003,0.9519038076152304
cub200,m1_glfc,1,3,9,6,0.8916518650088809,0.9539078156312625
cub200,m1_glfc,1,4,4,0,0.20973154362416108,0.22
cub200,m1_glfc,1,4,5,1,0.4513422818791946,0.58
cub200,m1_glfc,1,4,6,2,0.6174496644295302,0.744
cub200,m1_glfc,1,4,7,3,0.7281879194630873,0.852
cub200,m1_glfc,1,4,8,4,0.7885906040268457,0.902
cub200,m1_glfc,1,4,9,5,0.8322147651006712,0.918
cub200,m1_glfc,1,5,5,0,0.21299638989169675,0.248
cub200,m1_glfc,1,5,6,1,0.4548736462093863,0.542
cub200,m1_glfc,1,5,7,2,0.644404332129964,0.74
cub200,m1_glfc,1,5,8,3,0.7346570397111913,0.798
cub200,m1_glfc,1,5,9,4,0.759927797833935,0.814
cub200,m1_glfc,1,6,6,0,0.14020270270270271,0.176
cub200,m1_glfc,1,6,7,1,0.2989864864864865,0.382
cub200,m1_glfc,1,6,8,2,0.49324324324324326,0.63
cub200,m1_glfc,1,6,9,3,0.6537162162162162,0.762
cub200,m1_glfc,1,7,7,0,0.08644067796610169,0.1523046092184369
cub200,m1_glfc,1,7,8,1,0.2542372881355932,0.36472945891783565
cub200,m1_glfc,1,7,9,2,0.5220338983050847,0.6793587174348698
cub200,m1_glfc,1,8,8,0,0.253781512605042,0.27655310621242485
cub200,m1_glfc,1,8,9,1,0.4470588235294118,0.533066132264529
cub200,m1_glfc,1,9,9,0,0.188135593220339,0.25
cub200,m1_glfc,2,0,0,0,0.930976430976431,0.938
cub200,m1_glfc,2,0,1,1,0.9225589225589226,0.942
cub200,m1_glfc,2,0,2,2,0.9595959595959596,0.958
cub200,m1_glfc,2,0,3,3,0.9545454545454546,0.96
cub200,m1_glfc,2,0,4,4,0.9579124579124579,0.96
cub200,m1_glfc,2,0,5,5,0.9478114478114478,0.964
cub200,m1_glfc,2,0,6,6,0.9208754208754208,0.956
cub200,m1_glfc,2,0,7,7,0.9023569023569024,0.95
cub200,m1_glfc,2,0,8,8,0.8838383838383839,0.95
cub200,m1_glfc,2,0,9,9,0.8888888888888888,0.95
cub200,m1_glfc,2,1,1,0,0.7470686767169179,0.81
cub200,m1_glfc,2,1,2,1,0.916247906197655,0.956
cub200,m1_glfc,2,1,3,2,0.9447236180904522,0.98
cub200,m1_glfc,2,1,4,3,0.948073701842546,0.982
cub200,m1_glfc,2,1,5,4,0.9564489112227805,0.986
cub200,m1_glfc,2,1,6,5,0.9597989949748744,0.984
cub200,m1_glfc,2,1,7,6,0.9564489112227805,0.982
cub200,m1_glfc,2,1,8,7,0.949748743718593,0.982
cub200,m1_glfc,2,1,9,8,0.9430485762144054,0.984
cub200,m1_glfc,2,2,2,0,0.5934256055363322,0.606
cub200,m1_glfc,2,2,3,1,0.6885813148788927,0.764
cub200,m1_glfc,2,2,4,2,0.7768166089965398,0.882
cub200,m1_glfc,2,2,5,3,0.8235294117647058,0.928
cub200,m1_glfc,2,2,6,4,0.8615916955017301,0.946
cub200,m1_glfc,2,2,7,5,0.8719723183391004,0.952
cub200,m1_glfc,2,2,8,6,0.8806228373702422,0.952
cub200,m1_glfc,2,2,9,7,0.8737024221453287,0.956
cub200,m1_glfc,2,3,3,0,0.3617391304347826,0.448692152917505
cub200,m1_glfc,2,3,4,1,0.5339130434782609,0.635814889336016
cub200,m1_glfc,2,3,5,2,0.6695652173913044,0.7927565392354124
cub200,m1_glfc,2,3,6,3,0.7878260869565218,0.8792756539235412
cub200,m1_glfc,2,3,7,4,0.8121739130434783,0.9094567404426559
cub200,m1_glfc,2,3,8,5,0.808695652173913,0.9235412474849095
cub200,m1_glfc,2,3,9,6,0.8017391304347826,0.9235412474849095
cub200,m1_glfc,2,4,4,0,0.28547008547008546,0.358
cub200,m1_glfc,2,4,5,1,0.5982905982905983,0.664
cub200,m1_glfc,2,4,6,2,0.7076923076923077,0.806
cub200,m1_glfc,2,4,7,3,0.7811965811965812,0.882
cub200,m1_glfc,2,4,8,4,0.8427350427350427,0.912
cub200,m1_glfc,2,4,9,5,0.852991452991453,0.926
cub200,m1_glfc,2,5,5,0,0.3188405797101449,0.36
cub200,m1_glfc,2,5,6,1,0.5307971014492754,0.608
cub200,m1_glfc,2,5,7,2,0.677536231884058,0.75
cub200,m1_glfc,2,5,8,3,0.7536231884057971,0.826
cub200,m1_glfc,2,5,9,4,0.802536231884058,0.864
cub200,m1_glfc,2,6,6,0,0.30153321976149916,0.352
cub200,m1_glfc,2,6,7,1,0.47018739352640543,0.536
cub200,m1_glfc,2,6,8,2,0.645655877342419,0.728
cub200,m1_glfc,2,6,9,3,0.7495741056218058,0.834
cub200,m1_glfc,2,7,7,0,0.11917098445595854,0.17034068136272545
cub200,m1_glfc,2,7,8,1,0.31951640759930916,0.40480961923847697
cub200,m1_glfc,2,7,9,2,0.5440414507772021,0.6613226452905812
cub200,m1_glfc,2,8,8,0,0.17314487632508835,0.24248496993987975
cub200,m1_glfc,2,8,9,1,0.38869257950530034,0.4849699398797595
cub200,m1_glfc,2,9,9,0,0.0981067125645439,0.11422845691382766
cub200,m1_glfc,3,0,0,0,0.8342342342342343,0.892
cub200,m1_glfc,3,0,1,1,0.7783783783783784,0.828
cub200,m1_glfc,3,0,2,2,0.9225225225225225,0.962
cub200,m1_glfc,3,0,3,3,0.9423423423423424,0.972
cub200,m1_glfc,3,0,4,4,0.9495495495495495,0.97
cub200,m1_glfc,3,0,5,5,0.9423423423423424,0.97
cub200,m1_glfc,3,0,6,6,0.9441441441441442,0.97
cub200,m1_glfc,3,0,7,7,0.9225225225225225,0.97
cub200,m1_glfc,3,0,8,8,0.9171171171171171,0.968
cub200,m1_glfc,3,0,9,9,0.9099099099099099,0.966
cub200,m1_glfc,3,1,1,0,0.5760135135135135,0.624
cub200,m1_glfc,3,1,2,1,0.7483108108108109,0.794
cub200,m1_glfc,3,1,3,2,0.8733108108108109,0.926
cub200,m1_glfc,3,1,4,3,0.8918918918918919,0.934
cub200,m1_glfc,3,1,5,4,0.893581081081081,0.938
cub200,m1_glfc,3,1,6,5,0.910472972972973,0.96
cub200,m1_glfc,3,1,7,6,0.9003378378378378,0.962
cub200,m1_glfc,3,1,8,7,0.9121621621621622,0.964
cub200,m1_glfc,3,1,9,8,0.8986486486486487,0.96
cub200,m1_glfc,3,2,2,0,0.8539898132427843,0.8817635270541082
cub200,m1_glfc,3,2,3,1,0.8811544991511036,0.9278557114228457
cub200,m1_glfc,3,2,4,2,0.8828522920203735,0.9278557114228457
cub200,m1_glfc,3,2,5,3,0.8998302207130731,0.9519038076152304
cub200,m1_glfc,3,2,6,4,0.9049235993208828,0.9539078156312625
cub200,m1_glfc,3,2,7,5,0.9066213921901528,0.9579158316633266
cub200,m1_glfc,3,2,8,6,0.8845500848896435,0.9478957915831663
cub200,m1_glfc,3,2,9,7,0.8760611205432938,0.9559118236472945
cub200,m1_glfc,3,3,3,0,0.39590443686006827,0.4457831325301205
cub200,m1_glfc,3,3,4,1,0.6040955631399317,0.6586345381526104
cub200,m1_glfc,3,3,5,2,0.7184300341296929,0.8192771084337349
cub200,m1_glfc,3,3,6,3,0.7918088737201365,0.8815261044176707
cub200,m1_glfc,3,3,7,4,0.8293515358361775,0.929718875502008
cub200,m1_glfc,3,3,8,5,0.8771331058020477,0.9417670682730924
cub200,m1_glfc,3,3,9,6,0.8754266211604096,0.9397590361445783
cub200,m1_glfc,3,4,4,0,0.28496503496503495,0.334
cub200,m1_glfc,3,4,5,1,0.5576923076923077,0.668
cub200,m1_glfc,3,4,6,2,0.7517482517482518,0.846
cub200,m1_glfc,3,4,7,3,0.8181818181818182,0.904
cub200,m1_glfc,3,4,8,4,0.8548951048951049,0.924
cub200,m1_glfc,3,4,9,5,0.8741258741258742,0.934
cub200,m1_glfc,3,5,5,0,0.09215017064846416,0.106
cub200,m1_glfc,3,5,6,1,0.3447098976109215,0.45
cub200,m1_glfc,3,5,7,2,0.4863481228668942,0.642
cub200,m1_glfc,3,5,8,3,0.5750853242320819,0.72
cub200,m1_glfc,3,5,9,4,0.6126279863481229,0.74
cub200,m1_glfc,3,6,6,0,0.31261101243339257,0.3667334669338677
cub200,m1_glfc,3,6,7,1,0.5008880994671403,0.6072144288577155
cub200,m1_glfc,3,6,8,2,0.6465364120781527,0.7414829659318637
cub200,m1_glfc,3,6,9,3,0.7069271758436945,0.8256513026052105
cub200,m1_glfc,3,7,7,0,0.2117039586919105,0.27
cub200,m1_glfc,3,7,8,1,0.35111876075731496,0.466
cub200,m1_glfc,3,7,9,2,0.5283993115318416,0.634
cub200,m1_glfc,3,8,8,0,0.1566265060240964,0.1743486973947896
cub200,m1_glfc,3,8,9,1,0.2685025817555938,0.3286573146292585
cub200,m1_glfc,3,9,9,0,0.2563667232597623,0.30060120240480964
cub200,m1_glfc,4,0,0,0,0.9021922428330523,0.918
cub200,m1_glfc,4,0,1,1,0.8549747048903878,0.862
cub200,m1_glfc,4,0,2,2,0.9005059021922428,0.908
cub200,m1_glfc,4,0,3,3,0.9106239460370995,0.954
cub200,m1_glfc,4,0,4,4,0.9055649241146712,0.966
cub200,m1_glfc,4,0,5,5,0.9072512647554806,0.972
cub200,m1_glfc,4,0,6,6,0.9106239460370995,0.972
cub200,m1_glfc,4,0,7,7,0.9005059021922428,0.974
cub200,m1_glfc,4,0,8,8,0.8785834738617201,0.966
cub200,m1_glfc,4,0,9,9,0.8650927487352446,0.96
cub200,m1_glfc,4,1,1,0,0.6826241134751773,0.71
cub200,m1_glfc,4,1,2,1,0.7925531914893617,0.802
cub200,m1_glfc,4,1,3,2,0.9131205673758865,0.946
cub200,m1_glfc,4,1,4,3,0.9468085106382979,0.982
cub200,m1_glfc,4,1,5,4,0.9574468085106383,0.98
cub200,m1_glfc,4,1,6,5,0.9574468085106383,0.982
cub200,m1_glfc,4,1,7,6,0.9468085106382979,0.982
cub200,m1_glfc,4,1,8,7,0.9574468085106383,0.982
cub200,m1_glfc,4,1,9,8,0.9574468085106383,0.986
cub200,m1_glfc,4,2,2,0,0.544954128440367,0.566
cub200,m1_glfc,4,2,3,1,0.7247706422018348,0.774
cub200,m1_glfc,4,2,4,2,0.8513761467889909,0.924
cub200,m1_glfc,4,2,5,3,0.9027522935779817,0.948
cub200,m1_glfc,4,2,6,4,0.908256880733945,0.968
cub200,m1_glfc,4,2,7,5,0.926605504587156,0.976
cub200,m1_glfc,4,2,8,6,0.9321100917431193,0.972
cub200,m1_glfc,4,2,9,7,0.9321100917431193,0.966
cub200,m1_glfc,4,3,3,0,0.35159010600706714,0.39879759519038077
cub200,m1_glfc,4,3,4,1,0.6130742049469965,0.6673346693386774
cub200,m1_glfc,4,3,5,2,0.7173144876325088,0.7895791583166333
cub200,m1_glfc,4,3,6,3,0.8003533568904594,0.8857715430861723
cub200,m1_glfc,4,3,7,4,0.8392226148409894,0.9238476953907816
cub200,m1_glfc,4,3,8,5,0.8745583038869258,0.9438877755511023
cub200,m1_glfc,4,3,9,6,0.8816254416961131,0.9478957915831663
cub200,m1_glfc,4,4,4,0,0.27474402730375425,0.334
cub200,m1_glfc,4,4,5,1,0.5716723549488054,0.638
cub200,m1_glfc,4,4,6,2,0.7030716723549488,0.758
cub200,m1_glfc,4,4,7,3,0.7696245733788396,0.854
cub200,m1_glfc,4,4,8,4,0.8191126279863481,0.912
cub200,m1_glfc,4,4,9,5,0.841296928327645,0.932
cub200,m1_glfc,4,5,5,0,0.29591836734693877,0.3534136546184739
cub200,m1_glfc,4,5,6,1,0.477891156462585,0.6325301204819277
cub200,m1_glfc,4,5,7,2,0.6394557823129252,0.7751004016064257
cub200,m1_glfc,4,5,8,3,0.7653061224489796,0.9036144578313253
cub200,m1_glfc,4,5,9,4,0.7891156462585034,0.9196787148594378
cub200,m1_glfc,4,6,6,0,0.1563573883161512,0.18
cub200,m1_glfc,4,6,7,1,0.36597938144329895,0.428
cub200,m1_glfc,4,6,8,2,0.5274914089347079,0.644
cub200,m1_glfc,4,6,9,3,0.6254295532646048,0.73
cub200,m1_glfc,4,7,7,0,0.09882747068676717,0.14056224899598393
cub200,m1_glfc,4,7,8,1,0.3232830820770519,0.43172690763052207
cub200,m1_glfc,4,7,9,2,0.5041876046901173,0.6606425702811245
cub200,m1_glfc,4,8,8,0,0.14756944444444445,0.182
cub200,m1_glfc,4,8,9,1,0.3489583333333333,0.468
cub200,m1_glfc,4,9,9,0,0.09547738693467336,0.1342685370741483
cub200,m2_target,0,0,0,0,0.886986301369863,0.912
cub200,m2_target,0,0,1,1,0.9794520547945206,0.98
cub200,m2_target,0,0,2,2,0.9691780821917808,0.972
cub200,m2_target,0,0,3,3,0.9571917808219178,0.972
cub200,m2_target,0,0,4,4,0.934931506849315,0.976
cub200,m2_target,0,0,5,5,0.9143835616438356,0.968
cub200,m2_target,0,0,6,6,0.9075342465753424,0.956
cub200,m2_target,0,0,7,7,0.910958904109589,0.954
cub200,m2_target,0,0,8,8,0.8921232876712328,0.95
cub200,m2_target,0,0,9,9,0.8921232876712328,0.954
cub200,m2_target,0,1,1,0,0.5083892617449665,0.5803212851405622
cub200,m2_target,0,1,2,1,0.9278523489932886,0.963855421686747
cub200,m2_target,0,1,3,2,0.9144295302013423,0.9457831325301205
cub200,m2_target,0,1,4,3,0.8959731543624161,0.9457831325301205
cub200,m2_target,0,1,5,4,0.8959731543624161,0.9477911646586346
cub200,m2_target,0,1,6,5,0.8875838926174496,0.9437751004016064
cub200,m2_target,0,1,7,6,0.8859060402684564,0.9417670682730924
cub200,m2_target,0,1,8,7,0.860738255033557,0.9337349397590361
cub200,m2_target,0,1,9,8,0.8624161073825504,0.9357429718875502
cub200,m2_target,0,2,2,0,0.3945578231292517,0.452
cub200,m2_target,0,2,3,1,0.9200680272108843,0.958
cub200,m2_target,0,2,4,2,0.9149659863945578,0.958
cub200,m2_target,0,2,5,3,0.8962585034013606,0.95
cub200,m2_target,0,2,6,4,0.9081632653061225,0.962
cub200,m2_target,0,2,7,5,0.8809523809523809,0.938
cub200,m2_target,0,2,8,6,0.8622448979591837,0.932
cub200,m2_target,0,2,9,7,0.8554421768707483,0.934
cub200,m2_target,0,3,3,0,0.375,0.458
cub200,m2_target,0,3,4,1,0.898972602739726,0.946
cub200,m2_target,0,3,5,2,0.916095890410959,0.956
cub200,m2_target,0,3,6,3,0.9178082191780822,0.95
cub200,m2_target,0,3,7,4,0.9126712328767124,0.958
cub200,m2_target,0,3,8,5,0.928082191780822,0.956
cub200,m2_target,0,3,9,6,0.9143835616438356,0.946
cub200,m2_target,0,4,4,0,0.3106457242582897,0.378
cub200,m2_target,0,4,5,1,0.8638743455497382,0.92
cub200,m2_target,0,4,6,2,0.8883071553228621,0.916
cub200,m2_target,0,4,7,3,0.8848167539267016,0.904
cub200,m2_target,0,4,8,4,0.8830715532286213,0.922
cub200,m2_target,0,4,9,5,0.8778359511343804,0.914
cub200,m2_target,0,5,5,0,0.17478991596638654,0.2745490981963928
cub200,m2_target,0,5,6,1,0.8151260504201681,0.9138276553106213
cub200,m2_target,0,5,7,2,0.8453781512605042,0.9098196392785571
cub200,m2_target,0,5,8,3,0.8722689075630252,0.9318637274549099
cub200,m2_target,0,5,9,4,0.8605042016806723,0.9238476953907816
cub200,m2_target,0,6,6,0,0.15532286212914484,0.20240480961923848
cub200,m2_target,0,6,7,1,0.7260034904013961,0.8677354709418837
cub200,m2_target,0,6,8,2,0.7958115183246073,0.8837675350701403
cub200,m2_target,0,6,9,3,0.8132635253054101,0.8857715430861723
cub200,m2_target,0,7,7,0,0.2393617021276596,0.276
cub200,m2_target,0,7,8,1,0.8014184397163121,0.892
cub200,m2_target,0,7,9,2,0.8528368794326241,0.912
cub200,m2_target,0,8,8,0,0.3345323741007194,0.398
cub200,m2_target,0,8,9,1,0.8039568345323741,0.906
cub200,m2_target,0,9,9,0,0.17555938037865748,0.21686746987951808
cub200,m2_target,1,0,0,0,0.8942807625649913,0.9418837675350702
cub200,m2_target,1,0,1,1,0.951473136915078,0.9819639278557114
cub200,m2_target,1,0,2,2,0.9566724436741768,0.9759519038076152
cub200,m2_target,1,0,3,3,0.9376083188908145,0.9719438877755511
cub200,m2_target,1,0,4,4,0.92894280762565,0.9659318637274549
cub200,m2_target,1,0,5,5,0.9081455805892548,0.9599198396793587
cub200,m2_target,1,0,6,6,0.901213171577123,0.9498997995991983
cub200,m2_target,1,0,7,7,0.8960138648180243,0.9418837675350702
cub200,m2_target,1,0,8,8,0.8821490467937608,0.9378757515030061
cub200,m2_target,1,0,9,9,0.8734835355285961,0.9438877755511023
cub200,m2_target,1,1,1,0,0.6336805555555556,0.752
cub200,m2_target,1,1,2,1,0.9322916666666666,0.984
cub200,m2_target,1,1,3,2,0.9253472222222222,0.97
cub200,m2_target,1,1,4,3,0.9166666666666666,0.972
cub200,m2_target,1,1,5,4,0.9010416666666666,0.966
cub200,m2_target,1,1,6,5,0.8819444444444444,0.964
cub200,m2_target,1,1,7,6,0.8836805555555556,0.962
cub200,m2_target,1,1,8,7,0.875,0.958
cub200,m2_target,1,1,9,8,0.8524305555555556,0.948
cub200,m2_target,1,2,2,0,0.3137254901960784,0.41566265060240964
cub200,m2_target,1,2,3,1,0.8787878787878788,0.9357429718875502
cub200,m2_target,1,2,4,2,0.8912655971479501,0.9357429718875502
cub200,m2_target,1,2,5,3,0.8663101604278075,0.9337349397590361
cub200,m2_target,1,2,6,4,0.8556149732620321,0.927710843373494
cub200,m2_target,1,2,7,5,0.8431372549019608,0.9196787148594378
cub200,m2_target,1,2,8,6,0.8270944741532977,0.9176706827309237
cub200,m2_target,1,2,9,7,0.8288770053475936,0.927710843373494
cub200,m2_target,1,3,3,0,0.36767317939609234,0.42084168336673344
cub200,m2_target,1,3,4,1,0.9058614564831261,0.9458917835671342
cub200,m2_target,1,3,5,2,0.9289520426287744,0.9539078156312625
cub200,m2_target,1,3,6,3,0.9236234458259325,0.9519038076152304
cub200,m2_target,1,3,7,4,0.9253996447602132,0.9498997995991983
cub200,m2_target,1,3,8,5,0.9236234458259325,0.9519038076152304
cub200,m2_target,1,3,9,6,0.9129662522202486,0.9478957915831663
cub200,m2_target,1,4,4,0,0.20469798657718122,0.274
cub200,m2_target,1,4,5,1,0.8473154362416108,0.926
cub200,m2_target,1,4,6,2,0.8691275167785235,0.946
cub200,m2_target,1,4,7,3,0.8825503355704698,0.946
cub200,m2_target,1,4,8,4,0.8590604026845637,0.938
cub200,m2_target,1,4,9,5,0.8540268456375839,0.934
cub200,m2_target,1,5,5,0,0.26714801444043323,0.334
cub200,m2_target,1,5,6,1,0.8411552346570397,0.912
cub200,m2_target,1,5,7,2,0.868231046931408,0.936
cub200,m2_target,1,5,8,3,0.8898916967509025,0.94
cub200,m2_target,1,5,9,4,0.8808664259927798,0.928
cub200,m2_target,1,6,6,0,0.16216216216216217,0.222
cub200,m2_target,1,6,7,1,0.7804054054054054,0.888
cub200,m2_target,1,6,8,2,0.8175675675675675,0.906
cub200,m2_target,1,6,9,3,0.8260135135135135,0.914
cub200,m2_target,1,7,7,0,0.11016949152542373,0.16633266533066132
cub200,m2_target,1,7,8,1,0.7084745762711865,0.8316633266533067
cub200,m2_target,1,7,9,2,0.823728813559322,0.9138276553106213
cub200,m2_target,1,8,8,0,0.31932773109243695,0.3466933867735471
cub200,m2_target,1,8,9,1,0.7798319327731092,0.8717434869739479
cub200,m2_target,1,9,9,0,0.2677966101694915,0.33
cub200,m2_target,2,0,0,0,0.9225589225589226,0.926
cub200,m2_target,2,0,1,1,0.9747474747474747,0.964
cub200,m2_target,2,0,2,2,0.9612794612794613,0.956
cub200,m2_target,2,0,3,3,0.9158249158249159,0.948
cub200,m2_target,2,0,4,4,0.8922558922558923,0.938
cub200,m2_target,2,0,5,5,0.8905723905723906,0.934
cub200,m2_target,2,0,6,6,0.8973063973063973,0.94
cub200,m2_target,2,0,7,7,0.8838383838383839,0.932
cub200,m2_target,2,0,8,8,0.8905723905723906,0.932
cub200,m2_target,2,0,9,9,0.877104377104377,0.926
cub200,m2_target,2,1,1,0,0.5527638190954773,0.658
cub200,m2_target,2,1,2,1,0.966499162479062,0.986
cub200,m2_target,2,1,3,2,0.9681742043551089,0.988
cub200,m2_target,2,1,4,3,0.9631490787269682,0.984
cub200,m2_target,2,1,5,4,0.9530988274706867,0.976
cub200,m2_target,2,1,6,5,0.9363484087102177,0.968
cub200,m2_target,2,1,7,6,0.9229480737018425,0.962
cub200,m2_target,2,1,8,7,0.8961474036850922,0.96
cub200,m2_target,2,1,9,8,0.8994974874371859,0.958
cub200,m2_target,2,2,2,0,0.44809688581314877,0.49
cub200,m2_target,2,2,3,1,0.9117647058823529,0.956
cub200,m2_target,2,2,4,2,0.8858131487889274,0.954
cub200,m2_target,2,2,5,3,0.8667820069204152,0.962
cub200,m2_target,2,2,6,4,0.8650519031141869,0.948
cub200,m2_target,2,2,7,5,0.8685121107266436,0.95
cub200,m2_target,2,2,8,6,0.8217993079584776,0.944
cub200,m2_target,2,2,9,7,0.8356401384083045,0.948
cub200,m2_target,2,3,3,0,0.2382608695652174,0.2937625754527163
cub200,m2_target,2,3,4,1,0.8904347826086957,0.9336016096579477
cub200,m2_target,2,3,5,2,0.9008695652173913,0.9537223340040242
cub200,m2_target,2,3,6,3,0.871304347826087,0.9517102615694165
cub200,m2_target,2,3,7,4,0.8678260869565217,0.9456740442655935
cub200,m2_target,2,3,8,5,0.8921739130434783,0.9476861167002012
cub200,m2_target,2,3,9,6,0.8991304347826087,0.9476861167002012
cub200,m2_target,2,4,4,0,0.30256410256410254,0.388
cub200,m2_target,2,4,5,1,0.8854700854700854,0.938
cub200,m2_target,2,4,6,2,0.9076923076923077,0.938
cub200,m2_target,2,4,7,3,0.8837606837606837,0.934
cub200,m2_target,2,4,8,4,0.8752136752136752,0.932
cub200,m2_target,2,4,9,5,0.8735042735042735,0.926
cub200,m2_target,2,5,5,0,0.3170289855072464,0.378
cub200,m2_target,2,5,6,1,0.8460144927536232,0.936
cub200,m2_target,2,5,7,2,0.8840579710144928,0.944
cub200,m2_target,2,5,8,3,0.8913043478260869,0.946
cub200,m2_target,2,5,9,4,0.8858695652173914,0.942
cub200,m2_target,2,6,6,0,0.3833049403747871,0.426
cub200,m2_target,2,6,7,1,0.858603066439523,0.918
cub200,m2_target,2,6,8,2,0.8739352640545145,0.934
cub200,m2_target,2,6,9,3,0.8637137989778535,0.934
cub200,m2_target,2,7,7,0,0.1381692573402418,0.1903807615230461
cub200,m2_target,2,7,8,1,0.7564766839378239,0.8717434869739479
cub200,m2_target,2,7,9,2,0.8290155440414507,0.9078156312625251
cub200,m2_target,2,8,8,0,0.13957597173144876,0.22645290581162325
cub200,m2_target,2,8,9,1,0.7579505300353356,0.8657314629258517
cub200,m2_target,2,9,9,0,0.07056798623063683,0.11222444889779559
cub200,m2_target,3,0,0,0,0.8792792792792793,0.936
cub200,m2_target,3,0,1,1,0.9585585585585585,0.976
cub200,m2_target,3,0,2,2,0.9567567567567568,0.97
cub200,m2_target,3,0,3,3,0.9531531531531532,0.974
cub200,m2_target,3,0,4,4,0.9351351351351351,0.962
cub200,m2_target,3,0,5,5,0.9261261261261261,0.96
cub200,m2_target,3,0,6,6,0.9081081081081082,0.944
cub200,m2_target,3,0,7,7,0.9027027027027027,0.936
cub200,m2_target,3,0,8,8,0.9063063063063063,0.942
cub200,m2_target,3,0,9,9,0.8828828828828829,0.938
cub200,m2_target,3,1,1,0,0.543918918918919,0.608
cub200,m2_target,3,1,2,1,0.9239864864864865,0.978
cub200,m2_target,3,1,3,2,0.9273648648648649,0.97
cub200,m2_target,3,1,4,3,0.9206081081081081,0.97
cub200,m2_target,3,1,5,4,0.9138513513513513,0.954
cub200,m2_target,3,1,6,5,0.9155405405405406,0.958
cub200,m2_target,3,1,7,6,0.910472972972973,0.948
cub200,m2_target,3,1,8,7,0.9070945945945946,0.958
cub200,m2_target,3,1,9,8,0.8885135135135135,0.948
cub200,m2_target,3,2,2,0,0.432937181663837,0.5050100200400801
cub200,m2_target,3,2,3,1,0.9320882852292021,0.9619238476953907
cub200,m2_target,3,2,4,2,0.8964346349745331,0.9478957915831663
cub200,m2_target,3,2,5,3,0.8590831918505942,0.9418837675350702
cub200,m2_target,3,2,6,4,0.8709677419354839,0.9378757515030061
cub200,m2_target,3,2,7,5,0.8522920203735145,0.9378757515030061
cub200,m2_target,3,2,8,6,0.8505942275042445,0.9238476953907816
cub200,m2_target,3,2,9,7,0.831918505942275,0.9278557114228457
cub200,m2_target,3,3,3,0,0.3583617747440273,0.44176706827309237
cub200,m2_target,3,3,4,1,0.8686006825938567,0.9518072289156626
cub200,m2_target,3,3,5,2,0.8856655290102389,0.9558232931726908
cub200,m2_target,3,3,6,3,0.8907849829351536,0.9538152610441767
cub200,m2_target,3,3,7,4,0.9044368600682594,0.9578313253012049
cub200,m2_target,3,3,8,5,0.89419795221843,0.9578313253012049
cub200,m2_target,3,3,9,6,0.9027303754266212,0.9618473895582329
cub200,m2_target,3,4,4,0,0.23251748251748253,0.332
cub200,m2_target,3,4,5,1,0.9090909090909091,0.968
cub200,m2_target,3,4,6,2,0.8933566433566433,0.958
cub200,m2_target,3,4,7,3,0.8863636363636364,0.954
cub200,m2_target,3,4,8,4,0.8828671328671329,0.944
cub200,m2_target,3,4,9,5,0.8513986013986014,0.94
cub200,m2_target,3,5,5,0,0.08020477815699659,0.116
cub200,m2_target,3,5,6,1,0.7849829351535836,0.894
cub200,m2_target,3,5,7,2,0.8310580204778157,0.924
cub200,m2_target,3,5,8,3,0.8583617747440273,0.934
cub200,m2_target,3,5,9,4,0.8276450511945392,0.92
cub200,m2_target,3,6,6,0,0.35346358792184723,0.38877755511022044
cub200,m2_target,3,6,7,1,0.8419182948490231,0.9078156312625251
cub200,m2_target,3,6,8,2,0.8756660746003553,0.9338677354709419
cub200,m2_target,3,6,9,3,0.8827708703374778,0.9318637274549099
cub200,m2_target,3,7,7,0,0.24612736660929432,0.31
cub200,m2_target,3,7,8,1,0.7710843373493976,0.89
cub200,m2_target,3,7,9,2,0.8777969018932874,0.944
cub200,m2_target,3,8,8,0,0.1686746987951807,0.1903807615230461
cub200,m2_target,3,8,9,1,0.7160068846815835,0.7995991983967936
cub200,m2_target,3,9,9,0,0.28522920203735147,0.33867735470941884
cub200,m2_target,4,0,0,0,0.8903878583473862,0.904
cub200,m2_target,4,0,1,1,0.9662731871838112,0.994
cub200,m2_target,4,0,2,2,0.9510961214165261,0.976
cub200,m2_target,4,0,3,3,0.9123102866779089,0.964
cub200,m2_target,4,0,4,4,0.8853288364249579,0.956
cub200,m2_target,4,0,5,5,0.8887015177065767,0.96
cub200,m2_target,4,0,6,6,0.8752107925801011,0.95
cub200,m2_target,4,0,7,7,0.8684654300168634,0.956
cub200,m2_target,4,0,8,8,0.8465430016863407,0.944
cub200,m2_target,4,0,9,9,0.863406408094435,0.946
cub200,m2_target,4,1,1,0,0.5638297872340425,0.622
cub200,m2_target,4,1,2,1,0.9663120567375887,0.98
cub200,m2_target,4,1,3,2,0.9627659574468085,0.974
cub200,m2_target,4,1,4,3,0.9645390070921985,0.978
cub200,m2_target,4,1,5,4,0.9414893617021277,0.972
cub200,m2_target,4,1,6,5,0.9326241134751773,0.968
cub200,m2_target,4,1,7,6,0.8936170212765957,0.962
cub200,m2_target,4,1,8,7,0.8812056737588653,0.954
cub200,m2_target,4,1,9,8,0.8812056737588653,0.956
cub200,m2_target,4,2,2,0,0.41100917431192663,0.466
cub200,m2_target,4,2,3,1,0.9174311926605505,0.958
cub200,m2_target,4,2,4,2,0.9192660550458716,0.96
cub200,m2_target,4,2,5,3,0.9211009174311927,0.96
cub200,m2_target,4,2,6,4,0.9119266055045872,0.95
cub200,m2_target,4,2,7,5,0.9192660550458716,0.954
cub200,m2_target,4,2,8,6,0.9064220183486239,0.956
cub200,m2_target,4,2,9,7,0.8954128440366973,0.954
cub200,m2_target,4,3,3,0,0.31095406360424027,0.3867735470941884
cub200,m2_target,4,3,4,1,0.9240282685512368,0.9619238476953907
cub200,m2_target,4,3,5,2,0.9169611307420494,0.9619238476953907
cub200,m2_target,4,3,6,3,0.911660777385159,0.9559118236472945
cub200,m2_target,4,3,7,4,0.8975265017667845,0.9579158316633266
cub200,m2_target,4,3,8,5,0.8763250883392226,0.9338677354709419
cub200,m2_target,4,3,9,6,0.8745583038869258,0.9478957915831663
cub200,m2_target,4,4,4,0,0.310580204778157,0.394
cub200,m2_target,4,4,5,1,0.878839590443686,0.934
cub200,m2_target,4,4,6,2,0.8924914675767918,0.95
cub200,m2_target,4,4,7,3,0.8959044368600683,0.95
cub200,m2_target,4,4,8,4,0.878839590443686,0.95
cub200,m2_target,4,4,9,5,0.8703071672354948,0.938
cub200,m2_target,4,5,5,0,0.30952380952380953,0.3674698795180723
cub200,m2_target,4,5,6,1,0.858843537414966,0.9236947791164659
cub200,m2_target,4,5,7,2,0.8996598639455783,0.9357429718875502
cub200,m2_target,4,5,8,3,0.9183673469387755,0.9538152610441767
cub200,m2_target,4,5,9,4,0.9081632653061225,0.9437751004016064
cub200,m2_target,4,6,6,0,0.15807560137457044,0.196
cub200,m2_target,4,6,7,1,0.7766323024054983,0.858
cub200,m2_target,4,6,8,2,0.8333333333333334,0.898
cub200,m2_target,4,6,9,3,0.8505154639175257,0.888
cub200,m2_target,4,7,7,0,0.1423785594639866,0.20281124497991967
cub200,m2_target,4,7,8,1,0.7085427135678392,0.8172690763052208
cub200,m2_target,4,7,9,2,0.8207705192629816,0.893574297188755
cub200,m2_target,4,8,8,0,0.1892361111111111,0.26
cub200,m2_target,4,8,9,1,0.8385416666666666,0.894
cub200,m2_target,4,9,9,0,0.10385259631490787,0.14829659318637275
cub200,m3_fot,0,0,0,0,0.821917808219178,0.85
cub200,m3_fot,0,0,1,1,0.8476027397260274,0.892
cub200,m3_fot,0,0,2,2,0.821917808219178,0.872
cub200,m3_fot,0,0,3,3,0.7671232876712328,0.806
cub200,m3_fot,0,0,4,4,0.7363013698630136,0.806
cub200,m3_fot,0,0,5,5,0.6934931506849316,0.794
cub200,m3_fot,0,0,6,6,0.7311643835616438,0.822
cub200,m3_fot,0,0,7,7,0.7191780821917808,0.798
cub200,m3_fot,0,0,8,8,0.726027397260274,0.83
cub200,m3_fot,0,0,9,9,0.7226027397260274,0.826
cub200,m3_fot,0,1,1,0,0.4261744966442953,0.4979919678714859
cub200,m3_fot,0,1,2,1,0.6308724832214765,0.678714859437751
cub200,m3_fot,0,1,3,2,0.7684563758389261,0.8092369477911646
cub200,m3_fot,0,1,4,3,0.8070469798657718,0.8473895582329317
cub200,m3_fot,0,1,5,4,0.7298657718120806,0.7791164658634538
cub200,m3_fot,0,1,6,5,0.6929530201342282,0.7570281124497992
cub200,m3_fot,0,1,7,6,0.6140939597315436,0.6867469879518072
cub200,m3_fot,0,1,8,7,0.639261744966443,0.7048192771084337
cub200,m3_fot,0,1,9,8,0.6459731543624161,0.7289156626506024
cub200,m3_fot,0,2,2,0,0.46938775510204084,0.548
cub200,m3_fot,0,2,3,1,0.6173469387755102,0.69
cub200,m3_fot,0,2,4,2,0.6122448979591837,0.696
cub200,m3_fot,0,2,5,3,0.5680272108843537,0.64
cub200,m3_fot,0,2,6,4,0.6564625850340136,0.722
cub200,m3_fot,0,2,7,5,0.7227891156462585,0.792
cub200,m3_fot,0,2,8,6,0.7329931972789115,0.784
cub200,m3_fot,0,2,9,7,0.6666666666666666,0.724
cub200,m3_fot,0,3,3,0,0.601027397260274,0.644
cub200,m3_fot,0,3,4,1,0.5941780821917808,0.702
cub200,m3_fot,0,3,5,2,0.6318493150684932,0.724
cub200,m3_fot,0,3,6,3,0.7157534246575342,0.806
cub200,m3_fot,0,3,7,4,0.6866438356164384,0.798
cub200,m3_fot,0,3,8,5,0.7003424657534246,0.78
cub200,m3_fot,0,3,9,6,0.6643835616438356,0.75
cub200,m3_fot,0,4,4,0,0.6055846422338569,0.7
cub200,m3_fot,0,4,5,1,0.5584642233856894,0.624
cub200,m3_fot,0,4,6,2,0.6073298429319371,0.712
cub200,m3_fot,0,4,7,3,0.6596858638743456,0.748
cub200,m3_fot,0,4,8,4,0.6666666666666666,0.748
cub200,m3_fot,0,4,9,5,0.6335078534031413,0.768
cub200,m3_fot,0,5,5,0,0.6436974789915967,0.7635270541082164
cub200,m3_fot,0,5,6,1,0.6789915966386555,0.7775551102204409
cub200,m3_fot,0,5,7,2,0.6453781512605042,0.7655310621242485
cub200,m3_fot,0,5,8,3,0.6621848739495798,0.7835671342685371
cub200,m3_fot,0,5,9,4,0.6453781512605042,0.751503006012024
cub200,m3_fot,0,6,6,0,0.6160558464223386,0.7675350701402806
cub200,m3_fot,0,6,7,1,0.5602094240837696,0.6753507014028056
cub200,m3_fot,0,6,8,2,0.6212914485165794,0.717434869739479
cub200,m3_fot,0,6,9,3,0.6719022687609075,0.7374749498997996
cub200,m3_fot,0,7,7,0,0.7269503546099291,0.794
cub200,m3_fot,0,7,8,1,0.6081560283687943,0.682
cub200,m3_fot,0,7,9,2,0.6294326241134752,0.718
cub200,m3_fot,0,8,8,0,0.7679856115107914,0.854
cub200,m3_fot,0,8,9,1,0.7050359712230215,0.766
cub200,m3_fot,0,9,9,0,0.6764199655765921,0.7911646586345381
cub200,m3_fot,1,0,0,0,0.9081455805892548,0.9458917835671342
cub200,m3_fot,1,0,1,1,0.878682842287695,0.8797595190380761
cub200,m3_fot,1,0,2,2,0.7972270363951474,0.8056112224448898
cub200,m3_fot,1,0,3,3,0.7868284228769498,0.7955911823647295
cub200,m3_fot,1,0,4,4,0.7764298093587522,0.8056112224448898
cub200,m3_fot,1,0,5,5,0.7590987868284229,0.8016032064128257
cub200,m3_fot,1,0,6,6,0.75736568457539,0.7975951903807615
cub200,m3_fot,1,0,7,7,0.7608318890814558,0.7895791583166333
cub200,m3_fot,1,0,8,8,0.7608318890814558,0.7895791583166333
cub200,m3_fot,1,0,9,9,0.7660311958405546,0.7975951903807615
cub200,m3_fot,1,1,1,0,0.4149305555555556,0.51
cub200,m3_fot,1,1,2,1,0.7621527777777778,0.824
cub200,m3_fot,1,1,3,2,0.8090277777777778,0.866
cub200,m3_fot,1,1,4,3,0.7951388888888888,0.828
cub200,m3_fot,1,1,5,4,0.7638888888888888,0.816
cub200,m3_fot,1,1,6,5,0.7413194444444444,0.808
cub200,m3_fot,1,1,7,6,0.7465277777777778,0.822
cub200,m3_fot,1,1,8,7,0.7204861111111112,0.796
cub200,m3_fot,1,1,9,8,0.6579861111111112,0.768
cub200,m3_fot,1,2,2,0,0.6024955436720143,0.6726907630522089
cub200,m3_fot,1,2,3,1,0.661319073083779,0.7208835341365462
cub200,m3_fot,1,2,4,2,0.7183600713012478,0.7991967871485943
cub200,m3_fot,1,2,5,3,0.7486631016042781,0.8112449799196787
cub200,m3_fot,1,2,6,4,0.6809269162210339,0.7831325301204819
cub200,m3_fot,1,2,7,5,0.6684491978609626,0.7751004016064257
cub200,m3_fot,1,2,8,6,0.6559714795008913,0.7590361445783133
cub200,m3_fot,1,2,9,7,0.6702317290552585,0.8012048192771084
cub200,m3_fot,1,3,3,0,0.7140319715808171,0.8156312625250501
cub200,m3_fot,1,3,4,1,0.7424511545293073,0.8336673346693386
cub200,m3_fot,1,3,5,2,0.7104795737122558,0.781563126252505
cub200,m3_fot,1,3,6,3,0.6927175843694494,0.7695390781563126
cub200,m3_fot,1,3,7,4,0.7175843694493783,0.8156312625250501
cub200,m3_fot,1,3,8,5,0.7584369449378331,0.8376753507014028
cub200,m3_fot,1,3,9,6,0.783303730017762,0.845691382765531
cub200,m3_fot,1,4,4,0,0.5604026845637584,0.646
cub200,m3_fot,1,4,5,1,0.5906040268456376,0.684
cub200,m3_fot,1,4,6,2,0.6812080536912751,0.802
cub200,m3_fot,1,4,7,3,0.5956375838926175,0.694
cub200,m3_fot,1,4,8,4,0.6090604026845637,0.728
cub200,m3_fot,1,4,9,5,0.6241610738255033,0.734
cub200,m3_fot,1,5,5,0,0.7184115523465704,0.752
cub200,m3_fot,1,5,6,1,0.6028880866425993,0.668
cub200,m3_fot,1,5,7,2,0.6732851985559567,0.756
cub200,m3_fot,1,5,8,3,0.6498194945848376,0.744
cub200,m3_fot,1,5,9,4,0.6859205776173285,0.764
cub200,m3_fot,1,6,6,0,0.6266891891891891,0.712
cub200,m3_fot,1,6,7,1,0.5793918918918919,0.658
cub200,m3_fot,1,6,8,2,0.5540540540540541,0.652
cub200,m3_fot,1,6,9,3,0.5557432432432432,0.64
cub200,m3_fot,1,7,7,0,0.6593220338983051,0.749498997995992
cub200,m3_fot,1,7,8,1,0.6389830508474577,0.7154308617234469
cub200,m3_fot,1,7,9,2,0.5898305084745763,0.6813627254509018
cub200,m3_fot,1,8,8,0,0.7663865546218488,0.8296593186372746
cub200,m3_fot,1,8,9,1,0.5966386554621849,0.6773547094188377
cub200,m3_fot,1,9,9,0,0.8135593220338984,0.868
cub200,m3_fot,2,0,0,0,0.930976430976431,0.938
cub200,m3_fot,2,0,1,1,0.8181818181818182,0.818
cub200,m3_fot,2,0,2,2,0.7070707070707071,0.77
cub200,m3_fot,2,0,3,3,0.7323232323232324,0.814
cub200,m3_fot,2,0,4,4,0.8047138047138047,0.838
cub200,m3_fot,2,0,5,5,0.7996632996632996,0.84
cub200,m3_fot,2,0,6,6,0.8249158249158249,0.848
cub200,m3_fot,2,0,7,7,0.7525252525252525,0.794
cub200,m3_fot,2,0,8,8,0.7508417508417509,0.798
cub200,m3_fot,2,0,9,9,0.7323232323232324,0.796
cub200,m3_fot,2,1,1,0,0.49246231155778897,0.546
cub200,m3_fot,2,1,2,1,0.7654941373534339,0.838
cub200,m3_fot,2,1,3,2,0.8827470686767169,0.922
cub200,m3_fot,2,1,4,3,0.8140703517587939,0.844
cub200,m3_fot,2,1,5,4,0.7721943048576214,0.8
cub200,m3_fot,2,1,6,5,0.695142378559464,0.748
cub200,m3_fot,2,1,7,6,0.661641541038526,0.746
cub200,m3_fot,2,1,8,7,0.7135678391959799,0.784
cub200,m3_fot,2,1,9,8,0.7068676716917923,0.784
cub200,m3_fot,2,2,2,0,0.7283737024221453,0.784
cub200,m3_fot,2,2,3,1,0.7145328719723183,0.796
cub200,m3_fot,2,2,4,2,0.7335640138408305,0.796
cub200,m3_fot,2,2,5,3,0.6539792387543253,0.752
cub200,m3_fot,2,2,6,4,0.6626297577854672,0.766
cub200,m3_fot,2,2,7,5,0.6833910034602076,0.8
cub200,m3_fot,2,2,8,6,0.6972318339100346,0.808
cub200,m3_fot,2,2,9,7,0.6955017301038062,0.816
cub200,m3_fot,2,3,3,0,0.6034782608695652,0.676056338028169
cub200,m3_fot,2,3,4,1,0.6139130434782609,0.6861167002012073
cub200,m3_fot,2,3,5,2,0.5930434782608696,0.6961770623742455
cub200,m3_fot,2,3,6,3,0.648695652173913,0.7424547283702213
cub200,m3_fot,2,3,7,4,0.648695652173913,0.7525150905432596
cub200,m3_fot,2,3,8,5,0.6521739130434783,0.7565392354124748
cub200,m3_fot,2,3,9,6,0.662608695652174,0.7605633802816901
cub200,m3_fot,2,4,4,0,0.7094017094017094,0.8
cub200,m3_fot,2,4,5,1,0.67008547008547,0.726
cub200,m3_fot,2,4,6,2,0.6461538461538462,0.698
cub200,m3_fot,2,4,7,3,0.6820512820512821,0.726
cub200,m3_fot,2,4,8,4,0.6923076923076923,0.748
cub200,m3_fot,2,4,9,5,0.6632478632478632,0.752
cub200,m3_fot,2,5,5,0,0.7934782608695652,0.872
cub200,m3_fot,2,5,6,1,0.7971014492753623,0.858
cub200,m3_fot,2,5,7,2,0.7481884057971014,0.844
cub200,m3_fot,2,5,8,3,0.7807971014492754,0.842
cub200,m3_fot,2,5,9,4,0.7898550724637681,0.84
cub200,m3_fot,2,6,6,0,0.8603066439522998,0.892
cub200,m3_fot,2,6,7,1,0.7751277683134583,0.81
cub200,m3_fot,2,6,8,2,0.7308347529812607,0.774
cub200,m3_fot,2,6,9,3,0.6848381601362862,0.724
cub200,m3_fot,2,7,7,0,0.7046632124352331,0.7975951903807615
cub200,m3_fot,2,7,8,1,0.47150259067357514,0.5711422845691383
cub200,m3_fot,2,7,9,2,0.47322970639032813,0.5591182364729459
cub200,m3_fot,2,8,8,0,0.7950530035335689,0.8937875751503006
cub200,m3_fot,2,8,9,1,0.715547703180212,0.8236472945891784
cub200,m3_fot,2,9,9,0,0.5955249569707401,0.7454909819639278
cub200,m3_fot,3,0,0,0,0.8342342342342343,0.892
cub200,m3_fot,3,0,1,1,0.8666666666666667,0.908
cub200,m3_fot,3,0,2,2,0.8306306306306306,0.858
cub200,m3_fot,3,0,3,3,0.8486486486486486,0.87
cub200,m3_fot,3,0,4,4,0.7765765765765765,0.816
cub200,m3_fot,3,0,5,5,0.7927927927927928,0.834
cub200,m3_fot,3,0,6,6,0.7837837837837838,0.828
cub200,m3_fot,3,0,7,7,0.7657657657657657,0.816
cub200,m3_fot,3,0,8,8,0.7585585585585586,0.804
cub200,m3_fot,3,0,9,9,0.7351351351351352,0.79
cub200,m3_fot,3,1,1,0,0.3597972972972973,0.416
cub200,m3_fot,3,1,2,1,0.6418918918918919,0.692
cub200,m3_fot,3,1,3,2,0.7618243243243243,0.808
cub200,m3_fot,3,1,4,3,0.7753378378378378,0.836
cub200,m3_fot,3,1,5,4,0.6655405405405406,0.708
cub200,m3_fot,3,1,6,5,0.6266891891891891,0.684
cub200,m3_fot,3,1,7,6,0.6503378378378378,0.744
cub200,m3_fot,3,1,8,7,0.6722972972972973,0.758
cub200,m3_fot,3,1,9,8,0.7094594594594594,0.788
cub200,m3_fot,3,2,2,0,0.5551782682512734,0.627254509018036
cub200,m3_fot,3,2,3,1,0.6417657045840407,0.7314629258517034
cub200,m3_fot,3,2,4,2,0.7079796264855688,0.7915831663326653
cub200,m3_fot,3,2,5,3,0.6977928692699491,0.7555110220440882
cub200,m3_fot,3,2,6,4,0.6808149405772496,0.751503006012024
cub200,m3_fot,3,2,7,5,0.6519524617996605,0.7194388777555111
cub200,m3_fot,3,2,8,6,0.6146010186757216,0.687374749498998
cub200,m3_fot,3,2,9,7,0.629881154499151,0.7134268537074149
cub200,m3_fot,3,3,3,0,0.6655290102389079,0.7429718875502008
cub200,m3_fot,3,3,4,1,0.6791808873720137,0.7610441767068273
cub200,m3_fot,3,3,5,2,0.7866894197952219,0.8594377510040161
cub200,m3_fot,3,3,6,3,0.764505119453925,0.8473895582329317
cub200,m3_fot,3,3,7,4,0.7235494880546075,0.8012048192771084
cub200,m3_fot,3,3,8,5,0.7815699658703071,0.8393574297188755
cub200,m3_fot,3,3,9,6,0.7849829351535836,0.8473895582329317
cub200,m3_fot,3,4,4,0,0.6958041958041958,0.754
cub200,m3_fot,3,4,5,1,0.6136363636363636,0.714
cub200,m3_fot,3,4,6,2,0.6520979020979021,0.742
cub200,m3_fot,3,4,7,3,0.6031468531468531,0.72
cub200,m3_fot,3,4,8,4,0.5472027972027972,0.664
cub200,m3_fot,3,4,9,5,0.5699300699300699,0.718
cub200,m3_fot,3,5,5,0,0.6228668941979523,0.714
cub200,m3_fot,3,5,6,1,0.6518771331058021,0.762
cub200,m3_fot,3,5,7,2,0.7047781569965871,0.788
cub200,m3_fot,3,5,8,3,0.6348122866894198,0.704
cub200,m3_fot,3,5,9,4,0.6262798634812287,0.698
cub200,m3_fot,3,6,6,0,0.8170515097690941,0.8717434869739479
cub200,m3_fot,3,6,7,1,0.8472468916518651,0.9118236472945892
cub200,m3_fot,3,6,8,2,0.8579040852575488,0.9118236472945892
cub200,m3_fot,3,6,9,3,0.8472468916518651,0.905811623246493
cub200,m3_fot,3,7,7,0,0.6592082616179001,0.776
cub200,m3_fot,3,7,8,1,0.6557659208261618,0.772
cub200,m3_fot,3,7,9,2,0.6419965576592083,0.732
cub200,m3_fot,3,8,8,0,0.6884681583476764,0.7695390781563126
cub200,m3_fot,3,8,9,1,0.621342512908778,0.6933867735470942
cub200,m3_fot,3,9,9,0,0.7266553480475382,0.7835671342685371
cub200,m3_fot,4,0,0,0,0.9021922428330523,0.918
cub200,m3_fot,4,0,1,1,0.8448566610455311,0.854
cub200,m3_fot,4,0,2,2,0.7453625632377741,0.78
cub200,m3_fot,4,0,3,3,0.6509274873524452,0.688
cub200,m3_fot,4,0,4,4,0.6694772344013491,0.696
cub200,m3_fot,4,0,5,5,0.6644182124789207,0.712
cub200,m3_fot,4,0,6,6,0.6812816188870152,0.734
cub200,m3_fot,4,0,7,7,0.7116357504215851,0.776
cub200,m3_fot,4,0,8,8,0.7436762225969646,0.788
cub200,m3_fot,4,0,9,9,0.7521079258010118,0.802
cub200,m3_fot,4,1,1,0,0.6028368794326241,0.666
cub200,m3_fot,4,1,2,1,0.7322695035460993,0.774
cub200,m3_fot,4,1,3,2,0.7127659574468085,0.758
cub200,m3_fot,4,1,4,3,0.6684397163120568,0.712
cub200,m3_fot,4,1,5,4,0.700354609929078,0.76
cub200,m3_fot,4,1,6,5,0.6471631205673759,0.678
cub200,m3_fot,4,1,7,6,0.6187943262411347,0.652
cub200,m3_fot,4,1,8,7,0.5797872340425532,0.624
cub200,m3_fot,4,1,9,8,0.5531914893617021,0.614
cub200,m3_fot,4,2,2,0,0.7779816513761468,0.848
cub200,m3_fot,4,2,3,1,0.8385321100917431,0.894
cub200,m3_fot,4,2,4,2,0.8403669724770643,0.902
cub200,m3_fot,4,2,5,3,0.8642201834862385,0.898
cub200,m3_fot,4,2,6,4,0.8275229357798165,0.876
cub200,m3_fot,4,2,7,5,0.744954128440367,0.834
cub200,m3_fot,4,2,8,6,0.7614678899082569,0.86
cub200,m3_fot,4,2,9,7,0.7376146788990826,0.882
cub200,m3_fot,4,3,3,0,0.7137809187279152,0.7835671342685371
cub200,m3_fot,4,3,4,1,0.7544169611307421,0.7995991983967936
cub200,m3_fot,4,3,5,2,0.7102473498233216,0.7875751503006012
cub200,m3_fot,4,3,6,3,0.657243816254417,0.7535070140280561
cub200,m3_fot,4,3,7,4,0.6484098939929329,0.7314629258517034
cub200,m3_fot,4,3,8,5,0.6395759717314488,0.7274549098196392
cub200,m3_fot,4,3,9,6,0.6289752650176679,0.7314629258517034
cub200,m3_fot,4,4,4,0,0.7935153583617748,0.844
cub200,m3_fot,4,4,5,1,0.7679180887372014,0.832
cub200,m3_fot,4,4,6,2,0.7235494880546075,0.804
cub200,m3_fot,4,4,7,3,0.6296928327645052,0.714
cub200,m3_fot,4,4,8,4,0.5204778156996587,0.628
cub200,m3_fot,4,4,9,5,0.5546075085324232,0.694
cub200,m3_fot,4,5,5,0,0.8452380952380952,0.9357429718875502
cub200,m3_fot,4,5,6,1,0.8214285714285714,0.8995983935742972
cub200,m3_fot,4,5,7,2,0.7312925170068028,0.8072289156626506
cub200,m3_fot,4,5,8,3,0.6802721088435374,0.751004016064257
cub200,m3_fot,4,5,9,4,0.6122448979591837,0.7108433734939759
cub200,m3_fot,4,6,6,0,0.7027491408934707,0.834
cub200,m3_fot,4,6,7,1,0.6443298969072165,0.8
cub200,m3_fot,4,6,8,2,0.7061855670103093,0.838
cub200,m3_fot,4,6,9,3,0.6632302405498282,0.776
cub200,m3_fot,4,7,7,0,0.8157453936348409,0.891566265060241
cub200,m3_fot,4,7,8,1,0.7135678391959799,0.8052208835341366
cub200,m3_fot,4,7,9,2,0.542713567839196,0.6465863453815262
cub200,m3_fot,4,8,8,0,0.8368055555555556,0.908
cub200,m3_fot,4,8,9,1,0.8420138888888888,0.894
cub200,m3_fot,4,9,9,0,0.7671691792294807,0.8557114228456913
cub200,m4_proto,0,0,0,0,0.9828767123287672,0.986
cub200,m4_proto,0,0,1,1,0.9657534246575342,0.974
cub200,m4_proto,0,0,2,2,0.940068493150685,0.964
cub200,m4_proto,0,0,3,3,0.9178082191780822,0.954
cub200,m4_proto,0,0,4,4,0.910958904109589,0.95
cub200,m4_proto,0,0,5,5,0.898972602739726,0.94
cub200,m4_proto,0,0,6,6,0.8955479452054794,0.936
cub200,m4_proto,0,0,7,7,0.8784246575342466,0.934
cub200,m4_proto,0,0,8,8,0.8767123287671232,0.934
cub200,m4_proto,0,0,9,9,0.875,0.932
cub200,m4_proto,0,1,1,0,0.9328859060402684,0.9658634538152611
cub200,m4_proto,0,1,2,1,0.9161073825503355,0.9497991967871486
cub200,m4_proto,0,1,3,2,0.9077181208053692,0.9477911646586346
cub200,m4_proto,0,1,4,3,0.9010067114093959,0.9457831325301205
cub200,m4_proto,0,1,5,4,0.8875838926174496,0.9357429718875502
cub200,m4_proto,0,1,6,5,0.8758389261744967,0.9337349397590361
cub200,m4_proto,0,1,7,6,0.8540268456375839,0.929718875502008
cub200,m4_proto,0,1,8,7,0.8489932885906041,0.9236947791164659
cub200,m4_proto,0,1,9,8,0.8406040268456376,0.9176706827309237
cub200,m4_proto,0,2,2,0,0.9285714285714286,0.962
cub200,m4_proto,0,2,3,1,0.9115646258503401,0.952
cub200,m4_proto,0,2,4,2,0.8945578231292517,0.944
cub200,m4_proto,0,2,5,3,0.8877551020408163,0.934
cub200,m4_proto,0,2,6,4,0.8605442176870748,0.926
cub200,m4_proto,0,2,7,5,0.8452380952380952,0.924
cub200,m4_proto,0,2,8,6,0.8401360544217688,0.92
cub200,m4_proto,0,2,9,7,0.8163265306122449,0.916
cub200,m4_proto,0,3,3,0,0.9366438356164384,0.956
cub200,m4_proto,0,3,4,1,0.9178082191780822,0.946
cub200,m4_proto,0,3,5,2,0.9143835616438356,0.946
cub200,m4_proto,0,3,6,3,0.9126712328767124,0.942
cub200,m4_proto,0,3,7,4,0.910958904109589,0.94
cub200,m4_proto,0,3,8,5,0.910958904109589,0.94
cub200,m4_proto,0,3,9,6,0.9023972602739726,0.934
cub200,m4_proto,0,4,4,0,0.900523560209424,0.942
cub200,m4_proto,0,4,5,1,0.8848167539267016,0.924
cub200,m4_proto,0,4,6,2,0.8795811518324608,0.912
cub200,m4_proto,0,4,7,3,0.8778359511343804,0.912
cub200,m4_proto,0,4,8,4,0.8708551483420593,0.91
cub200,m4_proto,0,4,9,5,0.8621291448516579,0.906
cub200,m4_proto,0,5,5,0,0.892436974789916,0.9318637274549099
cub200,m4_proto,0,5,6,1,0.8739495798319328,0.9218436873747495
cub200,m4_proto,0,5,7,2,0.8739495798319328,0.9198396793587175
cub200,m4_proto,0,5,8,3,0.8554621848739495,0.9138276553106213
cub200,m4_proto,0,5,9,4,0.8504201680672269,0.9138276553106213
cub200,m4_proto,0,6,6,0,0.837696335078534,0.9278557114228457
cub200,m4_proto,0,6,7,1,0.8307155322862129,0.9198396793587175
cub200,m4_proto,0,6,8,2,0.8289703315881326,0.9178356713426854
cub200,m4_proto,0,6,9,3,0.8254799301919721,0.9178356713426854
cub200,m4_proto,0,7,7,0,0.8812056737588653,0.93
cub200,m4_proto,0,7,8,1,0.875886524822695,0.918
cub200,m4_proto,0,7,9,2,0.8528368794326241,0.902
cub200,m4_proto,0,8,8,0,0.9064748201438849,0.958
cub200,m4_proto,0,8,9,1,0.9010791366906474,0.952
cub200,m4_proto,0,9,9,0,0.8450946643717728,0.9116465863453815
cub200,m4_proto,1,0,0,0,0.9705372616984402,0.9819639278557114
cub200,m4_proto,1,0,1,1,0.9618717504332756,0.9799599198396793
cub200,m4_proto,1,0,2,2,0.9376083188908145,0.9719438877755511
cub200,m4_proto,1,0,3,3,0.9116117850953206,0.9579158316633266
cub200,m4_proto,1,0,4,4,0.901213171577123,0.9519038076152304
cub200,m4_proto,1,0,5,5,0.8908145580589255,0.9458917835671342
cub200,m4_proto,1,0,6,6,0.878682842287695,0.9378757515030061
cub200,m4_proto,1,0,7,7,0.8682842287694974,0.935871743486974
cub200,m4_proto,1,0,8,8,0.8613518197573656,0.9318637274549099
cub200,m4_proto,1,0,9,9,0.8578856152512998,0.9318637274549099
cub200,m4_proto,1,1,1,0,0.9496527777777778,0.98
cub200,m4_proto,1,1,2,1,0.9357638888888888,0.968
cub200,m4_proto,1,1,3,2,0.9236111111111112,0.968
cub200,m4_proto,1,1,4,3,0.9027777777777778,0.958
cub200,m4_proto,1,1,5,4,0.875,0.95
cub200,m4_proto,1,1,6,5,0.8680555555555556,0.944
cub200,m4_proto,1,1,7,6,0.8680555555555556,0.944
cub200,m4_proto,1,1,8,7,0.8489583333333334,0.934
cub200,m4_proto,1,1,9,8,0.8263888888888888,0.924
cub200,m4_proto,1,2,2,0,0.8894830659536542,0.9317269076305221
cub200,m4_proto,1,2,3,1,0.8894830659536542,0.927710843373494
cub200,m4_proto,1,2,4,2,0.8627450980392157,0.9136546184738956
cub200,m4_proto,1,2,5,3,0.8449197860962567,0.9096385542168675
cub200,m4_proto,1,2,6,4,0.8306595365418895,0.9016064257028112
cub200,m4_proto,1,2,7,5,0.8163992869875223,0.8995983935742972
cub200,m4_proto,1,2,8,6,0.8110516934046346,0.8955823293172691
cub200,m4_proto,1,2,9,7,0.8074866310160428,0.893574297188755
cub200,m4_proto,1,3,3,0,0.9325044404973357,0.9519038076152304
cub200,m4_proto,1,3,4,1,0.9325044404973357,0.9458917835671342
cub200,m4_proto,1,3,5,2,0.9218472468916519,0.9438877755511023
cub200,m4_proto,1,3,6,3,0.9058614564831261,0.9378757515030061
cub200,m4_proto,1,3,7,4,0.8898756660746003,0.9298597194388778
cub200,m4_proto,1,3,8,5,0.8880994671403197,0.9238476953907816
cub200,m4_proto,1,3,9,6,0.8863232682060391,0.9198396793587175
cub200,m4_proto,1,4,4,0,0.8875838926174496,0.94
cub200,m4_proto,1,4,5,1,0.8875838926174496,0.94
cub200,m4_proto,1,4,6,2,0.87751677852349,0.93
cub200,m4_proto,1,4,7,3,0.8657718120805369,0.926
cub200,m4_proto,1,4,8,4,0.8573825503355704,0.922
cub200,m4_proto,1,4,9,5,0.8573825503355704,0.922
cub200,m4_proto,1,5,5,0,0.9007220216606499,0.938
cub200,m4_proto,1,5,6,1,0.8935018050541517,0.934
cub200,m4_proto,1,5,7,2,0.8898916967509025,0.932
cub200,m4_proto,1,5,8,3,0.8880866425992779,0.924
cub200,m4_proto,1,5,9,4,0.8808664259927798,0.922
cub200,m4_proto,1,6,6,0,0.8783783783783784,0.932
cub200,m4_proto,1,6,7,1,0.856418918918919,0.928
cub200,m4_proto,1,6,8,2,0.839527027027027,0.916
cub200,m4_proto,1,6,9,3,0.8361486486486487,0.916
cub200,m4_proto,1,7,7,0,0.8661016949152542,0.9258517034068137
cub200,m4_proto,1,7,8,1,0.8627118644067797,0.9198396793587175
cub200,m4_proto,1,7,9,2,0.8593220338983051,0.9198396793587175
cub200,m4_proto,1,8,8,0,0.9042016806722689,0.9178356713426854
cub200,m4_proto,1,8,9,1,0.8756302521008403,0.9078156312625251
cub200,m4_proto,1,9,9,0,0.8813559322033898,0.946
cub200,m4_proto,2,0,0,0,0.968013468013468,0.96
cub200,m4_proto,2,0,1,1,0.9562289562289562,0.944
cub200,m4_proto,2,0,2,2,0.9107744107744108,0.924
cub200,m4_proto,2,0,3,3,0.877104377104377,0.912
cub200,m4_proto,2,0,4,4,0.8754208754208754,0.908
cub200,m4_proto,2,0,5,5,0.8737373737373737,0.902
cub200,m4_proto,2,0,6,6,0.8636363636363636,0.894
cub200,m4_proto,2,0,7,7,0.8535353535353535,0.886
cub200,m4_proto,2,0,8,8,0.8501683501683501,0.882
cub200,m4_proto,2,0,9,9,0.835016835016835,0.876
cub200,m4_proto,2,1,1,0,0.9681742043551089,0.986
cub200,m4_proto,2,1,2,1,0.964824120603015,0.984
cub200,m4_proto,2,1,3,2,0.9564489112227805,0.98
cub200,m4_proto,2,1,4,3,0.9413735343383585,0.97
cub200,m4_proto,2,1,5,4,0.931323283082077,0.966
cub200,m4_proto,2,1,6,5,0.914572864321608,0.956
cub200,m4_proto,2,1,7,6,0.9028475711892797,0.952
cub200,m4_proto,2,1,8,7,0.8827470686767169,0.938
cub200,m4_proto,2,1,9,8,0.864321608040201,0.932
cub200,m4_proto,2,2,2,0,0.916955017301038,0.97
cub200,m4_proto,2,2,3,1,0.8788927335640139,0.96
cub200,m4_proto,2,2,4,2,0.8737024221453287,0.954
cub200,m4_proto,2,2,5,3,0.8685121107266436,0.952
cub200,m4_proto,2,2,6,4,0.8633217993079585,0.95
cub200,m4_proto,2,2,7,5,0.8373702422145328,0.934
cub200,m4_proto,2,2,8,6,0.8339100346020761,0.928
cub200,m4_proto,2,2,9,7,0.828719723183391,0.924
cub200,m4_proto,2,3,3,0,0.9147826086956522,0.9637826961770624
cub200,m4_proto,2,3,4,1,0.888695652173913,0.9456740442655935
cub200,m4_proto,2,3,5,2,0.871304347826087,0.9436619718309859
cub200,m4_proto,2,3,6,3,0.8678260869565217,0.9356136820925554
cub200,m4_proto,2,3,7,4,0.8643478260869565,0.9336016096579477
cub200,m4_proto,2,3,8,5,0.8608695652173913,0.9336016096579477
cub200,m4_proto,2,3,9,6,0.8486956521739131,0.9275653923541247
cub200,m4_proto,2,4,4,0,0.9145299145299145,0.946
cub200,m4_proto,2,4,5,1,0.9076923076923077,0.936
cub200,m4_proto,2,4,6,2,0.882051282051282,0.928
cub200,m4_proto,2,4,7,3,0.8769230769230769,0.928
cub200,m4_proto,2,4,8,4,0.8615384615384616,0.92
cub200,m4_proto,2,4,9,5,0.8461538461538461,0.916
cub200,m4_proto,2,5,5,0,0.9148550724637681,0.946
cub200,m4_proto,2,5,6,1,0.9130434782608695,0.946
cub200,m4_proto,2,5,7,2,0.907608695652174,0.944
cub200,m4_proto,2,5,8,3,0.8985507246376812,0.944
cub200,m4_proto,2,5,9,4,0.8894927536231884,0.942
cub200,m4_proto,2,6,6,0,0.9233390119250426,0.95
cub200,m4_proto,2,6,7,1,0.9148211243611585,0.94
cub200,m4_proto,2,6,8,2,0.9045996592844975,0.932
cub200,m4_proto,2,6,9,3,0.8977853492333902,0.926
cub200,m4_proto,2,7,7,0,0.8773747841105354,0.935871743486974
cub200,m4_proto,2,7,8,1,0.8514680483592401,0.9198396793587175
cub200,m4_proto,2,7,9,2,0.8307426597582038,0.9118236472945892
cub200,m4_proto,2,8,8,0,0.8674911660777385,0.9258517034068137
cub200,m4_proto,2,8,9,1,0.8604240282685512,0.9158316633266533
cub200,m4_proto,2,9,9,0,0.8691910499139415,0.9318637274549099
cub200,m4_proto,3,0,0,0,0.9657657657657658,0.986
cub200,m4_proto,3,0,1,1,0.9567567567567568,0.974
cub200,m4_proto,3,0,2,2,0.9513513513513514,0.97
cub200,m4_proto,3,0,3,3,0.9279279279279279,0.96
cub200,m4_proto,3,0,4,4,0.9261261261261261,0.96
cub200,m4_proto,3,0,5,5,0.9081081081081082,0.942
cub200,m4_proto,3,0,6,6,0.8990990990990991,0.94
cub200,m4_proto,3,0,7,7,0.8936936936936937,0.94
cub200,m4_proto,3,0,8,8,0.8684684684684685,0.924
cub200,m4_proto,3,0,9,9,0.8576576576576577,0.918
cub200,m4_proto,3,1,1,0,0.9442567567567568,0.978
cub200,m4_proto,3,1,2,1,0.9290540540540541,0.974
cub200,m4_proto,3,1,3,2,0.9273648648648649,0.972
cub200,m4_proto,3,1,4,3,0.9070945945945946,0.952
cub200,m4_proto,3,1,5,4,0.8885135135135135,0.942
cub200,m4_proto,3,1,6,5,0.8834459459459459,0.934
cub200,m4_proto,3,1,7,6,0.8834459459459459,0.932
cub200,m4_proto,3,1,8,7,0.8800675675675675,0.93
cub200,m4_proto,3,1,9,8,0.8766891891891891,0.924
cub200,m4_proto,3,2,2,0,0.9388794567062818,0.9679358717434869
cub200,m4_proto,3,2,3,1,0.9066213921901528,0.9519038076152304
cub200,m4_proto,3,2,4,2,0.8777589134125636,0.9378757515030061
cub200,m4_proto,3,2,5,3,0.8692699490662139,0.935871743486974
cub200,m4_proto,3,2,6,4,0.8607809847198642,0.9298597194388778
cub200,m4_proto,3,2,7,5,0.8539898132427843,0.9258517034068137
cub200,m4_proto,3,2,8,6,0.8421052631578947,0.9178356713426854
cub200,m4_proto,3,2,9,7,0.8387096774193549,0.9158316633266533
cub200,m4_proto,3,3,3,0,0.9044368600682594,0.9518072289156626
cub200,m4_proto,3,3,4,1,0.9010238907849829,0.9497991967871486
cub200,m4_proto,3,3,5,2,0.8959044368600683,0.9497991967871486
cub200,m4_proto,3,3,6,3,0.89419795221843,0.9457831325301205
cub200,m4_proto,3,3,7,4,0.8924914675767918,0.9437751004016064
cub200,m4_proto,3,3,8,5,0.8890784982935154,0.9377510040160643
cub200,m4_proto,3,3,9,6,0.8873720136518771,0.9377510040160643
cub200,m4_proto,3,4,4,0,0.9055944055944056,0.958
cub200,m4_proto,3,4,5,1,0.8811188811188811,0.952
cub200,m4_proto,3,4,6,2,0.8706293706293706,0.95
cub200,m4_proto,3,4,7,3,0.8601398601398601,0.944
cub200,m4_proto,3,4,8,4,0.8251748251748252,0.936
cub200,m4_proto,3,4,9,5,0.8199300699300699,0.932
cub200,m4_proto,3,5,5,0,0.8754266211604096,0.954
cub200,m4_proto,3,5,6,1,0.8737201365187713,0.952
cub200,m4_proto,3,5,7,2,0.8703071672354948,0.95
cub200,m4_proto,3,5,8,3,0.8361774744027304,0.928
cub200,m4_proto,3,5,9,4,0.8139931740614335,0.92
cub200,m4_proto,3,6,6,0,0.911190053285968,0.935871743486974
cub200,m4_proto,3,6,7,1,0.911190053285968,0.935871743486974
cub200,m4_proto,3,6,8,2,0.911190053285968,0.9318637274549099
cub200,m4_proto,3,6,9,3,0.9094138543516874,0.9278557114228457
cub200,m4_proto,3,7,7,0,0.9225473321858864,0.944
cub200,m4_proto,3,7,8,1,0.9208261617900172,0.94
cub200,m4_proto,3,7,9,2,0.9018932874354562,0.934
cub200,m4_proto,3,8,8,0,0.8726333907056799,0.9118236472945892
cub200,m4_proto,3,8,9,1,0.8605851979345955,0.905811623246493
cub200,m4_proto,3,9,9,0,0.8047538200339559,0.8877755511022044
cub200,m4_proto,4,0,0,0,0.9747048903878583,0.988
cub200,m4_proto,4,0,1,1,0.954468802698145,0.972
cub200,m4_proto,4,0,2,2,0.9291736930860034,0.964
cub200,m4_proto,4,0,3,3,0.8920741989881956,0.948
cub200,m4_proto,4,0,4,4,0.8903878583473862,0.942
cub200,m4_proto,4,0,5,5,0.8887015177065767,0.934
cub200,m4_proto,4,0,6,6,0.8836424957841484,0.922
cub200,m4_proto,4,0,7,7,0.8735244519392917,0.914
cub200,m4_proto,4,0,8,8,0.8718381112984823,0.914
cub200,m4_proto,4,0,9,9,0.8718381112984823,0.912
cub200,m4_proto,4,1,1,0,0.9627659574468085,0.974
cub200,m4_proto,4,1,2,1,0.9521276595744681,0.972
cub200,m4_proto,4,1,3,2,0.9468085106382979,0.968
cub200,m4_proto,4,1,4,3,0.9273049645390071,0.962
cub200,m4_proto,4,1,5,4,0.9237588652482269,0.962
cub200,m4_proto,4,1,6,5,0.8936170212765957,0.946
cub200,m4_proto,4,1,7,6,0.8865248226950354,0.944
cub200,m4_proto,4,1,8,7,0.8865248226950354,0.942
cub200,m4_proto,4,1,9,8,0.8794326241134752,0.942
cub200,m4_proto,4,2,2,0,0.9192660550458716,0.966
cub200,m4_proto,4,2,3,1,0.9137614678899083,0.964
cub200,m4_proto,4,2,4,2,0.9119266055045872,0.96
cub200,m4_proto,4,2,5,3,0.9027522935779817,0.946
cub200,m4_proto,4,2,6,4,0.8954128440366973,0.938
cub200,m4_proto,4,2,7,5,0.8899082568807339,0.934
cub200,m4_proto,4,2,8,6,0.8807339449541285,0.928
cub200,m4_proto,4,2,9,7,0.8697247706422019,0.926
cub200,m4_proto,4,3,3,0,0.9399293286219081,0.9679358717434869
cub200,m4_proto,4,3,4,1,0.9363957597173145,0.9639278557114228
cub200,m4_proto,4,3,5,2,0.9081272084805654,0.9478957915831663
cub200,m4_proto,4,3,6,3,0.8886925795053003,0.9338677354709419
cub200,m4_proto,4,3,7,4,0.8586572438162544,0.9238476953907816
cub200,m4_proto,4,3,8,5,0.8568904593639576,0.9158316633266533
cub200,m4_proto,4,3,9,6,0.8409893992932862,0.9138276553106213
cub200,m4_proto,4,4,4,0,0.9027303754266212,0.958
cub200,m4_proto,4,4,5,1,0.8959044368600683,0.95
cub200,m4_proto,4,4,6,2,0.8839590443686007,0.944
cub200,m4_proto,4,4,7,3,0.8651877133105802,0.93
cub200,m4_proto,4,4,8,4,0.8651877133105802,0.926
cub200,m4_proto,4,4,9,5,0.8651877133105802,0.924
cub200,m4_proto,4,5,5,0,0.9030612244897959,0.9558232931726908
cub200,m4_proto,4,5,6,1,0.8945578231292517,0.9477911646586346
cub200,m4_proto,4,5,7,2,0.8843537414965986,0.9477911646586346
cub200,m4_proto,4,5,8,3,0.8843537414965986,0.9397590361445783
cub200,m4_proto,4,5,9,4,0.8503401360544217,0.929718875502008
cub200,m4_proto,4,6,6,0,0.8711340206185567,0.906
cub200,m4_proto,4,6,7,1,0.865979381443299,0.9
cub200,m4_proto,4,6,8,2,0.865979381443299,0.9
cub200,m4_proto,4,6,9,3,0.8556701030927835,0.886
cub200,m4_proto,4,7,7,0,0.8442211055276382,0.9116465863453815
cub200,m4_proto,4,7,8,1,0.8408710217755444,0.9116465863453815
cub200,m4_proto,4,7,9,2,0.8274706867671692,0.9056224899598394
cub200,m4_proto,4,8,8,0,0.9357638888888888,0.958
cub200,m4_proto,4,8,9,1,0.9305555555555556,0.958
cub200,m4_proto,4,9,9,0,0.7822445561139029,0.905811623246493
cub200,m5_hybrid_replay,0,0,0,0,0.886986301369863,0.912
cub200,m5_hybrid_replay,0,0,1,1,0.8784246575342466,0.896
cub200,m5_hybrid_replay,0,0,2,2,0.940068493150685,0.978
cub200,m5_hybrid_replay,0,0,3,3,0.916095890410959,0.978
cub200,m5_hybrid_replay,0,0,4,4,0.9263698630136986,0.982
cub200,m5_hybrid_replay,0,0,5,5,0.910958904109589,0.974
cub200,m5_hybrid_replay,0,0,6,6,0.910958904109589,0.96
cub200,m5_hybrid_replay,0,0,7,7,0.9178082191780822,0.978
cub200,m5_hybrid_replay,0,0,8,8,0.9143835616438356,0.976
cub200,m5_hybrid_replay,0,0,9,9,0.9023972602739726,0.974
cub200,m5_hybrid_replay,0,1,1,0,0.7181208053691275,0.7630522088353414
cub200,m5_hybrid_replay,0,1,2,1,0.8489932885906041,0.9096385542168675
cub200,m5_hybrid_replay,0,1,3,2,0.8993288590604027,0.9457831325301205
cub200,m5_hybrid_replay,0,1,4,3,0.8859060402684564,0.9477911646586346
cub200,m5_hybrid_replay,0,1,5,4,0.8909395973154363,0.9538152610441767
cub200,m5_hybrid_replay,0,1,6,5,0.8875838926174496,0.9518072289156626
cub200,m5_hybrid_replay,0,1,7,6,0.8506711409395973,0.929718875502008
cub200,m5_hybrid_replay,0,1,8,7,0.8557046979865772,0.9497991967871486
cub200,m5_hybrid_replay,0,1,9,8,0.8456375838926175,0.9457831325301205
cub200,m5_hybrid_replay,0,2,2,0,0.54421768707483,0.636
cub200,m5_hybrid_replay,0,2,3,1,0.8741496598639455,0.916
cub200,m5_hybrid_replay,0,2,4,2,0.8928571428571429,0.944
cub200,m5_hybrid_replay,0,2,5,3,0.8435374149659864,0.928
cub200,m5_hybrid_replay,0,2,6,4,0.8248299319727891,0.888
cub200,m5_hybrid_replay,0,2,7,5,0.8520408163265306,0.928
cub200,m5_hybrid_replay,0,2,8,6,0.8707482993197279,0.932
cub200,m5_hybrid_replay,0,2,9,7,0.8248299319727891,0.93
cub200,m5_hybrid_replay,0,3,3,0,0.547945205479452,0.632
cub200,m5_hybrid_replay,0,3,4,1,0.8476027397260274,0.906
cub200,m5_hybrid_replay,0,3,5,2,0.8698630136986302,0.942
cub200,m5_hybrid_replay,0,3,6,3,0.8407534246575342,0.928
cub200,m5_hybrid_replay,0,3,7,4,0.8287671232876712,0.914
cub200,m5_hybrid_replay,0,3,8,5,0.8681506849315068,0.96
cub200,m5_hybrid_replay,0,3,9,6,0.8578767123287672,0.95
cub200,m5_hybrid_replay,0,4,4,0,0.5410122164048866,0.614
cub200,m5_hybrid_replay,0,4,5,1,0.7993019197207679,0.886
cub200,m5_hybrid_replay,0,4,6,2,0.8778359511343804,0.928
cub200,m5_hybrid_replay,0,4,7,3,0.8830715532286213,0.932
cub200,m5_hybrid_replay,0,4,8,4,0.8830715532286213,0.93
cub200,m5_hybrid_replay,0,4,9,5,0.8848167539267016,0.946
cub200,m5_hybrid_replay,0,5,5,0,0.41680672268907565,0.5190380761523046
cub200,m5_hybrid_replay,0,5,6,1,0.8084033613445378,0.8717434869739479
cub200,m5_hybrid_replay,0,5,7,2,0.8369747899159664,0.9018036072144289
cub200,m5_hybrid_replay,0,5,8,3,0.8521008403361344,0.9158316633266533
cub200,m5_hybrid_replay,0,5,9,4,0.8336134453781513,0.9158316633266533
cub200,m5_hybrid_replay,0,6,6,0,0.32111692844677137,0.40080160320641284
cub200,m5_hybrid_replay,0,6,7,1,0.7102966841186736,0.8476953907815631
cub200,m5_hybrid_replay,0,6,8,2,0.7504363001745201,0.8577154308617234
cub200,m5_hybrid_replay,0,6,9,3,0.8045375218150087,0.9078156312625251
cub200,m5_hybrid_replay,0,7,7,0,0.3776595744680851,0.426
cub200,m5_hybrid_replay,0,7,8,1,0.7464539007092199,0.838
cub200,m5_hybrid_replay,0,7,9,2,0.8102836879432624,0.894
cub200,m5_hybrid_replay,0,8,8,0,0.4568345323741007,0.532
cub200,m5_hybrid_replay,0,8,9,1,0.7464028776978417,0.85
cub200,m5_hybrid_replay,0,9,9,0,0.31153184165232356,0.3614457831325301
cub200,m5_hybrid_replay,1,0,0,0,0.8942807625649913,0.9418837675350702
cub200,m5_hybrid_replay,1,0,1,1,0.9133448873483535,0.935871743486974
cub200,m5_hybrid_replay,1,0,2,2,0.9532062391681109,0.9739478957915831
cub200,m5_hybrid_replay,1,0,3,3,0.9220103986135182,0.969939879759519
cub200,m5_hybrid_replay,1,0,4,4,0.9272097053726169,0.9679358717434869
cub200,m5_hybrid_replay,1,0,5,5,0.9237435008665511,0.9659318637274549
cub200,m5_hybrid_replay,1,0,6,6,0.9272097053726169,0.9659318637274549
cub200,m5_hybrid_replay,1,0,7,7,0.9202772963604853,0.9779559118236473
cub200,m5_hybrid_replay,1,0,8,8,0.901213171577123,0.9739478957915831
cub200,m5_hybrid_replay,1,0,9,9,0.8977469670710572,0.9759519038076152
cub200,m5_hybrid_replay,1,1,1,0,0.8125,0.9
cub200,m5_hybrid_replay,1,1,2,1,0.8715277777777778,0.918
cub200,m5_hybrid_replay,1,1,3,2,0.8802083333333334,0.946
cub200,m5_hybrid_replay,1,1,4,3,0.8958333333333334,0.956
cub200,m5_hybrid_replay,1,1,5,4,0.8767361111111112,0.972
cub200,m5_hybrid_replay,1,1,6,5,0.8802083333333334,0.958
cub200,m5_hybrid_replay,1,1,7,6,0.8854166666666666,0.96
cub200,m5_hybrid_replay,1,1,8,7,0.8940972222222222,0.98
cub200,m5_hybrid_replay,1,1,9,8,0.8663194444444444,0.97
cub200,m5_hybrid_replay,1,2,2,0,0.5418894830659536,0.6626506024096386
cub200,m5_hybrid_replay,1,2,3,1,0.8324420677361853,0.8975903614457831
cub200,m5_hybrid_replay,1,2,4,2,0.8431372549019608,0.9036144578313253
cub200,m5_hybrid_replay,1,2,5,3,0.8770053475935828,0.9437751004016064
cub200,m5_hybrid_replay,1,2,6,4,0.8859180035650623,0.9417670682730924
cub200,m5_hybrid_replay,1,2,7,5,0.8324420677361853,0.929718875502008
cub200,m5_hybrid_replay,1,2,8,6,0.8253119429590018,0.929718875502008
cub200,m5_hybrid_replay,1,2,9,7,0.8431372549019608,0.9497991967871486
cub200,m5_hybrid_replay,1,3,3,0,0.5115452930728241,0.6212424849699398
cub200,m5_hybrid_replay,1,3,4,1,0.8383658969804618,0.9078156312625251
cub200,m5_hybrid_replay,1,3,5,2,0.9023090586145648,0.9438877755511023
cub200,m5_hybrid_replay,1,3,6,3,0.866785079928952,0.9278557114228457
cub200,m5_hybrid_replay,1,3,7,4,0.8969804618117229,0.9438877755511023
cub200,m5_hybrid_replay,1,3,8,5,0.9147424511545293,0.9579158316633266
cub200,m5_hybrid_replay,1,3,9,6,0.8987566607460036,0.9599198396793587
cub200,m5_hybrid_replay,1,4,4,0,0.348993288590604,0.426
cub200,m5_hybrid_replay,1,4,5,1,0.7600671140939598,0.862
cub200,m5_hybrid_replay,1,4,6,2,0.8137583892617449,0.91
cub200,m5_hybrid_replay,1,4,7,3,0.8506711409395973,0.928
cub200,m5_hybrid_replay,1,4,8,4,0.8825503355704698,0.96
cub200,m5_hybrid_replay,1,4,9,5,0.8422818791946308,0.948
cub200,m5_hybrid_replay,1,5,5,0,0.41155234657039713,0.488
cub200,m5_hybrid_replay,1,5,6,1,0.7490974729241877,0.82
cub200,m5_hybrid_replay,1,5,7,2,0.8122743682310469,0.89
cub200,m5_hybrid_replay,1,5,8,3,0.8537906137184116,0.928
cub200,m5_hybrid_replay,1,5,9,4,0.8790613718411552,0.94
cub200,m5_hybrid_replay,1,6,6,0,0.3108108108108108,0.372
cub200,m5_hybrid_replay,1,6,7,1,0.6131756756756757,0.736
cub200,m5_hybrid_replay,1,6,8,2,0.7364864864864865,0.854
cub200,m5_hybrid_replay,1,6,9,3,0.7989864864864865,0.904
cub200,m5_hybrid_replay,1,7,7,0,0.18135593220338983,0.28256513026052105
cub200,m5_hybrid_replay,1,7,8,1,0.6220338983050847,0.7434869739478958
cub200,m5_hybrid_replay,1,7,9,2,0.7898305084745763,0.8997995991983968
cub200,m5_hybrid_replay,1,8,8,0,0.40336134453781514,0.4529058116232465
cub200,m5_hybrid_replay,1,8,9,1,0.7327731092436974,0.8296593186372746
cub200,m5_hybrid_replay,1,9,9,0,0.39322033898305087,0.506
cub200,m5_hybrid_replay,2,0,0,0,0.9225589225589226,0.926
cub200,m5_hybrid_replay,2,0,1,1,0.8754208754208754,0.882
cub200,m5_hybrid_replay,2,0,2,2,0.9545454545454546,0.952
cub200,m5_hybrid_replay,2,0,3,3,0.8552188552188552,0.884
cub200,m5_hybrid_replay,2,0,4,4,0.9242424242424242,0.956
cub200,m5_hybrid_replay,2,0,5,5,0.9057239057239057,0.946
cub200,m5_hybrid_replay,2,0,6,6,0.9175084175084175,0.962
cub200,m5_hybrid_replay,2,0,7,7,0.8552188552188552,0.926
cub200,m5_hybrid_replay,2,0,8,8,0.8602693602693603,0.934
cub200,m5_hybrid_replay,2,0,9,9,0.8535353535353535,0.938
cub200,m5_hybrid_replay,2,1,1,0,0.7939698492462312,0.84
cub200,m5_hybrid_replay,2,1,2,1,0.9564489112227805,0.982
cub200,m5_hybrid_replay,2,1,3,2,0.964824120603015,0.99
cub200,m5_hybrid_replay,2,1,4,3,0.9547738693467337,0.984
cub200,m5_hybrid_replay,2,1,5,4,0.9564489112227805,0.986
cub200,m5_hybrid_replay,2,1,6,5,0.9380234505862647,0.976
cub200,m5_hybrid_replay,2,1,7,6,0.9212730318257957,0.988
cub200,m5_hybrid_replay,2,1,8,7,0.8961474036850922,0.968
cub200,m5_hybrid_replay,2,1,9,8,0.8659966499162479,0.936
cub200,m5_hybrid_replay,2,2,2,0,0.6591695501730104,0.716
cub200,m5_hybrid_replay,2,2,3,1,0.9083044982698962,0.96
cub200,m5_hybrid_replay,2,2,4,2,0.8512110726643599,0.942
cub200,m5_hybrid_replay,2,2,5,3,0.8633217993079585,0.938
cub200,m5_hybrid_replay,2,2,6,4,0.8252595155709342,0.918
cub200,m5_hybrid_replay,2,2,7,5,0.8667820069204152,0.948
cub200,m5_hybrid_replay,2,2,8,6,0.8148788927335641,0.922
cub200,m5_hybrid_replay,2,2,9,7,0.8235294117647058,0.938
cub200,m5_hybrid_replay,2,3,3,0,0.40695652173913044,0.5110663983903421
cub200,m5_hybrid_replay,2,3,4,1,0.7930434782608695,0.9014084507042254
cub200,m5_hybrid_replay,2,3,5,2,0.7756521739130435,0.8853118712273642
cub200,m5_hybrid_replay,2,3,6,3,0.8295652173913044,0.9517102615694165
cub200,m5_hybrid_replay,2,3,7,4,0.8434782608695652,0.9557344064386318
cub200,m5_hybrid_replay,2,3,8,5,0.8347826086956521,0.9416498993963782
cub200,m5_hybrid_replay,2,3,9,6,0.871304347826087,0.9476861167002012
cub200,m5_hybrid_replay,2,4,4,0,0.5094017094017094,0.62
cub200,m5_hybrid_replay,2,4,5,1,0.770940170940171,0.856
cub200,m5_hybrid_replay,2,4,6,2,0.852991452991453,0.928
cub200,m5_hybrid_replay,2,4,7,3,0.841025641025641,0.92
cub200,m5_hybrid_replay,2,4,8,4,0.8735042735042735,0.938
cub200,m5_hybrid_replay,2,4,9,5,0.8888888888888888,0.944
cub200,m5_hybrid_replay,2,5,5,0,0.4963768115942029,0.564
cub200,m5_hybrid_replay,2,5,6,1,0.7862318840579711,0.88
cub200,m5_hybrid_replay,2,5,7,2,0.842391304347826,0.92
cub200,m5_hybrid_replay,2,5,8,3,0.8858695652173914,0.96
cub200,m5_hybrid_replay,2,5,9,4,0.8315217391304348,0.936
cub200,m5_hybrid_replay,2,6,6,0,0.46678023850085176,0.532
cub200,m5_hybrid_replay,2,6,7,1,0.7751277683134583,0.854
cub200,m5_hybrid_replay,2,6,8,2,0.8211243611584327,0.89
cub200,m5_hybrid_replay,2,6,9,3,0.8756388415672913,0.942
cub200,m5_hybrid_replay,2,7,7,0,0.24352331606217617,0.3186372745490982
cub200,m5_hybrid_replay,2,7,8,1,0.6511226252158895,0.7755511022044088
cub200,m5_hybrid_replay,2,7,9,2,0.7979274611398963,0.9038076152304609
cub200,m5_hybrid_replay,2,8,8,0,0.31625441696113077,0.38276553106212424
cub200,m5_hybrid_replay,2,8,9,1,0.6448763250883393,0.7655310621242485
cub200,m5_hybrid_replay,2,9,9,0,0.14113597246127366,0.20040080160320642
cub200,m5_hybrid_replay,3,0,0,0,0.8792792792792793,0.936
cub200,m5_hybrid_replay,3,0,1,1,0.9495495495495495,0.976
cub200,m5_hybrid_replay,3,0,2,2,0.9513513513513514,0.976
cub200,m5_hybrid_replay,3,0,3,3,0.9495495495495495,0.968
cub200,m5_hybrid_replay,3,0,4,4,0.9423423423423424,0.978
cub200,m5_hybrid_replay,3,0,5,5,0.9315315315315316,0.974
cub200,m5_hybrid_replay,3,0,6,6,0.9279279279279279,0.97
cub200,m5_hybrid_replay,3,0,7,7,0.8972972972972973,0.968
cub200,m5_hybrid_replay,3,0,8,8,0.9081081081081082,0.962
cub200,m5_hybrid_replay,3,0,9,9,0.8792792792792793,0.958
cub200,m5_hybrid_replay,3,1,1,0,0.7550675675675675,0.826
cub200,m5_hybrid_replay,3,1,2,1,0.8952702702702703,0.95
cub200,m5_hybrid_replay,3,1,3,2,0.9307432432432432,0.97
cub200,m5_hybrid_replay,3,1,4,3,0.875,0.938
cub200,m5_hybrid_replay,3,1,5,4,0.893581081081081,0.952
cub200,m5_hybrid_replay,3,1,6,5,0.8834459459459459,0.966
cub200,m5_hybrid_replay,3,1,7,6,0.910472972972973,0.97
cub200,m5_hybrid_replay,3,1,8,7,0.9054054054054054,0.976
cub200,m5_hybrid_replay,3,1,9,8,0.8597972972972973,0.962
cub200,m5_hybrid_replay,3,2,2,0,0.5806451612903226,0.6392785571142284
cub200,m5_hybrid_replay,3,2,3,1,0.8607809847198642,0.9258517034068137
cub200,m5_hybrid_replay,3,2,4,2,0.8675721561969439,0.9338677354709419
cub200,m5_hybrid_replay,3,2,5,3,0.8794567062818336,0.9519038076152304
cub200,m5_hybrid_replay,3,2,6,4,0.8743633276740238,0.9418837675350702
cub200,m5_hybrid_replay,3,2,7,5,0.8777589134125636,0.9498997995991983
cub200,m5_hybrid_replay,3,2,8,6,0.8404074702886248,0.9238476953907816
cub200,m5_hybrid_replay,3,2,9,7,0.8421052631578947,0.9478957915831663
cub200,m5_hybrid_replay,3,3,3,0,0.5426621160409556,0.6305220883534136
cub200,m5_hybrid_replay,3,3,4,1,0.8310580204778157,0.9076305220883534
cub200,m5_hybrid_replay,3,3,5,2,0.8686006825938567,0.9377510040160643
cub200,m5_hybrid_replay,3,3,6,3,0.8822525597269625,0.9357429718875502
cub200,m5_hybrid_replay,3,3,7,4,0.8703071672354948,0.9337349397590361
cub200,m5_hybrid_replay,3,3,8,5,0.8805460750853242,0.9477911646586346
cub200,m5_hybrid_replay,3,3,9,6,0.8720136518771331,0.9518072289156626
cub200,m5_hybrid_replay,3,4,4,0,0.4423076923076923,0.578
cub200,m5_hybrid_replay,3,4,5,1,0.833916083916084,0.904
cub200,m5_hybrid_replay,3,4,6,2,0.8479020979020979,0.914
cub200,m5_hybrid_replay,3,4,7,3,0.7972027972027972,0.878
cub200,m5_hybrid_replay,3,4,8,4,0.8548951048951049,0.944
cub200,m5_hybrid_replay,3,4,9,5,0.833916083916084,0.922
cub200,m5_hybrid_replay,3,5,5,0,0.23208191126279865,0.326
cub200,m5_hybrid_replay,3,5,6,1,0.6484641638225256,0.794
cub200,m5_hybrid_replay,3,5,7,2,0.8344709897610921,0.926
cub200,m5_hybrid_replay,3,5,8,3,0.7627986348122867,0.902
cub200,m5_hybrid_replay,3,5,9,4,0.7798634812286689,0.884
cub200,m5_hybrid_replay,3,6,6,0,0.4511545293072824,0.5130260521042084
cub200,m5_hybrid_replay,3,6,7,1,0.8063943161634103,0.87374749498998
cub200,m5_hybrid_replay,3,6,8,2,0.8507992895204263,0.9238476953907816
cub200,m5_hybrid_replay,3,6,9,3,0.8827708703374778,0.9539078156312625
cub200,m5_hybrid_replay,3,7,7,0,0.3407917383820998,0.428
cub200,m5_hybrid_replay,3,7,8,1,0.6764199655765921,0.82
cub200,m5_hybrid_replay,3,7,9,2,0.8227194492254734,0.924
cub200,m5_hybrid_replay,3,8,8,0,0.26506024096385544,0.28857715430861725
cub200,m5_hybrid_replay,3,8,9,1,0.6402753872633391,0.7114228456913828
cub200,m5_hybrid_replay,3,9,9,0,0.37521222410865873,0.43687374749499
cub200,m5_hybrid_replay,4,0,0,0,0.8903878583473862,0.904
cub200,m5_hybrid_replay,4,0,1,1,0.9376053962900506,0.964
cub200,m5_hybrid_replay,4,0,2,2,0.93929173693086,0.982
cub200,m5_hybrid_replay,4,0,3,3,0.8735244519392917,0.952
cub200,m5_hybrid_replay,4,0,4,4,0.8785834738617201,0.946
cub200,m5_hybrid_replay,4,0,5,5,0.8785834738617201,0.964
cub200,m5_hybrid_replay,4,0,6,6,0.8802698145025295,0.96
cub200,m5_hybrid_replay,4,0,7,7,0.8448566610455311,0.956
cub200,m5_hybrid_replay,4,0,8,8,0.866779089376054,0.966
cub200,m5_hybrid_replay,4,0,9,9,0.851602023608769,0.954
cub200,m5_hybrid_replay,4,1,1,0,0.824468085106383,0.88
cub200,m5_hybrid_replay,4,1,2,1,0.875886524822695,0.902
cub200,m5_hybrid_replay,4,1,3,2,0.9397163120567376,0.966
cub200,m5_hybrid_replay,4,1,4,3,0.9609929078014184,0.982
cub200,m5_hybrid_replay,4,1,5,4,0.9343971631205674,0.962
cub200,m5_hybrid_replay,4,1,6,5,0.9361702127659575,0.974
cub200,m5_hybrid_replay,4,1,7,6,0.9113475177304965,0.96
cub200,m5_hybrid_replay,4,1,8,7,0.9042553191489362,0.968
cub200,m5_hybrid_replay,4,1,9,8,0.875886524822695,0.96
cub200,m5_hybrid_replay,4,2,2,0,0.5779816513761468,0.644
cub200,m5_hybrid_replay,4,2,3,1,0.9100917431192661,0.962
cub200,m5_hybrid_replay,4,2,4,2,0.9119266055045872,0.966
cub200,m5_hybrid_replay,4,2,5,3,0.9174311926605505,0.97
cub200,m5_hybrid_replay,4,2,6,4,0.8899082568807339,0.954
cub200,m5_hybrid_replay,4,2,7,5,0.9174311926605505,0.964
cub200,m5_hybrid_replay,4,2,8,6,0.9174311926605505,0.974
cub200,m5_hybrid_replay,4,2,9,7,0.926605504587156,0.972
cub200,m5_hybrid_replay,4,3,3,0,0.5512367491166078,0.6693386773547094
cub200,m5_hybrid_replay,4,3,4,1,0.8745583038869258,0.9238476953907816
cub200,m5_hybrid_replay,4,3,5,2,0.9063604240282686,0.9539078156312625
cub200,m5_hybrid_replay,4,3,6,3,0.8409893992932862,0.9158316633266533
cub200,m5_hybrid_replay,4,3,7,4,0.8604240282685512,0.9238476953907816
cub200,m5_hybrid_replay,4,3,8,5,0.8780918727915195,0.9398797595190381
cub200,m5_hybrid_replay,4,3,9,6,0.872791519434629,0.9478957915831663
cub200,m5_hybrid_replay,4,4,4,0,0.48464163822525597,0.564
cub200,m5_hybrid_replay,4,4,5,1,0.7952218430034129,0.862
cub200,m5_hybrid_replay,4,4,6,2,0.8703071672354948,0.944
cub200,m5_hybrid_replay,4,4,7,3,0.8907849829351536,0.952
cub200,m5_hybrid_replay,4,4,8,4,0.8481228668941979,0.922
cub200,m5_hybrid_replay,4,4,9,5,0.8805460750853242,0.946
cub200,m5_hybrid_replay,4,5,5,0,0.4064625850340136,0.5200803212851406
cub200,m5_hybrid_replay,4,5,6,1,0.7755102040816326,0.8815261044176707
cub200,m5_hybrid_replay,4,5,7,2,0.8843537414965986,0.9397590361445783
cub200,m5_hybrid_replay,4,5,8,3,0.9149659863945578,0.9518072289156626
cub200,m5_hybrid_replay,4,5,9,4,0.8418367346938775,0.929718875502008
cub200,m5_hybrid_replay,4,6,6,0,0.25945017182130586,0.314
cub200,m5_hybrid_replay,4,6,7,1,0.6666666666666666,0.75
cub200,m5_hybrid_replay,4,6,8,2,0.8075601374570447,0.858
cub200,m5_hybrid_replay,4,6,9,3,0.8470790378006873,0.902
cub200,m5_hybrid_replay,4,7,7,0,0.31155778894472363,0.44779116465863456
cub200,m5_hybrid_replay,4,7,8,1,0.6649916247906198,0.7670682730923695
cub200,m5_hybrid_replay,4,7,9,2,0.8140703517587939,0.8895582329317269
cub200,m5_hybrid_replay,4,8,8,0,0.3090277777777778,0.386
cub200,m5_hybrid_replay,4,8,9,1,0.734375,0.82
cub200,m5_hybrid_replay,4,9,9,0,0.19262981574539365,0.2965931863727455
cub200,m8_analytic,0,0,0,0,0.9794520547945206,1.0
cub200,m8_analytic,0,0,1,1,0.9571917808219178,1.0
cub200,m8_analytic,0,0,2,2,0.9554794520547946,1.0
cub200,m8_analytic,0,0,3,3,0.9417808219178082,0.998
cub200,m8_analytic,0,0,4,4,0.9332191780821918,0.996
cub200,m8_analytic,0,0,5,5,0.9212328767123288,0.986
cub200,m8_analytic,0,0,6,6,0.9195205479452054,0.982
cub200,m8_analytic,0,0,7,7,0.9075342465753424,0.978
cub200,m8_analytic,0,0,8,8,0.9006849315068494,0.974
cub200,m8_analytic,0,0,9,9,0.9006849315068494,0.97
cub200,m8_analytic,0,1,1,0,0.924496644295302,1.0
cub200,m8_analytic,0,1,2,1,0.9295302013422819,0.9979919678714859
cub200,m8_analytic,0,1,3,2,0.9278523489932886,0.9959839357429718
cub200,m8_analytic,0,1,4,3,0.9228187919463087,0.9879518072289156
cub200,m8_analytic,0,1,5,4,0.9043624161073825,0.9879518072289156
cub200,m8_analytic,0,1,6,5,0.8959731543624161,0.9839357429718876
cub200,m8_analytic,0,1,7,6,0.8573825503355704,0.9779116465863453
cub200,m8_analytic,0,1,8,7,0.8590604026845637,0.9759036144578314
cub200,m8_analytic,0,1,9,8,0.8489932885906041,0.9738955823293173
cub200,m8_analytic,0,2,2,0,0.9404761904761905,1.0
cub200,m8_analytic,0,2,3,1,0.9404761904761905,0.996
cub200,m8_analytic,0,2,4,2,0.9166666666666666,0.992
cub200,m8_analytic,0,2,5,3,0.9132653061224489,0.99
cub200,m8_analytic,0,2,6,4,0.891156462585034,0.986
cub200,m8_analytic,0,2,7,5,0.8792517006802721,0.976
cub200,m8_analytic,0,2,8,6,0.8775510204081632,0.976
cub200,m8_analytic,0,2,9,7,0.8537414965986394,0.974
cub200,m8_analytic,0,3,3,0,0.9554794520547946,0.994
cub200,m8_analytic,0,3,4,1,0.934931506849315,0.994
cub200,m8_analytic,0,3,5,2,0.9366438356164384,0.992
cub200,m8_analytic,0,3,6,3,0.9246575342465754,0.988
cub200,m8_analytic,0,3,7,4,0.9212328767123288,0.976
cub200,m8_analytic,0,3,8,5,0.9126712328767124,0.976
cub200,m8_analytic,0,3,9,6,0.9092465753424658,0.972
cub200,m8_analytic,0,4,4,0,0.9022687609075044,0.99
cub200,m8_analytic,0,4,5,1,0.8900523560209425,0.986
cub200,m8_analytic,0,4,6,2,0.8883071553228621,0.982
cub200,m8_analytic,0,4,7,3,0.881326352530541,0.974
cub200,m8_analytic,0,4,8,4,0.8638743455497382,0.972
cub200,m8_analytic,0,4,9,5,0.8603839441535777,0.968
cub200,m8_analytic,0,5,5,0,0.9058823529411765,0.9819639278557114
cub200,m8_analytic,0,5,6,1,0.8823529411764706,0.9759519038076152
cub200,m8_analytic,0,5,7,2,0.8823529411764706,0.9719438877755511
cub200,m8_analytic,0,5,8,3,0.8672268907563025,0.9659318637274549
cub200,m8_analytic,0,5,9,4,0.8605042016806723,0.9599198396793587
cub200,m8_analytic,0,6,6,0,0.8464223385689355,0.9859719438877755
cub200,m8_analytic,0,6,7,1,0.8464223385689355,0.9839679358717435
cub200,m8_analytic,0,6,8,2,0.8411867364746946,0.9839679358717435
cub200,m8_analytic,0,6,9,3,0.8429319371727748,0.9859719438877755
cub200,m8_analytic,0,7,7,0,0.8847517730496454,0.994
cub200,m8_analytic,0,7,8,1,0.8882978723404256,0.984
cub200,m8_analytic,0,7,9,2,0.8705673758865248,0.976
cub200,m8_analytic,0,8,8,0,0.9262589928057554,0.992
cub200,m8_analytic,0,8,9,1,0.9172661870503597,0.99
cub200,m8_analytic,0,9,9,0,0.8502581755593803,0.9678714859437751
cub200,m8_analytic,1,0,0,0,0.9584055459272097,1.0
cub200,m8_analytic,1,0,1,1,0.9445407279029463,1.0
cub200,m8_analytic,1,0,2,2,0.9428076256499134,0.9979959919839679
cub200,m8_analytic,1,0,3,3,0.9358752166377816,0.9979959919839679
cub200,m8_analytic,1,0,4,4,0.9185441941074524,0.9979959919839679
cub200,m8_analytic,1,0,5,5,0.9150779896013865,0.9959919839679359
cub200,m8_analytic,1,0,6,6,0.8977469670710572,0.9959919839679359
cub200,m8_analytic,1,0,7,7,0.8942807625649913,0.9919839679358717
cub200,m8_analytic,1,0,8,8,0.8890814558058926,0.9919839679358717
cub200,m8_analytic,1,0,9,9,0.8908145580589255,0.9899799599198397
cub200,m8_analytic,1,1,1,0,0.9322916666666666,1.0
cub200,m8_analytic,1,1,2,1,0.9270833333333334,1.0
cub200,m8_analytic,1,1,3,2,0.9201388888888888,0.996
cub200,m8_analytic,1,1,4,3,0.8975694444444444,0.994
cub200,m8_analytic,1,1,5,4,0.8715277777777778,0.992
cub200,m8_analytic,1,1,6,5,0.8628472222222222,0.986
cub200,m8_analytic,1,1,7,6,0.8645833333333334,0.98
cub200,m8_analytic,1,1,8,7,0.8541666666666666,0.972
cub200,m8_analytic,1,1,9,8,0.8385416666666666,0.962
cub200,m8_analytic,1,2,2,0,0.9073083778966132,0.9959839357429718
cub200,m8_analytic,1,2,3,1,0.8966131907308378,0.9939759036144579
cub200,m8_analytic,1,2,4,2,0.8805704099821747,0.9899598393574297
cub200,m8_analytic,1,2,5,3,0.8663101604278075,0.9879518072289156
cub200,m8_analytic,1,2,6,4,0.8502673796791443,0.9859437751004017
cub200,m8_analytic,1,2,7,5,0.8377896613190731,0.9819277108433735
cub200,m8_analytic,1,2,8,6,0.8288770053475936,0.9779116465863453
cub200,m8_analytic,1,2,9,7,0.8270944741532977,0.9738955823293173
cub200,m8_analytic,1,3,3,0,0.9502664298401421,0.9959919839679359
cub200,m8_analytic,1,3,4,1,0.9449378330373002,0.9879759519038076
cub200,m8_analytic,1,3,5,2,0.9342806394316163,0.9859719438877755
cub200,m8_analytic,1,3,6,3,0.91651865008881,0.9779559118236473
cub200,m8_analytic,1,3,7,4,0.91651865008881,0.9719438877755511
cub200,m8_analytic,1,3,8,5,0.9076376554174067,0.9679358717434869
cub200,m8_analytic,1,3,9,6,0.9129662522202486,0.9639278557114228
cub200,m8_analytic,1,4,4,0,0.9077181208053692,0.996
cub200,m8_analytic,1,4,5,1,0.912751677852349,0.99
cub200,m8_analytic,1,4,6,2,0.9043624161073825,0.986
cub200,m8_analytic,1,4,7,3,0.8808724832214765,0.984
cub200,m8_analytic,1,4,8,4,0.87751677852349,0.98
cub200,m8_analytic,1,4,9,5,0.8825503355704698,0.978
cub200,m8_analytic,1,5,5,0,0.907942238267148,0.982
cub200,m8_analytic,1,5,6,1,0.9043321299638989,0.98
cub200,m8_analytic,1,5,7,2,0.9043321299638989,0.976
cub200,m8_analytic,1,5,8,3,0.8989169675090253,0.972
cub200,m8_analytic,1,5,9,4,0.8880866425992779,0.972
cub200,m8_analytic,1,6,6,0,0.8986486486486487,0.976
cub200,m8_analytic,1,6,7,1,0.8733108108108109,0.974
cub200,m8_analytic,1,6,8,2,0.8581081081081081,0.968
cub200,m8_analytic,1,6,9,3,0.8445945945945946,0.968
cub200,m8_analytic,1,7,7,0,0.8694915254237288,0.9819639278557114
cub200,m8_analytic,1,7,8,1,0.8677966101694915,0.9759519038076152
cub200,m8_analytic,1,7,9,2,0.8627118644067797,0.9759519038076152
cub200,m8_analytic,1,8,8,0,0.8890756302521008,0.9679358717434869
cub200,m8_analytic,1,8,9,1,0.8621848739495799,0.9659318637274549
cub200,m8_analytic,1,9,9,0,0.9033898305084745,0.988
cub200,m8_analytic,2,0,0,0,0.9562289562289562,1.0
cub200,m8_analytic,2,0,1,1,0.9444444444444444,1.0
cub200,m8_analytic,2,0,2,2,0.9124579124579124,1.0
cub200,m8_analytic,2,0,3,3,0.8939393939393939,0.996
cub200,m8_analytic,2,0,4,4,0.8922558922558923,0.99
cub200,m8_analytic,2,0,5,5,0.8838383838383839,0.986
cub200,m8_analytic,2,0,6,6,0.8754208754208754,0.976
cub200,m8_analytic,2,0,7,7,0.8636363636363636,0.968
cub200,m8_analytic,2,0,8,8,0.8552188552188552,0.958
cub200,m8_analytic,2,0,9,9,0.8468013468013468,0.952
cub200,m8_analytic,2,1,1,0,0.9631490787269682,1.0
cub200,m8_analytic,2,1,2,1,0.964824120603015,1.0
cub200,m8_analytic,2,1,3,2,0.964824120603015,0.998
cub200,m8_analytic,2,1,4,3,0.9581239530988275,0.994
cub200,m8_analytic,2,1,5,4,0.9514237855946399,0.992
cub200,m8_analytic,2,1,6,5,0.932998324958124,0.988
cub200,m8_analytic,2,1,7,6,0.9212730318257957,0.986
cub200,m8_analytic,2,1,8,7,0.9112227805695142,0.98
cub200,m8_analytic,2,1,9,8,0.8877721943048577,0.976
cub200,m8_analytic,2,2,2,0,0.9186851211072664,0.998
cub200,m8_analytic,2,2,3,1,0.8944636678200693,0.994
cub200,m8_analytic,2,2,4,2,0.889273356401384,0.992
cub200,m8_analytic,2,2,5,3,0.8806228373702422,0.992
cub200,m8_analytic,2,2,6,4,0.870242214532872,0.992
cub200,m8_analytic,2,2,7,5,0.842560553633218,0.988
cub200,m8_analytic,2,2,8,6,0.8442906574394463,0.984
cub200,m8_analytic,2,2,9,7,0.8356401384083045,0.982
cub200,m8_analytic,2,3,3,0,0.92,1.0
cub200,m8_analytic,2,3,4,1,0.8973913043478261,0.9979879275653923
cub200,m8_analytic,2,3,5,2,0.8939130434782608,0.9959758551307847
cub200,m8_analytic,2,3,6,3,0.888695652173913,0.993963782696177
cub200,m8_analytic,2,3,7,4,0.8869565217391304,0.9899396378269618
cub200,m8_analytic,2,3,8,5,0.8817391304347826,0.9899396378269618
cub200,m8_analytic,2,3,9,6,0.8730434782608696,0.9859154929577465
cub200,m8_analytic,2,4,4,0,0.9247863247863248,0.99
cub200,m8_analytic,2,4,5,1,0.9145299145299145,0.982
cub200,m8_analytic,2,4,6,2,0.8940170940170941,0.98
cub200,m8_analytic,2,4,7,3,0.8957264957264958,0.976
cub200,m8_analytic,2,4,8,4,0.8786324786324786,0.97
cub200,m8_analytic,2,4,9,5,0.8598290598290599,0.966
cub200,m8_analytic,2,5,5,0,0.9257246376811594,0.996
cub200,m8_analytic,2,5,6,1,0.9202898550724637,0.996
cub200,m8_analytic,2,5,7,2,0.9112318840579711,0.994
cub200,m8_analytic,2,5,8,3,0.9130434782608695,0.994
cub200,m8_analytic,2,5,9,4,0.9039855072463768,0.992
cub200,m8_analytic,2,6,6,0,0.9267461669505963,0.98
cub200,m8_analytic,2,6,7,1,0.9182282793867121,0.974
cub200,m8_analytic,2,6,8,2,0.909710391822828,0.97
cub200,m8_analytic,2,6,9,3,0.8960817717206133,0.968
cub200,m8_analytic,2,7,7,0,0.9067357512953368,0.9839679358717435
cub200,m8_analytic,2,7,8,1,0.8860103626943006,0.9779559118236473
cub200,m8_analytic,2,7,9,2,0.8670120898100173,0.9679358717434869
cub200,m8_analytic,2,8,8,0,0.9028268551236749,0.9859719438877755
cub200,m8_analytic,2,8,9,1,0.8869257950530035,0.9819639278557114
cub200,m8_analytic,2,9,9,0,0.8571428571428571,0.9659318637274549
cub200,m8_analytic,3,0,0,0,0.9585585585585585,1.0
cub200,m8_analytic,3,0,1,1,0.9261261261261261,1.0
cub200,m8_analytic,3,0,2,2,0.9297297297297298,1.0
cub200,m8_analytic,3,0,3,3,0.9243243243243243,0.994
cub200,m8_analytic,3,0,4,4,0.9261261261261261,0.99
cub200,m8_analytic,3,0,5,5,0.9153153153153153,0.99
cub200,m8_analytic,3,0,6,6,0.9081081081081082,0.986
cub200,m8_analytic,3,0,7,7,0.8954954954954955,0.982
cub200,m8_analytic,3,0,8,8,0.8612612612612612,0.978
cub200,m8_analytic,3,0,9,9,0.8450450450450451,0.98
cub200,m8_analytic,3,1,1,0,0.9307432432432432,1.0
cub200,m8_analytic,3,1,2,1,0.9425675675675675,1.0
cub200,m8_analytic,3,1,3,2,0.9442567567567568,0.994
cub200,m8_analytic,3,1,4,3,0.9172297297297297,0.992
cub200,m8_analytic,3,1,5,4,0.9087837837837838,0.988
cub200,m8_analytic,3,1,6,5,0.8986486486486487,0.98
cub200,m8_analytic,3,1,7,6,0.893581081081081,0.976
cub200,m8_analytic,3,1,8,7,0.8885135135135135,0.976
cub200,m8_analytic,3,1,9,8,0.8783783783783784,0.97
cub200,m8_analytic,3,2,2,0,0.9507640067911715,1.0
cub200,m8_analytic,3,2,3,1,0.9185059422750425,0.9939879759519038
cub200,m8_analytic,3,2,4,2,0.8981324278438031,0.9919839679358717
cub200,m8_analytic,3,2,5,3,0.8981324278438031,0.9859719438877755
cub200,m8_analytic,3,2,6,4,0.8845500848896435,0.9799599198396793
cub200,m8_analytic,3,2,7,5,0.8709677419354839,0.9799599198396793
cub200,m8_analytic,3,2,8,6,0.8624787775891342,0.9759519038076152
cub200,m8_analytic,3,2,9,7,0.8590831918505942,0.9739478957915831
cub200,m8_analytic,3,3,3,0,0.9180887372013652,0.9959839357429718
cub200,m8_analytic,3,3,4,1,0.9112627986348123,0.9939759036144579
cub200,m8_analytic,3,3,5,2,0.9146757679180887,0.9879518072289156
cub200,m8_analytic,3,3,6,3,0.909556313993174,0.9859437751004017
cub200,m8_analytic,3,3,7,4,0.8993174061433447,0.9839357429718876
cub200,m8_analytic,3,3,8,5,0.8976109215017065,0.9779116465863453
cub200,m8_analytic,3,3,9,6,0.9027303754266212,0.9759036144578314
cub200,m8_analytic,3,4,4,0,0.9248251748251748,0.994
cub200,m8_analytic,3,4,5,1,0.9090909090909091,0.992
cub200,m8_analytic,3,4,6,2,0.9038461538461539,0.99
cub200,m8_analytic,3,4,7,3,0.8881118881118881,0.986
cub200,m8_analytic,3,4,8,4,0.8583916083916084,0.984
cub200,m8_analytic,3,4,9,5,0.8479020979020979,0.982
cub200,m8_analytic,3,5,5,0,0.8873720136518771,0.986
cub200,m8_analytic,3,5,6,1,0.878839590443686,0.984
cub200,m8_analytic,3,5,7,2,0.8686006825938567,0.976
cub200,m8_analytic,3,5,8,3,0.863481228668942,0.974
cub200,m8_analytic,3,5,9,4,0.8430034129692833,0.97
cub200,m8_analytic,3,6,6,0,0.9129662522202486,0.9919839679358717
cub200,m8_analytic,3,6,7,1,0.9076376554174067,0.9839679358717435
cub200,m8_analytic,3,6,8,2,0.9058614564831261,0.9819639278557114
cub200,m8_analytic,3,6,9,3,0.8987566607460036,0.9819639278557114
cub200,m8_analytic,3,7,7,0,0.9414802065404475,0.99
cub200,m8_analytic,3,7,8,1,0.9363166953528399,0.984
cub200,m8_analytic,3,7,9,2,0.9259896729776248,0.982
cub200,m8_analytic,3,8,8,0,0.8898450946643718,0.9719438877755511
cub200,m8_analytic,3,8,9,1,0.882960413080895,0.9719438877755511
cub200,m8_analytic,3,9,9,0,0.8285229202037352,0.9498997995991983
cub200,m8_analytic,4,0,0,0,0.9679595278246206,1.0
cub200,m8_analytic,4,0,1,1,0.9477234401349073,1.0
cub200,m8_analytic,4,0,2,2,0.9409780775716695,0.998
cub200,m8_analytic,4,0,3,3,0.9156829679595279,0.996
cub200,m8_analytic,4,0,4,4,0.9072512647554806,0.996
cub200,m8_analytic,4,0,5,5,0.8954468802698144,0.994
cub200,m8_analytic,4,0,6,6,0.8870151770657673,0.988
cub200,m8_analytic,4,0,7,7,0.8718381112984823,0.98
cub200,m8_analytic,4,0,8,8,0.8718381112984823,0.976
cub200,m8_analytic,4,0,9,9,0.8735244519392917,0.974
cub200,m8_analytic,4,1,1,0,0.9556737588652482,1.0
cub200,m8_analytic,4,1,2,1,0.9680851063829787,1.0
cub200,m8_analytic,4,1,3,2,0.9698581560283688,0.998
cub200,m8_analytic,4,1,4,3,0.9521276595744681,0.996
cub200,m8_analytic,4,1,5,4,0.9450354609929078,0.994
cub200,m8_analytic,4,1,6,5,0.9166666666666666,0.988
cub200,m8_analytic,4,1,7,6,0.9113475177304965,0.986
cub200,m8_analytic,4,1,8,7,0.9060283687943262,0.986
cub200,m8_analytic,4,1,9,8,0.9078014184397163,0.986
cub200,m8_analytic,4,2,2,0,0.9376146788990826,1.0
cub200,m8_analytic,4,2,3,1,0.9321100917431193,0.998
cub200,m8_analytic,4,2,4,2,0.9321100917431193,0.992
cub200,m8_analytic,4,2,5,3,0.9192660550458716,0.988
cub200,m8_analytic,4,2,6,4,0.9192660550458716,0.986
cub200,m8_analytic,4,2,7,5,0.9137614678899083,0.986
cub200,m8_analytic,4,2,8,6,0.9064220183486239,0.98
cub200,m8_analytic,4,2,9,7,0.9045871559633027,0.98
cub200,m8_analytic,4,3,3,0,0.950530035335689,0.9979959919839679
cub200,m8_analytic,4,3,4,1,0.9328621908127208,0.9979959919839679
cub200,m8_analytic,4,3,5,2,0.9028268551236749,0.9959919839679359
cub200,m8_analytic,4,3,6,3,0.8833922261484098,0.9879759519038076
cub200,m8_analytic,4,3,7,4,0.8568904593639576,0.9819639278557114
cub200,m8_analytic,4,3,8,5,0.8445229681978799,0.9799599198396793
cub200,m8_analytic,4,3,9,6,0.833922261484099,0.9759519038076152
cub200,m8_analytic,4,4,4,0,0.9163822525597269,0.992
cub200,m8_analytic,4,4,5,1,0.9078498293515358,0.99
cub200,m8_analytic,4,4,6,2,0.8959044368600683,0.984
cub200,m8_analytic,4,4,7,3,0.8754266211604096,0.978
cub200,m8_analytic,4,4,8,4,0.8754266211604096,0.974
cub200,m8_analytic,4,4,9,5,0.863481228668942,0.972
cub200,m8_analytic,4,5,5,0,0.9404761904761905,0.9899598393574297
cub200,m8_analytic,4,5,6,1,0.9285714285714286,0.9879518072289156
cub200,m8_analytic,4,5,7,2,0.9183673469387755,0.9819277108433735
cub200,m8_analytic,4,5,8,3,0.9149659863945578,0.9799196787148594
cub200,m8_analytic,4,5,9,4,0.8826530612244898,0.9738955823293173
cub200,m8_analytic,4,6,6,0,0.8762886597938144,0.966
cub200,m8_analytic,4,6,7,1,0.8711340206185567,0.962
cub200,m8_analytic,4,6,8,2,0.8676975945017182,0.962
cub200,m8_analytic,4,6,9,3,0.8711340206185567,0.956
cub200,m8_analytic,4,7,7,0,0.8777219430485762,0.9759036144578314
cub200,m8_analytic,4,7,8,1,0.8676716917922948,0.9718875502008032
cub200,m8_analytic,4,7,9,2,0.8559463986599665,0.9658634538152611
cub200,m8_analytic,4,8,8,0,0.9496527777777778,0.992
cub200,m8_analytic,4,8,9,1,0.9427083333333334,0.99
cub200,m8_analytic,4,9,9,0,0.7822445561139029,0.9639278557114228
