dataset,backbone,n_per_class,ref_quality,class,trial,anisotropy_ratio,mean_cos,median_cos,frac_above_0.8,n_records,ref_pool_size
cub200,vit_base_patch16_224.augreg_in21k,1,clean_full,8,0,34.03062132603117,1.000000042448296,1.000000042448296,1.0,1,5
cub200,vit_base_patch16_224.augreg_in21k,1,clean_full,125,1,34.03062132603117,0.9999999593159313,0.9999999593159313,1.0,1,5
cub200,vit_base_patch16_224.augreg_in21k,1,clean_full,93,2,34.03062132603117,1.0000000223087984,1.0000000223087984,1.0,1,5
cub200,vit_base_patch16_224.augreg_in21k,1,clean_full,162,3,34.03062132603117,0.9999999969096145,0.9999999969096145,1.0,1,5
cub200,vit_base_patch16_224.augreg_in21k,1,clean_full,170,4,34.03062132603117,1.000000053552792,1.000000053552792,1.0,1,5
cub200,vit_base_patch16_224.augreg_in21k,1,clean_full,167,5,34.03062132603117,1.0000000144381918,1.0000000144381918,1.0,1,5
cub200,vit_base_patch16_224.augreg_in21k,1,clean_full,14,6,34.03062132603117,1.0000000164900489,1.0000000164900489,1.0,1,5
cub200,vit_base_patch16_224.augreg_in21k,1,clean_full,98,7,34.03062132603117,1.0000000238565674,1.0000000238565674,1.0,1,5
cub200,vit_base_patch16_224.augreg_in21k,1,clean_full,121,8,34.03062132603117,0.9999999630606087,0.9999999630606087,1.0,1,5
cub200,vit_base_patch16_224.augreg_in21k,1,clean_full,40,9,34.03062132603117,1.0000000276151122,1.0000000276151122,1.0,1,5
cub200,vit_base_patch16_224.augreg_in21k,1,clean_full,128,10,34.03062132603117,0.999999999072815,0.999999999072815,1.0,1,5
cub200,vit_base_patch16_224.augreg_in21k,1,clean_full,13,11,34.03062132603117,1.0000000077296725,1.0000000077296725,1.0,1,5
cub200,vit_base_patch16_224.augreg_in21k,1,clean_full,176,12,34.03062132603117,0.9999999595095844,0.9999999595095844,1.0,1,5
cub200,vit_base_patch16_224.augreg_in21k,1,clean_full,66,13,34.03062132603117,1.000000008471005,1.000000008471005,1.0,1,5
cub200,vit_base_patch16_224.augreg_in21k,1,clean_full,165,14,34.03062132603117,0.9999999608279877,0.9999999608279877,1.0,1,5
cub200,vit_base_patch16_224.augreg_in21k,1,clean_full,77,15,34.03062132603117,0.9999999972000927,0.9999999972000927,1.0,1,5
cub200,vit_base_patch16_224.augreg_in21k,1,clean_full,177,16,34.03062132603117,1.0000000041394168,1.0000000041394168,1.0,1,5
cub200,vit_base_patch16_224.augreg_in21k,1,clean_full,8,17,34.03062132603117,0.9999999757423306,0.9999999757423306,1.0,1,5
cub200,vit_base_patch16_224.augreg_in21k,1,clean_full,22,18,34.03062132603117,1.0000000124705195,1.0000000124705195,1.0,1,5
cub200,vit_base_patch16_224.augreg_in21k,1,clean_full,192,19,34.03062132603117,1.0000000104466729,1.0000000104466729,1.0,1,5
cub200,vit_base_patch16_224.augreg_in21k,1,clean_full,113,20,34.03062132603117,1.0000000193685514,1.0000000193685514,1.0,1,5
cub200,vit_base_patch16_224.augreg_in21k,1,clean_full,5,21,34.03062132603117,0.9999999587398037,0.9999999587398037,1.0,1,5
cub200,vit_base_patch16_224.augreg_in21k,1,clean_full,57,22,34.03062132603117,0.9999999835553706,0.9999999835553706,1.0,1,5
cub200,vit_base_patch16_224.augreg_in21k,1,clean_full,151,23,34.03062132603117,1.0000000151348996,1.0000000151348996,1.0,1,5
cub200,vit_base_patch16_224.augreg_in21k,1,clean_full,14,24,34.03062132603117,1.0000000164900489,1.0000000164900489,1.0,1,5
cub200,vit_base_patch16_224.augreg_in21k,1,clean_small_pool,29,0,34.03062132603117,0.9999999516042641,0.9999999516042641,1.0,1,5
cub200,vit_base_patch16_224.augreg_in21k,1,clean_small_pool,197,1,34.03062132603117,0.9999999729985349,0.9999999729985349,1.0,1,5
cub200,vit_base_patch16_224.augreg_in21k,1,clean_small_pool,61,2,34.03062132603117,1.000000037258576,1.000000037258576,1.0,1,5
cub200,vit_base_patch16_224.augreg_in21k,1,clean_small_pool,60,3,34.03062132603117,0.9999999920068963,0.9999999920068963,1.0,1,5
cub200,vit_base_patch16_224.augreg_in21k,1,clean_small_pool,126,4,34.03062132603117,1.0000000029582103,1.0000000029582103,1.0,1,5
cub200,vit_base_patch16_224.augreg_in21k,1,clean_small_pool,130,5,34.03062132603117,1.000000037427889,1.000000037427889,1.0,1,5
cub200,vit_base_patch16_224.augreg_in21k,1,clean_small_pool,140,6,34.03062132603117,0.9999999798589483,0.9999999798589483,1.0,1,5
cub200,vit_base_patch16_224.augreg_in21k,1,clean_small_pool,146,7,34.03062132603117,0.9999999317199032,0.9999999317199032,1.0,1,5
cub200,vit_base_patch16_224.augreg_in21k,1,clean_small_pool,76,8,34.03062132603117,0.9999999892794507,0.9999999892794507,1.0,1,5
cub200,vit_base_patch16_224.augreg_in21k,1,clean_small_pool,156,9,34.03062132603117,0.9999999618559964,0.9999999618559964,1.0,1,5
cub200,vit_base_patch16_224.augreg_in21k,1,clean_small_pool,107,10,34.03062132603117,0.9999999853863406,0.9999999853863406,1.0,1,5
cub200,vit_base_patch16_224.augreg_in21k,1,clean_small_pool,94,11,34.03062132603117,0.9999999485480932,0.9999999485480932,1.0,1,5
cub200,vit_base_patch16_224.augreg_in21k,1,clean_small_pool,132,12,34.03062132603117,0.999999984617666,0.999999984617666,1.0,1,5
cub200,vit_base_patch16_224.augreg_in21k,1,clean_small_pool,3,13,34.03062132603117,0.999999994016307,0.999999994016307,1.0,1,5
cub200,vit_base_patch16_224.augreg_in21k,1,clean_small_pool,40,14,34.03062132603117,0.9999999731598661,0.9999999731598661,1.0,1,5
cub200,vit_base_patch16_224.augreg_in21k,1,clean_small_pool,153,15,34.03062132603117,1.0000000185675737,1.0000000185675737,1.0,1,5
cub200,vit_base_patch16_224.augreg_in21k,1,clean_small_pool,141,16,34.03062132603117,1.0000000138525618,1.0000000138525618,1.0,1,5
cub200,vit_base_patch16_224.augreg_in21k,1,clean_small_pool,49,17,34.03062132603117,1.0000000399103737,1.0000000399103737,1.0,1,5
cub200,vit_base_patch16_224.augreg_in21k,1,clean_small_pool,13,18,34.03062132603117,1.0000000011273698,1.0000000011273698,1.0,1,5
cub200,vit_base_patch16_224.augreg_in21k,1,clean_small_pool,159,19,34.03062132603117,0.9999999901812816,0.9999999901812816,1.0,1,5
cub200,vit_base_patch16_224.augreg_in21k,1,clean_small_pool,146,20,34.03062132603117,0.9999999641852295,0.9999999641852295,1.0,1,5
cub200,vit_base_patch16_224.augreg_in21k,1,clean_small_pool,106,21,34.03062132603117,1.0000000018413349,1.0000000018413349,1.0,1,5
cub200,vit_base_patch16_224.augreg_in21k,1,clean_small_pool,86,22,34.03062132603117,1.0000000307616232,1.0000000307616232,1.0,1,5
cub200,vit_base_patch16_224.augreg_in21k,1,clean_small_pool,64,23,34.03062132603117,0.9999999591414321,0.9999999591414321,1.0,1,5
cub200,vit_base_patch16_224.augreg_in21k,1,clean_small_pool,24,24,34.03062132603117,1.0000000077996984,1.0000000077996984,1.0,1,5
cub200,vit_base_patch16_224.augreg_in21k,1,noisy_full,89,0,34.03062132603117,0.9999999743141899,0.9999999743141899,1.0,1,5
cub200,vit_base_patch16_224.augreg_in21k,1,noisy_full,18,1,34.03062132603117,1.000000070565707,1.000000070565707,1.0,1,5
cub200,vit_base_patch16_224.augreg_in21k,1,noisy_full,171,2,34.03062132603117,0.9999999748211016,0.9999999748211016,1.0,1,5
cub200,vit_base_patch16_224.augreg_in21k,1,noisy_full,94,3,34.03062132603117,0.9999999645623269,0.9999999645623269,1.0,1,5
cub200,vit_base_patch16_224.augreg_in21k,1,noisy_full,21,4,34.03062132603117,1.0000000184507436,1.0000000184507436,1.0,1,5
cub200,vit_base_patch16_224.augreg_in21k,1,noisy_full,138,5,34.03062132603117,0.9999999841271968,0.9999999841271968,1.0,1,5
cub200,vit_base_patch16_224.augreg_in21k,1,noisy_full,103,6,34.03062132603117,0.9999999697384817,0.9999999697384817,1.0,1,5
cub200,vit_base_patch16_224.augreg_in21k,1,noisy_full,179,7,34.03062132603117,1.0000000003667382,1.0000000003667382,1.0,1,5
cub200,vit_base_patch16_224.augreg_in21k,1,noisy_full,18,8,34.03062132603117,1.0000000996126979,1.0000000996126979,1.0,1,5
cub200,vit_base_patch16_224.augreg_in21k,1,noisy_full,42,9,34.03062132603117,0.9999999869461763,0.9999999869461763,1.0,1,5
cub200,vit_base_patch16_224.augreg_in21k,1,noisy_full,172,10,34.03062132603117,0.9999999841433401,0.9999999841433401,1.0,1,5
cub200,vit_base_patch16_224.augreg_in21k,1,noisy_full,108,11,34.03062132603117,0.9999999397970627,0.9999999397970627,1.0,1,5
cub200,vit_base_patch16_224.augreg_in21k,1,noisy_full,13,12,34.03062132603117,1.0000000351967289,1.0000000351967289,1.0,1,5
cub200,vit_base_patch16_224.augreg_in21k,1,noisy_full,160,13,34.03062132603117,0.9999999711779236,0.9999999711779236,1.0,1,5
cub200,vit_base_patch16_224.augreg_in21k,1,noisy_full,41,14,34.03062132603117,0.9999999837477471,0.9999999837477471,1.0,1,5
cub200,vit_base_patch16_224.augreg_in21k,1,noisy_full,43,15,34.03062132603117,1.00000003217763,1.00000003217763,1.0,1,5
cub200,vit_base_patch16_224.augreg_in21k,1,noisy_full,30,16,34.03062132603117,1.000000043776261,1.000000043776261,1.0,1,5
cub200,vit_base_patch16_224.augreg_in21k,1,noisy_full,153,17,34.03062132603117,0.9999999363170554,0.9999999363170554,1.0,1,5
cub200,vit_base_patch16_224.augreg_in21k,1,noisy_full,59,18,34.03062132603117,0.9999999815150791,0.9999999815150791,1.0,1,5
cub200,vit_base_patch16_224.augreg_in21k,1,noisy_full,161,19,34.03062132603117,0.9999999832975033,0.9999999832975033,1.0,1,5
cub200,vit_base_patch16_224.augreg_in21k,1,noisy_full,171,20,34.03062132603117,0.999999976754629,0.999999976754629,1.0,1,5
cub200,vit_base_patch16_224.augreg_in21k,1,noisy_full,170,21,34.03062132603117,1.000000019675293,1.000000019675293,1.0,1,5
cub200,vit_base_patch16_224.augreg_in21k,1,noisy_full,44,22,34.03062132603117,1.0000000672932374,1.0000000672932374,1.0,1,5
cub200,vit_base_patch16_224.augreg_in21k,1,noisy_full,89,23,34.03062132603117,0.9999999130778118,0.9999999130778118,1.0,1,5
cub200,vit_base_patch16_224.augreg_in21k,1,noisy_full,147,24,34.03062132603117,0.9999999763734264,0.9999999763734264,1.0,1,5
cub200,vit_base_patch16_224.augreg_in21k,2,clean_full,121,0,34.03062132603117,0.9484040282094077,0.9484040282094077,1.0,2,5
cub200,vit_base_patch16_224.augreg_in21k,2,clean_full,17,1,34.03062132603117,0.5167531696835352,0.5167531696835352,0.0,2,5
cub200,vit_base_patch16_224.augreg_in21k,2,clean_full,2,2,34.03062132603117,0.9993320979528711,0.9993320979528711,1.0,2,5
cub200,vit_base_patch16_224.augreg_in21k,2,clean_full,127,3,34.03062132603117,0.9970814795885319,0.9970814795885319,1.0,2,5
cub200,vit_base_patch16_224.augreg_in21k,2,clean_full,146,4,34.03062132603117,0.6784537617367103,0.6784537617367103,0.0,2,5
cub200,vit_base_patch16_224.augreg_in21k,2,clean_full,142,5,34.03062132603117,0.4086239354645519,0.4086239354645519,0.0,2,5
cub200,vit_base_patch16_224.augreg_in21k,2,clean_full,86,6,34.03062132603117,0.9996199243709267,0.9996199243709267,1.0,2,5
cub200,vit_base_patch16_224.augreg_in21k,2,clean_full,128,7,34.03062132603117,0.999604721320265,0.999604721320265,1.0,2,5
cub200,vit_base_patch16_224.augreg_in21k,2,clean_full,28,8,34.03062132603117,0.5475919780933621,0.5475919780933621,0.0,2,5
cub200,vit_base_patch16_224.augreg_in21k,2,clean_full,141,9,34.03062132603117,0.5120132785970206,0.5120132785970206,0.0,2,5
cub200,vit_base_patch16_224.augreg_in21k,2,clean_full,129,10,34.03062132603117,0.6122962460146881,0.6122962460146881,0.0,2,5
cub200,vit_base_patch16_224.augreg_in21k,2,clean_full,90,11,34.03062132603117,0.5416154897807031,0.5416154897807031,0.0,2,5
cub200,vit_base_patch16_224.augreg_in21k,2,clean_full,52,12,34.03062132603117,0.5903000210246693,0.5903000210246693,0.0,2,5
cub200,vit_base_patch16_224.augreg_in21k,2,clean_full,48,13,34.03062132603117,0.5211117893443933,0.5211117893443933,0.0,2,5
cub200,vit_base_patch16_224.augreg_in21k,2,clean_full,111,14,34.03062132603117,0.6325433262554754,0.6325433262554754,0.0,2,5
cub200,vit_base_patch16_224.augreg_in21k,2,clean_full,41,15,34.03062132603117,0.8418794568044782,0.8418794568044782,1.0,2,5
cub200,vit_base_patch16_224.augreg_in21k,2,clean_full,85,16,34.03062132603117,0.9838038939583117,0.9838038939583117,1.0,2,5
cub200,vit_base_patch16_224.augreg_in21k,2,clean_full,50,17,34.03062132603117,0.5520869182586216,0.5520869182586216,0.0,2,5
cub200,vit_base_patch16_224.augreg_in21k,2,clean_full,46,18,34.03062132603117,0.5674054828039334,0.5674054828039334,0.0,2,5
cub200,vit_base_patch16_224.augreg_in21k,2,clean_full,31,19,34.03062132603117,0.5047851347679986,0.5047851347679986,0.0,2,5
cub200,vit_base_patch16_224.augreg_in21k,2,clean_full,168,20,34.03062132603117,0.5095471633801913,0.5095471633801913,0.0,2,5
cub200,vit_base_patch16_224.augreg_in21k,2,clean_full,172,21,34.03062132603117,0.9990472316642147,0.9990472316642147,1.0,2,5
cub200,vit_base_patch16_224.augreg_in21k,2,clean_full,140,22,34.03062132603117,0.9990317457074416,0.9990317457074416,1.0,2,5
cub200,vit_base_patch16_224.augreg_in21k,2,clean_full,22,23,34.03062132603117,0.9999931601571668,0.9999931601571668,1.0,2,5
cub200,vit_base_patch16_224.augreg_in21k,2,clean_full,188,24,34.03062132603117,0.9999187746154841,0.9999187746154841,1.0,2,5
cub200,vit_base_patch16_224.augreg_in21k,2,clean_small_pool,103,0,34.03062132603117,0.7655697848658041,0.7655697848658041,0.0,2,5
cub200,vit_base_patch16_224.augreg_in21k,2,clean_small_pool,173,1,34.03062132603117,0.5730877732115899,0.5730877732115899,0.0,2,5
cub200,vit_base_patch16_224.augreg_in21k,2,clean_small_pool,150,2,34.03062132603117,0.9998001583412266,0.9998001583412266,1.0,2,5
cub200,vit_base_patch16_224.augreg_in21k,2,clean_small_pool,72,3,34.03062132603117,0.564459477408707,0.564459477408707,0.0,2,5
cub200,vit_base_patch16_224.augreg_in21k,2,clean_small_pool,21,4,34.03062132603117,0.4254347351307699,0.4254347351307699,0.0,2,5
cub200,vit_base_patch16_224.augreg_in21k,2,clean_small_pool,4,5,34.03062132603117,0.9995362227799123,0.9995362227799123,1.0,2,5
cub200,vit_base_patch16_224.augreg_in21k,2,clean_small_pool,79,6,34.03062132603117,0.7610076163196805,0.7610076163196805,0.0,2,5
cub200,vit_base_patch16_224.augreg_in21k,2,clean_small_pool,111,7,34.03062132603117,0.9999774686827694,0.9999774686827694,1.0,2,5
cub200,vit_base_patch16_224.augreg_in21k,2,clean_small_pool,122,8,34.03062132603117,0.692647161310628,0.692647161310628,0.0,2,5
cub200,vit_base_patch16_224.augreg_in21k,2,clean_small_pool,4,9,34.03062132603117,0.7338977669421937,0.7338977669421937,0.0,2,5
cub200,vit_base_patch16_224.augreg_in21k,2,clean_small_pool,109,10,34.03062132603117,0.6837181389186496,0.6837181389186496,0.0,2,5
cub200,vit_base_patch16_224.augreg_in21k,2,clean_small_pool,34,11,34.03062132603117,0.9998985688059772,0.9998985688059772,1.0,2,5
cub200,vit_base_patch16_224.augreg_in21k,2,clean_small_pool,71,12,34.03062132603117,0.9824374449381621,0.9824374449381621,1.0,2,5
cub200,vit_base_patch16_224.augreg_in21k,2,clean_small_pool,168,13,34.03062132603117,0.7305386420948135,0.7305386420948135,0.0,2,5
cub200,vit_base_patch16_224.augreg_in21k,2,clean_small_pool,50,14,34.03062132603117,0.9995803015487302,0.9995803015487302,1.0,2,5
cub200,vit_base_patch16_224.augreg_in21k,2,clean_small_pool,156,15,34.03062132603117,0.9989459158062709,0.9989459158062709,1.0,2,5
cub200,vit_base_patch16_224.augreg_in21k,2,clean_small_pool,45,16,34.03062132603117,0.46155662048124396,0.46155662048124396,0.0,2,5
cub200,vit_base_patch16_224.augreg_in21k,2,clean_small_pool,86,17,34.03062132603117,0.9933150974010533,0.9933150974010533,1.0,2,5
cub200,vit_base_patch16_224.augreg_in21k,2,clean_small_pool,25,18,34.03062132603117,0.9934430817507017,0.9934430817507017,1.0,2,5
cub200,vit_base_patch16_224.augreg_in21k,2,clean_small_pool,130,19,34.03062132603117,0.9961302312822573,0.9961302312822573,1.0,2,5
cub200,vit_base_patch16_224.augreg_in21k,2,clean_small_pool,93,20,34.03062132603117,0.9952175946865942,0.9952175946865942,1.0,2,5
cub200,vit_base_patch16_224.augreg_in21k,2,clean_small_pool,42,21,34.03062132603117,0.9999836504697275,0.9999836504697275,1.0,2,5
cub200,vit_base_patch16_224.augreg_in21k,2,clean_small_pool,72,22,34.03062132603117,0.7576820972584768,0.7576820972584768,0.0,2,5
cub200,vit_base_patch16_224.augreg_in21k,2,clean_small_pool,155,23,34.03062132603117,0.8292268796042774,0.8292268796042774,1.0,2,5
cub200,vit_base_patch16_224.augreg_in21k,2,clean_small_pool,60,24,34.03062132603117,0.9971973265197263,0.9971973265197263,1.0,2,5
cub200,vit_base_patch16_224.augreg_in21k,2,noisy_full,130,0,34.03062132603117,0.9996353904396984,0.9996353904396984,1.0,2,5
cub200,vit_base_patch16_224.augreg_in21k,2,noisy_full,32,1,34.03062132603117,0.9991649894269906,0.9991649894269906,1.0,2,5
cub200,vit_base_patch16_224.augreg_in21k,2,noisy_full,76,2,34.03062132603117,0.9980176557669544,0.9980176557669544,1.0,2,5
cub200,vit_base_patch16_224.augreg_in21k,2,noisy_full,23,3,34.03062132603117,0.7205061547867125,0.7205061547867125,0.0,2,5
cub200,vit_base_patch16_224.augreg_in21k,2,noisy_full,8,4,34.03062132603117,0.9995453962691773,0.9995453962691773,1.0,2,5
cub200,vit_base_patch16_224.augreg_in21k,2,noisy_full,147,5,34.03062132603117,0.6546471259703012,0.6546471259703012,0.0,2,5
cub200,vit_base_patch16_224.augreg_in21k,2,noisy_full,170,6,34.03062132603117,0.9998975363935871,0.9998975363935871,1.0,2,5
cub200,vit_base_patch16_224.augreg_in21k,2,noisy_full,72,7,34.03062132603117,0.9967336138151122,0.9967336138151122,1.0,2,5
cub200,vit_base_patch16_224.augreg_in21k,2,noisy_full,67,8,34.03062132603117,0.6298756214792862,0.6298756214792862,0.0,2,5
cub200,vit_base_patch16_224.augreg_in21k,2,noisy_full,175,9,34.03062132603117,0.6200855323436877,0.6200855323436877,0.0,2,5
cub200,vit_base_patch16_224.augreg_in21k,2,noisy_full,189,10,34.03062132603117,0.7180057561760109,0.7180057561760109,0.0,2,5
cub200,vit_base_patch16_224.augreg_in21k,2,noisy_full,57,11,34.03062132603117,0.5790341995147072,0.5790341995147072,0.0,2,5
cub200,vit_base_patch16_224.augreg_in21k,2,noisy_full,89,12,34.03062132603117,0.9999623740581427,0.9999623740581427,1.0,2,5
cub200,vit_base_patch16_224.augreg_in21k,2,noisy_full,22,13,34.03062132603117,0.3685655586312675,0.3685655586312675,0.0,2,5
cub200,vit_base_patch16_224.augreg_in21k,2,noisy_full,173,14,34.03062132603117,0.5958892423566671,0.5958892423566671,0.0,2,5
cub200,vit_base_patch16_224.augreg_in21k,2,noisy_full,119,15,34.03062132603117,0.7622479667220294,0.7622479667220294,0.0,2,5
cub200,vit_base_patch16_224.augreg_in21k,2,noisy_full,37,16,34.03062132603117,0.9917965912547464,0.9917965912547464,1.0,2,5
cub200,vit_base_patch16_224.augreg_in21k,2,noisy_full,172,17,34.03062132603117,0.5068018963137398,0.5068018963137398,0.0,2,5
cub200,vit_base_patch16_224.augreg_in21k,2,noisy_full,56,18,34.03062132603117,0.9969084831028003,0.9969084831028003,1.0,2,5
cub200,vit_base_patch16_224.augreg_in21k,2,noisy_full,102,19,34.03062132603117,0.9945728318221767,0.9945728318221767,1.0,2,5
cub200,vit_base_patch16_224.augreg_in21k,2,noisy_full,177,20,34.03062132603117,0.6655553752598953,0.6655553752598953,0.0,2,5
cub200,vit_base_patch16_224.augreg_in21k,2,noisy_full,159,21,34.03062132603117,0.6580433056881226,0.6580433056881226,0.0,2,5
cub200,vit_base_patch16_224.augreg_in21k,2,noisy_full,3,22,34.03062132603117,0.6834413770974093,0.6834413770974093,0.0,2,5
cub200,vit_base_patch16_224.augreg_in21k,2,noisy_full,77,23,34.03062132603117,0.487685600644313,0.487685600644313,0.0,2,5
cub200,vit_base_patch16_224.augreg_in21k,2,noisy_full,188,24,34.03062132603117,0.9969397869772889,0.9969397869772889,1.0,2,5
cub200,vit_base_patch16_224.augreg_in21k,4,clean_full,21,0,34.03062132603117,0.8663244131547759,0.851726788458184,1.0,4,5
cub200,vit_base_patch16_224.augreg_in21k,4,clean_full,169,1,34.03062132603117,0.8241514558404799,0.8643886017702123,0.5,4,5
cub200,vit_base_patch16_224.augreg_in21k,4,clean_full,54,2,34.03062132603117,0.8570846956144891,0.8652256622521451,0.5,4,5
cub200,vit_base_patch16_224.augreg_in21k,4,clean_full,105,3,34.03062132603117,0.8354892621877229,0.8543411307442819,0.75,4,5
cub200,vit_base_patch16_224.augreg_in21k,4,clean_full,150,4,34.03062132603117,0.8528251267227549,0.9145545561309666,0.75,4,5
cub200,vit_base_patch16_224.augreg_in21k,4,clean_full,113,5,34.03062132603117,0.757211828799139,0.8301277675484853,0.5,4,5
cub200,vit_base_patch16_224.augreg_in21k,4,clean_full,79,6,34.03062132603117,0.6616006208293291,0.6631516361259151,0.25,4,5
cub200,vit_base_patch16_224.augreg_in21k,4,clean_full,171,7,34.03062132603117,0.7589240376919254,0.7932558529887328,0.25,4,5
cub200,vit_base_patch16_224.augreg_in21k,4,clean_full,163,8,34.03062132603117,0.793900570333005,0.7932706828827649,0.5,4,5
cub200,vit_base_patch16_224.augreg_in21k,4,clean_full,57,9,34.03062132603117,0.7021664936991194,0.6681792058624871,0.25,4,5
cub200,vit_base_patch16_224.augreg_in21k,4,clean_full,191,10,34.03062132603117,0.8219144603378351,0.8170696341504357,0.5,4,5
cub200,vit_base_patch16_224.augreg_in21k,4,clean_full,67,11,34.03062132603117,0.5913294425432305,0.6161253147120999,0.25,4,5
cub200,vit_base_patch16_224.augreg_in21k,4,clean_full,115,12,34.03062132603117,0.8717784149841963,0.8880743941155873,0.75,4,5
cub200,vit_base_patch16_224.augreg_in21k,4,clean_full,156,13,34.03062132603117,0.7332994853671724,0.7583156303640446,0.25,4,5
cub200,vit_base_patch16_224.augreg_in21k,4,clean_full,124,14,34.03062132603117,0.5512642663507106,0.6309001130276406,0.5,4,5
cub200,vit_base_patch16_224.augreg_in21k,4,clean_full,1,15,34.03062132603117,0.6563430484851872,0.6512744334556724,0.0,4,5
cub200,vit_base_patch16_224.augreg_in21k,4,clean_full,113,16,34.03062132603117,0.8227741193911043,0.800621293542324,0.5,4,5
cub200,vit_base_patch16_224.augreg_in21k,4,clean_full,81,17,34.03062132603117,0.8124506504486317,0.8211032881496021,0.5,4,5
cub200,vit_base_patch16_224.augreg_in21k,4,clean_full,0,18,34.03062132603117,0.6166936766993534,0.5336352957633987,0.25,4,5
cub200,vit_base_patch16_224.augreg_in21k,4,clean_full,176,19,34.03062132603117,0.7610959087330644,0.7120922753561745,0.25,4,5
cub200,vit_base_patch16_224.augreg_in21k,4,clean_full,15,20,34.03062132603117,0.7484661211978225,0.7645549959628415,0.25,4,5
cub200,vit_base_patch16_224.augreg_in21k,4,clean_full,168,21,34.03062132603117,0.7787349468700228,0.7600959204950142,0.25,4,5
cub200,vit_base_patch16_224.augreg_in21k,4,clean_full,156,22,34.03062132603117,0.7278309959237806,0.679357095479429,0.25,4,5
cub200,vit_base_patch16_224.augreg_in21k,4,clean_full,110,23,34.03062132603117,0.7762814281348511,0.7719095073385669,0.25,4,5
cub200,vit_base_patch16_224.augreg_in21k,4,clean_full,161,24,34.03062132603117,0.7442099579965461,0.7630431881740507,0.0,4,5
cub200,vit_base_patch16_224.augreg_in21k,4,clean_small_pool,5,0,34.03062132603117,0.8285694626316353,0.8489588879400057,0.5,4,5
cub200,vit_base_patch16_224.augreg_in21k,4,clean_small_pool,121,1,34.03062132603117,0.6969743075279584,0.6717507148767023,0.25,4,5
cub200,vit_base_patch16_224.augreg_in21k,4,clean_small_pool,52,2,34.03062132603117,0.6186782428829618,0.6286914872241037,0.25,4,5
cub200,vit_base_patch16_224.augreg_in21k,4,clean_small_pool,195,3,34.03062132603117,0.8366453909959009,0.902145717400268,0.75,4,5
cub200,vit_base_patch16_224.augreg_in21k,4,clean_small_pool,196,4,34.03062132603117,0.8150626771783958,0.7882684042481722,0.5,4,5
cub200,vit_base_patch16_224.augreg_in21k,4,clean_small_pool,39,5,34.03062132603117,0.6152416860508356,0.7117050203543926,0.25,4,5
cub200,vit_base_patch16_224.augreg_in21k,4,clean_small_pool,198,6,34.03062132603117,0.6634101163564847,0.6771104832450426,0.0,4,5
cub200,vit_base_patch16_224.augreg_in21k,4,clean_small_pool,184,7,34.03062132603117,0.8224357476527642,0.8092475726971353,0.5,4,5
cub200,vit_base_patch16_224.augreg_in21k,4,clean_small_pool,85,8,34.03062132603117,0.7504321058299502,0.7797753246938066,0.5,4,5
cub200,vit_base_patch16_224.augreg_in21k,4,clean_small_pool,109,9,34.03062132603117,0.6056551783218721,0.6091700495437689,0.0,4,5
cub200,vit_base_patch16_224.augreg_in21k,4,clean_small_pool,126,10,34.03062132603117,0.9029987007305756,0.9070794341942201,1.0,4,5
cub200,vit_base_patch16_224.augreg_in21k,4,clean_small_pool,106,11,34.03062132603117,0.7820402059697467,0.8034759281792528,0.5,4,5
cub200,vit_base_patch16_224.augreg_in21k,4,clean_small_pool,103,12,34.03062132603117,0.6373916649133744,0.6731877062085678,0.0,4,5
cub200,vit_base_patch16_224.augreg_in21k,4,clean_small_pool,84,13,34.03062132603117,0.534777159722875,0.5000083922103554,0.25,4,5
cub200,vit_base_patch16_224.augreg_in21k,4,clean_small_pool,143,14,34.03062132603117,0.8375176860165706,0.8025322159284247,0.5,4,5
cub200,vit_base_patch16_224.augreg_in21k,4,clean_small_pool,189,15,34.03062132603117,0.8208062331281827,0.8454413606453353,0.75,4,5
cub200,vit_base_patch16_224.augreg_in21k,4,clean_small_pool,119,16,34.03062132603117,0.8052723928197293,0.8778703355448163,0.75,4,5
cub200,vit_base_patch16_224.augreg_in21k,4,clean_small_pool,126,17,34.03062132603117,0.6757260119495523,0.6443201836141927,0.25,4,5
cub200,vit_base_patch16_224.augreg_in21k,4,clean_small_pool,124,18,34.03062132603117,0.5454519124600854,0.5971612407987832,0.25,4,5
cub200,vit_base_patch16_224.augreg_in21k,4,clean_small_pool,128,19,34.03062132603117,0.7462746310821055,0.703773864034335,0.25,4,5
cub200,vit_base_patch16_224.augreg_in21k,4,clean_small_pool,171,20,34.03062132603117,0.8137580929597061,0.8093749893536075,0.5,4,5
cub200,vit_base_patch16_224.augreg_in21k,4,clean_small_pool,52,21,34.03062132603117,0.749403170698722,0.7693652173844847,0.5,4,5
cub200,vit_base_patch16_224.augreg_in21k,4,clean_small_pool,109,22,34.03062132603117,0.5668168298770865,0.5817905395548779,0.25,4,5
cub200,vit_base_patch16_224.augreg_in21k,4,clean_small_pool,190,23,34.03062132603117,0.39070742817825194,0.4468548041594004,0.0,4,5
cub200,vit_base_patch16_224.augreg_in21k,4,clean_small_pool,195,24,34.03062132603117,0.698400005604412,0.8205401484598126,0.5,4,5
cub200,vit_base_patch16_224.augreg_in21k,4,noisy_full,140,0,34.03062132603117,0.8087787583172013,0.7622029570146642,0.25,4,5
cub200,vit_base_patch16_224.augreg_in21k,4,noisy_full,81,1,34.03062132603117,0.8039010631552836,0.8115375826004936,0.5,4,5
cub200,vit_base_patch16_224.augreg_in21k,4,noisy_full,45,2,34.03062132603117,0.6640003647974217,0.6040197599309837,0.25,4,5
cub200,vit_base_patch16_224.augreg_in21k,4,noisy_full,44,3,34.03062132603117,0.6862798633558038,0.69324477632249,0.0,4,5
cub200,vit_base_patch16_224.augreg_in21k,4,noisy_full,18,4,34.03062132603117,0.8144578222964179,0.8099665242438159,0.5,4,5
cub200,vit_base_patch16_224.augreg_in21k,4,noisy_full,69,5,34.03062132603117,0.7419938165299373,0.7481780187052576,0.5,4,5
cub200,vit_base_patch16_224.augreg_in21k,4,noisy_full,47,6,34.03062132603117,0.5498433946724263,0.5442554954326918,0.0,4,5
cub200,vit_base_patch16_224.augreg_in21k,4,noisy_full,78,7,34.03062132603117,0.8206357215904514,0.7911045869282538,0.5,4,5
cub200,vit_base_patch16_224.augreg_in21k,4,noisy_full,148,8,34.03062132603117,0.7780151453944512,0.7482085219812264,0.25,4,5
cub200,vit_base_patch16_224.augreg_in21k,4,noisy_full,8,9,34.03062132603117,0.6104210232651042,0.6242678106194504,0.25,4,5
cub200,vit_base_patch16_224.augreg_in21k,4,noisy_full,71,10,34.03062132603117,0.6917578965104524,0.708478189958365,0.0,4,5
cub200,vit_base_patch16_224.augreg_in21k,4,noisy_full,18,11,34.03062132603117,0.7227818299501746,0.789410619272518,0.5,4,5
cub200,vit_base_patch16_224.augreg_in21k,4,noisy_full,72,12,34.03062132603117,0.7513653348720382,0.7609703365920137,0.25,4,5
cub200,vit_base_patch16_224.augreg_in21k,4,noisy_full,110,13,34.03062132603117,0.7711622827387901,0.7787362284783252,0.5,4,5
cub200,vit_base_patch16_224.augreg_in21k,4,noisy_full,195,14,34.03062132603117,0.834544885027295,0.8666352454447854,0.5,4,5
cub200,vit_base_patch16_224.augreg_in21k,4,noisy_full,29,15,34.03062132603117,0.46347762038886176,0.47213885249599397,0.0,4,5
cub200,vit_base_patch16_224.augreg_in21k,4,noisy_full,62,16,34.03062132603117,0.7775282398580035,0.8486161795548555,0.75,4,5
cub200,vit_base_patch16_224.augreg_in21k,4,noisy_full,59,17,34.03062132603117,0.7066674926499601,0.7118067867913299,0.5,4,5
cub200,vit_base_patch16_224.augreg_in21k,4,noisy_full,110,18,34.03062132603117,0.5965400044999087,0.6373200076653363,0.0,4,5
cub200,vit_base_patch16_224.augreg_in21k,4,noisy_full,42,19,34.03062132603117,0.9478000561894795,0.9395155149103169,1.0,4,5
cub200,vit_base_patch16_224.augreg_in21k,4,noisy_full,87,20,34.03062132603117,0.8362631771809558,0.8676066679076453,0.75,4,5
cub200,vit_base_patch16_224.augreg_in21k,4,noisy_full,139,21,34.03062132603117,0.7776316629154836,0.7788756538561701,0.5,4,5
cub200,vit_base_patch16_224.augreg_in21k,4,noisy_full,5,22,34.03062132603117,0.7139493826696137,0.742196978862023,0.5,4,5
cub200,vit_base_patch16_224.augreg_in21k,4,noisy_full,60,23,34.03062132603117,0.7300649321745994,0.6722662884180106,0.25,4,5
cub200,vit_base_patch16_224.augreg_in21k,4,noisy_full,34,24,34.03062132603117,0.7312837286710219,0.7421922054557775,0.25,4,5
cub200,vit_base_patch16_224.augreg_in21k,8,clean_full,52,0,34.03062132603117,0.7319759414852687,0.7487758627611674,0.25,8,5
cub200,vit_base_patch16_224.augreg_in21k,8,clean_full,184,1,34.03062132603117,0.8494523537368026,0.8668527804250827,0.625,8,5
cub200,vit_base_patch16_224.augreg_in21k,8,clean_full,45,2,34.03062132603117,0.5348725079026948,0.552174456813525,0.0,8,5
cub200,vit_base_patch16_224.augreg_in21k,8,clean_full,165,3,34.03062132603117,0.7838982596707167,0.781545150537723,0.5,8,5
cub200,vit_base_patch16_224.augreg_in21k,8,clean_full,168,4,34.03062132603117,0.7377725666778195,0.7718981910125047,0.375,8,5
cub200,vit_base_patch16_224.augreg_in21k,8,clean_full,82,5,34.03062132603117,0.7132159783587524,0.7000748684609261,0.375,8,5
cub200,vit_base_patch16_224.augreg_in21k,8,clean_full,192,6,34.03062132603117,0.676536374697513,0.674765789708712,0.0,8,5
cub200,vit_base_patch16_224.augreg_in21k,8,clean_full,85,7,34.03062132603117,0.6123920557440339,0.6323266471514222,0.0,8,5
cub200,vit_base_patch16_224.augreg_in21k,8,clean_full,53,8,34.03062132603117,0.6422173348556218,0.6566850083418987,0.25,8,5
cub200,vit_base_patch16_224.augreg_in21k,8,clean_full,160,9,34.03062132603117,0.7237892052768997,0.7312482162382397,0.375,8,5
cub200,vit_base_patch16_224.augreg_in21k,8,clean_full,69,10,34.03062132603117,0.8183101770354564,0.8683576780354101,0.625,8,5
cub200,vit_base_patch16_224.augreg_in21k,8,clean_full,113,11,34.03062132603117,0.5244160570374499,0.5260841912296077,0.125,8,5
cub200,vit_base_patch16_224.augreg_in21k,8,clean_full,140,12,34.03062132603117,0.707050775164761,0.7292348428125113,0.25,8,5
cub200,vit_base_patch16_224.augreg_in21k,8,clean_full,91,13,34.03062132603117,0.4861695723319084,0.48362791452511233,0.0,8,5
cub200,vit_base_patch16_224.augreg_in21k,8,clean_full,39,14,34.03062132603117,0.7118003178160891,0.7266012421745975,0.125,8,5
cub200,vit_base_patch16_224.augreg_in21k,8,clean_full,133,15,34.03062132603117,0.7005888235027884,0.7196720383402643,0.125,8,5
cub200,vit_base_patch16_224.augreg_in21k,8,clean_full,155,16,34.03062132603117,0.6715179193657033,0.6969943092936585,0.0,8,5
cub200,vit_base_patch16_224.augreg_in21k,8,clean_full,195,17,34.03062132603117,0.6871533556662922,0.6832817433237443,0.25,8,5
cub200,vit_base_patch16_224.augreg_in21k,8,clean_full,169,18,34.03062132603117,0.641433817778736,0.622780265361907,0.0,8,5
cub200,vit_base_patch16_224.augreg_in21k,8,clean_full,145,19,34.03062132603117,0.7032897031571634,0.7640101595373241,0.125,8,5
cub200,vit_base_patch16_224.augreg_in21k,8,clean_full,99,20,34.03062132603117,0.6607133481014892,0.6506285914151458,0.25,8,5
cub200,vit_base_patch16_224.augreg_in21k,8,clean_full,91,21,34.03062132603117,0.577141047919767,0.5887223544377611,0.125,8,5
cub200,vit_base_patch16_224.augreg_in21k,8,clean_full,139,22,34.03062132603117,0.791778917145605,0.7997918950729487,0.5,8,5
cub200,vit_base_patch16_224.augreg_in21k,8,clean_full,149,23,34.03062132603117,0.687516020870208,0.7104330310788458,0.375,8,5
cub200,vit_base_patch16_224.augreg_in21k,8,clean_full,93,24,34.03062132603117,0.7057958845836811,0.6744362216287292,0.125,8,5
cub200,vit_base_patch16_224.augreg_in21k,8,clean_small_pool,172,0,34.03062132603117,0.6980543391550471,0.6688443414936429,0.125,8,5
cub200,vit_base_patch16_224.augreg_in21k,8,clean_small_pool,69,1,34.03062132603117,0.685273853810638,0.6787323745621763,0.125,8,5
cub200,vit_base_patch16_224.augreg_in21k,8,clean_small_pool,2,2,34.03062132603117,0.5744896420069296,0.652125312793611,0.125,8,5
cub200,vit_base_patch16_224.augreg_in21k,8,clean_small_pool,192,3,34.03062132603117,0.5850152648999312,0.5928204245421201,0.0,8,5
cub200,vit_base_patch16_224.augreg_in21k,8,clean_small_pool,133,4,34.03062132603117,0.6500184708915935,0.6409863237461748,0.125,8,5
cub200,vit_base_patch16_224.augreg_in21k,8,clean_small_pool,12,5,34.03062132603117,0.7343969714917322,0.7360032379565432,0.25,8,5
cub200,vit_base_patch16_224.augreg_in21k,8,clean_small_pool,89,6,34.03062132603117,0.7020521114223859,0.703891153292526,0.125,8,5
cub200,vit_base_patch16_224.augreg_in21k,8,clean_small_pool,35,7,34.03062132603117,0.5854508866146053,0.5915858367572532,0.0,8,5
cub200,vit_base_patch16_224.augreg_in21k,8,clean_small_pool,172,8,34.03062132603117,0.7580420685300208,0.7780781072038038,0.5,8,5
cub200,vit_base_patch16_224.augreg_in21k,8,clean_small_pool,23,9,34.03062132603117,0.7133464654784643,0.7056731313564703,0.375,8,5
cub200,vit_base_patch16_224.augreg_in21k,8,clean_small_pool,155,10,34.03062132603117,0.6938797052796777,0.7163088742564498,0.375,8,5
cub200,vit_base_patch16_224.augreg_in21k,8,clean_small_pool,166,11,34.03062132603117,0.6980421929586069,0.727519991698109,0.375,8,5
cub200,vit_base_patch16_224.augreg_in21k,8,clean_small_pool,165,12,34.03062132603117,0.774676779990868,0.7911478714474878,0.375,8,5
cub200,vit_base_patch16_224.augreg_in21k,8,clean_small_pool,58,13,34.03062132603117,0.6230707139966722,0.6850480486049492,0.0,8,5
cub200,vit_base_patch16_224.augreg_in21k,8,clean_small_pool,65,14,34.03062132603117,0.7019500840550688,0.7466856860473099,0.125,8,5
cub200,vit_base_patch16_224.augreg_in21k,8,clean_small_pool,94,15,34.03062132603117,0.7830777416578345,0.8105140112224098,0.5,8,5
cub200,vit_base_patch16_224.augreg_in21k,8,clean_small_pool,150,16,34.03062132603117,0.6720299124614166,0.6679259997689683,0.25,8,5
cub200,vit_base_patch16_224.augreg_in21k,8,clean_small_pool,32,17,34.03062132603117,0.49342025971203907,0.4948884508494587,0.0,8,5
cub200,vit_base_patch16_224.augreg_in21k,8,clean_small_pool,34,18,34.03062132603117,0.8105997638762992,0.8145112693982999,0.625,8,5
cub200,vit_base_patch16_224.augreg_in21k,8,clean_small_pool,123,19,34.03062132603117,0.6362642982638618,0.6628131008931477,0.0,8,5
cub200,vit_base_patch16_224.augreg_in21k,8,clean_small_pool,7,20,34.03062132603117,0.6219860263297061,0.7310872181222083,0.25,8,5
cub200,vit_base_patch16_224.augreg_in21k,8,clean_small_pool,148,21,34.03062132603117,0.7511918876932192,0.7507575676826269,0.375,8,5
cub200,vit_base_patch16_224.augreg_in21k,8,clean_small_pool,129,22,34.03062132603117,0.528035742102322,0.5105852133949167,0.0,8,5
cub200,vit_base_patch16_224.augreg_in21k,8,clean_small_pool,23,23,34.03062132603117,0.6975482646197928,0.7091051541860158,0.125,8,5
cub200,vit_base_patch16_224.augreg_in21k,8,clean_small_pool,142,24,34.03062132603117,0.6130199005956741,0.6589971940673944,0.25,8,5
cub200,vit_base_patch16_224.augreg_in21k,8,noisy_full,72,0,34.03062132603117,0.7158419302460877,0.7322367837644779,0.375,8,5
cub200,vit_base_patch16_224.augreg_in21k,8,noisy_full,130,1,34.03062132603117,0.6493612575092877,0.6420001121789187,0.25,8,5
cub200,vit_base_patch16_224.augreg_in21k,8,noisy_full,68,2,34.03062132603117,0.5707595062353992,0.5662310629172176,0.0,8,5
cub200,vit_base_patch16_224.augreg_in21k,8,noisy_full,124,3,34.03062132603117,0.6923916792762559,0.7061251047992299,0.375,8,5
cub200,vit_base_patch16_224.augreg_in21k,8,noisy_full,158,4,34.03062132603117,0.7352631707080726,0.7783693309540085,0.375,8,5
cub200,vit_base_patch16_224.augreg_in21k,8,noisy_full,171,5,34.03062132603117,0.580826276347972,0.6471353828132191,0.25,8,5
cub200,vit_base_patch16_224.augreg_in21k,8,noisy_full,44,6,34.03062132603117,0.6167175037179677,0.6151580705702431,0.125,8,5
cub200,vit_base_patch16_224.augreg_in21k,8,noisy_full,168,7,34.03062132603117,0.7372051877540904,0.7638995901836392,0.375,8,5
cub200,vit_base_patch16_224.augreg_in21k,8,noisy_full,125,8,34.03062132603117,0.5751247361757461,0.5856795229632985,0.0,8,5
cub200,vit_base_patch16_224.augreg_in21k,8,noisy_full,16,9,34.03062132603117,0.6939791831136849,0.7259745550794792,0.25,8,5
cub200,vit_base_patch16_224.augreg_in21k,8,noisy_full,156,10,34.03062132603117,0.6710108705699676,0.691760318551381,0.125,8,5
cub200,vit_base_patch16_224.augreg_in21k,8,noisy_full,82,11,34.03062132603117,0.6567693580056698,0.7021357518902823,0.0,8,5
cub200,vit_base_patch16_224.augreg_in21k,8,noisy_full,137,12,34.03062132603117,0.6994736839086093,0.7542037108149096,0.25,8,5
cub200,vit_base_patch16_224.augreg_in21k,8,noisy_full,175,13,34.03062132603117,0.7529385309894707,0.771899907095015,0.25,8,5
cub200,vit_base_patch16_224.augreg_in21k,8,noisy_full,186,14,34.03062132603117,0.6343228244796121,0.6719090829613693,0.0,8,5
cub200,vit_base_patch16_224.augreg_in21k,8,noisy_full,2,15,34.03062132603117,0.6959301623087168,0.6893761270922465,0.125,8,5
cub200,vit_base_patch16_224.augreg_in21k,8,noisy_full,158,16,34.03062132603117,0.7466876607425601,0.7551461913205959,0.375,8,5
cub200,vit_base_patch16_224.augreg_in21k,8,noisy_full,182,17,34.03062132603117,0.6626174912986806,0.6732014602845333,0.125,8,5
cub200,vit_base_patch16_224.augreg_in21k,8,noisy_full,94,18,34.03062132603117,0.818500963261229,0.8223270606475288,0.5,8,5
cub200,vit_base_patch16_224.augreg_in21k,8,noisy_full,164,19,34.03062132603117,0.6422964456208015,0.6403297881516803,0.25,8,5
cub200,vit_base_patch16_224.augreg_in21k,8,noisy_full,90,20,34.03062132603117,0.6477411624434155,0.6100351231869099,0.25,8,5
cub200,vit_base_patch16_224.augreg_in21k,8,noisy_full,190,21,34.03062132603117,0.600182282954807,0.5936206285850527,0.25,8,5
cub200,vit_base_patch16_224.augreg_in21k,8,noisy_full,133,22,34.03062132603117,0.6893476953013449,0.6942922908566467,0.0,8,5
cub200,vit_base_patch16_224.augreg_in21k,8,noisy_full,131,23,34.03062132603117,0.6993301181052418,0.703398579163879,0.25,8,5
cub200,vit_base_patch16_224.augreg_in21k,8,noisy_full,152,24,34.03062132603117,0.6426584698511807,0.673383427965153,0.125,8,5
cub200,vit_base_patch16_224.augreg_in21k,16,clean_full,179,0,34.03062132603117,0.787490083454859,0.8147271042574622,0.625,16,5
cub200,vit_base_patch16_224.augreg_in21k,16,clean_full,130,1,34.03062132603117,0.5528427044290702,0.5841349684960659,0.0,16,5
cub200,vit_base_patch16_224.augreg_in21k,16,clean_full,32,2,34.03062132603117,0.6052899457909803,0.5990394859018389,0.0625,16,5
cub200,vit_base_patch16_224.augreg_in21k,16,clean_full,168,3,34.03062132603117,0.6815283615084944,0.6961601309186751,0.125,16,5
cub200,vit_base_patch16_224.augreg_in21k,16,clean_full,78,4,34.03062132603117,0.684823522533305,0.7374447668739474,0.0625,16,5
cub200,vit_base_patch16_224.augreg_in21k,16,clean_full,8,5,34.03062132603117,0.6943007792054335,0.6932605527400071,0.0625,16,5
cub200,vit_base_patch16_224.augreg_in21k,16,clean_full,18,6,34.03062132603117,0.7269495990072535,0.7368336905727171,0.3125,16,5
cub200,vit_base_patch16_224.augreg_in21k,16,clean_full,124,7,34.03062132603117,0.6372316174451589,0.6364424869980194,0.0,16,5
cub200,vit_base_patch16_224.augreg_in21k,16,clean_full,158,8,34.03062132603117,0.7222889217129821,0.7277284204880105,0.125,16,5
cub200,vit_base_patch16_224.augreg_in21k,16,clean_full,166,9,34.03062132603117,0.6439843514681087,0.6644601397133307,0.0,16,5
cub200,vit_base_patch16_224.augreg_in21k,16,clean_full,116,10,34.03062132603117,0.5918219829194756,0.6193525832690738,0.0625,16,5
cub200,vit_base_patch16_224.augreg_in21k,16,clean_full,183,11,34.03062132603117,0.6238051274788583,0.672838892013097,0.0625,16,5
cub200,vit_base_patch16_224.augreg_in21k,16,clean_full,146,12,34.03062132603117,0.6796932890525347,0.727670668075709,0.1875,16,5
cub200,vit_base_patch16_224.augreg_in21k,16,clean_full,181,13,34.03062132603117,0.7152687043902699,0.6944154860138746,0.1875,16,5
cub200,vit_base_patch16_224.augreg_in21k,16,clean_full,103,14,34.03062132603117,0.6329245984966827,0.6661013059239798,0.125,16,5
cub200,vit_base_patch16_224.augreg_in21k,16,clean_full,72,15,34.03062132603117,0.7219963386533534,0.7052635015399522,0.1875,16,5
cub200,vit_base_patch16_224.augreg_in21k,16,clean_full,196,16,34.03062132603117,0.7071721919815317,0.6949483135242532,0.1875,16,5
cub200,vit_base_patch16_224.augreg_in21k,16,clean_full,74,17,34.03062132603117,0.6549596723362829,0.6419161701349985,0.125,16,5
cub200,vit_base_patch16_224.augreg_in21k,16,clean_full,35,18,34.03062132603117,0.6960791237069015,0.7116239466533891,0.125,16,5
cub200,vit_base_patch16_224.augreg_in21k,16,clean_full,194,19,34.03062132603117,0.6762091039013898,0.6981902168388947,0.25,16,5
cub200,vit_base_patch16_224.augreg_in21k,16,clean_full,59,20,34.03062132603117,0.632530694282789,0.6370059866323163,0.0,16,5
cub200,vit_base_patch16_224.augreg_in21k,16,clean_full,7,21,34.03062132603117,0.5559835308829326,0.5725611770410963,0.0,16,5
cub200,vit_base_patch16_224.augreg_in21k,16,clean_full,195,22,34.03062132603117,0.620877177409298,0.6433776042337069,0.0625,16,5
cub200,vit_base_patch16_224.augreg_in21k,16,clean_full,154,23,34.03062132603117,0.6698929511125242,0.7107360171795558,0.125,16,5
cub200,vit_base_patch16_224.augreg_in21k,16,clean_full,83,24,34.03062132603117,0.698741093662708,0.7159136378664916,0.0625,16,5
cub200,vit_base_patch16_224.augreg_in21k,16,clean_small_pool,33,0,34.03062132603117,0.5840599222833772,0.6036529790673801,0.0,16,5
cub200,vit_base_patch16_224.augreg_in21k,16,clean_small_pool,98,1,34.03062132603117,0.5943043322172256,0.6374047055145611,0.0,16,5
cub200,vit_base_patch16_224.augreg_in21k,16,clean_small_pool,150,2,34.03062132603117,0.6751521020528155,0.6822090266239064,0.125,16,5
cub200,vit_base_patch16_224.augreg_in21k,16,clean_small_pool,33,3,34.03062132603117,0.6218530837075418,0.6233691475952929,0.0625,16,5
cub200,vit_base_patch16_224.augreg_in21k,16,clean_small_pool,2,4,34.03062132603117,0.663221496071973,0.6862246768983379,0.125,16,5
cub200,vit_base_patch16_224.augreg_in21k,16,clean_small_pool,77,5,34.03062132603117,0.6794878499157921,0.6487108535351742,0.1875,16,5
cub200,vit_base_patch16_224.augreg_in21k,16,clean_small_pool,186,6,34.03062132603117,0.6453185046435087,0.6847476345953167,0.0625,16,5
cub200,vit_base_patch16_224.augreg_in21k,16,clean_small_pool,9,7,34.03062132603117,0.7837371560853685,0.8278669456706187,0.625,16,5
cub200,vit_base_patch16_224.augreg_in21k,16,clean_small_pool,118,8,34.03062132603117,0.653806489290963,0.7083251347822772,0.125,16,5
cub200,vit_base_patch16_224.augreg_in21k,16,clean_small_pool,69,9,34.03062132603117,0.7460122001485161,0.7562329099127897,0.3125,16,5
cub200,vit_base_patch16_224.augreg_in21k,16,clean_small_pool,18,10,34.03062132603117,0.7217463792987028,0.7373728031450512,0.25,16,5
cub200,vit_base_patch16_224.augreg_in21k,16,clean_small_pool,56,11,34.03062132603117,0.7825266997809925,0.7928203903456006,0.4375,16,5
cub200,vit_base_patch16_224.augreg_in21k,16,clean_small_pool,186,12,34.03062132603117,0.6758449252834112,0.6856499777944798,0.0625,16,5
cub200,vit_base_patch16_224.augreg_in21k,16,clean_small_pool,14,13,34.03062132603117,0.6534556064351973,0.6647330766204835,0.0625,16,5
cub200,vit_base_patch16_224.augreg_in21k,16,clean_small_pool,27,14,34.03062132603117,0.7517221000631813,0.7636506959066998,0.375,16,5
cub200,vit_base_patch16_224.augreg_in21k,16,clean_small_pool,69,15,34.03062132603117,0.7723318492297278,0.7841241087344011,0.5,16,5
cub200,vit_base_patch16_224.augreg_in21k,16,clean_small_pool,14,16,34.03062132603117,0.619261486171434,0.6287574711604914,0.0,16,5
cub200,vit_base_patch16_224.augreg_in21k,16,clean_small_pool,172,17,34.03062132603117,0.6566340458337536,0.6728334951585171,0.0,16,5
cub200,vit_base_patch16_224.augreg_in21k,16,clean_small_pool,133,18,34.03062132603117,0.675037596935459,0.6673649103489783,0.125,16,5
cub200,vit_base_patch16_224.augreg_in21k,16,clean_small_pool,62,19,34.03062132603117,0.7128249297188619,0.7397669283184899,0.1875,16,5
cub200,vit_base_patch16_224.augreg_in21k,16,clean_small_pool,20,20,34.03062132603117,0.7459061456814267,0.7795569184604592,0.3125,16,5
cub200,vit_base_patch16_224.augreg_in21k,16,clean_small_pool,32,21,34.03062132603117,0.6167444932260562,0.6335577071695198,0.125,16,5
cub200,vit_base_patch16_224.augreg_in21k,16,clean_small_pool,149,22,34.03062132603117,0.6433016991656009,0.6456789841988042,0.0625,16,5
cub200,vit_base_patch16_224.augreg_in21k,16,clean_small_pool,130,23,34.03062132603117,0.5747687265004799,0.5836986581961314,0.0,16,5
cub200,vit_base_patch16_224.augreg_in21k,16,clean_small_pool,36,24,34.03062132603117,0.7146995838031653,0.7041404621538159,0.25,16,5
cub200,vit_base_patch16_224.augreg_in21k,16,noisy_full,194,0,34.03062132603117,0.7455940215091397,0.763202832810594,0.4375,16,5
cub200,vit_base_patch16_224.augreg_in21k,16,noisy_full,149,1,34.03062132603117,0.6424534882194974,0.6445540186037546,0.1875,16,5
cub200,vit_base_patch16_224.augreg_in21k,16,noisy_full,178,2,34.03062132603117,0.5744031250417617,0.5583223115307308,0.0,16,5
cub200,vit_base_patch16_224.augreg_in21k,16,noisy_full,189,3,34.03062132603117,0.6965057035549904,0.712784370634152,0.125,16,5
cub200,vit_base_patch16_224.augreg_in21k,16,noisy_full,102,4,34.03062132603117,0.6606052293012992,0.7173314906347856,0.1875,16,5
cub200,vit_base_patch16_224.augreg_in21k,16,noisy_full,135,5,34.03062132603117,0.6881737986384879,0.6925182791603521,0.125,16,5
cub200,vit_base_patch16_224.augreg_in21k,16,noisy_full,35,6,34.03062132603117,0.7159645715327146,0.7185956249207239,0.125,16,5
cub200,vit_base_patch16_224.augreg_in21k,16,noisy_full,70,7,34.03062132603117,0.6049752050437368,0.6222310751704834,0.0625,16,5
cub200,vit_base_patch16_224.augreg_in21k,16,noisy_full,73,8,34.03062132603117,0.5838370759282231,0.5839602612136832,0.1875,16,5
cub200,vit_base_patch16_224.augreg_in21k,16,noisy_full,21,9,34.03062132603117,0.5979515679090316,0.5992619000808268,0.0625,16,5
cub200,vit_base_patch16_224.augreg_in21k,16,noisy_full,40,10,34.03062132603117,0.7790558501429046,0.8005882293305364,0.5625,16,5
cub200,vit_base_patch16_224.augreg_in21k,16,noisy_full,190,11,34.03062132603117,0.6780244371138792,0.6796610036308078,0.0625,16,5
cub200,vit_base_patch16_224.augreg_in21k,16,noisy_full,54,12,34.03062132603117,0.7671372632198843,0.7908161729899934,0.4375,16,5
cub200,vit_base_patch16_224.augreg_in21k,16,noisy_full,188,13,34.03062132603117,0.7390483608808437,0.747100519933201,0.1875,16,5
cub200,vit_base_patch16_224.augreg_in21k,16,noisy_full,192,14,34.03062132603117,0.635114532922988,0.6479447921187691,0.0,16,5
cub200,vit_base_patch16_224.augreg_in21k,16,noisy_full,171,15,34.03062132603117,0.6504315334324295,0.6448875689925586,0.125,16,5
cub200,vit_base_patch16_224.augreg_in21k,16,noisy_full,32,16,34.03062132603117,0.6249917050658639,0.6490192353648947,0.0,16,5
cub200,vit_base_patch16_224.augreg_in21k,16,noisy_full,22,17,34.03062132603117,0.540697250628462,0.5991056544364026,0.0625,16,5
cub200,vit_base_patch16_224.augreg_in21k,16,noisy_full,69,18,34.03062132603117,0.7198358129916419,0.7117710560057224,0.25,16,5
cub200,vit_base_patch16_224.augreg_in21k,16,noisy_full,146,19,34.03062132603117,0.6501178423389955,0.6605543294904539,0.1875,16,5
cub200,vit_base_patch16_224.augreg_in21k,16,noisy_full,106,20,34.03062132603117,0.5691425927473,0.565976958011475,0.0,16,5
cub200,vit_base_patch16_224.augreg_in21k,16,noisy_full,187,21,34.03062132603117,0.6649469897029546,0.6605122729823124,0.0625,16,5
cub200,vit_base_patch16_224.augreg_in21k,16,noisy_full,127,22,34.03062132603117,0.5878946105578644,0.5912948339291839,0.0625,16,5
cub200,vit_base_patch16_224.augreg_in21k,16,noisy_full,158,23,34.03062132603117,0.7101306761569683,0.7014950769704713,0.125,16,5
cub200,vit_base_patch16_224.augreg_in21k,16,noisy_full,145,24,34.03062132603117,0.6616024189638392,0.6561178043230834,0.0625,16,5
cifar100,vit_base_patch16_224.augreg_in21k,1,clean_full,74,0,86.3956279333485,0.9999999577938092,0.9999999577938092,1.0,1,100
cifar100,vit_base_patch16_224.augreg_in21k,1,clean_full,80,1,86.3956279333485,1.000000055856633,1.000000055856633,1.0,1,100
cifar100,vit_base_patch16_224.augreg_in21k,1,clean_full,17,2,86.3956279333485,0.9999999773108856,0.9999999773108856,1.0,1,100
cifar100,vit_base_patch16_224.augreg_in21k,1,clean_full,46,3,86.3956279333485,1.0000000335203014,1.0000000335203014,1.0,1,100
cifar100,vit_base_patch16_224.augreg_in21k,1,clean_full,86,4,86.3956279333485,0.9999999734184676,0.9999999734184676,1.0,1,100
cifar100,vit_base_patch16_224.augreg_in21k,1,clean_full,83,5,86.3956279333485,1.0000000095991748,1.0000000095991748,1.0,1,100
cifar100,vit_base_patch16_224.augreg_in21k,1,clean_full,4,6,86.3956279333485,0.9999999928268342,0.9999999928268342,1.0,1,100
cifar100,vit_base_patch16_224.augreg_in21k,1,clean_full,25,7,86.3956279333485,0.9999999991267716,0.9999999991267716,1.0,1,100
cifar100,vit_base_patch16_224.augreg_in21k,1,clean_full,90,8,86.3956279333485,1.0000000251238992,1.0000000251238992,1.0,1,100
cifar100,vit_base_patch16_224.augreg_in21k,1,clean_full,27,9,86.3956279333485,0.9999999696227292,0.9999999696227292,1.0,1,100
cifar100,vit_base_patch16_224.augreg_in21k,1,clean_full,42,10,86.3956279333485,0.999999999626307,0.999999999626307,1.0,1,100
cifar100,vit_base_patch16_224.augreg_in21k,1,clean_full,40,11,86.3956279333485,1.0000000152342026,1.0000000152342026,1.0,1,100
cifar100,vit_base_patch16_224.augreg_in21k,1,clean_full,30,12,86.3956279333485,0.9999999598821387,0.9999999598821387,1.0,1,100
cifar100,vit_base_patch16_224.augreg_in21k,1,clean_full,32,13,86.3956279333485,1.00000001485421,1.00000001485421,1.0,1,100
cifar100,vit_base_patch16_224.augreg_in21k,1,clean_full,98,14,86.3956279333485,1.0000000009793382,1.0000000009793382,1.0,1,100
cifar100,vit_base_patch16_224.augreg_in21k,1,clean_full,90,15,86.3956279333485,1.0000000108182812,1.0000000108182812,1.0,1,100
cifar100,vit_base_patch16_224.augreg_in21k,1,clean_full,10,16,86.3956279333485,1.0000000281411805,1.0000000281411805,1.0,1,100
cifar100,vit_base_patch16_224.augreg_in21k,1,clean_full,59,17,86.3956279333485,0.9999999500483461,0.9999999500483461,1.0,1,100
cifar100,vit_base_patch16_224.augreg_in21k,1,clean_full,14,18,86.3956279333485,0.9999999450509861,0.9999999450509861,1.0,1,100
cifar100,vit_base_patch16_224.augreg_in21k,1,clean_full,14,19,86.3956279333485,0.9999999994326261,0.9999999994326261,1.0,1,100
cifar100,vit_base_patch16_224.augreg_in21k,1,clean_full,19,20,86.3956279333485,0.999999997344611,0.999999997344611,1.0,1,100
cifar100,vit_base_patch16_224.augreg_in21k,1,clean_full,44,21,86.3956279333485,1.0000000073110005,1.0000000073110005,1.0,1,100
cifar100,vit_base_patch16_224.augreg_in21k,1,clean_full,63,22,86.3956279333485,1.0000000064729093,1.0000000064729093,1.0,1,100
cifar100,vit_base_patch16_224.augreg_in21k,1,clean_full,82,23,86.3956279333485,0.9999999989531039,0.9999999989531039,1.0,1,100
cifar100,vit_base_patch16_224.augreg_in21k,1,clean_full,50,24,86.3956279333485,0.9999999531651469,0.9999999531651469,1.0,1,100
cifar100,vit_base_patch16_224.augreg_in21k,1,clean_small_pool,26,0,86.3956279333485,0.9999999685604044,0.9999999685604044,1.0,1,20
cifar100,vit_base_patch16_224.augreg_in21k,1,clean_small_pool,96,1,86.3956279333485,0.9999999773177017,0.9999999773177017,1.0,1,20
cifar100,vit_base_patch16_224.augreg_in21k,1,clean_small_pool,25,2,86.3956279333485,1.0000000032535612,1.0000000032535612,1.0,1,20
cifar100,vit_base_patch16_224.augreg_in21k,1,clean_small_pool,66,3,86.3956279333485,0.9999999758328676,0.9999999758328676,1.0,1,20
cifar100,vit_base_patch16_224.augreg_in21k,1,clean_small_pool,67,4,86.3956279333485,0.9999999484868768,0.9999999484868768,1.0,1,20
cifar100,vit_base_patch16_224.augreg_in21k,1,clean_small_pool,23,5,86.3956279333485,1.0000000107999505,1.0000000107999505,1.0,1,20
cifar100,vit_base_patch16_224.augreg_in21k,1,clean_small_pool,61,6,86.3956279333485,1.0000000971750715,1.0000000971750715,1.0,1,20
cifar100,vit_base_patch16_224.augreg_in21k,1,clean_small_pool,71,7,86.3956279333485,0.9999999591740619,0.9999999591740619,1.0,1,20
cifar100,vit_base_patch16_224.augreg_in21k,1,clean_small_pool,89,8,86.3956279333485,1.000000042258367,1.000000042258367,1.0,1,20
cifar100,vit_base_patch16_224.augreg_in21k,1,clean_small_pool,56,9,86.3956279333485,0.9999999740565694,0.9999999740565694,1.0,1,20
cifar100,vit_base_patch16_224.augreg_in21k,1,clean_small_pool,43,10,86.3956279333485,1.0000000198828152,1.0000000198828152,1.0,1,20
cifar100,vit_base_patch16_224.augreg_in21k,1,clean_small_pool,47,11,86.3956279333485,1.000000014629841,1.000000014629841,1.0,1,20
cifar100,vit_base_patch16_224.augreg_in21k,1,clean_small_pool,56,12,86.3956279333485,0.9999999332968886,0.9999999332968886,1.0,1,20
cifar100,vit_base_patch16_224.augreg_in21k,1,clean_small_pool,78,13,86.3956279333485,1.0000000582224988,1.0000000582224988,1.0,1,20
cifar100,vit_base_patch16_224.augreg_in21k,1,clean_small_pool,89,14,86.3956279333485,1.0000000502511268,1.0000000502511268,1.0,1,20
cifar100,vit_base_patch16_224.augreg_in21k,1,clean_small_pool,32,15,86.3956279333485,0.9999999648294784,0.9999999648294784,1.0,1,20
cifar100,vit_base_patch16_224.augreg_in21k,1,clean_small_pool,19,16,86.3956279333485,0.9999999533988289,0.9999999533988289,1.0,1,20
cifar100,vit_base_patch16_224.augreg_in21k,1,clean_small_pool,37,17,86.3956279333485,1.0000000206771649,1.0000000206771649,1.0,1,20
cifar100,vit_base_patch16_224.augreg_in21k,1,clean_small_pool,59,18,86.3956279333485,0.999999989085157,0.999999989085157,1.0,1,20
cifar100,vit_base_patch16_224.augreg_in21k,1,clean_small_pool,19,19,86.3956279333485,0.9999999762596606,0.9999999762596606,1.0,1,20
cifar100,vit_base_patch16_224.augreg_in21k,1,clean_small_pool,3,20,86.3956279333485,1.000000008181206,1.000000008181206,1.0,1,20
cifar100,vit_base_patch16_224.augreg_in21k,1,clean_small_pool,40,21,86.3956279333485,1.0000000267540838,1.0000000267540838,1.0,1,20
cifar100,vit_base_patch16_224.augreg_in21k,1,clean_small_pool,75,22,86.3956279333485,1.000000009779607,1.000000009779607,1.0,1,20
cifar100,vit_base_patch16_224.augreg_in21k,1,clean_small_pool,6,23,86.3956279333485,1.0000000327551806,1.0000000327551806,1.0,1,20
cifar100,vit_base_patch16_224.augreg_in21k,1,clean_small_pool,66,24,86.3956279333485,1.0000000010275905,1.0000000010275905,1.0,1,20
cifar100,vit_base_patch16_224.augreg_in21k,1,noisy_full,9,0,86.3956279333485,1.0000000095843347,1.0000000095843347,1.0,1,100
cifar100,vit_base_patch16_224.augreg_in21k,1,noisy_full,9,1,86.3956279333485,1.0000000362887793,1.0000000362887793,1.0,1,100
cifar100,vit_base_patch16_224.augreg_in21k,1,noisy_full,69,2,86.3956279333485,1.000000011545665,1.000000011545665,1.0,1,100
cifar100,vit_base_patch16_224.augreg_in21k,1,noisy_full,10,3,86.3956279333485,1.0000000439786008,1.0000000439786008,1.0,1,100
cifar100,vit_base_patch16_224.augreg_in21k,1,noisy_full,59,4,86.3956279333485,0.9999999586535062,0.9999999586535062,1.0,1,100
cifar100,vit_base_patch16_224.augreg_in21k,1,noisy_full,12,5,86.3956279333485,0.9999999441849513,0.9999999441849513,1.0,1,100
cifar100,vit_base_patch16_224.augreg_in21k,1,noisy_full,12,6,86.3956279333485,0.9999999746116618,0.9999999746116618,1.0,1,100
cifar100,vit_base_patch16_224.augreg_in21k,1,noisy_full,34,7,86.3956279333485,1.0000000244297627,1.0000000244297627,1.0,1,100
cifar100,vit_base_patch16_224.augreg_in21k,1,noisy_full,1,8,86.3956279333485,0.9999999763678209,0.9999999763678209,1.0,1,100
cifar100,vit_base_patch16_224.augreg_in21k,1,noisy_full,58,9,86.3956279333485,1.0000000349896498,1.0000000349896498,1.0,1,100
cifar100,vit_base_patch16_224.augreg_in21k,1,noisy_full,99,10,86.3956279333485,1.0000000379770282,1.0000000379770282,1.0,1,100
cifar100,vit_base_patch16_224.augreg_in21k,1,noisy_full,20,11,86.3956279333485,1.000000059443758,1.000000059443758,1.0,1,100
cifar100,vit_base_patch16_224.augreg_in21k,1,noisy_full,45,12,86.3956279333485,0.9999999338990686,0.9999999338990686,1.0,1,100
cifar100,vit_base_patch16_224.augreg_in21k,1,noisy_full,35,13,86.3956279333485,1.0000000233983433,1.0000000233983433,1.0,1,100
cifar100,vit_base_patch16_224.augreg_in21k,1,noisy_full,64,14,86.3956279333485,0.9999999735438322,0.9999999735438322,1.0,1,100
cifar100,vit_base_patch16_224.augreg_in21k,1,noisy_full,19,15,86.3956279333485,1.0000000262547877,1.0000000262547877,1.0,1,100
cifar100,vit_base_patch16_224.augreg_in21k,1,noisy_full,32,16,86.3956279333485,0.9999999676403424,0.9999999676403424,1.0,1,100
cifar100,vit_base_patch16_224.augreg_in21k,1,noisy_full,60,17,86.3956279333485,1.0000000214215492,1.0000000214215492,1.0,1,100
cifar100,vit_base_patch16_224.augreg_in21k,1,noisy_full,9,18,86.3956279333485,0.9999999846135882,0.9999999846135882,1.0,1,100
cifar100,vit_base_patch16_224.augreg_in21k,1,noisy_full,91,19,86.3956279333485,0.9999999560910662,0.9999999560910662,1.0,1,100
cifar100,vit_base_patch16_224.augreg_in21k,1,noisy_full,28,20,86.3956279333485,0.9999999349188348,0.9999999349188348,1.0,1,100
cifar100,vit_base_patch16_224.augreg_in21k,1,noisy_full,19,21,86.3956279333485,1.000000001570512,1.000000001570512,1.0,1,100
cifar100,vit_base_patch16_224.augreg_in21k,1,noisy_full,91,22,86.3956279333485,0.999999974448625,0.999999974448625,1.0,1,100
cifar100,vit_base_patch16_224.augreg_in21k,1,noisy_full,9,23,86.3956279333485,1.0000000261152044,1.0000000261152044,1.0,1,100
cifar100,vit_base_patch16_224.augreg_in21k,1,noisy_full,19,24,86.3956279333485,1.0000000040503108,1.0000000040503108,1.0,1,100
cifar100,vit_base_patch16_224.augreg_in21k,2,clean_full,34,0,86.3956279333485,0.596170489938564,0.596170489938564,0.0,2,100
cifar100,vit_base_patch16_224.augreg_in21k,2,clean_full,37,1,86.3956279333485,0.9918550192102467,0.9918550192102467,1.0,2,100
cifar100,vit_base_patch16_224.augreg_in21k,2,clean_full,69,2,86.3956279333485,0.995281873327782,0.995281873327782,1.0,2,100
cifar100,vit_base_patch16_224.augreg_in21k,2,clean_full,92,3,86.3956279333485,0.9749521622784074,0.9749521622784074,1.0,2,100
cifar100,vit_base_patch16_224.augreg_in21k,2,clean_full,55,4,86.3956279333485,0.5306653777662171,0.5306653777662171,0.0,2,100
cifar100,vit_base_patch16_224.augreg_in21k,2,clean_full,22,5,86.3956279333485,0.9714460901053629,0.9714460901053629,1.0,2,100
cifar100,vit_base_patch16_224.augreg_in21k,2,clean_full,40,6,86.3956279333485,0.9983067611258392,0.9983067611258392,1.0,2,100
cifar100,vit_base_patch16_224.augreg_in21k,2,clean_full,26,7,86.3956279333485,0.569122304633843,0.569122304633843,0.0,2,100
cifar100,vit_base_patch16_224.augreg_in21k,2,clean_full,48,8,86.3956279333485,0.9995199074969848,0.9995199074969848,1.0,2,100
cifar100,vit_base_patch16_224.augreg_in21k,2,clean_full,79,9,86.3956279333485,0.9353839078489337,0.9353839078489337,1.0,2,100
cifar100,vit_base_patch16_224.augreg_in21k,2,clean_full,81,10,86.3956279333485,0.28165807638931484,0.28165807638931484,0.0,2,100
cifar100,vit_base_patch16_224.augreg_in21k,2,clean_full,68,11,86.3956279333485,0.667581777108706,0.667581777108706,0.0,2,100
cifar100,vit_base_patch16_224.augreg_in21k,2,clean_full,32,12,86.3956279333485,0.9825133278369382,0.9825133278369382,1.0,2,100
cifar100,vit_base_patch16_224.augreg_in21k,2,clean_full,44,13,86.3956279333485,0.9335858542488591,0.9335858542488591,1.0,2,100
cifar100,vit_base_patch16_224.augreg_in21k,2,clean_full,22,14,86.3956279333485,0.9940126621904227,0.9940126621904227,1.0,2,100
cifar100,vit_base_patch16_224.augreg_in21k,2,clean_full,51,15,86.3956279333485,0.999990784493981,0.999990784493981,1.0,2,100
cifar100,vit_base_patch16_224.augreg_in21k,2,clean_full,64,16,86.3956279333485,0.9493639543415369,0.9493639543415369,1.0,2,100
cifar100,vit_base_patch16_224.augreg_in21k,2,clean_full,87,17,86.3956279333485,0.46695046030796505,0.46695046030796505,0.0,2,100
cifar100,vit_base_patch16_224.augreg_in21k,2,clean_full,71,18,86.3956279333485,0.6255620445170678,0.6255620445170678,0.0,2,100
cifar100,vit_base_patch16_224.augreg_in21k,2,clean_full,21,19,86.3956279333485,0.5917591889071685,0.5917591889071685,0.0,2,100
cifar100,vit_base_patch16_224.augreg_in21k,2,clean_full,9,20,86.3956279333485,0.9452937008585117,0.9452937008585117,1.0,2,100
cifar100,vit_base_patch16_224.augreg_in21k,2,clean_full,20,21,86.3956279333485,0.9989453252948486,0.9989453252948486,1.0,2,100
cifar100,vit_base_patch16_224.augreg_in21k,2,clean_full,81,22,86.3956279333485,0.6254873269955143,0.6254873269955143,0.0,2,100
cifar100,vit_base_patch16_224.augreg_in21k,2,clean_full,17,23,86.3956279333485,0.9996469386567357,0.9996469386567357,1.0,2,100
cifar100,vit_base_patch16_224.augreg_in21k,2,clean_full,87,24,86.3956279333485,0.9997297392949109,0.9997297392949109,1.0,2,100
cifar100,vit_base_patch16_224.augreg_in21k,2,clean_small_pool,55,0,86.3956279333485,0.9974289988451324,0.9974289988451324,1.0,2,20
cifar100,vit_base_patch16_224.augreg_in21k,2,clean_small_pool,48,1,86.3956279333485,0.9965505490911541,0.9965505490911541,1.0,2,20
cifar100,vit_base_patch16_224.augreg_in21k,2,clean_small_pool,44,2,86.3956279333485,0.604869046725728,0.604869046725728,0.0,2,20
cifar100,vit_base_patch16_224.augreg_in21k,2,clean_small_pool,67,3,86.3956279333485,0.9932703474974813,0.9932703474974813,1.0,2,20
cifar100,vit_base_patch16_224.augreg_in21k,2,clean_small_pool,72,4,86.3956279333485,0.45458506821318667,0.45458506821318667,0.0,2,20
cifar100,vit_base_patch16_224.augreg_in21k,2,clean_small_pool,64,5,86.3956279333485,0.9916246013215346,0.9916246013215346,1.0,2,20
cifar100,vit_base_patch16_224.augreg_in21k,2,clean_small_pool,61,6,86.3956279333485,0.49759778073874483,0.49759778073874483,0.0,2,20
cifar100,vit_base_patch16_224.augreg_in21k,2,clean_small_pool,15,7,86.3956279333485,0.5940646838758487,0.5940646838758487,0.0,2,20
cifar100,vit_base_patch16_224.augreg_in21k,2,clean_small_pool,91,8,86.3956279333485,0.29256282985327675,0.29256282985327675,0.0,2,20
cifar100,vit_base_patch16_224.augreg_in21k,2,clean_small_pool,53,9,86.3956279333485,0.9999017579593203,0.9999017579593203,1.0,2,20
cifar100,vit_base_patch16_224.augreg_in21k,2,clean_small_pool,13,10,86.3956279333485,0.993613474174301,0.993613474174301,1.0,2,20
cifar100,vit_base_patch16_224.augreg_in21k,2,clean_small_pool,20,11,86.3956279333485,0.41523005271799623,0.41523005271799623,0.0,2,20
cifar100,vit_base_patch16_224.augreg_in21k,2,clean_small_pool,21,12,86.3956279333485,0.9999586963390833,0.9999586963390833,1.0,2,20
cifar100,vit_base_patch16_224.augreg_in21k,2,clean_small_pool,11,13,86.3956279333485,0.980514021555319,0.980514021555319,1.0,2,20
cifar100,vit_base_patch16_224.augreg_in21k,2,clean_small_pool,36,14,86.3956279333485,0.9808405041161737,0.9808405041161737,1.0,2,20
cifar100,vit_base_patch16_224.augreg_in21k,2,clean_small_pool,50,15,86.3956279333485,0.998035079672845,0.998035079672845,1.0,2,20
cifar100,vit_base_patch16_224.augreg_in21k,2,clean_small_pool,49,16,86.3956279333485,0.6957031530483986,0.6957031530483986,0.0,2,20
cifar100,vit_base_patch16_224.augreg_in21k,2,clean_small_pool,38,17,86.3956279333485,0.4767988394263326,0.4767988394263326,0.0,2,20
cifar100,vit_base_patch16_224.augreg_in21k,2,clean_small_pool,79,18,86.3956279333485,0.9968653177897792,0.9968653177897792,1.0,2,20
cifar100,vit_base_patch16_224.augreg_in21k,2,clean_small_pool,43,19,86.3956279333485,0.9980543055244746,0.9980543055244746,1.0,2,20
cifar100,vit_base_patch16_224.augreg_in21k,2,clean_small_pool,60,20,86.3956279333485,0.9968769839592033,0.9968769839592033,1.0,2,20
cifar100,vit_base_patch16_224.augreg_in21k,2,clean_small_pool,71,21,86.3956279333485,0.6752948662966973,0.6752948662966973,0.0,2,20
cifar100,vit_base_patch16_224.augreg_in21k,2,clean_small_pool,4,22,86.3956279333485,0.9986056611390421,0.9986056611390421,1.0,2,20
cifar100,vit_base_patch16_224.augreg_in21k,2,clean_small_pool,59,23,86.3956279333485,0.19242981599055198,0.19242981599055198,0.0,2,20
cifar100,vit_base_patch16_224.augreg_in21k,2,clean_small_pool,85,24,86.3956279333485,0.734016961710247,0.734016961710247,0.0,2,20
cifar100,vit_base_patch16_224.augreg_in21k,2,noisy_full,47,0,86.3956279333485,0.9972972969462479,0.9972972969462479,1.0,2,100
cifar100,vit_base_patch16_224.augreg_in21k,2,noisy_full,76,1,86.3956279333485,0.9998706959226065,0.9998706959226065,1.0,2,100
cifar100,vit_base_patch16_224.augreg_in21k,2,noisy_full,65,2,86.3956279333485,0.462273554985441,0.462273554985441,0.0,2,100
cifar100,vit_base_patch16_224.augreg_in21k,2,noisy_full,58,3,86.3956279333485,0.9985207316594595,0.9985207316594595,1.0,2,100
cifar100,vit_base_patch16_224.augreg_in21k,2,noisy_full,9,4,86.3956279333485,0.3377508331766905,0.3377508331766905,0.0,2,100
cifar100,vit_base_patch16_224.augreg_in21k,2,noisy_full,80,5,86.3956279333485,0.9993975011900593,0.9993975011900593,1.0,2,100
cifar100,vit_base_patch16_224.augreg_in21k,2,noisy_full,88,6,86.3956279333485,0.9998502631973397,0.9998502631973397,1.0,2,100
cifar100,vit_base_patch16_224.augreg_in21k,2,noisy_full,26,7,86.3956279333485,0.9663903680367023,0.9663903680367023,1.0,2,100
cifar100,vit_base_patch16_224.augreg_in21k,2,noisy_full,15,8,86.3956279333485,0.40975761680607353,0.40975761680607353,0.0,2,100
cifar100,vit_base_patch16_224.augreg_in21k,2,noisy_full,36,9,86.3956279333485,0.42956227350607945,0.42956227350607945,0.0,2,100
cifar100,vit_base_patch16_224.augreg_in21k,2,noisy_full,36,10,86.3956279333485,0.9997733614153952,0.9997733614153952,1.0,2,100
cifar100,vit_base_patch16_224.augreg_in21k,2,noisy_full,1,11,86.3956279333485,0.5593941742568063,0.5593941742568063,0.0,2,100
cifar100,vit_base_patch16_224.augreg_in21k,2,noisy_full,4,12,86.3956279333485,0.34322115708869194,0.34322115708869194,0.0,2,100
cifar100,vit_base_patch16_224.augreg_in21k,2,noisy_full,53,13,86.3956279333485,0.9958513829471811,0.9958513829471811,1.0,2,100
cifar100,vit_base_patch16_224.augreg_in21k,2,noisy_full,38,14,86.3956279333485,0.9974295185000194,0.9974295185000194,1.0,2,100
cifar100,vit_base_patch16_224.augreg_in21k,2,noisy_full,45,15,86.3956279333485,0.9763791205085237,0.9763791205085237,1.0,2,100
cifar100,vit_base_patch16_224.augreg_in21k,2,noisy_full,72,16,86.3956279333485,0.9924085412870505,0.9924085412870505,1.0,2,100
cifar100,vit_base_patch16_224.augreg_in21k,2,noisy_full,94,17,86.3956279333485,0.7407347410037961,0.7407347410037961,0.0,2,100
cifar100,vit_base_patch16_224.augreg_in21k,2,noisy_full,47,18,86.3956279333485,0.999939357674053,0.999939357674053,1.0,2,100
cifar100,vit_base_patch16_224.augreg_in21k,2,noisy_full,8,19,86.3956279333485,0.05459798780310471,0.05459798780310471,0.0,2,100
cifar100,vit_base_patch16_224.augreg_in21k,2,noisy_full,20,20,86.3956279333485,0.9991855186375964,0.9991855186375964,1.0,2,100
cifar100,vit_base_patch16_224.augreg_in21k,2,noisy_full,15,21,86.3956279333485,0.999811274522888,0.999811274522888,1.0,2,100
cifar100,vit_base_patch16_224.augreg_in21k,2,noisy_full,70,22,86.3956279333485,0.9849044040669879,0.9849044040669879,1.0,2,100
cifar100,vit_base_patch16_224.augreg_in21k,2,noisy_full,18,23,86.3956279333485,0.9992348075947987,0.9992348075947987,1.0,2,100
cifar100,vit_base_patch16_224.augreg_in21k,2,noisy_full,72,24,86.3956279333485,0.8879741447604081,0.8879741447604081,1.0,2,100
cifar100,vit_base_patch16_224.augreg_in21k,4,clean_full,88,0,86.3956279333485,0.4704816207569208,0.5045799660226138,0.0,4,100
cifar100,vit_base_patch16_224.augreg_in21k,4,clean_full,95,1,86.3956279333485,0.6080122089867595,0.6292298398754337,0.0,4,100
cifar100,vit_base_patch16_224.augreg_in21k,4,clean_full,3,2,86.3956279333485,0.4196718794258941,0.3950641824629977,0.0,4,100
cifar100,vit_base_patch16_224.augreg_in21k,4,clean_full,64,3,86.3956279333485,0.6889890604955463,0.6969591598929161,0.5,4,100
cifar100,vit_base_patch16_224.augreg_in21k,4,clean_full,70,4,86.3956279333485,0.5207749061847722,0.5757865108933005,0.0,4,100
cifar100,vit_base_patch16_224.augreg_in21k,4,clean_full,17,5,86.3956279333485,0.6423765309086296,0.7071610122333942,0.5,4,100
cifar100,vit_base_patch16_224.augreg_in21k,4,clean_full,60,6,86.3956279333485,0.6001575433608008,0.6165573546636601,0.5,4,100
cifar100,vit_base_patch16_224.augreg_in21k,4,clean_full,41,7,86.3956279333485,0.6319937513205723,0.781338634985882,0.5,4,100
cifar100,vit_base_patch16_224.augreg_in21k,4,clean_full,82,8,86.3956279333485,0.5167903924570327,0.5079573941068558,0.0,4,100
cifar100,vit_base_patch16_224.augreg_in21k,4,clean_full,52,9,86.3956279333485,0.7839640521272735,0.8055161089828253,0.5,4,100
cifar100,vit_base_patch16_224.augreg_in21k,4,clean_full,21,10,86.3956279333485,0.6996354394626352,0.7432085881891046,0.5,4,100
cifar100,vit_base_patch16_224.augreg_in21k,4,clean_full,76,11,86.3956279333485,0.4942630246783386,0.635804873569149,0.0,4,100
cifar100,vit_base_patch16_224.augreg_in21k,4,clean_full,11,12,86.3956279333485,0.45559173644404066,0.4322708777240143,0.0,4,100
cifar100,vit_base_patch16_224.augreg_in21k,4,clean_full,97,13,86.3956279333485,0.7899168592711625,0.8614186476237311,0.5,4,100
cifar100,vit_base_patch16_224.augreg_in21k,4,clean_full,2,14,86.3956279333485,0.42293043475100006,0.42988636746858255,0.0,4,100
cifar100,vit_base_patch16_224.augreg_in21k,4,clean_full,52,15,86.3956279333485,0.716221481570797,0.6732351539952182,0.25,4,100
cifar100,vit_base_patch16_224.augreg_in21k,4,clean_full,59,16,86.3956279333485,0.7033031004523128,0.6887576604214609,0.25,4,100
cifar100,vit_base_patch16_224.augreg_in21k,4,clean_full,51,17,86.3956279333485,0.6671708010029774,0.8317979908713304,0.75,4,100
cifar100,vit_base_patch16_224.augreg_in21k,4,clean_full,22,18,86.3956279333485,0.6961830942374287,0.7122750450687525,0.5,4,100
cifar100,vit_base_patch16_224.augreg_in21k,4,clean_full,53,19,86.3956279333485,0.5789729154535707,0.5420172092418456,0.25,4,100
cifar100,vit_base_patch16_224.augreg_in21k,4,clean_full,15,20,86.3956279333485,0.6452157319047341,0.6462331780291506,0.0,4,100
cifar100,vit_base_patch16_224.augreg_in21k,4,clean_full,4,21,86.3956279333485,0.5483167830297947,0.5941813955603535,0.0,4,100
cifar100,vit_base_patch16_224.augreg_in21k,4,clean_full,27,22,86.3956279333485,0.3843107380727517,0.40065447702713586,0.0,4,100
cifar100,vit_base_patch16_224.augreg_in21k,4,clean_full,53,23,86.3956279333485,0.507063583224643,0.5017152266764624,0.0,4,100
cifar100,vit_base_patch16_224.augreg_in21k,4,clean_full,40,24,86.3956279333485,0.2961077261560292,0.28193245269046346,0.0,4,100
cifar100,vit_base_patch16_224.augreg_in21k,4,clean_small_pool,73,0,86.3956279333485,0.4947060654250526,0.4422595184140674,0.25,4,20
cifar100,vit_base_patch16_224.augreg_in21k,4,clean_small_pool,40,1,86.3956279333485,0.7093118011106005,0.6797876586468805,0.25,4,20
cifar100,vit_base_patch16_224.augreg_in21k,4,clean_small_pool,98,2,86.3956279333485,0.6249486532770152,0.6223372856869664,0.0,4,20
cifar100,vit_base_patch16_224.augreg_in21k,4,clean_small_pool,35,3,86.3956279333485,0.6588255832153687,0.6617102331017899,0.5,4,20
cifar100,vit_base_patch16_224.augreg_in21k,4,clean_small_pool,77,4,86.3956279333485,0.6963096409349472,0.7421040829415517,0.5,4,20
cifar100,vit_base_patch16_224.augreg_in21k,4,clean_small_pool,34,5,86.3956279333485,0.4354755573772568,0.4714772900822444,0.0,4,20
cifar100,vit_base_patch16_224.augreg_in21k,4,clean_small_pool,82,6,86.3956279333485,0.7344836337042435,0.7120914266638928,0.25,4,20
cifar100,vit_base_patch16_224.augreg_in21k,4,clean_small_pool,70,7,86.3956279333485,0.7215281966421945,0.7524814419131708,0.5,4,20
cifar100,vit_base_patch16_224.augreg_in21k,4,clean_small_pool,83,8,86.3956279333485,0.5649199203049965,0.5427955941066944,0.25,4,20
cifar100,vit_base_patch16_224.augreg_in21k,4,clean_small_pool,76,9,86.3956279333485,0.8350015162889595,0.8602558097424093,0.5,4,20
cifar100,vit_base_patch16_224.augreg_in21k,4,clean_small_pool,50,10,86.3956279333485,0.6548064930476556,0.5771661823048038,0.25,4,20
cifar100,vit_base_patch16_224.augreg_in21k,4,clean_small_pool,33,11,86.3956279333485,0.7071084478619061,0.7251586488569393,0.5,4,20
cifar100,vit_base_patch16_224.augreg_in21k,4,clean_small_pool,22,12,86.3956279333485,0.2329499686969667,0.23181183076919393,0.0,4,20
cifar100,vit_base_patch16_224.augreg_in21k,4,clean_small_pool,36,13,86.3956279333485,0.5149508433114067,0.5265906442665084,0.0,4,20
cifar100,vit_base_patch16_224.augreg_in21k,4,clean_small_pool,32,14,86.3956279333485,0.7398299585475024,0.7674392963736103,0.25,4,20
cifar100,vit_base_patch16_224.augreg_in21k,4,clean_small_pool,78,15,86.3956279333485,0.678983054248057,0.6881222222237637,0.0,4,20
cifar100,vit_base_patch16_224.augreg_in21k,4,clean_small_pool,31,16,86.3956279333485,0.5507332760848787,0.5492755261302619,0.0,4,20
cifar100,vit_base_patch16_224.augreg_in21k,4,clean_small_pool,81,17,86.3956279333485,0.9631602228014512,0.9586148757872253,1.0,4,20
cifar100,vit_base_patch16_224.augreg_in21k,4,clean_small_pool,67,18,86.3956279333485,0.7941553360699602,0.8381914226426075,0.5,4,20
cifar100,vit_base_patch16_224.augreg_in21k,4,clean_small_pool,19,19,86.3956279333485,0.4538656372997143,0.48908328965540326,0.0,4,20
cifar100,vit_base_patch16_224.augreg_in21k,4,clean_small_pool,3,20,86.3956279333485,0.5868284706763784,0.4950625519765627,0.25,4,20
cifar100,vit_base_patch16_224.augreg_in21k,4,clean_small_pool,59,21,86.3956279333485,0.6604097190029901,0.6685006343808407,0.25,4,20
cifar100,vit_base_patch16_224.augreg_in21k,4,clean_small_pool,3,22,86.3956279333485,0.7615281322967873,0.8014908912382401,0.5,4,20
cifar100,vit_base_patch16_224.augreg_in21k,4,clean_small_pool,60,23,86.3956279333485,0.751130760250506,0.7729510412790093,0.5,4,20
cifar100,vit_base_patch16_224.augreg_in21k,4,clean_small_pool,51,24,86.3956279333485,0.5664519511819521,0.505938015572411,0.0,4,20
cifar100,vit_base_patch16_224.augreg_in21k,4,noisy_full,69,0,86.3956279333485,0.6710687970026298,0.7338923474067682,0.25,4,100
cifar100,vit_base_patch16_224.augreg_in21k,4,noisy_full,1,1,86.3956279333485,0.5639856299229582,0.5614952165671727,0.0,4,100
cifar100,vit_base_patch16_224.augreg_in21k,4,noisy_full,3,2,86.3956279333485,0.6592476461750751,0.8027710547065077,0.5,4,100
cifar100,vit_base_patch16_224.augreg_in21k,4,noisy_full,15,3,86.3956279333485,0.5066890466855412,0.4842312374625364,0.0,4,100
cifar100,vit_base_patch16_224.augreg_in21k,4,noisy_full,32,4,86.3956279333485,0.6050665385312379,0.6206765151577629,0.0,4,100
cifar100,vit_base_patch16_224.augreg_in21k,4,noisy_full,79,5,86.3956279333485,0.46357936087154095,0.5685789053037257,0.0,4,100
cifar100,vit_base_patch16_224.augreg_in21k,4,noisy_full,2,6,86.3956279333485,0.7471769454400717,0.7776745154297159,0.5,4,100
cifar100,vit_base_patch16_224.augreg_in21k,4,noisy_full,79,7,86.3956279333485,0.16562829609819923,0.2102091171915671,0.0,4,100
cifar100,vit_base_patch16_224.augreg_in21k,4,noisy_full,82,8,86.3956279333485,0.37435466711688314,0.3202834842532684,0.0,4,100
cifar100,vit_base_patch16_224.augreg_in21k,4,noisy_full,84,9,86.3956279333485,0.5684571828179892,0.6627915581244131,0.0,4,100
cifar100,vit_base_patch16_224.augreg_in21k,4,noisy_full,74,10,86.3956279333485,0.7436759685834418,0.7281356317742139,0.5,4,100
cifar100,vit_base_patch16_224.augreg_in21k,4,noisy_full,46,11,86.3956279333485,0.19939571645309792,0.20713769952567135,0.0,4,100
cifar100,vit_base_patch16_224.augreg_in21k,4,noisy_full,13,12,86.3956279333485,0.5458873527596944,0.506483824925567,0.25,4,100
cifar100,vit_base_patch16_224.augreg_in21k,4,noisy_full,37,13,86.3956279333485,0.48220011330121254,0.42244868450844,0.25,4,100
cifar100,vit_base_patch16_224.augreg_in21k,4,noisy_full,30,14,86.3956279333485,0.6943347945285391,0.6448654269054128,0.25,4,100
cifar100,vit_base_patch16_224.augreg_in21k,4,noisy_full,4,15,86.3956279333485,0.6155943463705847,0.67408657757395,0.25,4,100
cifar100,vit_base_patch16_224.augreg_in21k,4,noisy_full,26,16,86.3956279333485,0.5508927865250757,0.7739887806741688,0.5,4,100
cifar100,vit_base_patch16_224.augreg_in21k,4,noisy_full,15,17,86.3956279333485,0.735923004751307,0.7429516928318478,0.5,4,100
cifar100,vit_base_patch16_224.augreg_in21k,4,noisy_full,84,18,86.3956279333485,0.33187118676758065,0.30108227539554855,0.0,4,100
cifar100,vit_base_patch16_224.augreg_in21k,4,noisy_full,92,19,86.3956279333485,0.6694163167316205,0.6790981937846601,0.5,4,100
cifar100,vit_base_patch16_224.augreg_in21k,4,noisy_full,44,20,86.3956279333485,0.20426355345552344,0.06418214283295848,0.25,4,100
cifar100,vit_base_patch16_224.augreg_in21k,4,noisy_full,11,21,86.3956279333485,0.31885308404270685,0.33693605720103054,0.0,4,100
cifar100,vit_base_patch16_224.augreg_in21k,4,noisy_full,9,22,86.3956279333485,0.7048172136108322,0.7628368973659024,0.5,4,100
cifar100,vit_base_patch16_224.augreg_in21k,4,noisy_full,48,23,86.3956279333485,0.5826431903990608,0.5873631246268453,0.25,4,100
cifar100,vit_base_patch16_224.augreg_in21k,4,noisy_full,27,24,86.3956279333485,0.8808127924893712,0.8968316695488676,0.75,4,100
cifar100,vit_base_patch16_224.augreg_in21k,8,clean_full,93,0,86.3956279333485,0.5199393095614296,0.4977088761024236,0.0,8,100
cifar100,vit_base_patch16_224.augreg_in21k,8,clean_full,36,1,86.3956279333485,0.7180361881194803,0.7144423528221358,0.25,8,100
cifar100,vit_base_patch16_224.augreg_in21k,8,clean_full,53,2,86.3956279333485,0.6049606629102833,0.5908037291575227,0.25,8,100
cifar100,vit_base_patch16_224.augreg_in21k,8,clean_full,79,3,86.3956279333485,0.33380236168856925,0.36214636554057006,0.0,8,100
cifar100,vit_base_patch16_224.augreg_in21k,8,clean_full,53,4,86.3956279333485,0.7051106606959128,0.7298973247252853,0.125,8,100
cifar100,vit_base_patch16_224.augreg_in21k,8,clean_full,45,5,86.3956279333485,0.2618314326917932,0.3013621807178846,0.0,8,100
cifar100,vit_base_patch16_224.augreg_in21k,8,clean_full,22,6,86.3956279333485,0.4466720397052023,0.5071374105450263,0.0,8,100
cifar100,vit_base_patch16_224.augreg_in21k,8,clean_full,20,7,86.3956279333485,0.6721500388503185,0.6685738263025235,0.25,8,100
cifar100,vit_base_patch16_224.augreg_in21k,8,clean_full,16,8,86.3956279333485,0.45106221190993157,0.38168929608737756,0.125,8,100
cifar100,vit_base_patch16_224.augreg_in21k,8,clean_full,80,9,86.3956279333485,0.4551387830393972,0.451502250130827,0.25,8,100
cifar100,vit_base_patch16_224.augreg_in21k,8,clean_full,15,10,86.3956279333485,0.5011484036204732,0.5484437823400616,0.0,8,100
cifar100,vit_base_patch16_224.augreg_in21k,8,clean_full,66,11,86.3956279333485,0.3304221753838215,0.41593916122199637,0.0,8,100
cifar100,vit_base_patch16_224.augreg_in21k,8,clean_full,79,12,86.3956279333485,0.40681419483240566,0.34388503679985605,0.0,8,100
cifar100,vit_base_patch16_224.augreg_in21k,8,clean_full,1,13,86.3956279333485,0.6501353586285278,0.6444662861043045,0.125,8,100
cifar100,vit_base_patch16_224.augreg_in21k,8,clean_full,48,14,86.3956279333485,0.48633492959767716,0.4493427808537607,0.0,8,100
cifar100,vit_base_patch16_224.augreg_in21k,8,clean_full,47,15,86.3956279333485,0.562536508999725,0.581068769938025,0.25,8,100
cifar100,vit_base_patch16_224.augreg_in21k,8,clean_full,68,16,86.3956279333485,0.6097114559162465,0.7029840600573423,0.25,8,100
cifar100,vit_base_patch16_224.augreg_in21k,8,clean_full,21,17,86.3956279333485,0.5660629570961168,0.5485424500340312,0.25,8,100
cifar100,vit_base_patch16_224.augreg_in21k,8,clean_full,25,18,86.3956279333485,0.552185583438826,0.6237480545329923,0.125,8,100
cifar100,vit_base_patch16_224.augreg_in21k,8,clean_full,58,19,86.3956279333485,0.46744838512439324,0.4046597528667272,0.25,8,100
cifar100,vit_base_patch16_224.augreg_in21k,8,clean_full,79,20,86.3956279333485,0.45808112374645593,0.40801717140179616,0.125,8,100
cifar100,vit_base_patch16_224.augreg_in21k,8,clean_full,37,21,86.3956279333485,0.3794519350694547,0.4496112083551966,0.0,8,100
cifar100,vit_base_patch16_224.augreg_in21k,8,clean_full,16,22,86.3956279333485,0.37322567389619954,0.3350467455318812,0.0,8,100
cifar100,vit_base_patch16_224.augreg_in21k,8,clean_full,67,23,86.3956279333485,0.5069798164337742,0.45581539257476983,0.0,8,100
cifar100,vit_base_patch16_224.augreg_in21k,8,clean_full,25,24,86.3956279333485,0.4527019746318607,0.43622852746274665,0.125,8,100
cifar100,vit_base_patch16_224.augreg_in21k,8,clean_small_pool,72,0,86.3956279333485,0.4936852375212146,0.48424912137080656,0.0,8,20
cifar100,vit_base_patch16_224.augreg_in21k,8,clean_small_pool,92,1,86.3956279333485,0.46183233236972365,0.4609719912448924,0.0,8,20
cifar100,vit_base_patch16_224.augreg_in21k,8,clean_small_pool,17,2,86.3956279333485,0.5232652302823237,0.5605282514637552,0.25,8,20
cifar100,vit_base_patch16_224.augreg_in21k,8,clean_small_pool,35,3,86.3956279333485,0.4328189925085962,0.44326019635039376,0.125,8,20
cifar100,vit_base_patch16_224.augreg_in21k,8,clean_small_pool,53,4,86.3956279333485,0.6856501241424189,0.6480027673344062,0.375,8,20
cifar100,vit_base_patch16_224.augreg_in21k,8,clean_small_pool,98,5,86.3956279333485,0.3416103283904255,0.3451332953168878,0.0,8,20
cifar100,vit_base_patch16_224.augreg_in21k,8,clean_small_pool,40,6,86.3956279333485,0.44259317431664297,0.30762076029975205,0.25,8,20
cifar100,vit_base_patch16_224.augreg_in21k,8,clean_small_pool,40,7,86.3956279333485,0.43465434810915377,0.43527521136385416,0.0,8,20
cifar100,vit_base_patch16_224.augreg_in21k,8,clean_small_pool,25,8,86.3956279333485,0.5611572679364842,0.554273147868414,0.125,8,20
cifar100,vit_base_patch16_224.augreg_in21k,8,clean_small_pool,94,9,86.3956279333485,0.5556696005550972,0.5624390976138653,0.0,8,20
cifar100,vit_base_patch16_224.augreg_in21k,8,clean_small_pool,10,10,86.3956279333485,0.44075948230244366,0.42433486062817194,0.125,8,20
cifar100,vit_base_patch16_224.augreg_in21k,8,clean_small_pool,35,11,86.3956279333485,0.4420425641916029,0.4025777916569311,0.125,8,20
cifar100,vit_base_patch16_224.augreg_in21k,8,clean_small_pool,41,12,86.3956279333485,0.6206904685039717,0.5700389843186326,0.375,8,20
cifar100,vit_base_patch16_224.augreg_in21k,8,clean_small_pool,81,13,86.3956279333485,0.676322052423332,0.7515487494896214,0.5,8,20
cifar100,vit_base_patch16_224.augreg_in21k,8,clean_small_pool,67,14,86.3956279333485,0.6990753360266391,0.7124350902952172,0.375,8,20
cifar100,vit_base_patch16_224.augreg_in21k,8,clean_small_pool,66,15,86.3956279333485,0.28099470212743666,0.23417669364898,0.125,8,20
cifar100,vit_base_patch16_224.augreg_in21k,8,clean_small_pool,58,16,86.3956279333485,0.5342987840570472,0.5887561755567321,0.125,8,20
cifar100,vit_base_patch16_224.augreg_in21k,8,clean_small_pool,83,17,86.3956279333485,0.6415937284276851,0.6438392111448283,0.125,8,20
cifar100,vit_base_patch16_224.augreg_in21k,8,clean_small_pool,2,18,86.3956279333485,0.4572122680471889,0.4724630277166969,0.0,8,20
cifar100,vit_base_patch16_224.augreg_in21k,8,clean_small_pool,1,19,86.3956279333485,0.5814296299543732,0.6016748637189593,0.0,8,20
cifar100,vit_base_patch16_224.augreg_in21k,8,clean_small_pool,36,20,86.3956279333485,0.5721600585499798,0.48714961495534215,0.125,8,20
cifar100,vit_base_patch16_224.augreg_in21k,8,clean_small_pool,3,21,86.3956279333485,0.4953206778702815,0.43366260807891377,0.0,8,20
cifar100,vit_base_patch16_224.augreg_in21k,8,clean_small_pool,97,22,86.3956279333485,0.6689009784358789,0.6609367789018665,0.25,8,20
cifar100,vit_base_patch16_224.augreg_in21k,8,clean_small_pool,8,23,86.3956279333485,0.4585905367500961,0.527440487213853,0.0,8,20
cifar100,vit_base_patch16_224.augreg_in21k,8,clean_small_pool,44,24,86.3956279333485,0.5379806258736263,0.6074657579163989,0.125,8,20
cifar100,vit_base_patch16_224.augreg_in21k,8,noisy_full,17,0,86.3956279333485,0.585001331224227,0.5327732844124418,0.125,8,100
cifar100,vit_base_patch16_224.augreg_in21k,8,noisy_full,69,1,86.3956279333485,0.4986959805796424,0.45952380685413224,0.0,8,100
cifar100,vit_base_patch16_224.augreg_in21k,8,noisy_full,64,2,86.3956279333485,0.5470625131886795,0.4804072295638382,0.125,8,100
cifar100,vit_base_patch16_224.augreg_in21k,8,noisy_full,35,3,86.3956279333485,0.37296318039919485,0.3648395972551436,0.125,8,100
cifar100,vit_base_patch16_224.augreg_in21k,8,noisy_full,11,4,86.3956279333485,0.4548155336547975,0.4630857887773302,0.125,8,100
cifar100,vit_base_patch16_224.augreg_in21k,8,noisy_full,67,5,86.3956279333485,0.5216995982329797,0.5226108243802743,0.0,8,100
cifar100,vit_base_patch16_224.augreg_in21k,8,noisy_full,40,6,86.3956279333485,0.3857145156783338,0.30941712347298633,0.125,8,100
cifar100,vit_base_patch16_224.augreg_in21k,8,noisy_full,92,7,86.3956279333485,0.41405213264969315,0.38406564647743846,0.0,8,100
cifar100,vit_base_patch16_224.augreg_in21k,8,noisy_full,3,8,86.3956279333485,0.5693328707985326,0.616763364224248,0.125,8,100
cifar100,vit_base_patch16_224.augreg_in21k,8,noisy_full,61,9,86.3956279333485,0.3796060621880945,0.35317334840826725,0.125,8,100
cifar100,vit_base_patch16_224.augreg_in21k,8,noisy_full,40,10,86.3956279333485,0.5193053434653827,0.46560162173692676,0.375,8,100
cifar100,vit_base_patch16_224.augreg_in21k,8,noisy_full,97,11,86.3956279333485,0.6856542831838621,0.6746530015328032,0.125,8,100
cifar100,vit_base_patch16_224.augreg_in21k,8,noisy_full,92,12,86.3956279333485,0.4757690896240949,0.4873219395438686,0.125,8,100
cifar100,vit_base_patch16_224.augreg_in21k,8,noisy_full,69,13,86.3956279333485,0.417785477277359,0.37441038798787973,0.0,8,100
cifar100,vit_base_patch16_224.augreg_in21k,8,noisy_full,72,14,86.3956279333485,0.43046715564680654,0.39239818871351007,0.125,8,100
cifar100,vit_base_patch16_224.augreg_in21k,8,noisy_full,77,15,86.3956279333485,0.6523180538762394,0.6134148043890513,0.25,8,100
cifar100,vit_base_patch16_224.augreg_in21k,8,noisy_full,44,16,86.3956279333485,0.20902906192762816,0.21856639749381634,0.0,8,100
cifar100,vit_base_patch16_224.augreg_in21k,8,noisy_full,6,17,86.3956279333485,0.5474252561169226,0.5681823251950342,0.125,8,100
cifar100,vit_base_patch16_224.augreg_in21k,8,noisy_full,4,18,86.3956279333485,0.5903620146735846,0.6155177930094989,0.125,8,100
cifar100,vit_base_patch16_224.augreg_in21k,8,noisy_full,95,19,86.3956279333485,0.5897751272751601,0.5660852701075223,0.125,8,100
cifar100,vit_base_patch16_224.augreg_in21k,8,noisy_full,93,20,86.3956279333485,0.4852734333914959,0.5256766972352185,0.125,8,100
cifar100,vit_base_patch16_224.augreg_in21k,8,noisy_full,39,21,86.3956279333485,0.47422410410468746,0.4740339611659374,0.125,8,100
cifar100,vit_base_patch16_224.augreg_in21k,8,noisy_full,84,22,86.3956279333485,0.383555826744296,0.3818682993542609,0.0,8,100
cifar100,vit_base_patch16_224.augreg_in21k,8,noisy_full,88,23,86.3956279333485,0.5232155225745743,0.5102195335341105,0.125,8,100
cifar100,vit_base_patch16_224.augreg_in21k,8,noisy_full,59,24,86.3956279333485,0.31989971115983495,0.2838933243095617,0.0,8,100
cifar100,vit_base_patch16_224.augreg_in21k,16,clean_full,49,0,86.3956279333485,0.5340895775339144,0.5379662343445284,0.0,16,100
cifar100,vit_base_patch16_224.augreg_in21k,16,clean_full,94,1,86.3956279333485,0.5854028063152827,0.6652518846749159,0.1875,16,100
cifar100,vit_base_patch16_224.augreg_in21k,16,clean_full,68,2,86.3956279333485,0.57191987200353,0.6180245630282677,0.0,16,100
cifar100,vit_base_patch16_224.augreg_in21k,16,clean_full,58,3,86.3956279333485,0.5199309549215673,0.4999368332049213,0.0,16,100
cifar100,vit_base_patch16_224.augreg_in21k,16,clean_full,40,4,86.3956279333485,0.4654202993962584,0.38052515952167976,0.0625,16,100
cifar100,vit_base_patch16_224.augreg_in21k,16,clean_full,67,5,86.3956279333485,0.44755507622612983,0.49347634989953165,0.0,16,100
cifar100,vit_base_patch16_224.augreg_in21k,16,clean_full,73,6,86.3956279333485,0.6152654586897754,0.6345107475706105,0.125,16,100
cifar100,vit_base_patch16_224.augreg_in21k,16,clean_full,39,7,86.3956279333485,0.5918458561295938,0.5984374949991165,0.0625,16,100
cifar100,vit_base_patch16_224.augreg_in21k,16,clean_full,53,8,86.3956279333485,0.5543181829427558,0.5791476444467066,0.0,16,100
cifar100,vit_base_patch16_224.augreg_in21k,16,clean_full,89,9,86.3956279333485,0.4579462607809115,0.48539022733799325,0.0,16,100
cifar100,vit_base_patch16_224.augreg_in21k,16,clean_full,55,10,86.3956279333485,0.4101762590773299,0.44064834285938276,0.0,16,100
cifar100,vit_base_patch16_224.augreg_in21k,16,clean_full,45,11,86.3956279333485,0.3066358761150322,0.3827790128716701,0.0,16,100
cifar100,vit_base_patch16_224.augreg_in21k,16,clean_full,57,12,86.3956279333485,0.49737523797874567,0.4457014985076658,0.125,16,100
cifar100,vit_base_patch16_224.augreg_in21k,16,clean_full,1,13,86.3956279333485,0.46108723988088407,0.482608419712104,0.0,16,100
cifar100,vit_base_patch16_224.augreg_in21k,16,clean_full,22,14,86.3956279333485,0.4404860084511308,0.4519742495984627,0.0,16,100
cifar100,vit_base_patch16_224.augreg_in21k,16,clean_full,84,15,86.3956279333485,0.40972868195230816,0.4154051770138822,0.0,16,100
cifar100,vit_base_patch16_224.augreg_in21k,16,clean_full,84,16,86.3956279333485,0.40653584999256354,0.3486501341197307,0.0625,16,100
cifar100,vit_base_patch16_224.augreg_in21k,16,clean_full,54,17,86.3956279333485,0.5069734167803761,0.4780782985033376,0.0,16,100
cifar100,vit_base_patch16_224.augreg_in21k,16,clean_full,90,18,86.3956279333485,0.45643492699236815,0.43493782275872134,0.0625,16,100
cifar100,vit_base_patch16_224.augreg_in21k,16,clean_full,78,19,86.3956279333485,0.4638767521144378,0.4565374976698171,0.0,16,100
cifar100,vit_base_patch16_224.augreg_in21k,16,clean_full,27,20,86.3956279333485,0.4363112656692524,0.3994381674770613,0.0625,16,100
cifar100,vit_base_patch16_224.augreg_in21k,16,clean_full,40,21,86.3956279333485,0.3271846955691735,0.28392342513871127,0.0625,16,100
cifar100,vit_base_patch16_224.augreg_in21k,16,clean_full,29,22,86.3956279333485,0.36586261975486273,0.35567469433318466,0.0,16,100
cifar100,vit_base_patch16_224.augreg_in21k,16,clean_full,54,23,86.3956279333485,0.47815348499158516,0.4344125091781201,0.0,16,100
cifar100,vit_base_patch16_224.augreg_in21k,16,clean_full,69,24,86.3956279333485,0.5222515562525021,0.4539613189529737,0.125,16,100
cifar100,vit_base_patch16_224.augreg_in21k,16,clean_small_pool,38,0,86.3956279333485,0.5801907905969721,0.5470027225348864,0.0625,16,20
cifar100,vit_base_patch16_224.augreg_in21k,16,clean_small_pool,95,1,86.3956279333485,0.5739886980548791,0.5620513964045555,0.0625,16,20
cifar100,vit_base_patch16_224.augreg_in21k,16,clean_small_pool,63,2,86.3956279333485,0.4848067264027892,0.521387323732585,0.0625,16,20
cifar100,vit_base_patch16_224.augreg_in21k,16,clean_small_pool,90,3,86.3956279333485,0.43715370444801765,0.45354497017916423,0.0,16,20
cifar100,vit_base_patch16_224.augreg_in21k,16,clean_small_pool,16,4,86.3956279333485,0.4767007282465059,0.5201551809677827,0.0,16,20
cifar100,vit_base_patch16_224.augreg_in21k,16,clean_small_pool,36,5,86.3956279333485,0.5955233471190837,0.6054664207400537,0.0,16,20
cifar100,vit_base_patch16_224.augreg_in21k,16,clean_small_pool,60,6,86.3956279333485,0.5168824414121399,0.5060244053338745,0.125,16,20
cifar100,vit_base_patch16_224.augreg_in21k,16,clean_small_pool,94,7,86.3956279333485,0.5486963847563708,0.5708389366478557,0.0,16,20
cifar100,vit_base_patch16_224.augreg_in21k,16,clean_small_pool,82,8,86.3956279333485,0.5340771761154275,0.5311326404995451,0.0,16,20
cifar100,vit_base_patch16_224.augreg_in21k,16,clean_small_pool,87,9,86.3956279333485,0.45371867298488777,0.49620484933041675,0.0,16,20
cifar100,vit_base_patch16_224.augreg_in21k,16,clean_small_pool,68,10,86.3956279333485,0.5501972925968129,0.5642394946268923,0.0,16,20
cifar100,vit_base_patch16_224.augreg_in21k,16,clean_small_pool,80,11,86.3956279333485,0.5142992739941306,0.5066563613475404,0.0625,16,20
cifar100,vit_base_patch16_224.augreg_in21k,16,clean_small_pool,14,12,86.3956279333485,0.43107530301134267,0.3569096420743439,0.125,16,20
cifar100,vit_base_patch16_224.augreg_in21k,16,clean_small_pool,14,13,86.3956279333485,0.45124151108253996,0.43293335979536285,0.0625,16,20
cifar100,vit_base_patch16_224.augreg_in21k,16,clean_small_pool,36,14,86.3956279333485,0.5876493932520717,0.622474540681815,0.0,16,20
cifar100,vit_base_patch16_224.augreg_in21k,16,clean_small_pool,3,15,86.3956279333485,0.45274917639219814,0.4498812502136825,0.0,16,20
cifar100,vit_base_patch16_224.augreg_in21k,16,clean_small_pool,28,16,86.3956279333485,0.45849822624822945,0.4654740825222057,0.0,16,20
cifar100,vit_base_patch16_224.augreg_in21k,16,clean_small_pool,22,17,86.3956279333485,0.45863273711170593,0.4274598691226332,0.0625,16,20
cifar100,vit_base_patch16_224.augreg_in21k,16,clean_small_pool,69,18,86.3956279333485,0.556615979191847,0.5615486371648064,0.125,16,20
cifar100,vit_base_patch16_224.augreg_in21k,16,clean_small_pool,62,19,86.3956279333485,0.48964299752937623,0.4826950367288183,0.0,16,20
cifar100,vit_base_patch16_224.augreg_in21k,16,clean_small_pool,63,20,86.3956279333485,0.48737606714575243,0.5024712535058913,0.0,16,20
cifar100,vit_base_patch16_224.augreg_in21k,16,clean_small_pool,40,21,86.3956279333485,0.4022225634705168,0.43447699992463595,0.0,16,20
cifar100,vit_base_patch16_224.augreg_in21k,16,clean_small_pool,70,22,86.3956279333485,0.4417657633794363,0.4152217531462395,0.0,16,20
cifar100,vit_base_patch16_224.augreg_in21k,16,clean_small_pool,34,23,86.3956279333485,0.5363622038545527,0.5723828580027893,0.0,16,20
cifar100,vit_base_patch16_224.augreg_in21k,16,clean_small_pool,70,24,86.3956279333485,0.4882099424088601,0.45544258922393,0.125,16,20
cifar100,vit_base_patch16_224.augreg_in21k,16,noisy_full,74,0,86.3956279333485,0.5160020187363877,0.5048961647902436,0.0,16,100
cifar100,vit_base_patch16_224.augreg_in21k,16,noisy_full,30,1,86.3956279333485,0.62744408536697,0.6368118319819098,0.0625,16,100
cifar100,vit_base_patch16_224.augreg_in21k,16,noisy_full,7,2,86.3956279333485,0.5322427264582333,0.538983946780036,0.0625,16,100
cifar100,vit_base_patch16_224.augreg_in21k,16,noisy_full,8,3,86.3956279333485,0.4507566050058438,0.4311014864408219,0.0625,16,100
cifar100,vit_base_patch16_224.augreg_in21k,16,noisy_full,5,4,86.3956279333485,0.48003955065510695,0.49142439600756316,0.0625,16,100
cifar100,vit_base_patch16_224.augreg_in21k,16,noisy_full,53,5,86.3956279333485,0.6260875192807001,0.6146245902166146,0.0625,16,100
cifar100,vit_base_patch16_224.augreg_in21k,16,noisy_full,56,6,86.3956279333485,0.5051913009595793,0.5317266130567768,0.0625,16,100
cifar100,vit_base_patch16_224.augreg_in21k,16,noisy_full,77,7,86.3956279333485,0.5099700461245147,0.5789946353521176,0.0,16,100
cifar100,vit_base_patch16_224.augreg_in21k,16,noisy_full,17,8,86.3956279333485,0.5332680977170101,0.5996327040160709,0.0,16,100
cifar100,vit_base_patch16_224.augreg_in21k,16,noisy_full,80,9,86.3956279333485,0.5266121547975392,0.5244561988249532,0.0,16,100
cifar100,vit_base_patch16_224.augreg_in21k,16,noisy_full,85,10,86.3956279333485,0.5163389965155849,0.4695824313156725,0.125,16,100
cifar100,vit_base_patch16_224.augreg_in21k,16,noisy_full,23,11,86.3956279333485,0.40795962979006983,0.38499359605425243,0.125,16,100
cifar100,vit_base_patch16_224.augreg_in21k,16,noisy_full,98,12,86.3956279333485,0.42250568893624224,0.4403559558712328,0.0,16,100
cifar100,vit_base_patch16_224.augreg_in21k,16,noisy_full,65,13,86.3956279333485,0.3905033715711777,0.4162205983798004,0.0,16,100
cifar100,vit_base_patch16_224.augreg_in21k,16,noisy_full,75,14,86.3956279333485,0.5405008199394359,0.5554732985054571,0.125,16,100
cifar100,vit_base_patch16_224.augreg_in21k,16,noisy_full,2,15,86.3956279333485,0.5378342250600454,0.5758526578751209,0.0,16,100
cifar100,vit_base_patch16_224.augreg_in21k,16,noisy_full,83,16,86.3956279333485,0.4374845580398722,0.4970890872692409,0.0,16,100
cifar100,vit_base_patch16_224.augreg_in21k,16,noisy_full,63,17,86.3956279333485,0.5508987755139462,0.5961314700293039,0.125,16,100
cifar100,vit_base_patch16_224.augreg_in21k,16,noisy_full,46,18,86.3956279333485,0.43812563040213626,0.4207969206982161,0.0625,16,100
cifar100,vit_base_patch16_224.augreg_in21k,16,noisy_full,12,19,86.3956279333485,0.43551291383574275,0.44145602906250286,0.0,16,100
cifar100,vit_base_patch16_224.augreg_in21k,16,noisy_full,30,20,86.3956279333485,0.6385244957437979,0.6378110698101315,0.0625,16,100
cifar100,vit_base_patch16_224.augreg_in21k,16,noisy_full,95,21,86.3956279333485,0.5338803147030396,0.5441280669779801,0.0625,16,100
cifar100,vit_base_patch16_224.augreg_in21k,16,noisy_full,77,22,86.3956279333485,0.48744710113160855,0.5233393259100996,0.0,16,100
cifar100,vit_base_patch16_224.augreg_in21k,16,noisy_full,53,23,86.3956279333485,0.5497913074794267,0.5377835249071501,0.0,16,100
cifar100,vit_base_patch16_224.augreg_in21k,16,noisy_full,94,24,86.3956279333485,0.4602021380596787,0.4599827069129253,0.0,16,100
cifar100,vit_base_patch16_224.augreg_in21k,32,clean_full,28,0,86.3956279333485,0.4770920282573743,0.48114788317164725,0.03125,32,100
cifar100,vit_base_patch16_224.augreg_in21k,32,clean_full,2,1,86.3956279333485,0.4153648643381278,0.4347277522237806,0.0,32,100
cifar100,vit_base_patch16_224.augreg_in21k,32,clean_full,43,2,86.3956279333485,0.5739863561685422,0.5869595232135534,0.0,32,100
cifar100,vit_base_patch16_224.augreg_in21k,32,clean_full,69,3,86.3956279333485,0.44568516454042106,0.4729358399126826,0.03125,32,100
cifar100,vit_base_patch16_224.augreg_in21k,32,clean_full,61,4,86.3956279333485,0.426444198143853,0.4232580371169531,0.0,32,100
cifar100,vit_base_patch16_224.augreg_in21k,32,clean_full,32,5,86.3956279333485,0.35876243704102284,0.35099688025219994,0.0,32,100
cifar100,vit_base_patch16_224.augreg_in21k,32,clean_full,73,6,86.3956279333485,0.48864388927012314,0.501630310144426,0.0,32,100
cifar100,vit_base_patch16_224.augreg_in21k,32,clean_full,73,7,86.3956279333485,0.5281195008997599,0.5318392063464951,0.0,32,100
cifar100,vit_base_patch16_224.augreg_in21k,32,clean_full,24,8,86.3956279333485,0.6040977523706985,0.6446503257039311,0.0625,32,100
cifar100,vit_base_patch16_224.augreg_in21k,32,clean_full,59,9,86.3956279333485,0.3749072552928907,0.3696410372644906,0.03125,32,100
cifar100,vit_base_patch16_224.augreg_in21k,32,clean_full,25,10,86.3956279333485,0.4585249019985783,0.46436156214005975,0.0,32,100
cifar100,vit_base_patch16_224.augreg_in21k,32,clean_full,84,11,86.3956279333485,0.3662325772889937,0.39786022599846027,0.0,32,100
cifar100,vit_base_patch16_224.augreg_in21k,32,clean_full,73,12,86.3956279333485,0.46626173060132503,0.48934058031200345,0.0,32,100
cifar100,vit_base_patch16_224.augreg_in21k,32,clean_full,93,13,86.3956279333485,0.41772109097914356,0.42349730246070105,0.0,32,100
cifar100,vit_base_patch16_224.augreg_in21k,32,clean_full,44,14,86.3956279333485,0.37363062406520564,0.3432397211007615,0.03125,32,100
cifar100,vit_base_patch16_224.augreg_in21k,32,clean_full,20,15,86.3956279333485,0.5460718227722088,0.5606427736089218,0.0,32,100
cifar100,vit_base_patch16_224.augreg_in21k,32,clean_full,47,16,86.3956279333485,0.46445276783497746,0.4944644690172076,0.03125,32,100
cifar100,vit_base_patch16_224.augreg_in21k,32,clean_full,63,17,86.3956279333485,0.4238468443857697,0.4336251259149031,0.0,32,100
cifar100,vit_base_patch16_224.augreg_in21k,32,clean_full,76,18,86.3956279333485,0.5300877113660674,0.5492248512933955,0.0,32,100
cifar100,vit_base_patch16_224.augreg_in21k,32,clean_full,34,19,86.3956279333485,0.5548589098618676,0.5852637480792307,0.0,32,100
cifar100,vit_base_patch16_224.augreg_in21k,32,clean_full,8,20,86.3956279333485,0.47536731325252274,0.4938987064286774,0.03125,32,100
cifar100,vit_base_patch16_224.augreg_in21k,32,clean_full,66,21,86.3956279333485,0.4918691130868168,0.5053849974022047,0.03125,32,100
cifar100,vit_base_patch16_224.augreg_in21k,32,clean_full,4,22,86.3956279333485,0.4452940739561424,0.4155773462980321,0.0,32,100
cifar100,vit_base_patch16_224.augreg_in21k,32,clean_full,92,23,86.3956279333485,0.45700438008434474,0.4804701347556173,0.0,32,100
cifar100,vit_base_patch16_224.augreg_in21k,32,clean_full,94,24,86.3956279333485,0.43979894841411726,0.48459130014600205,0.0,32,100
cifar100,vit_base_patch16_224.augreg_in21k,32,clean_small_pool,84,0,86.3956279333485,0.3740129174736365,0.3797594299568695,0.0,32,20
cifar100,vit_base_patch16_224.augreg_in21k,32,clean_small_pool,23,1,86.3956279333485,0.5278873310841564,0.5668674686842061,0.03125,32,20
cifar100,vit_base_patch16_224.augreg_in21k,32,clean_small_pool,44,2,86.3956279333485,0.36585518511478704,0.35567482184780375,0.0,32,20
cifar100,vit_base_patch16_224.augreg_in21k,32,clean_small_pool,20,3,86.3956279333485,0.4738149655372528,0.4894203925744468,0.03125,32,20
cifar100,vit_base_patch16_224.augreg_in21k,32,clean_small_pool,31,4,86.3956279333485,0.5596466752958185,0.6046249640419812,0.0,32,20
cifar100,vit_base_patch16_224.augreg_in21k,32,clean_small_pool,61,5,86.3956279333485,0.47173102966413716,0.46026370576971604,0.0,32,20
cifar100,vit_base_patch16_224.augreg_in21k,32,clean_small_pool,83,6,86.3956279333485,0.5113187233083987,0.513722746239969,0.03125,32,20
cifar100,vit_base_patch16_224.augreg_in21k,32,clean_small_pool,63,7,86.3956279333485,0.4904488517030676,0.5016580893619048,0.0,32,20
cifar100,vit_base_patch16_224.augreg_in21k,32,clean_small_pool,82,8,86.3956279333485,0.5042424728376063,0.5261965496381737,0.0,32,20
cifar100,vit_base_patch16_224.augreg_in21k,32,clean_small_pool,68,9,86.3956279333485,0.5355226240225462,0.5502608438605608,0.0,32,20
cifar100,vit_base_patch16_224.augreg_in21k,32,clean_small_pool,83,10,86.3956279333485,0.5012331657770691,0.5180169101080443,0.0,32,20
cifar100,vit_base_patch16_224.augreg_in21k,32,clean_small_pool,63,11,86.3956279333485,0.439659785572732,0.4317768102857398,0.0,32,20
cifar100,vit_base_patch16_224.augreg_in21k,32,clean_small_pool,54,12,86.3956279333485,0.49673807732965825,0.5304587534990837,0.0,32,20
cifar100,vit_base_patch16_224.augreg_in21k,32,clean_small_pool,48,13,86.3956279333485,0.4891576674158416,0.4801303506665923,0.0,32,20
cifar100,vit_base_patch16_224.augreg_in21k,32,clean_small_pool,43,14,86.3956279333485,0.5928647849268731,0.5860466124832304,0.0,32,20
cifar100,vit_base_patch16_224.augreg_in21k,32,clean_small_pool,50,15,86.3956279333485,0.5410765446222063,0.5649671639292111,0.03125,32,20
cifar100,vit_base_patch16_224.augreg_in21k,32,clean_small_pool,5,16,86.3956279333485,0.4739518494978911,0.49707728441459464,0.0,32,20
cifar100,vit_base_patch16_224.augreg_in21k,32,clean_small_pool,99,17,86.3956279333485,0.37630687864564144,0.3831545727395208,0.0,32,20
cifar100,vit_base_patch16_224.augreg_in21k,32,clean_small_pool,74,18,86.3956279333485,0.4953248616581252,0.5142673149326353,0.03125,32,20
cifar100,vit_base_patch16_224.augreg_in21k,32,clean_small_pool,10,19,86.3956279333485,0.3044204807136003,0.3340328642032493,0.0,32,20
cifar100,vit_base_patch16_224.augreg_in21k,32,clean_small_pool,66,20,86.3956279333485,0.49099000503273316,0.4894053535181664,0.0,32,20
cifar100,vit_base_patch16_224.augreg_in21k,32,clean_small_pool,50,21,86.3956279333485,0.5012602054534787,0.5531066580577397,0.0,32,20
cifar100,vit_base_patch16_224.augreg_in21k,32,clean_small_pool,73,22,86.3956279333485,0.5539798189486428,0.56953733460802,0.0,32,20
cifar100,vit_base_patch16_224.augreg_in21k,32,clean_small_pool,12,23,86.3956279333485,0.45339570125035855,0.4733551005187948,0.0,32,20
cifar100,vit_base_patch16_224.augreg_in21k,32,clean_small_pool,13,24,86.3956279333485,0.44680502900954056,0.4364960560043869,0.0,32,20
cifar100,vit_base_patch16_224.augreg_in21k,32,noisy_full,18,0,86.3956279333485,0.409003691518878,0.4253363602561929,0.03125,32,100
cifar100,vit_base_patch16_224.augreg_in21k,32,noisy_full,95,1,86.3956279333485,0.5745268686675586,0.5770929723412983,0.03125,32,100
cifar100,vit_base_patch16_224.augreg_in21k,32,noisy_full,62,2,86.3956279333485,0.5047198009308442,0.5219019595823882,0.0,32,100
cifar100,vit_base_patch16_224.augreg_in21k,32,noisy_full,27,3,86.3956279333485,0.42501377611838287,0.43930537367894923,0.0,32,100
cifar100,vit_base_patch16_224.augreg_in21k,32,noisy_full,94,4,86.3956279333485,0.4662498049671372,0.48588320451956757,0.0,32,100
cifar100,vit_base_patch16_224.augreg_in21k,32,noisy_full,33,5,86.3956279333485,0.42209212295039933,0.42769015679297123,0.0,32,100
cifar100,vit_base_patch16_224.augreg_in21k,32,noisy_full,41,6,86.3956279333485,0.5143839632210232,0.4924876680211956,0.125,32,100
cifar100,vit_base_patch16_224.augreg_in21k,32,noisy_full,37,7,86.3956279333485,0.5027763505997962,0.5464558063456908,0.03125,32,100
cifar100,vit_base_patch16_224.augreg_in21k,32,noisy_full,90,8,86.3956279333485,0.455802807844451,0.49646104192982776,0.03125,32,100
cifar100,vit_base_patch16_224.augreg_in21k,32,noisy_full,62,9,86.3956279333485,0.4649517484462078,0.4699839612739136,0.0,32,100
cifar100,vit_base_patch16_224.augreg_in21k,32,noisy_full,61,10,86.3956279333485,0.39153792080697764,0.3597278506474746,0.0,32,100
cifar100,vit_base_patch16_224.augreg_in21k,32,noisy_full,59,11,86.3956279333485,0.43179051253350514,0.4458765344553798,0.0,32,100
cifar100,vit_base_patch16_224.augreg_in21k,32,noisy_full,52,12,86.3956279333485,0.6268206525903495,0.6413742209892757,0.03125,32,100
cifar100,vit_base_patch16_224.augreg_in21k,32,noisy_full,56,13,86.3956279333485,0.4480257054031381,0.4797832488550452,0.0,32,100
cifar100,vit_base_patch16_224.augreg_in21k,32,noisy_full,41,14,86.3956279333485,0.44826055738056586,0.4460736076435843,0.03125,32,100
cifar100,vit_base_patch16_224.augreg_in21k,32,noisy_full,77,15,86.3956279333485,0.46714907263612804,0.47292927556550723,0.0,32,100
cifar100,vit_base_patch16_224.augreg_in21k,32,noisy_full,28,16,86.3956279333485,0.49357532467041093,0.5163064909504199,0.0,32,100
cifar100,vit_base_patch16_224.augreg_in21k,32,noisy_full,61,17,86.3956279333485,0.4014631150832406,0.42400974033244676,0.0,32,100
cifar100,vit_base_patch16_224.augreg_in21k,32,noisy_full,5,18,86.3956279333485,0.5656569609473256,0.621593476746297,0.0625,32,100
cifar100,vit_base_patch16_224.augreg_in21k,32,noisy_full,67,19,86.3956279333485,0.44427649522572815,0.4497653917707272,0.03125,32,100
cifar100,vit_base_patch16_224.augreg_in21k,32,noisy_full,53,20,86.3956279333485,0.5702066346784043,0.6171422900853983,0.03125,32,100
cifar100,vit_base_patch16_224.augreg_in21k,32,noisy_full,51,21,86.3956279333485,0.5375854083949958,0.5412301526869374,0.09375,32,100
cifar100,vit_base_patch16_224.augreg_in21k,32,noisy_full,72,22,86.3956279333485,0.48705329887296084,0.46223699384088224,0.03125,32,100
cifar100,vit_base_patch16_224.augreg_in21k,32,noisy_full,91,23,86.3956279333485,0.4764049221997723,0.4479890559151211,0.0,32,100
cifar100,vit_base_patch16_224.augreg_in21k,32,noisy_full,72,24,86.3956279333485,0.3926887919663813,0.43351210584291877,0.0,32,100
cifar100,vit_base_patch16_224.augreg_in21k,64,clean_full,30,0,86.3956279333485,0.6281114206572891,0.6254691908278689,0.03125,64,100
cifar100,vit_base_patch16_224.augreg_in21k,64,clean_full,20,1,86.3956279333485,0.5104049962282173,0.5210100296528618,0.0,64,100
cifar100,vit_base_patch16_224.augreg_in21k,64,clean_full,7,2,86.3956279333485,0.5093757885771482,0.5167710408414166,0.0,64,100
cifar100,vit_base_patch16_224.augreg_in21k,64,clean_full,5,3,86.3956279333485,0.44369310242347654,0.4270761723611496,0.0,64,100
cifar100,vit_base_patch16_224.augreg_in21k,64,clean_full,81,4,86.3956279333485,0.49029656605060595,0.5094109724443318,0.0,64,100
cifar100,vit_base_patch16_224.augreg_in21k,64,clean_full,78,5,86.3956279333485,0.46990866311382995,0.5068120454874379,0.0,64,100
cifar100,vit_base_patch16_224.augreg_in21k,64,clean_full,35,6,86.3956279333485,0.4003294875654897,0.3892761231544817,0.0,64,100
cifar100,vit_base_patch16_224.augreg_in21k,64,clean_full,1,7,86.3956279333485,0.5334179056910063,0.5215215479183813,0.0,64,100
cifar100,vit_base_patch16_224.augreg_in21k,64,clean_full,41,8,86.3956279333485,0.4823138625941985,0.49510719615357784,0.03125,64,100
cifar100,vit_base_patch16_224.augreg_in21k,64,clean_full,14,9,86.3956279333485,0.3825059225632786,0.40335420226847385,0.0,64,100
cifar100,vit_base_patch16_224.augreg_in21k,64,clean_full,94,10,86.3956279333485,0.47747045732551985,0.48946438632623096,0.0,64,100
cifar100,vit_base_patch16_224.augreg_in21k,64,clean_full,96,11,86.3956279333485,0.4495680159670904,0.4572573868145292,0.0,64,100
cifar100,vit_base_patch16_224.augreg_in21k,64,clean_full,24,12,86.3956279333485,0.6220362198144204,0.647503143893952,0.078125,64,100
cifar100,vit_base_patch16_224.augreg_in21k,64,clean_full,87,13,86.3956279333485,0.4123966246430455,0.3908325655612051,0.0,64,100
cifar100,vit_base_patch16_224.augreg_in21k,64,clean_full,25,14,86.3956279333485,0.4266907820174357,0.4429461954149637,0.0,64,100
cifar100,vit_base_patch16_224.augreg_in21k,64,clean_full,52,15,86.3956279333485,0.5553099595426874,0.5688658271560929,0.0,64,100
cifar100,vit_base_patch16_224.augreg_in21k,64,clean_full,87,16,86.3956279333485,0.4524086156834568,0.471943982474337,0.0,64,100
cifar100,vit_base_patch16_224.augreg_in21k,64,clean_full,67,17,86.3956279333485,0.4814469617889149,0.48105831218387535,0.015625,64,100
cifar100,vit_base_patch16_224.augreg_in21k,64,clean_full,37,18,86.3956279333485,0.4156674298764118,0.44669820926141207,0.0,64,100
cifar100,vit_base_patch16_224.augreg_in21k,64,clean_full,41,19,86.3956279333485,0.49315000470122167,0.47210491520196607,0.125,64,100
cifar100,vit_base_patch16_224.augreg_in21k,64,clean_full,45,20,86.3956279333485,0.34850228911316644,0.3578940824414225,0.0,64,100
cifar100,vit_base_patch16_224.augreg_in21k,64,clean_full,81,21,86.3956279333485,0.48026976681850575,0.4934276129492585,0.0,64,100
cifar100,vit_base_patch16_224.augreg_in21k,64,clean_full,46,22,86.3956279333485,0.43349483980675774,0.4451786874934005,0.0,64,100
cifar100,vit_base_patch16_224.augreg_in21k,64,clean_full,59,23,86.3956279333485,0.41274129436752893,0.41320179976719157,0.015625,64,100
cifar100,vit_base_patch16_224.augreg_in21k,64,clean_full,35,24,86.3956279333485,0.40940373561531573,0.41054550055052635,0.0,64,100
cifar100,vit_base_patch16_224.augreg_in21k,64,clean_small_pool,7,0,86.3956279333485,0.4730106066386315,0.48702989343755687,0.0,64,20
cifar100,vit_base_patch16_224.augreg_in21k,64,clean_small_pool,29,1,86.3956279333485,0.39035221357092353,0.38124162093350056,0.0,64,20
cifar100,vit_base_patch16_224.augreg_in21k,64,clean_small_pool,69,2,86.3956279333485,0.4873440408456335,0.48476120649894106,0.0,64,20
cifar100,vit_base_patch16_224.augreg_in21k,64,clean_small_pool,69,3,86.3956279333485,0.4910113617274232,0.4868269431376648,0.0,64,20
cifar100,vit_base_patch16_224.augreg_in21k,64,clean_small_pool,60,4,86.3956279333485,0.4124258852803584,0.4109289871612715,0.0,64,20
cifar100,vit_base_patch16_224.augreg_in21k,64,clean_small_pool,90,5,86.3956279333485,0.4444232279601735,0.4732699510001579,0.0,64,20
cifar100,vit_base_patch16_224.augreg_in21k,64,clean_small_pool,51,6,86.3956279333485,0.5231947334452285,0.5354113096320126,0.0,64,20
cifar100,vit_base_patch16_224.augreg_in21k,64,clean_small_pool,96,7,86.3956279333485,0.4587340883406425,0.4598675291548493,0.03125,64,20
cifar100,vit_base_patch16_224.augreg_in21k,64,clean_small_pool,62,8,86.3956279333485,0.49609136525006564,0.5091060542445046,0.0,64,20
cifar100,vit_base_patch16_224.augreg_in21k,64,clean_small_pool,27,9,86.3956279333485,0.4484667379020549,0.46610908898947867,0.0,64,20
cifar100,vit_base_patch16_224.augreg_in21k,64,clean_small_pool,78,10,86.3956279333485,0.4661820267014326,0.49245599573330867,0.0,64,20
cifar100,vit_base_patch16_224.augreg_in21k,64,clean_small_pool,61,11,86.3956279333485,0.42975302739152543,0.42318016492927024,0.0,64,20
cifar100,vit_base_patch16_224.augreg_in21k,64,clean_small_pool,20,12,86.3956279333485,0.5087226241973769,0.5224932963783757,0.0,64,20
cifar100,vit_base_patch16_224.augreg_in21k,64,clean_small_pool,18,13,86.3956279333485,0.4595653299622664,0.45995132111552633,0.0,64,20
cifar100,vit_base_patch16_224.augreg_in21k,64,clean_small_pool,12,14,86.3956279333485,0.4053730934428895,0.42805593739900477,0.0,64,20
cifar100,vit_base_patch16_224.augreg_in21k,64,clean_small_pool,19,15,86.3956279333485,0.49504206049068683,0.5161903579936601,0.0,64,20
cifar100,vit_base_patch16_224.augreg_in21k,64,clean_small_pool,57,16,86.3956279333485,0.48079236499365324,0.4524597692696047,0.03125,64,20
cifar100,vit_base_patch16_224.augreg_in21k,64,clean_small_pool,50,17,86.3956279333485,0.4559778777162672,0.4831369893569045,0.0,64,20
cifar100,vit_base_patch16_224.augreg_in21k,64,clean_small_pool,94,18,86.3956279333485,0.4738290966648491,0.45301730181832645,0.0,64,20
cifar100,vit_base_patch16_224.augreg_in21k,64,clean_small_pool,84,19,86.3956279333485,0.3764370964902694,0.36664229723536335,0.0,64,20
cifar100,vit_base_patch16_224.augreg_in21k,64,clean_small_pool,77,20,86.3956279333485,0.4595273172514811,0.48798231865327535,0.0,64,20
cifar100,vit_base_patch16_224.augreg_in21k,64,clean_small_pool,13,21,86.3956279333485,0.43881420231456203,0.47575701490509104,0.0,64,20
cifar100,vit_base_patch16_224.augreg_in21k,64,clean_small_pool,97,22,86.3956279333485,0.6067539537773732,0.6070610485935606,0.03125,64,20
cifar100,vit_base_patch16_224.augreg_in21k,64,clean_small_pool,74,23,86.3956279333485,0.5101746036479009,0.5171624054800703,0.0,64,20
cifar100,vit_base_patch16_224.augreg_in21k,64,clean_small_pool,21,24,86.3956279333485,0.5796117198057682,0.614859042645462,0.015625,64,20
cifar100,vit_base_patch16_224.augreg_in21k,64,noisy_full,39,0,86.3956279333485,0.5282899150773528,0.5386853832056675,0.0,64,100
cifar100,vit_base_patch16_224.augreg_in21k,64,noisy_full,41,1,86.3956279333485,0.4818165954972561,0.4931857910774604,0.03125,64,100
cifar100,vit_base_patch16_224.augreg_in21k,64,noisy_full,81,2,86.3956279333485,0.44091464084434934,0.45188343058138125,0.0,64,100
cifar100,vit_base_patch16_224.augreg_in21k,64,noisy_full,97,3,86.3956279333485,0.584521993215805,0.5867902405131449,0.0,64,100
cifar100,vit_base_patch16_224.augreg_in21k,64,noisy_full,22,4,86.3956279333485,0.36612524623099973,0.37690992246668176,0.0,64,100
cifar100,vit_base_patch16_224.augreg_in21k,64,noisy_full,55,5,86.3956279333485,0.3595145807369174,0.3539477079014596,0.0,64,100
cifar100,vit_base_patch16_224.augreg_in21k,64,noisy_full,67,6,86.3956279333485,0.4275865922805352,0.4146997521853045,0.0,64,100
cifar100,vit_base_patch16_224.augreg_in21k,64,noisy_full,86,7,86.3956279333485,0.5301154946735201,0.5326477099902889,0.015625,64,100
cifar100,vit_base_patch16_224.augreg_in21k,64,noisy_full,81,8,86.3956279333485,0.46875150443957836,0.48857161563768087,0.0,64,100
cifar100,vit_base_patch16_224.augreg_in21k,64,noisy_full,53,9,86.3956279333485,0.5532283804740635,0.5602001643999388,0.03125,64,100
cifar100,vit_base_patch16_224.augreg_in21k,64,noisy_full,56,10,86.3956279333485,0.5154191955270331,0.5122492990927925,0.0,64,100
cifar100,vit_base_patch16_224.augreg_in21k,64,noisy_full,18,11,86.3956279333485,0.40025253820956175,0.42436924565339107,0.015625,64,100
cifar100,vit_base_patch16_224.augreg_in21k,64,noisy_full,53,12,86.3956279333485,0.576169913114612,0.5802682568626643,0.03125,64,100
cifar100,vit_base_patch16_224.augreg_in21k,64,noisy_full,61,13,86.3956279333485,0.420569841386414,0.42334861750799047,0.0,64,100
cifar100,vit_base_patch16_224.augreg_in21k,64,noisy_full,71,14,86.3956279333485,0.4563723663606094,0.4828456421113573,0.0,64,100
cifar100,vit_base_patch16_224.augreg_in21k,64,noisy_full,44,15,86.3956279333485,0.3597786981197157,0.3565242960704712,0.0,64,100
cifar100,vit_base_patch16_224.augreg_in21k,64,noisy_full,39,16,86.3956279333485,0.5093759544993934,0.5106351246533014,0.046875,64,100
cifar100,vit_base_patch16_224.augreg_in21k,64,noisy_full,95,17,86.3956279333485,0.49086225864152944,0.5062680710780203,0.015625,64,100
cifar100,vit_base_patch16_224.augreg_in21k,64,noisy_full,69,18,86.3956279333485,0.459272024405919,0.4574472589605314,0.015625,64,100
cifar100,vit_base_patch16_224.augreg_in21k,64,noisy_full,80,19,86.3956279333485,0.4508752084098252,0.4630620419537951,0.0,64,100
cifar100,vit_base_patch16_224.augreg_in21k,64,noisy_full,33,20,86.3956279333485,0.3759233238333991,0.3770622556987124,0.0,64,100
cifar100,vit_base_patch16_224.augreg_in21k,64,noisy_full,74,21,86.3956279333485,0.4909243018030233,0.5158075205492604,0.0,64,100
cifar100,vit_base_patch16_224.augreg_in21k,64,noisy_full,64,22,86.3956279333485,0.5202065313918883,0.5379508053216757,0.015625,64,100
cifar100,vit_base_patch16_224.augreg_in21k,64,noisy_full,22,23,86.3956279333485,0.3784806936691629,0.3862968079977337,0.0,64,100
cifar100,vit_base_patch16_224.augreg_in21k,64,noisy_full,67,24,86.3956279333485,0.44743966127490076,0.45948953528772607,0.0,64,100
cifar100,vit_base_patch16_224.augreg_in21k,128,clean_full,81,0,86.3956279333485,0.4878889812751094,0.49955984433500333,0.0,128,100
cifar100,vit_base_patch16_224.augreg_in21k,128,clean_full,1,1,86.3956279333485,0.5245365747763129,0.5319018494405091,0.0,128,100
cifar100,vit_base_patch16_224.augreg_in21k,128,clean_full,71,2,86.3956279333485,0.4719135680986131,0.47857736452720345,0.0,128,100
cifar100,vit_base_patch16_224.augreg_in21k,128,clean_full,10,3,86.3956279333485,0.3581087189366564,0.3603993673653919,0.0,128,100
cifar100,vit_base_patch16_224.augreg_in21k,128,clean_full,82,4,86.3956279333485,0.5483381220265544,0.5566472434831383,0.0234375,128,100
cifar100,vit_base_patch16_224.augreg_in21k,128,clean_full,46,5,86.3956279333485,0.39025028843729936,0.39364729849033503,0.0,128,100
cifar100,vit_base_patch16_224.augreg_in21k,128,clean_full,26,6,86.3956279333485,0.4288336823230954,0.4460764220970305,0.0,128,100
cifar100,vit_base_patch16_224.augreg_in21k,128,clean_full,50,7,86.3956279333485,0.47359245514990456,0.4991184583210638,0.0,128,100
cifar100,vit_base_patch16_224.augreg_in21k,128,clean_full,2,8,86.3956279333485,0.41929345982351374,0.41538312223328877,0.0,128,100
cifar100,vit_base_patch16_224.augreg_in21k,128,clean_full,84,9,86.3956279333485,0.3304681319896894,0.31591275153081516,0.0,128,100
cifar100,vit_base_patch16_224.augreg_in21k,128,clean_full,38,10,86.3956279333485,0.5514964144175696,0.5518461678243649,0.0078125,128,100
cifar100,vit_base_patch16_224.augreg_in21k,128,clean_full,5,11,86.3956279333485,0.47535241931582717,0.4759042081436877,0.0,128,100
cifar100,vit_base_patch16_224.augreg_in21k,128,clean_full,94,12,86.3956279333485,0.47109000207480245,0.4907730773257871,0.0,128,100
cifar100,vit_base_patch16_224.augreg_in21k,128,clean_full,32,13,86.3956279333485,0.36208622001774016,0.3547246257369722,0.0,128,100
cifar100,vit_base_patch16_224.augreg_in21k,128,clean_full,46,14,86.3956279333485,0.40073614940449515,0.41624065658775156,0.0,128,100
cifar100,vit_base_patch16_224.augreg_in21k,128,clean_full,68,15,86.3956279333485,0.5158057524415004,0.5146245101743113,0.0078125,128,100
cifar100,vit_base_patch16_224.augreg_in21k,128,clean_full,61,16,86.3956279333485,0.41557760910723873,0.41948771892814773,0.0,128,100
cifar100,vit_base_patch16_224.augreg_in21k,128,clean_full,6,17,86.3956279333485,0.5102539664962407,0.5291459070307662,0.0,128,100
cifar100,vit_base_patch16_224.augreg_in21k,128,clean_full,23,18,86.3956279333485,0.42378221467308713,0.42651923097373756,0.0078125,128,100
cifar100,vit_base_patch16_224.augreg_in21k,128,clean_full,98,19,86.3956279333485,0.4276525303072712,0.43362720775006225,0.0,128,100
cifar100,vit_base_patch16_224.augreg_in21k,128,clean_full,91,20,86.3956279333485,0.48165361867819056,0.5047256831968627,0.0,128,100
cifar100,vit_base_patch16_224.augreg_in21k,128,clean_full,52,21,86.3956279333485,0.5504767451926786,0.5860136760535801,0.0,128,100
cifar100,vit_base_patch16_224.augreg_in21k,128,clean_full,83,22,86.3956279333485,0.4917210264234527,0.5109312002498605,0.0,128,100
cifar100,vit_base_patch16_224.augreg_in21k,128,clean_full,72,23,86.3956279333485,0.42470526163215794,0.43893133366228576,0.0,128,100
cifar100,vit_base_patch16_224.augreg_in21k,128,clean_full,23,24,86.3956279333485,0.4612250547846193,0.46797702835210264,0.0,128,100
cifar100,vit_base_patch16_224.augreg_in21k,128,clean_small_pool,45,0,86.3956279333485,0.33226198957037495,0.32734026880057043,0.0,128,20
cifar100,vit_base_patch16_224.augreg_in21k,128,clean_small_pool,27,1,86.3956279333485,0.4577236369958931,0.46548072063165635,0.0,128,20
cifar100,vit_base_patch16_224.augreg_in21k,128,clean_small_pool,65,2,86.3956279333485,0.39890213652553363,0.415641139533381,0.0,128,20
cifar100,vit_base_patch16_224.augreg_in21k,128,clean_small_pool,30,3,86.3956279333485,0.5964572776009873,0.6087145987409888,0.015625,128,20
cifar100,vit_base_patch16_224.augreg_in21k,128,clean_small_pool,18,4,86.3956279333485,0.42166845141578996,0.4542666817276373,0.0,128,20
cifar100,vit_base_patch16_224.augreg_in21k,128,clean_small_pool,69,5,86.3956279333485,0.4703905424486371,0.4955903202300885,0.0,128,20
cifar100,vit_base_patch16_224.augreg_in21k,128,clean_small_pool,21,6,86.3956279333485,0.5596559076903319,0.5614824632296604,0.0,128,20
cifar100,vit_base_patch16_224.augreg_in21k,128,clean_small_pool,17,7,86.3956279333485,0.5109112359923459,0.5234769253133341,0.0,128,20
cifar100,vit_base_patch16_224.augreg_in21k,128,clean_small_pool,59,8,86.3956279333485,0.40823612597418457,0.4248000661813363,0.0078125,128,20
cifar100,vit_base_patch16_224.augreg_in21k,128,clean_small_pool,54,9,86.3956279333485,0.4778680071836752,0.4849446455886397,0.0,128,20
cifar100,vit_base_patch16_224.augreg_in21k,128,clean_small_pool,85,10,86.3956279333485,0.482150084228937,0.5071970473341252,0.0,128,20
cifar100,vit_base_patch16_224.augreg_in21k,128,clean_small_pool,98,11,86.3956279333485,0.39730136400347615,0.4320571310531598,0.0,128,20
cifar100,vit_base_patch16_224.augreg_in21k,128,clean_small_pool,8,12,86.3956279333485,0.43276319909174343,0.451385340151874,0.0078125,128,20
cifar100,vit_base_patch16_224.augreg_in21k,128,clean_small_pool,56,13,86.3956279333485,0.4360739282288032,0.4347267689303503,0.0,128,20
cifar100,vit_base_patch16_224.augreg_in21k,128,clean_small_pool,87,14,86.3956279333485,0.4296688099897853,0.44279213599006406,0.0,128,20
cifar100,vit_base_patch16_224.augreg_in21k,128,clean_small_pool,79,15,86.3956279333485,0.4144403280125441,0.4220906908365404,0.0,128,20
cifar100,vit_base_patch16_224.augreg_in21k,128,clean_small_pool,42,16,86.3956279333485,0.472108392860649,0.48595958256153193,0.0,128,20
cifar100,vit_base_patch16_224.augreg_in21k,128,clean_small_pool,72,17,86.3956279333485,0.4612660396513679,0.48263373967334483,0.0,128,20
cifar100,vit_base_patch16_224.augreg_in21k,128,clean_small_pool,58,18,86.3956279333485,0.44921125499898457,0.44374647356582597,0.0078125,128,20
cifar100,vit_base_patch16_224.augreg_in21k,128,clean_small_pool,3,19,86.3956279333485,0.4854325090509024,0.5104230045605065,0.0,128,20
cifar100,vit_base_patch16_224.augreg_in21k,128,clean_small_pool,82,20,86.3956279333485,0.5235203796462615,0.5496500921430596,0.0,128,20
cifar100,vit_base_patch16_224.augreg_in21k,128,clean_small_pool,77,21,86.3956279333485,0.4701857305007841,0.5071566226049156,0.0,128,20
cifar100,vit_base_patch16_224.augreg_in21k,128,clean_small_pool,14,22,86.3956279333485,0.39331182167247597,0.4003818382612786,0.0,128,20
cifar100,vit_base_patch16_224.augreg_in21k,128,clean_small_pool,32,23,86.3956279333485,0.3984461682994848,0.410174222124093,0.0,128,20
cifar100,vit_base_patch16_224.augreg_in21k,128,clean_small_pool,84,24,86.3956279333485,0.37287045450637624,0.3861104039049442,0.0,128,20
cifar100,vit_base_patch16_224.augreg_in21k,128,noisy_full,59,0,86.3956279333485,0.4466522021621253,0.44623525474439973,0.0,128,100
cifar100,vit_base_patch16_224.augreg_in21k,128,noisy_full,83,1,86.3956279333485,0.4968197354184217,0.5187439682967652,0.0234375,128,100
cifar100,vit_base_patch16_224.augreg_in21k,128,noisy_full,70,2,86.3956279333485,0.4448786344375909,0.44238392210991395,0.0078125,128,100
cifar100,vit_base_patch16_224.augreg_in21k,128,noisy_full,42,3,86.3956279333485,0.4679156445734032,0.471250792362239,0.0,128,100
cifar100,vit_base_patch16_224.augreg_in21k,128,noisy_full,38,4,86.3956279333485,0.5302635828419024,0.5476525209573302,0.0,128,100
cifar100,vit_base_patch16_224.augreg_in21k,128,noisy_full,14,5,86.3956279333485,0.4042332204517508,0.42462798336968116,0.0,128,100
cifar100,vit_base_patch16_224.augreg_in21k,128,noisy_full,11,6,86.3956279333485,0.37586853536391124,0.39515680554600824,0.0,128,100
cifar100,vit_base_patch16_224.augreg_in21k,128,noisy_full,81,7,86.3956279333485,0.45374542700675047,0.4531541930796717,0.0,128,100
cifar100,vit_base_patch16_224.augreg_in21k,128,noisy_full,75,8,86.3956279333485,0.5271245554361701,0.5575808917845848,0.015625,128,100
cifar100,vit_base_patch16_224.augreg_in21k,128,noisy_full,93,9,86.3956279333485,0.4524521219564182,0.4712829265489947,0.0,128,100
cifar100,vit_base_patch16_224.augreg_in21k,128,noisy_full,63,10,86.3956279333485,0.46376138430608427,0.4737307016676714,0.0,128,100
cifar100,vit_base_patch16_224.augreg_in21k,128,noisy_full,12,11,86.3956279333485,0.39881099526734465,0.4035508115336655,0.0,128,100
cifar100,vit_base_patch16_224.augreg_in21k,128,noisy_full,51,12,86.3956279333485,0.4790890798332405,0.48872866673651383,0.0,128,100
cifar100,vit_base_patch16_224.augreg_in21k,128,noisy_full,17,13,86.3956279333485,0.4768350901538314,0.4895136919124281,0.0,128,100
cifar100,vit_base_patch16_224.augreg_in21k,128,noisy_full,62,14,86.3956279333485,0.4796865272770462,0.500107476154354,0.0,128,100
cifar100,vit_base_patch16_224.augreg_in21k,128,noisy_full,40,15,86.3956279333485,0.3028816042304781,0.3098828042151237,0.0,128,100
cifar100,vit_base_patch16_224.augreg_in21k,128,noisy_full,1,16,86.3956279333485,0.5203014157400636,0.5220529607958022,0.0,128,100
cifar100,vit_base_patch16_224.augreg_in21k,128,noisy_full,41,17,86.3956279333485,0.4678498056071556,0.44341400970607725,0.046875,128,100
cifar100,vit_base_patch16_224.augreg_in21k,128,noisy_full,25,18,86.3956279333485,0.4234146700676179,0.43598654142021004,0.0,128,100
cifar100,vit_base_patch16_224.augreg_in21k,128,noisy_full,4,19,86.3956279333485,0.4560249315400832,0.46248726430780496,0.0,128,100
cifar100,vit_base_patch16_224.augreg_in21k,128,noisy_full,45,20,86.3956279333485,0.3505776731205045,0.347099045877386,0.0,128,100
cifar100,vit_base_patch16_224.augreg_in21k,128,noisy_full,91,21,86.3956279333485,0.4630897007592153,0.47767381165689154,0.0,128,100
cifar100,vit_base_patch16_224.augreg_in21k,128,noisy_full,55,22,86.3956279333485,0.4095476368834883,0.40639890616863883,0.0,128,100
cifar100,vit_base_patch16_224.augreg_in21k,128,noisy_full,25,23,86.3956279333485,0.46352143706389415,0.47845940077358284,0.0,128,100
cifar100,vit_base_patch16_224.augreg_in21k,128,noisy_full,71,24,86.3956279333485,0.44473860911907914,0.4582212393091237,0.0,128,100
