dataset,method,family,attack,fpr,tpr,seed
cifar100,m0_fedavg,F1,A1_LiRA,0.0,0.0010652235132785621,0
cifar100,m0_fedavg,F1,A1_LiRA,0.0001,0.003403817663120003,0
cifar100,m0_fedavg,F1,A1_LiRA,0.00010473708979594497,0.003403817663120003,0
cifar100,m0_fedavg,F1,A1_LiRA,0.00010969857978923841,0.0034895253021194274,0
cifar100,m0_fedavg,F1,A1_LiRA,0.00011489510001873086,0.0034895253021194274,0
cifar100,m0_fedavg,F1,A1_LiRA,0.00012033778407775893,0.0034895253021194274,0
cifar100,m0_fedavg,F1,A1_LiRA,0.00012603829296797275,0.0037588921675461903,0
cifar100,m0_fedavg,F1,A1_LiRA,0.0001320088400831418,0.0037588921675461903,0
cifar100,m0_fedavg,F1,A1_LiRA,0.00013826221737646565,0.0037588921675461903,0
cifar100,m0_fedavg,F1,A1_LiRA,0.0001448118227674533,0.0037588921675461903,0
cifar100,m0_fedavg,F1,A1_LiRA,0.00015167168884709225,0.003979283239258996,0
cifar100,m0_fedavg,F1,A1_LiRA,0.00015885651294280528,0.004138454568829356,0
cifar100,m0_fedavg,F1,A1_LiRA,0.0001663816886076129,0.004138454568829356,0
cifar100,m0_fedavg,F1,A1_LiRA,0.00017426333860096508,0.004309869846828205,0
cifar100,m0_fedavg,F1,A1_LiRA,0.00018251834943190426,0.004309869846828205,0
cifar100,m0_fedavg,F1,A1_LiRA,0.00019116440753857018,0.004432309331113098,0
cifar100,m0_fedavg,F1,A1_LiRA,0.00020022003718155845,0.004493529073255544,0
cifar100,m0_fedavg,F1,A1_LiRA,0.00020970464013232327,0.004505773021684032,0
cifar100,m0_fedavg,F1,A1_LiRA,0.0002196385372416547,0.004505773021684032,0
cifar100,m0_fedavg,F1,A1_LiRA,0.0002300430119772917,0.004505773021684032,0
cifar100,m0_fedavg,F1,A1_LiRA,0.00024094035602395243,0.004505773021684032,0
cifar100,m0_fedavg,F1,A1_LiRA,0.0002523539170434766,0.004591480660683457,0
cifar100,m0_fedavg,F1,A1_LiRA,0.00026430814869741055,0.00486084752611022,0
cifar100,m0_fedavg,F1,A1_LiRA,0.00027682866303920667,0.004971043061966623,0
cifar100,m0_fedavg,F1,A1_LiRA,0.0002899422853882875,0.004971043061966623,0
cifar100,m0_fedavg,F1,A1_LiRA,0.0003036771118035457,0.004971043061966623,0
cifar100,m0_fedavg,F1,A1_LiRA,0.0003180625692794119,0.00502001885568058,0
cifar100,m0_fedavg,F1,A1_LiRA,0.00033312947879346737,0.005093482546251515,0
cifar100,m0_fedavg,F1,A1_LiRA,0.0003489101213406774,0.005154702288393961,0
cifar100,m0_fedavg,F1,A1_LiRA,0.00036543830709572547,0.00564446022553353,0
cifar100,m0_fedavg,F1,A1_LiRA,0.0003827494478516311,0.00580363155510389,0
cifar100,m0_fedavg,F1,A1_LiRA,0.0004008806328898465,0.005864851297246336,0
cifar100,m0_fedavg,F1,A1_LiRA,0.000419870708444391,0.0061831939563870555,0
cifar100,m0_fedavg,F1,A1_LiRA,0.00043976036093027214,0.006317877389100437,0
cifar100,m0_fedavg,F1,A1_LiRA,0.00046059220411451035,0.006342365285957416,0
cifar100,m0_fedavg,F1,A1_LiRA,0.00048241087041653687,0.00642807292495684,0
cifar100,m0_fedavg,F1,A1_LiRA,0.0005052631065335679,0.006550512409241732,0
cifar100,m0_fedavg,F1,A1_LiRA,0.0005291978735958442,0.006709683738812092,0
cifar100,m0_fedavg,F1,A1_LiRA,0.0005542664520663107,0.006807635326240006,0
cifar100,m0_fedavg,F1,A1_LiRA,0.0005805225516094895,0.006979050604238855,0
cifar100,m0_fedavg,F1,A1_LiRA,0.0006080224261649427,0.007199441675951661,0
cifar100,m0_fedavg,F1,A1_LiRA,0.0006368249944718586,0.00737085695395051,0
cifar100,m0_fedavg,F1,A1_LiRA,0.0006669919663030121,0.007603491974091805,0
cifar100,m0_fedavg,F1,A1_LiRA,0.0006985879746785249,0.007787151200519144,0
cifar100,m0_fedavg,F1,A1_LiRA,0.0007316807143427193,0.007799395148947633,0
cifar100,m0_fedavg,F1,A1_LiRA,0.0007663410868007462,0.007897346736375547,0
cifar100,m0_fedavg,F1,A1_LiRA,0.0008026433522257174,0.00800754227223195,0
cifar100,m0_fedavg,F1,A1_LiRA,0.0008406652885618325,0.008215689395516266,0
cifar100,m0_fedavg,F1,A1_LiRA,0.0008804883581643465,0.008264665189230223,0
cifar100,m0_fedavg,F1,A1_LiRA,0.0009221978823334322,0.008289153086087202,0
cifar100,m0_fedavg,F1,A1_LiRA,0.0009658832241158709,0.008570763899942454,0
cifar100,m0_fedavg,F1,A1_LiRA,0.001011637979766207,0.008729935229512813,0
cifar100,m0_fedavg,F1,A1_LiRA,0.001059560179277616,0.008925838404368641,0
cifar100,m0_fedavg,F1,A1_LiRA,0.0011097524964120721,0.009036033940225044,0
cifar100,m0_fedavg,F1,A1_LiRA,0.0011623224686798518,0.009329888702508785,0
cifar100,m0_fedavg,F1,A1_LiRA,0.001217382727739662,0.0094278402899367,0
cifar100,m0_fedavg,F1,A1_LiRA,0.0012750512407130128,0.009770670845934398,0
cifar100,m0_fedavg,F1,A1_LiRA,0.0013354515629298987,0.009954330072361735,0
cifar100,m0_fedavg,F1,A1_LiRA,0.0013987131026472386,0.01018696509250303,0
cifar100,m0_fedavg,F1,A1_LiRA,0.0014649713983072847,0.010480819854786771,0
cifar100,m0_fedavg,F1,A1_LiRA,0.0015343684089300133,0.010774674617070512,0
cifar100,m0_fedavg,F1,A1_LiRA,0.0016070528182616384,0.010909358049783895,0
cifar100,m0_fedavg,F1,A1_LiRA,0.0016831803533309566,0.011105261224639722,0
cifar100,m0_fedavg,F1,A1_LiRA,0.001762914118095948,0.011239944657353102,0
cifar100,m0_fedavg,F1,A1_LiRA,0.0018464249428955426,0.011497067574351377,0
cifar100,m0_fedavg,F1,A1_LiRA,0.0019338917504552321,0.01176643443977814,0
cifar100,m0_fedavg,F1,A1_LiRA,0.0020255019392306666,0.011962337614633967,0
cifar100,m0_fedavg,F1,A1_LiRA,0.00212145178491063,0.012341900015917133,0
cifar100,m0_fedavg,F1,A1_LiRA,0.002221946860939524,0.012501071345487494,0
cifar100,m0_fedavg,F1,A1_LiRA,0.0023272024789604074,0.012635754778200874,0
cifar100,m0_fedavg,F1,A1_LiRA,0.002437444150122222,0.013088780870054975,0
cifar100,m0_fedavg,F1,A1_LiRA,0.0025529080682395165,0.013505075116623608,0
cifar100,m0_fedavg,F1,A1_LiRA,0.0026738416158399465,0.013676490394622457,0
cifar100,m0_fedavg,F1,A1_LiRA,0.002800503894183631,0.013933613311620732,0
cifar100,m0_fedavg,F1,A1_LiRA,0.0029331662783900424,0.014313175712903897,0
cifar100,m0_fedavg,F1,A1_LiRA,0.003072112998861759,0.014594786526759149,0
cifar100,m0_fedavg,F1,A1_LiRA,0.0032176417502507355,0.014864153392185912,0
cifar100,m0_fedavg,F1,A1_LiRA,0.003370064329271928,0.015145764206041164,0
cifar100,m0_fedavg,F1,A1_LiRA,0.00352970730273065,0.015635522143180734,0
cifar100,m0_fedavg,F1,A1_LiRA,0.0036969127071950283,0.016100792183463324,0
cifar100,m0_fedavg,F1,A1_LiRA,0.003872038781812557,0.016553818275317423,0
cifar100,m0_fedavg,F1,A1_LiRA,0.004055460735840828,0.016982356470314548,0
cifar100,m0_fedavg,F1,A1_LiRA,0.0042475715525368985,0.01755782204645354,0
cifar100,m0_fedavg,F1,A1_LiRA,0.004448782831127585,0.017937384447736706,0
cifar100,m0_fedavg,F1,A1_LiRA,0.004659525668664682,0.01837816659116232,0
cifar100,m0_fedavg,F1,A1_LiRA,0.004880251583654433,0.01895363216730131,0
cifar100,m0_fedavg,F1,A1_LiRA,0.005111433483440166,0.019333194568584476,0
cifar100,m0_fedavg,F1,A1_LiRA,0.0053535666774107244,0.019822952505724047,0
cifar100,m0_fedavg,F1,A1_LiRA,0.005607169938205458,0.020324954391292106,0
cifar100,m0_fedavg,F1,A1_LiRA,0.005872786613189483,0.020912663915859588,0
cifar100,m0_fedavg,F1,A1_LiRA,0.006150985788580504,0.02130447026557124,0
cifar100,m0_fedavg,F1,A1_LiRA,0.00644236350872137,0.022026863222852106,0
cifar100,m0_fedavg,F1,A1_LiRA,0.006747544053110693,0.022626816695848078,0
cifar100,m0_fedavg,F1,A1_LiRA,0.0070671812739274914,0.02304311094241671,0
cifar100,m0_fedavg,F1,A1_LiRA,0.007401959996915644,0.023655308363841172,0
cifar100,m0_fedavg,F1,A1_LiRA,0.007752597488629464,0.02434096947583657,0
cifar100,m0_fedavg,F1,A1_LiRA,0.008119844993184008,0.025614340112399447,0
cifar100,m0_fedavg,F1,A1_LiRA,0.008504489341802677,0.026226537533823906,0
cifar100,m0_fedavg,F1,A1_LiRA,0.00890735463861044,0.02694893049110477,0
cifar100,m0_fedavg,F1,A1_LiRA,0.009329304026284686,0.02775703108738506,0
cifar100,m0_fedavg,F1,A1_LiRA,0.009771241535346501,0.02851615588995139,0
cifar100,m0_fedavg,F1,A1_LiRA,0.010234114021054527,0.029201817001946788,0
cifar100,m0_fedavg,F1,A1_LiRA,0.010718913192051276,0.03005889339194103,0
cifar100,m0_fedavg,F1,A1_LiRA,0.011226677735108135,0.030818018194507364,0
cifar100,m0_fedavg,F1,A1_LiRA,0.01175849554052157,0.03158938694550219,0
cifar100,m0_fedavg,F1,A1_LiRA,0.012315506032928261,0.03234851174806852,0
cifar100,m0_fedavg,F1,A1_LiRA,0.01289890261253308,0.0334994429003465,0
cifar100,m0_fedavg,F1,A1_LiRA,0.013509935211980266,0.03430754349662679,0
cifar100,m0_fedavg,F1,A1_LiRA,0.01414991297434576,0.0355441822879042,0
cifar100,m0_fedavg,F1,A1_LiRA,0.014820207057988586,0.036609405801182764,0
cifar100,m0_fedavg,F1,A1_LiRA,0.01552225357427048,0.03779706879874622,0
cifar100,m0_fedavg,F1,A1_LiRA,0.016257556664437952,0.03916839102273701,0
cifar100,m0_fedavg,F1,A1_LiRA,0.017027691722258997,0.04040502981401442,0
cifar100,m0_fedavg,F1,A1_LiRA,0.017834308769319095,0.04166615650214881,0
cifar100,m0_fedavg,F1,A1_LiRA,0.01867913599020783,0.043049722674568094,0
cifar100,m0_fedavg,F1,A1_LiRA,0.01956398343517065,0.04442104489855889,0
cifar100,m0_fedavg,F1,A1_LiRA,0.020490746898158482,0.045523000257122914,0
cifar100,m0_fedavg,F1,A1_LiRA,0.021461411978584036,0.047077981707541044,0
cifar100,m0_fedavg,F1,A1_LiRA,0.02247805833548725,0.048963549765528386,0
cifar100,m0_fedavg,F1,A1_LiRA,0.02354286414322418,0.05029814014423371,0
cifar100,m0_fedavg,F1,A1_LiRA,0.024658110758226038,0.05251429480979026,0
cifar100,m0_fedavg,F1,A1_LiRA,0.025826187606826773,0.0542896673319212,0
cifar100,m0_fedavg,F1,A1_LiRA,0.027049597304631343,0.056003820111909686,0
cifar100,m0_fedavg,F1,A1_LiRA,0.02833096101839324,0.057766948685612135,0
cifar100,m0_fedavg,F1,A1_LiRA,0.029673024081888696,0.05979944412474135,0
cifar100,m0_fedavg,F1,A1_LiRA,0.03107866187782014,0.062027842738726385,0
cifar100,m0_fedavg,F1,A1_LiRA,0.0325508859983506,0.064170533713712,0
cifar100,m0_fedavg,F1,A1_LiRA,0.03409285069746811,0.06603161387484235,0
cifar100,m0_fedavg,F1,A1_LiRA,0.03570785964900463,0.06878650227125244,0
cifar100,m0_fedavg,F1,A1_LiRA,0.03739937302478798,0.07107612062737992,0
cifar100,m0_fedavg,F1,A1_LiRA,0.039171014908092605,0.07379427717850452,0
cifar100,m0_fedavg,F1,A1_LiRA,0.04102658105827194,0.07663487321391402,0
cifar100,m0_fedavg,F1,A1_LiRA,0.04297004704320839,0.07914488264175432,0
cifar100,m0_fedavg,F1,A1_LiRA,0.04500557675700498,0.08247523661430338,0
cifar100,m0_fedavg,F1,A1_LiRA,0.047137531341167244,0.08559744346356814,0
cifar100,m0_fedavg,F1,A1_LiRA,0.049370478528390035,0.08902574902354511,0
cifar100,m0_fedavg,F1,A1_LiRA,0.05170920242896761,0.09241732273823662,0
cifar100,m0_fedavg,F1,A1_LiRA,0.054158713780794704,0.09572318881392872,0
cifar100,m0_fedavg,F1,A1_LiRA,0.05672426068491978,0.09940861729090397,0
cifar100,m0_fedavg,F1,A1_LiRA,0.05941133984965034,0.10288589864459491,0
cifar100,m0_fedavg,F1,A1_LiRA,0.06222570836730231,0.10644888763728527,0
cifar100,m0_fedavg,F1,A1_LiRA,0.06517339604882427,0.1103914390312588,0
cifar100,m0_fedavg,F1,A1_LiRA,0.06826071834272386,0.11450540570323117,0
cifar100,m0_fedavg,F1,A1_LiRA,0.07149428986597577,0.11832551761291982,0
cifar100,m0_fedavg,F1,A1_LiRA,0.07488103857590023,0.12267211930503348,0
cifar100,m0_fedavg,F1,A1_LiRA,0.07842822061337681,0.12704320889400414,0
cifar100,m0_fedavg,F1,A1_LiRA,0.0821434358491943,0.13136532268926082,0
cifar100,m0_fedavg,F1,A1_LiRA,0.086034644166845,0.13595680334994428,0
cifar100,m0_fedavg,F1,A1_LiRA,0.09011018251665019,0.1411849693289092,0
cifar100,m0_fedavg,F1,A1_LiRA,0.09437878277775381,0.14621723213301827,0
cifar100,m0_fedavg,F1,A1_LiRA,0.09884959046625587,0.15177598471955236,0
cifar100,m0_fedavg,F1,A1_LiRA,0.10353218432956626,0.15724902966708704,0
cifar100,m0_fedavg,F1,A1_LiRA,0.1084365968689611,0.16294246568633453,0
cifar100,m0_fedavg,F1,A1_LiRA,0.11357333583431052,0.1688930246225803,0
cifar100,m0_fedavg,F1,A1_LiRA,0.11895340673703195,0.17562719625824935,0
cifar100,m0_fedavg,F1,A1_LiRA,0.12458833642950082,0.18258175896563122,0
cifar100,m0_fedavg,F1,A1_LiRA,0.1304901978014403,0.18986690828058234,0
cifar100,m0_fedavg,F1,A1_LiRA,0.13667163564620075,0.19652761622568046,0
cifar100,m0_fedavg,F1,A1_LiRA,0.14314589375234785,0.2030658846864937,0
cifar100,m0_fedavg,F1,A1_LiRA,0.14992684327860456,0.210130642929732,0
cifar100,m0_fedavg,F1,A1_LiRA,0.15702901247293774,0.2173790603993976,0
cifar100,m0_fedavg,F1,A1_LiRA,0.16446761779946645,0.22591309245405458,0
cifar100,m0_fedavg,F1,A1_LiRA,0.17225859653987874,0.23449610030242551,0
cifar100,m0_fedavg,F1,A1_LiRA,0.18041864093920718,0.24249139862622898,0
cifar100,m0_fedavg,F1,A1_LiRA,0.18896523396912096,0.2526906076671605,0
cifar100,m0_fedavg,F1,A1_LiRA,0.19791668678535573,0.26273064537852164,0
cifar100,m0_fedavg,F1,A1_LiRA,0.2072921779595372,0.27250131622445606,0
cifar100,m0_fedavg,F1,A1_LiRA,0.21711179456945054,0.28289642844024343,0
cifar100,m0_fedavg,F1,A1_LiRA,0.22739657523579276,0.2944547157567372,0
cifar100,m0_fedavg,F1,A1_LiRA,0.23816855519761582,0.3058048559499467,0
cifar100,m0_fedavg,F1,A1_LiRA,0.24945081352303167,0.31818348781114936,0
cifar100,m0_fedavg,F1,A1_LiRA,0.2612675225563329,0.329986654096213,0
cifar100,m0_fedavg,F1,A1_LiRA,0.27364399970746717,0.34268362861655627,0
cifar100,m0_fedavg,F1,A1_LiRA,0.286606761694825,0.356641729825034,0
cifar100,m0_fedavg,F1,A1_LiRA,0.3001835813575589,0.3715793469077908,0
cifar100,m0_fedavg,F1,A1_LiRA,0.31440354715915003,0.3853660328382697,0
cifar100,m0_fedavg,F1,A1_LiRA,0.3292971255097151,0.40128316579530565,0
cifar100,m0_fedavg,F1,A1_LiRA,0.34489622604057596,0.4169554197837719,0
cifar100,m0_fedavg,F1,A1_LiRA,0.36123426997094304,0.43366840938865964,0
cifar100,m0_fedavg,F1,A1_LiRA,0.3783462617131929,0.45180169701125217,0
cifar100,m0_fedavg,F1,A1_LiRA,0.3962688638701478,0.4699472285822732,0
cifar100,m0_fedavg,F1,A1_LiRA,0.41504047578504766,0.4896110097584269,0
cifar100,m0_fedavg,F1,A1_LiRA,0.43470131581250265,0.5095808896452928,0
cifar100,m0_fedavg,F1,A1_LiRA,0.4552935074866948,0.5309833114982919,0
cifar100,m0_fedavg,F1,A1_LiRA,0.47686116977144694,0.5520061709500079,0
cifar100,m0_fedavg,F1,A1_LiRA,0.499450511585514,0.5744615723678572,0
cifar100,m0_fedavg,F1,A1_LiRA,0.5231099308056264,0.5982270762675548,0
cifar100,m0_fedavg,F1,A1_LiRA,0.5478901179593945,0.6222252151873936,0
cifar100,m0_fedavg,F1,A1_LiRA,0.5738441648302393,0.6469335031160849,0
cifar100,m0_fedavg,F1,A1_LiRA,0.6010276782070382,0.6730008693203384,0
cifar100,m0_fedavg,F1,A1_LiRA,0.6294988990221888,0.7002314106252985,0
cifar100,m0_fedavg,F1,A1_LiRA,0.6593188271333549,0.728551663340394,0
cifar100,m0_fedavg,F1,A1_LiRA,0.6905513520162331,0.7584146535574792,0
cifar100,m0_fedavg,F1,A1_LiRA,0.7232633896483533,0.7873838355392847,0
cifar100,m0_fedavg,F1,A1_LiRA,0.7575250258771913,0.8191446377627858,0
cifar100,m0_fedavg,F1,A1_LiRA,0.7934096665797492,0.8510033915737147,0
cifar100,m0_fedavg,F1,A1_LiRA,0.8309941949353395,0.8834988307029251,0
cifar100,m0_fedavg,F1,A1_LiRA,0.8703591361485166,0.9156881711214232,0
cifar100,m0_fedavg,F1,A1_LiRA,0.9115888299750827,0.9493222974544832,0
cifar100,m0_fedavg,F1,A1_LiRA,0.9547716114208056,0.9793811908464242,0
cifar100,m0_fedavg,F1,A1_LiRA,1.0,1.0,0
cifar100,m1_glfc,F1,A1_LiRA,0.0,0.003977021652673442,0
cifar100,m1_glfc,F1,A1_LiRA,0.0001,0.005106299405901704,0
cifar100,m1_glfc,F1,A1_LiRA,0.00010473708979594497,0.005106299405901704,0
cifar100,m1_glfc,F1,A1_LiRA,0.00010969857978923841,0.005106299405901704,0
cifar100,m1_glfc,F1,A1_LiRA,0.00011489510001873086,0.005106299405901704,0
cifar100,m1_glfc,F1,A1_LiRA,0.00012033778407775893,0.005106299405901704,0
cifar100,m1_glfc,F1,A1_LiRA,0.00012603829296797275,0.005106299405901704,0
cifar100,m1_glfc,F1,A1_LiRA,0.0001320088400831418,0.005106299405901704,0
cifar100,m1_glfc,F1,A1_LiRA,0.00013826221737646565,0.005106299405901704,0
cifar100,m1_glfc,F1,A1_LiRA,0.0001448118227674533,0.005106299405901704,0
cifar100,m1_glfc,F1,A1_LiRA,0.00015167168884709225,0.006137379093631856,0
cifar100,m1_glfc,F1,A1_LiRA,0.00015885651294280528,0.006137379093631856,0
cifar100,m1_glfc,F1,A1_LiRA,0.0001663816886076129,0.006137379093631856,0
cifar100,m1_glfc,F1,A1_LiRA,0.00017426333860096508,0.006137379093631856,0
cifar100,m1_glfc,F1,A1_LiRA,0.00018251834943190426,0.006137379093631856,0
cifar100,m1_glfc,F1,A1_LiRA,0.00019116440753857018,0.006137379093631856,0
cifar100,m1_glfc,F1,A1_LiRA,0.00020022003718155845,0.00628467619187902,0
cifar100,m1_glfc,F1,A1_LiRA,0.00020970464013232327,0.00628467619187902,0
cifar100,m1_glfc,F1,A1_LiRA,0.0002196385372416547,0.00628467619187902,0
cifar100,m1_glfc,F1,A1_LiRA,0.0002300430119772917,0.00628467619187902,0
cifar100,m1_glfc,F1,A1_LiRA,0.00024094035602395243,0.00628467619187902,0
cifar100,m1_glfc,F1,A1_LiRA,0.0002523539170434766,0.0069720626503657875,0
cifar100,m1_glfc,F1,A1_LiRA,0.00026430814869741055,0.0069720626503657875,0
cifar100,m1_glfc,F1,A1_LiRA,0.00027682866303920667,0.0069720626503657875,0
cifar100,m1_glfc,F1,A1_LiRA,0.0002899422853882875,0.0069720626503657875,0
cifar100,m1_glfc,F1,A1_LiRA,0.0003036771118035457,0.007070260715863898,0
cifar100,m1_glfc,F1,A1_LiRA,0.0003180625692794119,0.007070260715863898,0
cifar100,m1_glfc,F1,A1_LiRA,0.00033312947879346737,0.007070260715863898,0
cifar100,m1_glfc,F1,A1_LiRA,0.0003489101213406774,0.007070260715863898,0
cifar100,m1_glfc,F1,A1_LiRA,0.00036543830709572547,0.007070260715863898,0
cifar100,m1_glfc,F1,A1_LiRA,0.0003827494478516311,0.007070260715863898,0
cifar100,m1_glfc,F1,A1_LiRA,0.0004008806328898465,0.0071193597486129525,0
cifar100,m1_glfc,F1,A1_LiRA,0.000419870708444391,0.0071193597486129525,0
cifar100,m1_glfc,F1,A1_LiRA,0.00043976036093027214,0.007463052977856336,0
cifar100,m1_glfc,F1,A1_LiRA,0.00046059220411451035,0.007463052977856336,0
cifar100,m1_glfc,F1,A1_LiRA,0.00048241087041653687,0.007463052977856336,0
cifar100,m1_glfc,F1,A1_LiRA,0.0005052631065335679,0.00790494427259783,0
cifar100,m1_glfc,F1,A1_LiRA,0.0005291978735958442,0.00790494427259783,0
cifar100,m1_glfc,F1,A1_LiRA,0.0005542664520663107,0.00800314233809594,0
cifar100,m1_glfc,F1,A1_LiRA,0.0005805225516094895,0.00800314233809594,0
cifar100,m1_glfc,F1,A1_LiRA,0.0006080224261649427,0.008052241370844994,0
cifar100,m1_glfc,F1,A1_LiRA,0.0006368249944718586,0.008101340403594049,0
cifar100,m1_glfc,F1,A1_LiRA,0.0006669919663030121,0.008101340403594049,0
cifar100,m1_glfc,F1,A1_LiRA,0.0006985879746785249,0.008101340403594049,0
cifar100,m1_glfc,F1,A1_LiRA,0.0007316807143427193,0.008346835567339323,0
cifar100,m1_glfc,F1,A1_LiRA,0.0007663410868007462,0.008346835567339323,0
cifar100,m1_glfc,F1,A1_LiRA,0.0008026433522257174,0.008346835567339323,0
cifar100,m1_glfc,F1,A1_LiRA,0.0008406652885618325,0.00942701428781853,0
cifar100,m1_glfc,F1,A1_LiRA,0.0008804883581643465,0.009967103648058133,0
cifar100,m1_glfc,F1,A1_LiRA,0.0009221978823334322,0.010261697844552463,0
cifar100,m1_glfc,F1,A1_LiRA,0.0009658832241158709,0.010261697844552463,0
cifar100,m1_glfc,F1,A1_LiRA,0.001011637979766207,0.0106544901065449,0
cifar100,m1_glfc,F1,A1_LiRA,0.001059560179277616,0.010752688172043012,0
cifar100,m1_glfc,F1,A1_LiRA,0.0011097524964120721,0.010752688172043012,0
cifar100,m1_glfc,F1,A1_LiRA,0.0011623224686798518,0.010899985270290175,0
cifar100,m1_glfc,F1,A1_LiRA,0.001217382727739662,0.011243678499533559,0
cifar100,m1_glfc,F1,A1_LiRA,0.0012750512407130128,0.011931064958020326,0
cifar100,m1_glfc,F1,A1_LiRA,0.0013354515629298987,0.012422055285510875,0
cifar100,m1_glfc,F1,A1_LiRA,0.0013987131026472386,0.012520253351008984,0
cifar100,m1_glfc,F1,A1_LiRA,0.0014649713983072847,0.01266755044925615,0
cifar100,m1_glfc,F1,A1_LiRA,0.0015343684089300133,0.01266755044925615,0
cifar100,m1_glfc,F1,A1_LiRA,0.0016070528182616384,0.012814847547503314,0
cifar100,m1_glfc,F1,A1_LiRA,0.0016831803533309566,0.013060342711248589,0
cifar100,m1_glfc,F1,A1_LiRA,0.001762914118095948,0.013404035940491972,0
cifar100,m1_glfc,F1,A1_LiRA,0.0018464249428955426,0.013747729169735356,0
cifar100,m1_glfc,F1,A1_LiRA,0.0019338917504552321,0.01418962046447685,0
cifar100,m1_glfc,F1,A1_LiRA,0.0020255019392306666,0.014778808857465508,0
cifar100,m1_glfc,F1,A1_LiRA,0.00212145178491063,0.015122502086708891,0
cifar100,m1_glfc,F1,A1_LiRA,0.002221946860939524,0.015269799184956056,0
cifar100,m1_glfc,F1,A1_LiRA,0.0023272024789604074,0.015760789512446603,0
cifar100,m1_glfc,F1,A1_LiRA,0.002437444150122222,0.015957185643442826,0
cifar100,m1_glfc,F1,A1_LiRA,0.0025529080682395165,0.016104482741689987,0
cifar100,m1_glfc,F1,A1_LiRA,0.0026738416158399465,0.016497275003682428,0
cifar100,m1_glfc,F1,A1_LiRA,0.002800503894183631,0.0167427701674277,0
cifar100,m1_glfc,F1,A1_LiRA,0.0029331662783900424,0.017872047920655963,0
cifar100,m1_glfc,F1,A1_LiRA,0.003072112998861759,0.018215741149899347,0
cifar100,m1_glfc,F1,A1_LiRA,0.0032176417502507355,0.018657632444640842,0
cifar100,m1_glfc,F1,A1_LiRA,0.003370064329271928,0.018903127608386115,0
cifar100,m1_glfc,F1,A1_LiRA,0.00352970730273065,0.018903127608386115,0
cifar100,m1_glfc,F1,A1_LiRA,0.0036969127071950283,0.019295919870378552,0
cifar100,m1_glfc,F1,A1_LiRA,0.003872038781812557,0.019836009230618158,0
cifar100,m1_glfc,F1,A1_LiRA,0.004055460735840828,0.020425197623606815,0
cifar100,m1_glfc,F1,A1_LiRA,0.0042475715525368985,0.020965286983846417,0
cifar100,m1_glfc,F1,A1_LiRA,0.004448782831127585,0.021554475376835077,0
cifar100,m1_glfc,F1,A1_LiRA,0.004659525668664682,0.02199636667157657,0
cifar100,m1_glfc,F1,A1_LiRA,0.004880251583654433,0.023027446359306723,0
cifar100,m1_glfc,F1,A1_LiRA,0.005111433483440166,0.023272941523051996,0
cifar100,m1_glfc,F1,A1_LiRA,0.0053535666774107244,0.0238130308832916,0
cifar100,m1_glfc,F1,A1_LiRA,0.005607169938205458,0.024009427014287817,0
cifar100,m1_glfc,F1,A1_LiRA,0.005872786613189483,0.02420582314528404,0
cifar100,m1_glfc,F1,A1_LiRA,0.006150985788580504,0.024500417341778366,0
cifar100,m1_glfc,F1,A1_LiRA,0.00644236350872137,0.02513870476751608,0
cifar100,m1_glfc,F1,A1_LiRA,0.006747544053110693,0.025531497029508517,0
cifar100,m1_glfc,F1,A1_LiRA,0.0070671812739274914,0.026071586389748123,0
cifar100,m1_glfc,F1,A1_LiRA,0.007401959996915644,0.026906269946482056,0
cifar100,m1_glfc,F1,A1_LiRA,0.007752597488629464,0.028330141896204645,0
cifar100,m1_glfc,F1,A1_LiRA,0.008119844993184008,0.0289193302891933,0
cifar100,m1_glfc,F1,A1_LiRA,0.008504489341802677,0.02950851868218196,0
cifar100,m1_glfc,F1,A1_LiRA,0.00890735463861044,0.030048608042421564,0
cifar100,m1_glfc,F1,A1_LiRA,0.009329304026284686,0.03093239063190455,0
cifar100,m1_glfc,F1,A1_LiRA,0.009771241535346501,0.031865272254136594,0
cifar100,m1_glfc,F1,A1_LiRA,0.010234114021054527,0.032749054843619584,0
cifar100,m1_glfc,F1,A1_LiRA,0.010718913192051276,0.033731035498600674,0
cifar100,m1_glfc,F1,A1_LiRA,0.011226677735108135,0.03495851131732705,0
cifar100,m1_glfc,F1,A1_LiRA,0.01175849554052157,0.0359895910050572,0
cifar100,m1_glfc,F1,A1_LiRA,0.012315506032928261,0.03667697746354397,0
cifar100,m1_glfc,F1,A1_LiRA,0.01289890261253308,0.03829724554426278,0
cifar100,m1_glfc,F1,A1_LiRA,0.013509935211980266,0.039082830068247656,0
cifar100,m1_glfc,F1,A1_LiRA,0.01414991297434576,0.04021210782147592,0
cifar100,m1_glfc,F1,A1_LiRA,0.014820207057988586,0.04143958364020229,0
cifar100,m1_glfc,F1,A1_LiRA,0.01552225357427048,0.042225168164187164,0
cifar100,m1_glfc,F1,A1_LiRA,0.016257556664437952,0.04296165365542299,0
cifar100,m1_glfc,F1,A1_LiRA,0.017027691722258997,0.044680119801639905,0
cifar100,m1_glfc,F1,A1_LiRA,0.017834308769319095,0.04576029852211912,0
cifar100,m1_glfc,F1,A1_LiRA,0.01867913599020783,0.0476260617665832,0
cifar100,m1_glfc,F1,A1_LiRA,0.01956398343517065,0.04895173565080768,0
cifar100,m1_glfc,F1,A1_LiRA,0.020490746898158482,0.0506702017970246,0
cifar100,m1_glfc,F1,A1_LiRA,0.021461411978584036,0.052241370844994355,0
cifar100,m1_glfc,F1,A1_LiRA,0.02247805833548725,0.05341974763097167,0
cifar100,m1_glfc,F1,A1_LiRA,0.02354286414322418,0.054352629253203714,0
cifar100,m1_glfc,F1,A1_LiRA,0.024658110758226038,0.056169293464918744,0
cifar100,m1_glfc,F1,A1_LiRA,0.025826187606826773,0.05901703736436392,0
cifar100,m1_glfc,F1,A1_LiRA,0.027049597304631343,0.060784602543329895,0
cifar100,m1_glfc,F1,A1_LiRA,0.02833096101839324,0.0627485638532921,0
cifar100,m1_glfc,F1,A1_LiRA,0.029673024081888696,0.0638287425737713,0
cifar100,m1_glfc,F1,A1_LiRA,0.03107866187782014,0.06515441645799577,0
cifar100,m1_glfc,F1,A1_LiRA,0.0325508859983506,0.06726567486620513,0
cifar100,m1_glfc,F1,A1_LiRA,0.03409285069746811,0.06918053714341828,0
cifar100,m1_glfc,F1,A1_LiRA,0.03570785964900463,0.07168458781362007,0
cifar100,m1_glfc,F1,A1_LiRA,0.03739937302478798,0.07443413364756714,0
cifar100,m1_glfc,F1,A1_LiRA,0.039171014908092605,0.07718367948151421,0
cifar100,m1_glfc,F1,A1_LiRA,0.04102658105827194,0.07973682918446506,0
cifar100,m1_glfc,F1,A1_LiRA,0.04297004704320839,0.08273187018215741,0
cifar100,m1_glfc,F1,A1_LiRA,0.04500557675700498,0.0855796140816026,0
cifar100,m1_glfc,F1,A1_LiRA,0.047137531341167244,0.08852555604654588,0
cifar100,m1_glfc,F1,A1_LiRA,0.049370478528390035,0.09137329994599107,0
cifar100,m1_glfc,F1,A1_LiRA,0.05170920242896761,0.0943683409436834,0
cifar100,m1_glfc,F1,A1_LiRA,0.054158713780794704,0.09751067903962292,0
cifar100,m1_glfc,F1,A1_LiRA,0.05672426068491978,0.10202779005253597,0
cifar100,m1_glfc,F1,A1_LiRA,0.05941133984965034,0.10575931654146413,0
cifar100,m1_glfc,F1,A1_LiRA,0.06222570836730231,0.10919624883389797,0
cifar100,m1_glfc,F1,A1_LiRA,0.06517339604882427,0.11327146855206953,0
cifar100,m1_glfc,F1,A1_LiRA,0.06826071834272386,0.1179849756959788,0
cifar100,m1_glfc,F1,A1_LiRA,0.07149428986597577,0.12269848283988806,0
cifar100,m1_glfc,F1,A1_LiRA,0.07488103857590023,0.12618451416507095,0
cifar100,m1_glfc,F1,A1_LiRA,0.07842822061337681,0.12971964452300289,0
cifar100,m1_glfc,F1,A1_LiRA,0.0821434358491943,0.13418765650316689,0
cifar100,m1_glfc,F1,A1_LiRA,0.086034644166845,0.1403741346295478,0
cifar100,m1_glfc,F1,A1_LiRA,0.09011018251665019,0.14675700888692492,0
cifar100,m1_glfc,F1,A1_LiRA,0.09437878277775381,0.1521088034565719,0
cifar100,m1_glfc,F1,A1_LiRA,0.09884959046625587,0.15780429125546228,0
cifar100,m1_glfc,F1,A1_LiRA,0.10353218432956626,0.1627632935631168,0
cifar100,m1_glfc,F1,A1_LiRA,0.1084365968689611,0.16831148426376,0
cifar100,m1_glfc,F1,A1_LiRA,0.11357333583431052,0.1752835469141258,0
cifar100,m1_glfc,F1,A1_LiRA,0.11895340673703195,0.18338488731771985,0
cifar100,m1_glfc,F1,A1_LiRA,0.12458833642950082,0.18966956350959885,0
cifar100,m1_glfc,F1,A1_LiRA,0.1304901978014403,0.1963961309962194,0
cifar100,m1_glfc,F1,A1_LiRA,0.13667163564620075,0.2057249472185398,0
cifar100,m1_glfc,F1,A1_LiRA,0.14314589375234785,0.21407178278587913,0
cifar100,m1_glfc,F1,A1_LiRA,0.14992684327860456,0.22114204350174302,0
cifar100,m1_glfc,F1,A1_LiRA,0.15702901247293774,0.22993077036382384,0
cifar100,m1_glfc,F1,A1_LiRA,0.16446761779946645,0.2373447243089311,0
cifar100,m1_glfc,F1,A1_LiRA,0.17225859653987874,0.24642804536750626,0
cifar100,m1_glfc,F1,A1_LiRA,0.18041864093920718,0.25639514901556437,0
cifar100,m1_glfc,F1,A1_LiRA,0.18896523396912096,0.2666077478273678,0
cifar100,m1_glfc,F1,A1_LiRA,0.19791668678535573,0.2758383659841901,0
cifar100,m1_glfc,F1,A1_LiRA,0.2072921779595372,0.2847743899445181,0
cifar100,m1_glfc,F1,A1_LiRA,0.21711179456945054,0.2953797810183139,0
cifar100,m1_glfc,F1,A1_LiRA,0.22739657523579276,0.3064270633868513,0
cifar100,m1_glfc,F1,A1_LiRA,0.23816855519761582,0.3177198409191339,0
cifar100,m1_glfc,F1,A1_LiRA,0.24945081352303167,0.32984730200815043,0
cifar100,m1_glfc,F1,A1_LiRA,0.2612675225563329,0.3409927824421859,0
cifar100,m1_glfc,F1,A1_LiRA,0.27364399970746717,0.35582069033240044,0
cifar100,m1_glfc,F1,A1_LiRA,0.286606761694825,0.3689301320763981,0
cifar100,m1_glfc,F1,A1_LiRA,0.3001835813575589,0.3837089409338636,0
cifar100,m1_glfc,F1,A1_LiRA,0.31440354715915003,0.40123729562527616,0
cifar100,m1_glfc,F1,A1_LiRA,0.3292971255097151,0.4152305199587568,0
cifar100,m1_glfc,F1,A1_LiRA,0.34489622604057596,0.4295674375214808,0
cifar100,m1_glfc,F1,A1_LiRA,0.36123426997094304,0.44532822703392744,0
cifar100,m1_glfc,F1,A1_LiRA,0.3783462617131929,0.46045072912063634,0
cifar100,m1_glfc,F1,A1_LiRA,0.3962688638701478,0.4766043108950754,0
cifar100,m1_glfc,F1,A1_LiRA,0.41504047578504766,0.4964403201256935,0
cifar100,m1_glfc,F1,A1_LiRA,0.43470131581250265,0.5154907448323268,0
cifar100,m1_glfc,F1,A1_LiRA,0.4552935074866948,0.5361614376196789,0
cifar100,m1_glfc,F1,A1_LiRA,0.47686116977144694,0.5544753768350763,0
cifar100,m1_glfc,F1,A1_LiRA,0.499450511585514,0.5771591299651397,0
cifar100,m1_glfc,F1,A1_LiRA,0.5231099308056264,0.5988609024402219,0
cifar100,m1_glfc,F1,A1_LiRA,0.5478901179593945,0.6229194284872588,0
cifar100,m1_glfc,F1,A1_LiRA,0.5738441648302393,0.6492856090735013,0
cifar100,m1_glfc,F1,A1_LiRA,0.6010276782070382,0.6775666519369569,0
cifar100,m1_glfc,F1,A1_LiRA,0.6294988990221888,0.7025089605734767,0
cifar100,m1_glfc,F1,A1_LiRA,0.6593188271333549,0.7271075759807532,0
cifar100,m1_glfc,F1,A1_LiRA,0.6905513520162331,0.755535915942456,0
cifar100,m1_glfc,F1,A1_LiRA,0.7232633896483533,0.7852899297883832,0
cifar100,m1_glfc,F1,A1_LiRA,0.7575250258771913,0.817351598173516,0
cifar100,m1_glfc,F1,A1_LiRA,0.7934096665797492,0.8486276820346639,0
cifar100,m1_glfc,F1,A1_LiRA,0.8309941949353395,0.883586193351991,0
cifar100,m1_glfc,F1,A1_LiRA,0.8703591361485166,0.9182992095055728,0
cifar100,m1_glfc,F1,A1_LiRA,0.9115888299750827,0.951637452742181,0
cifar100,m1_glfc,F1,A1_LiRA,0.9547716114208056,0.9837973191928119,0
cifar100,m1_glfc,F1,A1_LiRA,1.0,1.0,0
cifar100,m2_target,F1,A1_LiRA,0.0,0.0034941279239056587,0
cifar100,m2_target,F1,A1_LiRA,0.0001,0.006163253421333592,0
cifar100,m2_target,F1,A1_LiRA,0.00010473708979594497,0.006163253421333592,0
cifar100,m2_target,F1,A1_LiRA,0.00010969857978923841,0.006163253421333592,0
cifar100,m2_target,F1,A1_LiRA,0.00011489510001873086,0.006163253421333592,0
cifar100,m2_target,F1,A1_LiRA,0.00012033778407775893,0.006163253421333592,0
cifar100,m2_target,F1,A1_LiRA,0.00012603829296797275,0.006163253421333592,0
cifar100,m2_target,F1,A1_LiRA,0.0001320088400831418,0.006163253421333592,0
cifar100,m2_target,F1,A1_LiRA,0.00013826221737646565,0.006163253421333592,0
cifar100,m2_target,F1,A1_LiRA,0.0001448118227674533,0.006163253421333592,0
cifar100,m2_target,F1,A1_LiRA,0.00015167168884709225,0.006308842084829661,0
cifar100,m2_target,F1,A1_LiRA,0.00015885651294280528,0.006308842084829661,0
cifar100,m2_target,F1,A1_LiRA,0.0001663816886076129,0.006308842084829661,0
cifar100,m2_target,F1,A1_LiRA,0.00017426333860096508,0.006308842084829661,0
cifar100,m2_target,F1,A1_LiRA,0.00018251834943190426,0.006308842084829661,0
cifar100,m2_target,F1,A1_LiRA,0.00019116440753857018,0.006308842084829661,0
cifar100,m2_target,F1,A1_LiRA,0.00020022003718155845,0.006600019411821799,0
cifar100,m2_target,F1,A1_LiRA,0.00020970464013232327,0.006600019411821799,0
cifar100,m2_target,F1,A1_LiRA,0.0002196385372416547,0.006600019411821799,0
cifar100,m2_target,F1,A1_LiRA,0.0002300430119772917,0.006600019411821799,0
cifar100,m2_target,F1,A1_LiRA,0.00024094035602395243,0.006600019411821799,0
cifar100,m2_target,F1,A1_LiRA,0.0002523539170434766,0.007813258274289043,0
cifar100,m2_target,F1,A1_LiRA,0.00026430814869741055,0.007813258274289043,0
cifar100,m2_target,F1,A1_LiRA,0.00027682866303920667,0.007813258274289043,0
cifar100,m2_target,F1,A1_LiRA,0.0002899422853882875,0.007813258274289043,0
cifar100,m2_target,F1,A1_LiRA,0.0003036771118035457,0.00815296515577987,0
cifar100,m2_target,F1,A1_LiRA,0.0003180625692794119,0.00815296515577987,0
cifar100,m2_target,F1,A1_LiRA,0.00033312947879346737,0.00815296515577987,0
cifar100,m2_target,F1,A1_LiRA,0.0003489101213406774,0.008298553819275939,0
cifar100,m2_target,F1,A1_LiRA,0.00036543830709572547,0.008298553819275939,0
cifar100,m2_target,F1,A1_LiRA,0.0003827494478516311,0.008298553819275939,0
cifar100,m2_target,F1,A1_LiRA,0.0004008806328898465,0.008298553819275939,0
cifar100,m2_target,F1,A1_LiRA,0.000419870708444391,0.008298553819275939,0
cifar100,m2_target,F1,A1_LiRA,0.00043976036093027214,0.008298553819275939,0
cifar100,m2_target,F1,A1_LiRA,0.00046059220411451035,0.008541201591769387,0
cifar100,m2_target,F1,A1_LiRA,0.00048241087041653687,0.008541201591769387,0
cifar100,m2_target,F1,A1_LiRA,0.0005052631065335679,0.008638260700766768,0
cifar100,m2_target,F1,A1_LiRA,0.0005291978735958442,0.008638260700766768,0
cifar100,m2_target,F1,A1_LiRA,0.0005542664520663107,0.008686790255265456,0
cifar100,m2_target,F1,A1_LiRA,0.0005805225516094895,0.008686790255265456,0
cifar100,m2_target,F1,A1_LiRA,0.0006080224261649427,0.008735319809764146,0
cifar100,m2_target,F1,A1_LiRA,0.0006368249944718586,0.008735319809764146,0
cifar100,m2_target,F1,A1_LiRA,0.0006669919663030121,0.008783849364262837,0
cifar100,m2_target,F1,A1_LiRA,0.0006985879746785249,0.008783849364262837,0
cifar100,m2_target,F1,A1_LiRA,0.0007316807143427193,0.008783849364262837,0
cifar100,m2_target,F1,A1_LiRA,0.0007663410868007462,0.008832378918761525,0
cifar100,m2_target,F1,A1_LiRA,0.0008026433522257174,0.009414733572745802,0
cifar100,m2_target,F1,A1_LiRA,0.0008406652885618325,0.00951179268174318,0
cifar100,m2_target,F1,A1_LiRA,0.0008804883581643465,0.00951179268174318,0
cifar100,m2_target,F1,A1_LiRA,0.0009221978823334322,0.00975444045423663,0
cifar100,m2_target,F1,A1_LiRA,0.0009658832241158709,0.010094147335727457,0
cifar100,m2_target,F1,A1_LiRA,0.001011637979766207,0.010288265553722217,0
cifar100,m2_target,F1,A1_LiRA,0.001059560179277616,0.010288265553722217,0
cifar100,m2_target,F1,A1_LiRA,0.0011097524964120721,0.010288265553722217,0
cifar100,m2_target,F1,A1_LiRA,0.0011623224686798518,0.010725031544210424,0
cifar100,m2_target,F1,A1_LiRA,0.001217382727739662,0.010773561098709113,0
cifar100,m2_target,F1,A1_LiRA,0.0012750512407130128,0.010919149762205182,0
cifar100,m2_target,F1,A1_LiRA,0.0013354515629298987,0.010967679316703872,0
cifar100,m2_target,F1,A1_LiRA,0.0013987131026472386,0.010967679316703872,0
cifar100,m2_target,F1,A1_LiRA,0.0014649713983072847,0.01121032708919732,0
cifar100,m2_target,F1,A1_LiRA,0.0015343684089300133,0.01125885664369601,0
cifar100,m2_target,F1,A1_LiRA,0.0016070528182616384,0.01135591575269339,0
cifar100,m2_target,F1,A1_LiRA,0.0016831803533309566,0.011889740852178978,0
cifar100,m2_target,F1,A1_LiRA,0.001762914118095948,0.012472095506163253,0
cifar100,m2_target,F1,A1_LiRA,0.0018464249428955426,0.012714743278656702,0
cifar100,m2_target,F1,A1_LiRA,0.0019338917504552321,0.01305445016014753,0
cifar100,m2_target,F1,A1_LiRA,0.0020255019392306666,0.013297097932640979,0
cifar100,m2_target,F1,A1_LiRA,0.00212145178491063,0.013685334368630496,0
cifar100,m2_target,F1,A1_LiRA,0.002221946860939524,0.013879452586625254,0
cifar100,m2_target,F1,A1_LiRA,0.0023272024789604074,0.014219159468116083,0
cifar100,m2_target,F1,A1_LiRA,0.002437444150122222,0.014510336795108221,0
cifar100,m2_target,F1,A1_LiRA,0.0025529080682395165,0.01465592545860429,0
cifar100,m2_target,F1,A1_LiRA,0.0026738416158399465,0.014995632340095119,0
cifar100,m2_target,F1,A1_LiRA,0.002800503894183631,0.015238280112588567,0
cifar100,m2_target,F1,A1_LiRA,0.0029331662783900424,0.015432398330583325,0
cifar100,m2_target,F1,A1_LiRA,0.003072112998861759,0.015626516548578086,0
cifar100,m2_target,F1,A1_LiRA,0.0032176417502507355,0.016354459866058428,0
cifar100,m2_target,F1,A1_LiRA,0.003370064329271928,0.01654857808405319,0
cifar100,m2_target,F1,A1_LiRA,0.00352970730273065,0.017082403183538774,0
cifar100,m2_target,F1,A1_LiRA,0.0036969127071950283,0.017130932738037466,0
cifar100,m2_target,F1,A1_LiRA,0.003872038781812557,0.017422110065029604,0
cifar100,m2_target,F1,A1_LiRA,0.004055460735840828,0.01805299427351257,0
cifar100,m2_target,F1,A1_LiRA,0.0042475715525368985,0.01829564204600602,0
cifar100,m2_target,F1,A1_LiRA,0.004448782831127585,0.018392701155003396,0
cifar100,m2_target,F1,A1_LiRA,0.004659525668664682,0.018975055808987673,0
cifar100,m2_target,F1,A1_LiRA,0.004880251583654433,0.01926623313597981,0
cifar100,m2_target,F1,A1_LiRA,0.005111433483440166,0.01994564689896147,0
cifar100,m2_target,F1,A1_LiRA,0.0053535666774107244,0.020188294671454915,0
cifar100,m2_target,F1,A1_LiRA,0.005607169938205458,0.02115888576142871,0
cifar100,m2_target,F1,A1_LiRA,0.005872786613189483,0.021692710860914295,0
cifar100,m2_target,F1,A1_LiRA,0.006150985788580504,0.021935358633407745,0
cifar100,m2_target,F1,A1_LiRA,0.00644236350872137,0.02256624284189071,0
cifar100,m2_target,F1,A1_LiRA,0.006747544053110693,0.024070659031350094,0
cifar100,m2_target,F1,A1_LiRA,0.0070671812739274914,0.025041250121323886,0
cifar100,m2_target,F1,A1_LiRA,0.007401959996915644,0.025380957002814713,0
cifar100,m2_target,F1,A1_LiRA,0.007752597488629464,0.02635154809278851,0
cifar100,m2_target,F1,A1_LiRA,0.008119844993184008,0.02717655051926623,0
cifar100,m2_target,F1,A1_LiRA,0.008504489341802677,0.028195671163738716,0
cifar100,m2_target,F1,A1_LiRA,0.00890735463861044,0.02916626225371251,0
cifar100,m2_target,F1,A1_LiRA,0.009329304026284686,0.02940891002620596,0
cifar100,m2_target,F1,A1_LiRA,0.009771241535346501,0.02984567601669417,0
cifar100,m2_target,F1,A1_LiRA,0.010234114021054527,0.030330971561681064,0
cifar100,m2_target,F1,A1_LiRA,0.010718913192051276,0.03120450354265748,0
cifar100,m2_target,F1,A1_LiRA,0.011226677735108135,0.03207803552363389,0
cifar100,m2_target,F1,A1_LiRA,0.01175849554052157,0.03275744928661555,0
cifar100,m2_target,F1,A1_LiRA,0.012315506032928261,0.033679510822090655,0
cifar100,m2_target,F1,A1_LiRA,0.01289890261253308,0.034698631466563136,0
cifar100,m2_target,F1,A1_LiRA,0.013509935211980266,0.03552363389304086,0
cifar100,m2_target,F1,A1_LiRA,0.01414991297434576,0.03727069785499369,0
cifar100,m2_target,F1,A1_LiRA,0.014820207057988586,0.038678054935455695,0
cifar100,m2_target,F1,A1_LiRA,0.01552225357427048,0.03955158691643211,0
cifar100,m2_target,F1,A1_LiRA,0.016257556664437952,0.04110453266039018,0
cifar100,m2_target,F1,A1_LiRA,0.017027691722258997,0.04251188974085218,0
cifar100,m2_target,F1,A1_LiRA,0.017834308769319095,0.04416189459380763,0
cifar100,m2_target,F1,A1_LiRA,0.01867913599020783,0.04561778122876832,0
cifar100,m2_target,F1,A1_LiRA,0.01956398343517065,0.047510433854217216,0
cifar100,m2_target,F1,A1_LiRA,0.020490746898158482,0.04857808405318839,0
cifar100,m2_target,F1,A1_LiRA,0.021461411978584036,0.050228088906143845,0
cifar100,m2_target,F1,A1_LiRA,0.02247805833548725,0.05168397554110453,0
cifar100,m2_target,F1,A1_LiRA,0.02354286414322418,0.05333398039405998,0
cifar100,m2_target,F1,A1_LiRA,0.024658110758226038,0.0542075123750364,0
cifar100,m2_target,F1,A1_LiRA,0.025826187606826773,0.055808987673493154,0
cifar100,m2_target,F1,A1_LiRA,0.027049597304631343,0.05784722896243812,0
cifar100,m2_target,F1,A1_LiRA,0.02833096101839324,0.05964282247888964,0
cifar100,m2_target,F1,A1_LiRA,0.029673024081888696,0.06143841599534116,0
cifar100,m2_target,F1,A1_LiRA,0.03107866187782014,0.06299136173929923,0
cifar100,m2_target,F1,A1_LiRA,0.0325508859983506,0.06488401436474814,0
cifar100,m2_target,F1,A1_LiRA,0.03409285069746811,0.06735902164418131,0
cifar100,m2_target,F1,A1_LiRA,0.03570785964900463,0.068814908279142,0
cifar100,m2_target,F1,A1_LiRA,0.03739937302478798,0.07240609531204503,0
cifar100,m2_target,F1,A1_LiRA,0.039171014908092605,0.0753663981364651,0
cifar100,m2_target,F1,A1_LiRA,0.04102658105827194,0.07721052120741531,0
cifar100,m2_target,F1,A1_LiRA,0.04297004704320839,0.08017082403183538,0
cifar100,m2_target,F1,A1_LiRA,0.04500557675700498,0.08361642240124235,0
cifar100,m2_target,F1,A1_LiRA,0.047137531341167244,0.08701349121615064,0
cifar100,m2_target,F1,A1_LiRA,0.049370478528390035,0.09007085314956809,0
cifar100,m2_target,F1,A1_LiRA,0.05170920242896761,0.09288556731049209,0
cifar100,m2_target,F1,A1_LiRA,0.054158713780794704,0.09637969523439775,0
cifar100,m2_target,F1,A1_LiRA,0.05672426068491978,0.0999223527128021,0
cifar100,m2_target,F1,A1_LiRA,0.05941133984965034,0.10409589439968941,0
cifar100,m2_target,F1,A1_LiRA,0.06222570836730231,0.10909443851305445,0
cifar100,m2_target,F1,A1_LiRA,0.06517339604882427,0.11273415510045617,0
cifar100,m2_target,F1,A1_LiRA,0.06826071834272386,0.11632534213335921,0
cifar100,m2_target,F1,A1_LiRA,0.07149428986597577,0.12059594292924392,0
cifar100,m2_target,F1,A1_LiRA,0.07488103857590023,0.12622537125109193,0
cifar100,m2_target,F1,A1_LiRA,0.07842822061337681,0.13112685625545958,0
cifar100,m2_target,F1,A1_LiRA,0.0821434358491943,0.13544598660584295,0
cifar100,m2_target,F1,A1_LiRA,0.086034644166845,0.1403474716102106,0
cifar100,m2_target,F1,A1_LiRA,0.09011018251665019,0.14694749102203242,0
cifar100,m2_target,F1,A1_LiRA,0.09437878277775381,0.15296515577986994,0
cifar100,m2_target,F1,A1_LiRA,0.09884959046625587,0.15796369989323497,0
cifar100,m2_target,F1,A1_LiRA,0.10353218432956626,0.16529166262253714,0
cifar100,m2_target,F1,A1_LiRA,0.1084365968689611,0.17116373871687857,0
cifar100,m2_target,F1,A1_LiRA,0.11357333583431052,0.17742405124720956,0
cifar100,m2_target,F1,A1_LiRA,0.11895340673703195,0.1833931864505484,0
cifar100,m2_target,F1,A1_LiRA,0.12458833642950082,0.18800349412792391,0
cifar100,m2_target,F1,A1_LiRA,0.1304901978014403,0.19436086576725226,0
cifar100,m2_target,F1,A1_LiRA,0.13667163564620075,0.2016888284965544,0
cifar100,m2_target,F1,A1_LiRA,0.14314589375234785,0.2087741434533631,0
cifar100,m2_target,F1,A1_LiRA,0.14992684327860456,0.21726681549063379,0
cifar100,m2_target,F1,A1_LiRA,0.15702901247293774,0.2242550713384451,0
cifar100,m2_target,F1,A1_LiRA,0.16446761779946645,0.23362127535669222,0
cifar100,m2_target,F1,A1_LiRA,0.17225859653987874,0.24250218382995245,0
cifar100,m2_target,F1,A1_LiRA,0.18041864093920718,0.2511404445307192,0
cifar100,m2_target,F1,A1_LiRA,0.18896523396912096,0.26084635543045714,0
cifar100,m2_target,F1,A1_LiRA,0.19791668678535573,0.27118315053867803,0
cifar100,m2_target,F1,A1_LiRA,0.2072921779595372,0.28195671163738717,0
cifar100,m2_target,F1,A1_LiRA,0.21711179456945054,0.2927302727360963,0
cifar100,m2_target,F1,A1_LiRA,0.22739657523579276,0.3033582451713093,0
cifar100,m2_target,F1,A1_LiRA,0.23816855519761582,0.31655828399495295,0
cifar100,m2_target,F1,A1_LiRA,0.24945081352303167,0.32810831796564105,0
cifar100,m2_target,F1,A1_LiRA,0.2612675225563329,0.33980394059982527,0
cifar100,m2_target,F1,A1_LiRA,0.27364399970746717,0.3533922158594584,0
cifar100,m2_target,F1,A1_LiRA,0.286606761694825,0.3670775502280889,0
cifar100,m2_target,F1,A1_LiRA,0.3001835813575589,0.38100553236921286,0
cifar100,m2_target,F1,A1_LiRA,0.31440354715915003,0.3959041056003106,0
cifar100,m2_target,F1,A1_LiRA,0.3292971255097151,0.4145879840823061,0
cifar100,m2_target,F1,A1_LiRA,0.34489622604057596,0.4300689119673881,0
cifar100,m2_target,F1,A1_LiRA,0.36123426997094304,0.4481704357953994,0
cifar100,m2_target,F1,A1_LiRA,0.3783462617131929,0.4661749005144133,0
cifar100,m2_target,F1,A1_LiRA,0.3962688638701478,0.48238377171697566,0
cifar100,m2_target,F1,A1_LiRA,0.41504047578504766,0.5042706007958847,0
cifar100,m2_target,F1,A1_LiRA,0.43470131581250265,0.5232941861593711,0
cifar100,m2_target,F1,A1_LiRA,0.4552935074866948,0.5447927788022906,0
cifar100,m2_target,F1,A1_LiRA,0.47686116977144694,0.5659031350092206,0
cifar100,m2_target,F1,A1_LiRA,0.499450511585514,0.5885664369601087,0
cifar100,m2_target,F1,A1_LiRA,0.5231099308056264,0.6152576919343881,0
cifar100,m2_target,F1,A1_LiRA,0.5478901179593945,0.639813646510725,0
cifar100,m2_target,F1,A1_LiRA,0.5738441648302393,0.663593128215083,0
cifar100,m2_target,F1,A1_LiRA,0.6010276782070382,0.6883432010094147,0
cifar100,m2_target,F1,A1_LiRA,0.6294988990221888,0.7147918082112006,0
cifar100,m2_target,F1,A1_LiRA,0.6593188271333549,0.7440551295739105,0
cifar100,m2_target,F1,A1_LiRA,0.6905513520162331,0.7720081529651558,0
cifar100,m2_target,F1,A1_LiRA,0.7232633896483533,0.799815587692905,0
cifar100,m2_target,F1,A1_LiRA,0.7575250258771913,0.8281568475201397,0
cifar100,m2_target,F1,A1_LiRA,0.7934096665797492,0.8597981170532855,0
cifar100,m2_target,F1,A1_LiRA,0.8309941949353395,0.8911967388139377,0
cifar100,m2_target,F1,A1_LiRA,0.8703591361485166,0.9231291856740755,0
cifar100,m2_target,F1,A1_LiRA,0.9115888299750827,0.9534601572357566,0
cifar100,m2_target,F1,A1_LiRA,0.9547716114208056,0.9818014170629914,0
cifar100,m2_target,F1,A1_LiRA,1.0,1.0,0
cifar100,m3_fot,F1,A1_LiRA,0.0,0.0,0
cifar100,m3_fot,F1,A1_LiRA,0.0001,0.0016446572824457021,0
cifar100,m3_fot,F1,A1_LiRA,0.00010473708979594497,0.0016446572824457021,0
cifar100,m3_fot,F1,A1_LiRA,0.00010969857978923841,0.0016446572824457021,0
cifar100,m3_fot,F1,A1_LiRA,0.00011489510001873086,0.0016446572824457021,0
cifar100,m3_fot,F1,A1_LiRA,0.00012033778407775893,0.0016446572824457021,0
cifar100,m3_fot,F1,A1_LiRA,0.00012603829296797275,0.0016446572824457021,0
cifar100,m3_fot,F1,A1_LiRA,0.0001320088400831418,0.0016446572824457021,0
cifar100,m3_fot,F1,A1_LiRA,0.00013826221737646565,0.0016446572824457021,0
cifar100,m3_fot,F1,A1_LiRA,0.0001448118227674533,0.0016446572824457021,0
cifar100,m3_fot,F1,A1_LiRA,0.00015167168884709225,0.00261210274270788,0
cifar100,m3_fot,F1,A1_LiRA,0.00015885651294280528,0.00261210274270788,0
cifar100,m3_fot,F1,A1_LiRA,0.0001663816886076129,0.00261210274270788,0
cifar100,m3_fot,F1,A1_LiRA,0.00017426333860096508,0.00261210274270788,0
cifar100,m3_fot,F1,A1_LiRA,0.00018251834943190426,0.00261210274270788,0
cifar100,m3_fot,F1,A1_LiRA,0.00019116440753857018,0.00261210274270788,0
cifar100,m3_fot,F1,A1_LiRA,0.00020022003718155845,0.0028539641077734244,0
cifar100,m3_fot,F1,A1_LiRA,0.00020970464013232327,0.0028539641077734244,0
cifar100,m3_fot,F1,A1_LiRA,0.0002196385372416547,0.0028539641077734244,0
cifar100,m3_fot,F1,A1_LiRA,0.0002300430119772917,0.0028539641077734244,0
cifar100,m3_fot,F1,A1_LiRA,0.00024094035602395243,0.0028539641077734244,0
cifar100,m3_fot,F1,A1_LiRA,0.0002523539170434766,0.002902336380786533,0
cifar100,m3_fot,F1,A1_LiRA,0.00026430814869741055,0.002902336380786533,0
cifar100,m3_fot,F1,A1_LiRA,0.00027682866303920667,0.002902336380786533,0
cifar100,m3_fot,F1,A1_LiRA,0.0002899422853882875,0.002902336380786533,0
cifar100,m3_fot,F1,A1_LiRA,0.0003036771118035457,0.002950708653799642,0
cifar100,m3_fot,F1,A1_LiRA,0.0003180625692794119,0.002950708653799642,0
cifar100,m3_fot,F1,A1_LiRA,0.00033312947879346737,0.002950708653799642,0
cifar100,m3_fot,F1,A1_LiRA,0.0003489101213406774,0.002999080926812751,0
cifar100,m3_fot,F1,A1_LiRA,0.00036543830709572547,0.002999080926812751,0
cifar100,m3_fot,F1,A1_LiRA,0.0003827494478516311,0.002999080926812751,0
cifar100,m3_fot,F1,A1_LiRA,0.0004008806328898465,0.0031441977458520776,0
cifar100,m3_fot,F1,A1_LiRA,0.000419870708444391,0.0031441977458520776,0
cifar100,m3_fot,F1,A1_LiRA,0.00043976036093027214,0.0031441977458520776,0
cifar100,m3_fot,F1,A1_LiRA,0.00046059220411451035,0.0031925700188651864,0
cifar100,m3_fot,F1,A1_LiRA,0.00048241087041653687,0.0031925700188651864,0
cifar100,m3_fot,F1,A1_LiRA,0.0005052631065335679,0.003386059110917622,0
cifar100,m3_fot,F1,A1_LiRA,0.0005291978735958442,0.003386059110917622,0
cifar100,m3_fot,F1,A1_LiRA,0.0005542664520663107,0.003434431383930731,0
cifar100,m3_fot,F1,A1_LiRA,0.0005805225516094895,0.003434431383930731,0
cifar100,m3_fot,F1,A1_LiRA,0.0006080224261649427,0.003434431383930731,0
cifar100,m3_fot,F1,A1_LiRA,0.0006368249944718586,0.003434431383930731,0
cifar100,m3_fot,F1,A1_LiRA,0.0006669919663030121,0.003869781841048711,0
cifar100,m3_fot,F1,A1_LiRA,0.0006985879746785249,0.003869781841048711,0
cifar100,m3_fot,F1,A1_LiRA,0.0007316807143427193,0.003869781841048711,0
cifar100,m3_fot,F1,A1_LiRA,0.0007663410868007462,0.004111643206114255,0
cifar100,m3_fot,F1,A1_LiRA,0.0008026433522257174,0.004160015479127364,0
cifar100,m3_fot,F1,A1_LiRA,0.0008406652885618325,0.004160015479127364,0
cifar100,m3_fot,F1,A1_LiRA,0.0008804883581643465,0.004160015479127364,0
cifar100,m3_fot,F1,A1_LiRA,0.0009221978823334322,0.004160015479127364,0
cifar100,m3_fot,F1,A1_LiRA,0.0009658832241158709,0.004546993663232236,0
cifar100,m3_fot,F1,A1_LiRA,0.001011637979766207,0.004546993663232236,0
cifar100,m3_fot,F1,A1_LiRA,0.001059560179277616,0.004546993663232236,0
cifar100,m3_fot,F1,A1_LiRA,0.0011097524964120721,0.004643738209258453,0
cifar100,m3_fot,F1,A1_LiRA,0.0011623224686798518,0.004692110482271562,0
cifar100,m3_fot,F1,A1_LiRA,0.001217382727739662,0.004933971847337106,0
cifar100,m3_fot,F1,A1_LiRA,0.0012750512407130128,0.0049823441203502156,0
cifar100,m3_fot,F1,A1_LiRA,0.0013354515629298987,0.005030716393363324,0
cifar100,m3_fot,F1,A1_LiRA,0.0013987131026472386,0.005030716393363324,0
cifar100,m3_fot,F1,A1_LiRA,0.0014649713983072847,0.005127460939389542,0
cifar100,m3_fot,F1,A1_LiRA,0.0015343684089300133,0.0051758332124026505,0
cifar100,m3_fot,F1,A1_LiRA,0.0016070528182616384,0.005562811396507522,0
cifar100,m3_fot,F1,A1_LiRA,0.0016831803533309566,0.005804672761573066,0
cifar100,m3_fot,F1,A1_LiRA,0.001762914118095948,0.005901417307599284,0
cifar100,m3_fot,F1,A1_LiRA,0.0018464249428955426,0.006481884583756591,0
cifar100,m3_fot,F1,A1_LiRA,0.0019338917504552321,0.006820490494848353,0
cifar100,m3_fot,F1,A1_LiRA,0.0020255019392306666,0.007159096405940115,0
cifar100,m3_fot,F1,A1_LiRA,0.00212145178491063,0.007691191409084313,0
cifar100,m3_fot,F1,A1_LiRA,0.002221946860939524,0.008029797320176075,0
cifar100,m3_fot,F1,A1_LiRA,0.0023272024789604074,0.00822328641222851,0
cifar100,m3_fot,F1,A1_LiRA,0.002437444150122222,0.008368403231267836,0
cifar100,m3_fot,F1,A1_LiRA,0.0025529080682395165,0.008416775504280946,0
cifar100,m3_fot,F1,A1_LiRA,0.0026738416158399465,0.008513520050307165,0
cifar100,m3_fot,F1,A1_LiRA,0.002800503894183631,0.0087070091423596,0
cifar100,m3_fot,F1,A1_LiRA,0.0029331662783900424,0.00914235959947758,0
cifar100,m3_fot,F1,A1_LiRA,0.003072112998861759,0.009190731872490688,0
cifar100,m3_fot,F1,A1_LiRA,0.0032176417502507355,0.009432593237556233,0
cifar100,m3_fot,F1,A1_LiRA,0.003370064329271928,0.009819571421661104,0
cifar100,m3_fot,F1,A1_LiRA,0.00352970730273065,0.009867943694674213,0
cifar100,m3_fot,F1,A1_LiRA,0.0036969127071950283,0.010400038697818411,0
cifar100,m3_fot,F1,A1_LiRA,0.003872038781812557,0.010545155516857738,0
cifar100,m3_fot,F1,A1_LiRA,0.004055460735840828,0.011367484158080587,0
cifar100,m3_fot,F1,A1_LiRA,0.0042475715525368985,0.012189812799303439,0
cifar100,m3_fot,F1,A1_LiRA,0.004448782831127585,0.012528418710395202,0
cifar100,m3_fot,F1,A1_LiRA,0.004659525668664682,0.012721907802447637,0
cifar100,m3_fot,F1,A1_LiRA,0.004880251583654433,0.013640980989696705,0
cifar100,m3_fot,F1,A1_LiRA,0.005111433483440166,0.013979586900788469,0
cifar100,m3_fot,F1,A1_LiRA,0.0053535666774107244,0.014801915542011318,0
cifar100,m3_fot,F1,A1_LiRA,0.005607169938205458,0.015140521453103082,0
cifar100,m3_fot,F1,A1_LiRA,0.005872786613189483,0.015962850094325933,0
cifar100,m3_fot,F1,A1_LiRA,0.006150985788580504,0.01644657282445702,0
cifar100,m3_fot,F1,A1_LiRA,0.00644236350872137,0.0174140182847192,0
cifar100,m3_fot,F1,A1_LiRA,0.006747544053110693,0.01828471919895516,0
cifar100,m3_fot,F1,A1_LiRA,0.0070671812739274914,0.019058675567164902,0
cifar100,m3_fot,F1,A1_LiRA,0.007401959996915644,0.019929376481400862,0
cifar100,m3_fot,F1,A1_LiRA,0.007752597488629464,0.01997774875441397,0
cifar100,m3_fot,F1,A1_LiRA,0.008119844993184008,0.021187055579741692,0
cifar100,m3_fot,F1,A1_LiRA,0.008504489341802677,0.02220287331301698,0
cifar100,m3_fot,F1,A1_LiRA,0.00890735463861044,0.023121946500266048,0
cifar100,m3_fot,F1,A1_LiRA,0.009329304026284686,0.023605669230397135,0
cifar100,m3_fot,F1,A1_LiRA,0.009771241535346501,0.02423450877956755,0
cifar100,m3_fot,F1,A1_LiRA,0.010234114021054527,0.02476660378271175,0
cifar100,m3_fot,F1,A1_LiRA,0.010718913192051276,0.025927538335026364,0
cifar100,m3_fot,F1,A1_LiRA,0.011226677735108135,0.027668940163498284,0
cifar100,m3_fot,F1,A1_LiRA,0.01175849554052157,0.02868475789677357,0
cifar100,m3_fot,F1,A1_LiRA,0.012315506032928261,0.029168480626904657,0
cifar100,m3_fot,F1,A1_LiRA,0.01289890261253308,0.0299424369951144,0
cifar100,m3_fot,F1,A1_LiRA,0.013509935211980266,0.03086151018236347,0
cifar100,m3_fot,F1,A1_LiRA,0.01414991297434576,0.03342524065205824,0
cifar100,m3_fot,F1,A1_LiRA,0.014820207057988586,0.03516664248053016,0
cifar100,m3_fot,F1,A1_LiRA,0.01552225357427048,0.036230832486818555,0
cifar100,m3_fot,F1,A1_LiRA,0.016257556664437952,0.0375852561311856,0
cifar100,m3_fot,F1,A1_LiRA,0.017027691722258997,0.03922991341363131,0
cifar100,m3_fot,F1,A1_LiRA,0.017834308769319095,0.04198713297537851,0
cifar100,m3_fot,F1,A1_LiRA,0.01867913599020783,0.04401876844192908,0
cifar100,m3_fot,F1,A1_LiRA,0.01956398343517065,0.045276447540269917,0
cifar100,m3_fot,F1,A1_LiRA,0.020490746898158482,0.04764668891791225,0
cifar100,m3_fot,F1,A1_LiRA,0.021461411978584036,0.04938809074638417,0
cifar100,m3_fot,F1,A1_LiRA,0.02247805833548725,0.05074251439075122,0
cifar100,m3_fot,F1,A1_LiRA,0.02354286414322418,0.05209693803511827,0
cifar100,m3_fot,F1,A1_LiRA,0.024658110758226038,0.05354810622551154,0
cifar100,m3_fot,F1,A1_LiRA,0.025826187606826773,0.054902529869878584,0
cifar100,m3_fot,F1,A1_LiRA,0.027049597304631343,0.058385333526822424,0
cifar100,m3_fot,F1,A1_LiRA,0.02833096101839324,0.060465341266386106,0
cifar100,m3_fot,F1,A1_LiRA,0.029673024081888696,0.06278721037101534,0
cifar100,m3_fot,F1,A1_LiRA,0.03107866187782014,0.06443186765346104,0
cifar100,m3_fot,F1,A1_LiRA,0.0325508859983506,0.06656024766603783,0
cifar100,m3_fot,F1,A1_LiRA,0.03409285069746811,0.06893048904368017,0
cifar100,m3_fot,F1,A1_LiRA,0.03570785964900463,0.07192956997049291,0
cifar100,m3_fot,F1,A1_LiRA,0.03739937302478798,0.075073767716345,0
cifar100,m3_fot,F1,A1_LiRA,0.039171014908092605,0.07744400909398733,0
cifar100,m3_fot,F1,A1_LiRA,0.04102658105827194,0.07966913365259033,0
cifar100,m3_fot,F1,A1_LiRA,0.04297004704320839,0.08170076911914091,0
cifar100,m3_fot,F1,A1_LiRA,0.04500557675700498,0.08358728776665215,0
cifar100,m3_fot,F1,A1_LiRA,0.047137531341167244,0.08716683596962221,0
cifar100,m3_fot,F1,A1_LiRA,0.049370478528390035,0.0898273109853432,0
cifar100,m3_fot,F1,A1_LiRA,0.05170920242896761,0.09321337009626082,0
cifar100,m3_fot,F1,A1_LiRA,0.054158713780794704,0.09601896193102114,0
cifar100,m3_fot,F1,A1_LiRA,0.05672426068491978,0.09945339331495187,0
cifar100,m3_fot,F1,A1_LiRA,0.05941133984965034,0.10225898514971218,0
cifar100,m3_fot,F1,A1_LiRA,0.06222570836730231,0.10554829971460358,0
cifar100,m3_fot,F1,A1_LiRA,0.06517339604882427,0.10965994292071785,0
cifar100,m3_fot,F1,A1_LiRA,0.06826071834272386,0.11275576839355682,0
cifar100,m3_fot,F1,A1_LiRA,0.07149428986597577,0.11710927296473661,0
cifar100,m3_fot,F1,A1_LiRA,0.07488103857590023,0.1224785952691917,0
cifar100,m3_fot,F1,A1_LiRA,0.07842822061337681,0.12707396120543704,0
cifar100,m3_fot,F1,A1_LiRA,0.0821434358491943,0.13254002805591836,0
cifar100,m3_fot,F1,A1_LiRA,0.086034644166845,0.13684516035408503,0
cifar100,m3_fot,F1,A1_LiRA,0.09011018251665019,0.14081168674115996,0
cifar100,m3_fot,F1,A1_LiRA,0.09437878277775381,0.1458424031345233,0
cifar100,m3_fot,F1,A1_LiRA,0.09884959046625587,0.15155033135007015,0
cifar100,m3_fot,F1,A1_LiRA,0.10353218432956626,0.15856431093697093,0
cifar100,m3_fot,F1,A1_LiRA,0.1084365968689611,0.16475596188264888,0
cifar100,m3_fot,F1,A1_LiRA,0.11357333583431052,0.17128621873941857,0
cifar100,m3_fot,F1,A1_LiRA,0.11895340673703195,0.17723600832003095,0
cifar100,m3_fot,F1,A1_LiRA,0.12458833642950082,0.18473371063706284,0
cifar100,m3_fot,F1,A1_LiRA,0.1304901978014403,0.19165094567793742,0
cifar100,m3_fot,F1,A1_LiRA,0.13667163564620075,0.19900353117592995,0
cifar100,m3_fot,F1,A1_LiRA,0.14314589375234785,0.20553378803269964,0
cifar100,m3_fot,F1,A1_LiRA,0.14992684327860456,0.21254776761960045,0
cifar100,m3_fot,F1,A1_LiRA,0.15702901247293774,0.22139989358099937,0
cifar100,m3_fot,F1,A1_LiRA,0.16446761779946645,0.2297199245392541,0
cifar100,m3_fot,F1,A1_LiRA,0.17225859653987874,0.23760460504039085,0
cifar100,m3_fot,F1,A1_LiRA,0.18041864093920718,0.24573114690659315,0
cifar100,m3_fot,F1,A1_LiRA,0.18896523396912096,0.25559909060126734,0
cifar100,m3_fot,F1,A1_LiRA,0.19791668678535573,0.2657572679340202,0
cifar100,m3_fot,F1,A1_LiRA,0.2072921779595372,0.2749479998065109,0
cifar100,m3_fot,F1,A1_LiRA,0.21711179456945054,0.28476757122817203,0
cifar100,m3_fot,F1,A1_LiRA,0.22739657523579276,0.29594156629420015,0
cifar100,m3_fot,F1,A1_LiRA,0.23816855519761582,0.30880859091568713,0
cifar100,m3_fot,F1,A1_LiRA,0.24945081352303167,0.3199342137087022,0
cifar100,m3_fot,F1,A1_LiRA,0.2612675225563329,0.33294635514922843,0
cifar100,m3_fot,F1,A1_LiRA,0.27364399970746717,0.3469259420500169,0
cifar100,m3_fot,F1,A1_LiRA,0.286606761694825,0.3601799448556088,0
cifar100,m3_fot,F1,A1_LiRA,0.3001835813575589,0.37541721085473806,0
cifar100,m3_fot,F1,A1_LiRA,0.31440354715915003,0.3907995936729067,0
cifar100,m3_fot,F1,A1_LiRA,0.3292971255097151,0.40739128331640306,0
cifar100,m3_fot,F1,A1_LiRA,0.34489622604057596,0.42480530160112223,0
cifar100,m3_fot,F1,A1_LiRA,0.36123426997094304,0.44173559715571037,0
cifar100,m3_fot,F1,A1_LiRA,0.3783462617131929,0.45798868088811495,0
cifar100,m3_fot,F1,A1_LiRA,0.3962688638701478,0.4769022396362405,0
cifar100,m3_fot,F1,A1_LiRA,0.41504047578504766,0.49470323610506456,0
cifar100,m3_fot,F1,A1_LiRA,0.43470131581250265,0.5159870362308325,0
cifar100,m3_fot,F1,A1_LiRA,0.4552935074866948,0.5402215450104,0
cifar100,m3_fot,F1,A1_LiRA,0.47686116977144694,0.562424418323417,0
cifar100,m3_fot,F1,A1_LiRA,0.499450511585514,0.5817733275286606,0
cifar100,m3_fot,F1,A1_LiRA,0.5231099308056264,0.6014608426449959,0
cifar100,m3_fot,F1,A1_LiRA,0.5478901179593945,0.6257920959705897,0
cifar100,m3_fot,F1,A1_LiRA,0.5738441648302393,0.649929860204131,0
cifar100,m3_fot,F1,A1_LiRA,0.6010276782070382,0.6785662458278915,0
cifar100,m3_fot,F1,A1_LiRA,0.6294988990221888,0.7067189087215209,0
cifar100,m3_fot,F1,A1_LiRA,0.6593188271333549,0.7359357616214386,0
cifar100,m3_fot,F1,A1_LiRA,0.6905513520162331,0.7679582063561167,0
cifar100,m3_fot,F1,A1_LiRA,0.7232633896483533,0.7982392492623228,0
cifar100,m3_fot,F1,A1_LiRA,0.7575250258771913,0.8293426208097519,0
cifar100,m3_fot,F1,A1_LiRA,0.7934096665797492,0.860542736903207,0
cifar100,m3_fot,F1,A1_LiRA,0.8309941949353395,0.8897595898031249,0
cifar100,m3_fot,F1,A1_LiRA,0.8703591361485166,0.9206210999854884,0
cifar100,m3_fot,F1,A1_LiRA,0.9115888299750827,0.9508053983456682,0
cifar100,m3_fot,F1,A1_LiRA,0.9547716114208056,0.9792966671503894,0
cifar100,m3_fot,F1,A1_LiRA,1.0,1.0,0
cifar100,m4_proto,F2,A1_LiRA,0.0,0.07041564792176039,0
cifar100,m4_proto,F2,A1_LiRA,0.0001,0.122200488997555,0
cifar100,m4_proto,F2,A1_LiRA,0.00010473708979594497,0.122200488997555,0
cifar100,m4_proto,F2,A1_LiRA,0.00010969857978923841,0.122200488997555,0
cifar100,m4_proto,F2,A1_LiRA,0.00011489510001873086,0.122200488997555,0
cifar100,m4_proto,F2,A1_LiRA,0.00012033778407775893,0.122200488997555,0
cifar100,m4_proto,F2,A1_LiRA,0.00012603829296797275,0.122200488997555,0
cifar100,m4_proto,F2,A1_LiRA,0.0001320088400831418,0.122200488997555,0
cifar100,m4_proto,F2,A1_LiRA,0.00013826221737646565,0.122200488997555,0
cifar100,m4_proto,F2,A1_LiRA,0.0001448118227674533,0.122200488997555,0
cifar100,m4_proto,F2,A1_LiRA,0.00015167168884709225,0.1223960880195599,0
cifar100,m4_proto,F2,A1_LiRA,0.00015885651294280528,0.1223960880195599,0
cifar100,m4_proto,F2,A1_LiRA,0.0001663816886076129,0.1223960880195599,0
cifar100,m4_proto,F2,A1_LiRA,0.00017426333860096508,0.1223960880195599,0
cifar100,m4_proto,F2,A1_LiRA,0.00018251834943190426,0.1223960880195599,0
cifar100,m4_proto,F2,A1_LiRA,0.00019116440753857018,0.1223960880195599,0
cifar100,m4_proto,F2,A1_LiRA,0.00020022003718155845,0.12327628361858191,0
cifar100,m4_proto,F2,A1_LiRA,0.00020970464013232327,0.12327628361858191,0
cifar100,m4_proto,F2,A1_LiRA,0.0002196385372416547,0.12327628361858191,0
cifar100,m4_proto,F2,A1_LiRA,0.0002300430119772917,0.12327628361858191,0
cifar100,m4_proto,F2,A1_LiRA,0.00024094035602395243,0.12327628361858191,0
cifar100,m4_proto,F2,A1_LiRA,0.0002523539170434766,0.1325672371638142,0
cifar100,m4_proto,F2,A1_LiRA,0.00026430814869741055,0.1325672371638142,0
cifar100,m4_proto,F2,A1_LiRA,0.00027682866303920667,0.1325672371638142,0
cifar100,m4_proto,F2,A1_LiRA,0.0002899422853882875,0.1325672371638142,0
cifar100,m4_proto,F2,A1_LiRA,0.0003036771118035457,0.13398533007334965,0
cifar100,m4_proto,F2,A1_LiRA,0.0003180625692794119,0.13398533007334965,0
cifar100,m4_proto,F2,A1_LiRA,0.00033312947879346737,0.13398533007334965,0
cifar100,m4_proto,F2,A1_LiRA,0.0003489101213406774,0.1363325183374083,0
cifar100,m4_proto,F2,A1_LiRA,0.00036543830709572547,0.1363325183374083,0
cifar100,m4_proto,F2,A1_LiRA,0.0003827494478516311,0.1363325183374083,0
cifar100,m4_proto,F2,A1_LiRA,0.0004008806328898465,0.1388753056234719,0
cifar100,m4_proto,F2,A1_LiRA,0.000419870708444391,0.1388753056234719,0
cifar100,m4_proto,F2,A1_LiRA,0.00043976036093027214,0.14097799511002446,0
cifar100,m4_proto,F2,A1_LiRA,0.00046059220411451035,0.14097799511002446,0
cifar100,m4_proto,F2,A1_LiRA,0.00048241087041653687,0.14097799511002446,0
cifar100,m4_proto,F2,A1_LiRA,0.0005052631065335679,0.142640586797066,0
cifar100,m4_proto,F2,A1_LiRA,0.0005291978735958442,0.142640586797066,0
cifar100,m4_proto,F2,A1_LiRA,0.0005542664520663107,0.15163814180929094,0
cifar100,m4_proto,F2,A1_LiRA,0.0005805225516094895,0.15163814180929094,0
cifar100,m4_proto,F2,A1_LiRA,0.0006080224261649427,0.1521760391198044,0
cifar100,m4_proto,F2,A1_LiRA,0.0006368249944718586,0.15227383863080685,0
cifar100,m4_proto,F2,A1_LiRA,0.0006669919663030121,0.15227383863080685,0
cifar100,m4_proto,F2,A1_LiRA,0.0006985879746785249,0.1530562347188264,0
cifar100,m4_proto,F2,A1_LiRA,0.0007316807143427193,0.1554523227383863,0
cifar100,m4_proto,F2,A1_LiRA,0.0007663410868007462,0.1554523227383863,0
cifar100,m4_proto,F2,A1_LiRA,0.0008026433522257174,0.1576039119804401,0
cifar100,m4_proto,F2,A1_LiRA,0.0008406652885618325,0.1591687041564792,0
cifar100,m4_proto,F2,A1_LiRA,0.0008804883581643465,0.1593643031784841,0
cifar100,m4_proto,F2,A1_LiRA,0.0009221978823334322,0.1593643031784841,0
cifar100,m4_proto,F2,A1_LiRA,0.0009658832241158709,0.16073349633251835,0
cifar100,m4_proto,F2,A1_LiRA,0.001011637979766207,0.16376528117359412,0
cifar100,m4_proto,F2,A1_LiRA,0.001059560179277616,0.1647921760391198,0
cifar100,m4_proto,F2,A1_LiRA,0.0011097524964120721,0.1656234718826406,0
cifar100,m4_proto,F2,A1_LiRA,0.0011623224686798518,0.16704156479217605,0
cifar100,m4_proto,F2,A1_LiRA,0.001217382727739662,0.17134474327628363,0
cifar100,m4_proto,F2,A1_LiRA,0.0012750512407130128,0.17574572127139365,0
cifar100,m4_proto,F2,A1_LiRA,0.0013354515629298987,0.17618581907090464,0
cifar100,m4_proto,F2,A1_LiRA,0.0013987131026472386,0.17731051344743276,0
cifar100,m4_proto,F2,A1_LiRA,0.0014649713983072847,0.17907090464547679,0
cifar100,m4_proto,F2,A1_LiRA,0.0015343684089300133,0.17936430317848412,0
cifar100,m4_proto,F2,A1_LiRA,0.0016070528182616384,0.18337408312958436,0
cifar100,m4_proto,F2,A1_LiRA,0.0016831803533309566,0.18415647921760392,0
cifar100,m4_proto,F2,A1_LiRA,0.001762914118095948,0.18498777506112468,0
cifar100,m4_proto,F2,A1_LiRA,0.0018464249428955426,0.1858679706601467,0
cifar100,m4_proto,F2,A1_LiRA,0.0019338917504552321,0.18982885085574572,0
cifar100,m4_proto,F2,A1_LiRA,0.0020255019392306666,0.19070904645476772,0
cifar100,m4_proto,F2,A1_LiRA,0.00212145178491063,0.196479217603912,0
cifar100,m4_proto,F2,A1_LiRA,0.002221946860939524,0.20146699266503668,0
cifar100,m4_proto,F2,A1_LiRA,0.0023272024789604074,0.2017114914425428,0
cifar100,m4_proto,F2,A1_LiRA,0.002437444150122222,0.20229828850855747,0
cifar100,m4_proto,F2,A1_LiRA,0.0025529080682395165,0.2034718826405868,0
cifar100,m4_proto,F2,A1_LiRA,0.0026738416158399465,0.2050366748166259,0
cifar100,m4_proto,F2,A1_LiRA,0.002800503894183631,0.2130562347188264,0
cifar100,m4_proto,F2,A1_LiRA,0.0029331662783900424,0.21858190709046454,0
cifar100,m4_proto,F2,A1_LiRA,0.003072112998861759,0.222200488997555,0
cifar100,m4_proto,F2,A1_LiRA,0.0032176417502507355,0.22973105134474328,0
cifar100,m4_proto,F2,A1_LiRA,0.003370064329271928,0.23383863080684597,0
cifar100,m4_proto,F2,A1_LiRA,0.00352970730273065,0.23525672371638143,0
cifar100,m4_proto,F2,A1_LiRA,0.0036969127071950283,0.23853300733496333,0
cifar100,m4_proto,F2,A1_LiRA,0.003872038781812557,0.24112469437652811,0
cifar100,m4_proto,F2,A1_LiRA,0.004055460735840828,0.24655256723716382,0
cifar100,m4_proto,F2,A1_LiRA,0.0042475715525368985,0.2484596577017115,0
cifar100,m4_proto,F2,A1_LiRA,0.004448782831127585,0.25491442542787285,0
cifar100,m4_proto,F2,A1_LiRA,0.004659525668664682,0.25775061124694376,0
cifar100,m4_proto,F2,A1_LiRA,0.004880251583654433,0.26567237163814184,0
cifar100,m4_proto,F2,A1_LiRA,0.005111433483440166,0.26772616136919314,0
cifar100,m4_proto,F2,A1_LiRA,0.0053535666774107244,0.27061124694376526,0
cifar100,m4_proto,F2,A1_LiRA,0.005607169938205458,0.277359413202934,0
cifar100,m4_proto,F2,A1_LiRA,0.005872786613189483,0.2797555012224939,0
cifar100,m4_proto,F2,A1_LiRA,0.006150985788580504,0.28577017114914427,0
cifar100,m4_proto,F2,A1_LiRA,0.00644236350872137,0.2902689486552567,0
cifar100,m4_proto,F2,A1_LiRA,0.006747544053110693,0.2950611246943765,0
cifar100,m4_proto,F2,A1_LiRA,0.0070671812739274914,0.2976528117359413,0
cifar100,m4_proto,F2,A1_LiRA,0.007401959996915644,0.2993154034229829,0
cifar100,m4_proto,F2,A1_LiRA,0.007752597488629464,0.30312958435207826,0
cifar100,m4_proto,F2,A1_LiRA,0.008119844993184008,0.30557457212713934,0
cifar100,m4_proto,F2,A1_LiRA,0.008504489341802677,0.30963325183374085,0
cifar100,m4_proto,F2,A1_LiRA,0.00890735463861044,0.3132518337408313,0
cifar100,m4_proto,F2,A1_LiRA,0.009329304026284686,0.31594132029339855,0
cifar100,m4_proto,F2,A1_LiRA,0.009771241535346501,0.323080684596577,0
cifar100,m4_proto,F2,A1_LiRA,0.010234114021054527,0.32728606356968215,0
cifar100,m4_proto,F2,A1_LiRA,0.010718913192051276,0.33511002444987775,0
cifar100,m4_proto,F2,A1_LiRA,0.011226677735108135,0.33823960880195597,0
cifar100,m4_proto,F2,A1_LiRA,0.01175849554052157,0.3432762836185819,0
cifar100,m4_proto,F2,A1_LiRA,0.012315506032928261,0.3487041564792176,0
cifar100,m4_proto,F2,A1_LiRA,0.01289890261253308,0.3536430317848411,0
cifar100,m4_proto,F2,A1_LiRA,0.013509935211980266,0.35750611246943764,0
cifar100,m4_proto,F2,A1_LiRA,0.01414991297434576,0.3623471882640587,0
cifar100,m4_proto,F2,A1_LiRA,0.014820207057988586,0.3665036674816626,0
cifar100,m4_proto,F2,A1_LiRA,0.01552225357427048,0.36987775061124695,0
cifar100,m4_proto,F2,A1_LiRA,0.016257556664437952,0.37486552567237164,0
cifar100,m4_proto,F2,A1_LiRA,0.017027691722258997,0.3784841075794621,0
cifar100,m4_proto,F2,A1_LiRA,0.017834308769319095,0.38224938875305625,0
cifar100,m4_proto,F2,A1_LiRA,0.01867913599020783,0.38547677261613694,0
cifar100,m4_proto,F2,A1_LiRA,0.01956398343517065,0.3891931540342298,0
cifar100,m4_proto,F2,A1_LiRA,0.020490746898158482,0.3940831295843521,0
cifar100,m4_proto,F2,A1_LiRA,0.021461411978584036,0.3978484107579462,0
cifar100,m4_proto,F2,A1_LiRA,0.02247805833548725,0.4036674816625917,0
cifar100,m4_proto,F2,A1_LiRA,0.02354286414322418,0.4119315403422983,0
cifar100,m4_proto,F2,A1_LiRA,0.024658110758226038,0.4177506112469438,0
cifar100,m4_proto,F2,A1_LiRA,0.025826187606826773,0.42469437652811737,0
cifar100,m4_proto,F2,A1_LiRA,0.027049597304631343,0.4328117359413203,0
cifar100,m4_proto,F2,A1_LiRA,0.02833096101839324,0.4383863080684597,0
cifar100,m4_proto,F2,A1_LiRA,0.029673024081888696,0.44381418092909536,0
cifar100,m4_proto,F2,A1_LiRA,0.03107866187782014,0.4510513447432763,0
cifar100,m4_proto,F2,A1_LiRA,0.0325508859983506,0.4571149144254279,0
cifar100,m4_proto,F2,A1_LiRA,0.03409285069746811,0.46298288508557456,0
cifar100,m4_proto,F2,A1_LiRA,0.03570785964900463,0.46767726161369194,0
cifar100,m4_proto,F2,A1_LiRA,0.03739937302478798,0.47378973105134475,0
cifar100,m4_proto,F2,A1_LiRA,0.039171014908092605,0.48004889975550125,0
cifar100,m4_proto,F2,A1_LiRA,0.04102658105827194,0.48596577017114917,0
cifar100,m4_proto,F2,A1_LiRA,0.04297004704320839,0.49511002444987773,0
cifar100,m4_proto,F2,A1_LiRA,0.04500557675700498,0.49907090464547677,0
cifar100,m4_proto,F2,A1_LiRA,0.047137531341167244,0.5065036674816626,0
cifar100,m4_proto,F2,A1_LiRA,0.049370478528390035,0.5143765281173595,0
cifar100,m4_proto,F2,A1_LiRA,0.05170920242896761,0.5219559902200489,0
cifar100,m4_proto,F2,A1_LiRA,0.054158713780794704,0.5278239608801956,0
cifar100,m4_proto,F2,A1_LiRA,0.05672426068491978,0.5338875305623472,0
cifar100,m4_proto,F2,A1_LiRA,0.05941133984965034,0.5431295843520783,0
cifar100,m4_proto,F2,A1_LiRA,0.06222570836730231,0.5533496332518337,0
cifar100,m4_proto,F2,A1_LiRA,0.06517339604882427,0.5623960880195599,0
cifar100,m4_proto,F2,A1_LiRA,0.06826071834272386,0.571442542787286,0
cifar100,m4_proto,F2,A1_LiRA,0.07149428986597577,0.5815158924205379,0
cifar100,m4_proto,F2,A1_LiRA,0.07488103857590023,0.5890953545232274,0
cifar100,m4_proto,F2,A1_LiRA,0.07842822061337681,0.5981418092909535,0
cifar100,m4_proto,F2,A1_LiRA,0.0821434358491943,0.6060146699266503,0
cifar100,m4_proto,F2,A1_LiRA,0.086034644166845,0.6127139364303178,0
cifar100,m4_proto,F2,A1_LiRA,0.09011018251665019,0.6227383863080684,0
cifar100,m4_proto,F2,A1_LiRA,0.09437878277775381,0.6310513447432763,0
cifar100,m4_proto,F2,A1_LiRA,0.09884959046625587,0.6396088019559902,0
cifar100,m4_proto,F2,A1_LiRA,0.10353218432956626,0.6479217603911981,0
cifar100,m4_proto,F2,A1_LiRA,0.1084365968689611,0.6581418092909536,0
cifar100,m4_proto,F2,A1_LiRA,0.11357333583431052,0.6644987775061124,0
cifar100,m4_proto,F2,A1_LiRA,0.11895340673703195,0.67320293398533,0
cifar100,m4_proto,F2,A1_LiRA,0.12458833642950082,0.6821026894865526,0
cifar100,m4_proto,F2,A1_LiRA,0.1304901978014403,0.6924205378973105,0
cifar100,m4_proto,F2,A1_LiRA,0.13667163564620075,0.7012713936430318,0
cifar100,m4_proto,F2,A1_LiRA,0.14314589375234785,0.7109535452322738,0
cifar100,m4_proto,F2,A1_LiRA,0.14992684327860456,0.7209779951100245,0
cifar100,m4_proto,F2,A1_LiRA,0.15702901247293774,0.7291931540342298,0
cifar100,m4_proto,F2,A1_LiRA,0.16446761779946645,0.7378973105134474,0
cifar100,m4_proto,F2,A1_LiRA,0.17225859653987874,0.7473838630806846,0
cifar100,m4_proto,F2,A1_LiRA,0.18041864093920718,0.756039119804401,0
cifar100,m4_proto,F2,A1_LiRA,0.18896523396912096,0.7660635696821516,0
cifar100,m4_proto,F2,A1_LiRA,0.19791668678535573,0.7739853300733497,0
cifar100,m4_proto,F2,A1_LiRA,0.2072921779595372,0.7833740831295843,0
cifar100,m4_proto,F2,A1_LiRA,0.21711179456945054,0.7939364303178484,0
cifar100,m4_proto,F2,A1_LiRA,0.22739657523579276,0.8031784841075794,0
cifar100,m4_proto,F2,A1_LiRA,0.23816855519761582,0.8126650366748166,0
cifar100,m4_proto,F2,A1_LiRA,0.24945081352303167,0.8207823960880195,0
cifar100,m4_proto,F2,A1_LiRA,0.2612675225563329,0.8302200488997555,0
cifar100,m4_proto,F2,A1_LiRA,0.27364399970746717,0.8396088019559902,0
cifar100,m4_proto,F2,A1_LiRA,0.286606761694825,0.8486063569682152,0
cifar100,m4_proto,F2,A1_LiRA,0.3001835813575589,0.8580440097799511,0
cifar100,m4_proto,F2,A1_LiRA,0.31440354715915003,0.8662591687041565,0
cifar100,m4_proto,F2,A1_LiRA,0.3292971255097151,0.874718826405868,0
cifar100,m4_proto,F2,A1_LiRA,0.34489622604057596,0.883960880195599,0
cifar100,m4_proto,F2,A1_LiRA,0.36123426997094304,0.8931051344743276,0
cifar100,m4_proto,F2,A1_LiRA,0.3783462617131929,0.9022982885085574,0
cifar100,m4_proto,F2,A1_LiRA,0.3962688638701478,0.9124205378973105,0
cifar100,m4_proto,F2,A1_LiRA,0.41504047578504766,0.9209779951100244,0
cifar100,m4_proto,F2,A1_LiRA,0.43470131581250265,0.930562347188264,0
cifar100,m4_proto,F2,A1_LiRA,0.4552935074866948,0.9379951100244499,0
cifar100,m4_proto,F2,A1_LiRA,0.47686116977144694,0.9466503667481663,0
cifar100,m4_proto,F2,A1_LiRA,0.499450511585514,0.9525672371638142,0
cifar100,m4_proto,F2,A1_LiRA,0.5231099308056264,0.9600488997555012,0
cifar100,m4_proto,F2,A1_LiRA,0.5478901179593945,0.9667481662591687,0
cifar100,m4_proto,F2,A1_LiRA,0.5738441648302393,0.9720293398533008,0
cifar100,m4_proto,F2,A1_LiRA,0.6010276782070382,0.9765281173594133,0
cifar100,m4_proto,F2,A1_LiRA,0.6294988990221888,0.9811735941320293,0
cifar100,m4_proto,F2,A1_LiRA,0.6593188271333549,0.9862591687041565,0
cifar100,m4_proto,F2,A1_LiRA,0.6905513520162331,0.990317848410758,0
cifar100,m4_proto,F2,A1_LiRA,0.7232633896483533,0.9933496332518338,0
cifar100,m4_proto,F2,A1_LiRA,0.7575250258771913,0.9956479217603912,0
cifar100,m4_proto,F2,A1_LiRA,0.7934096665797492,0.9977506112469438,0
cifar100,m4_proto,F2,A1_LiRA,0.8309941949353395,0.9990220048899755,0
cifar100,m4_proto,F2,A1_LiRA,0.8703591361485166,0.9996088019559902,0
cifar100,m4_proto,F2,A1_LiRA,0.9115888299750827,0.9998533007334963,0
cifar100,m4_proto,F2,A1_LiRA,0.9547716114208056,0.9999511002444987,0
cifar100,m4_proto,F2,A1_LiRA,1.0,1.0,0
cifar100,m5_hybrid_replay,F1,A1_LiRA,0.0,0.001444043321299639,0
cifar100,m5_hybrid_replay,F1,A1_LiRA,0.0001,0.003128760529482551,0
cifar100,m5_hybrid_replay,F1,A1_LiRA,0.00010473708979594497,0.003128760529482551,0
cifar100,m5_hybrid_replay,F1,A1_LiRA,0.00010969857978923841,0.003128760529482551,0
cifar100,m5_hybrid_replay,F1,A1_LiRA,0.00011489510001873086,0.003128760529482551,0
cifar100,m5_hybrid_replay,F1,A1_LiRA,0.00012033778407775893,0.003128760529482551,0
cifar100,m5_hybrid_replay,F1,A1_LiRA,0.00012603829296797275,0.003128760529482551,0
cifar100,m5_hybrid_replay,F1,A1_LiRA,0.0001320088400831418,0.003128760529482551,0
cifar100,m5_hybrid_replay,F1,A1_LiRA,0.00013826221737646565,0.003128760529482551,0
cifar100,m5_hybrid_replay,F1,A1_LiRA,0.0001448118227674533,0.003128760529482551,0
cifar100,m5_hybrid_replay,F1,A1_LiRA,0.00015167168884709225,0.0032250300842358603,0
cifar100,m5_hybrid_replay,F1,A1_LiRA,0.00015885651294280528,0.0032250300842358603,0
cifar100,m5_hybrid_replay,F1,A1_LiRA,0.0001663816886076129,0.0032250300842358603,0
cifar100,m5_hybrid_replay,F1,A1_LiRA,0.00017426333860096508,0.0032250300842358603,0
cifar100,m5_hybrid_replay,F1,A1_LiRA,0.00018251834943190426,0.0032250300842358603,0
cifar100,m5_hybrid_replay,F1,A1_LiRA,0.00019116440753857018,0.0032250300842358603,0
cifar100,m5_hybrid_replay,F1,A1_LiRA,0.00020022003718155845,0.0038507821901323704,0
cifar100,m5_hybrid_replay,F1,A1_LiRA,0.00020970464013232327,0.0038507821901323704,0
cifar100,m5_hybrid_replay,F1,A1_LiRA,0.0002196385372416547,0.0038507821901323704,0
cifar100,m5_hybrid_replay,F1,A1_LiRA,0.0002300430119772917,0.0038507821901323704,0
cifar100,m5_hybrid_replay,F1,A1_LiRA,0.00024094035602395243,0.0038507821901323704,0
cifar100,m5_hybrid_replay,F1,A1_LiRA,0.0002523539170434766,0.004235860409145607,0
cifar100,m5_hybrid_replay,F1,A1_LiRA,0.00026430814869741055,0.004235860409145607,0
cifar100,m5_hybrid_replay,F1,A1_LiRA,0.00027682866303920667,0.004235860409145607,0
cifar100,m5_hybrid_replay,F1,A1_LiRA,0.0002899422853882875,0.004235860409145607,0
cifar100,m5_hybrid_replay,F1,A1_LiRA,0.0003036771118035457,0.005583634175691937,0
cifar100,m5_hybrid_replay,F1,A1_LiRA,0.0003180625692794119,0.005583634175691937,0
cifar100,m5_hybrid_replay,F1,A1_LiRA,0.00033312947879346737,0.005583634175691937,0
cifar100,m5_hybrid_replay,F1,A1_LiRA,0.0003489101213406774,0.005776173285198556,0
cifar100,m5_hybrid_replay,F1,A1_LiRA,0.00036543830709572547,0.005776173285198556,0
cifar100,m5_hybrid_replay,F1,A1_LiRA,0.0003827494478516311,0.005776173285198556,0
cifar100,m5_hybrid_replay,F1,A1_LiRA,0.0004008806328898465,0.005872442839951865,0
cifar100,m5_hybrid_replay,F1,A1_LiRA,0.000419870708444391,0.005872442839951865,0
cifar100,m5_hybrid_replay,F1,A1_LiRA,0.00043976036093027214,0.005872442839951865,0
cifar100,m5_hybrid_replay,F1,A1_LiRA,0.00046059220411451035,0.006594464500601685,0
cifar100,m5_hybrid_replay,F1,A1_LiRA,0.00048241087041653687,0.006594464500601685,0
cifar100,m5_hybrid_replay,F1,A1_LiRA,0.0005052631065335679,0.006690734055354994,0
cifar100,m5_hybrid_replay,F1,A1_LiRA,0.0005291978735958442,0.006690734055354994,0
cifar100,m5_hybrid_replay,F1,A1_LiRA,0.0005542664520663107,0.007990373044524669,0
cifar100,m5_hybrid_replay,F1,A1_LiRA,0.0005805225516094895,0.007990373044524669,0
cifar100,m5_hybrid_replay,F1,A1_LiRA,0.0006080224261649427,0.00842358604091456,0
cifar100,m5_hybrid_replay,F1,A1_LiRA,0.0006368249944718586,0.00842358604091456,0
cifar100,m5_hybrid_replay,F1,A1_LiRA,0.0006669919663030121,0.008808664259927797,0
cifar100,m5_hybrid_replay,F1,A1_LiRA,0.0006985879746785249,0.009193742478941036,0
cifar100,m5_hybrid_replay,F1,A1_LiRA,0.0007316807143427193,0.009193742478941036,0
cifar100,m5_hybrid_replay,F1,A1_LiRA,0.0007663410868007462,0.009675090252707581,0
cifar100,m5_hybrid_replay,F1,A1_LiRA,0.0008026433522257174,0.009867629362214199,0
cifar100,m5_hybrid_replay,F1,A1_LiRA,0.0008406652885618325,0.010782190132370638,0
cifar100,m5_hybrid_replay,F1,A1_LiRA,0.0008804883581643465,0.010782190132370638,0
cifar100,m5_hybrid_replay,F1,A1_LiRA,0.0009221978823334322,0.010782190132370638,0
cifar100,m5_hybrid_replay,F1,A1_LiRA,0.0009658832241158709,0.011552346570397111,0
cifar100,m5_hybrid_replay,F1,A1_LiRA,0.001011637979766207,0.011648616125150422,0
cifar100,m5_hybrid_replay,F1,A1_LiRA,0.001059560179277616,0.011648616125150422,0
cifar100,m5_hybrid_replay,F1,A1_LiRA,0.0011097524964120721,0.012033694344163659,0
cifar100,m5_hybrid_replay,F1,A1_LiRA,0.0011623224686798518,0.012129963898916967,0
cifar100,m5_hybrid_replay,F1,A1_LiRA,0.001217382727739662,0.012129963898916967,0
cifar100,m5_hybrid_replay,F1,A1_LiRA,0.0012750512407130128,0.012178098676293622,0
cifar100,m5_hybrid_replay,F1,A1_LiRA,0.0013354515629298987,0.012851985559566787,0
cifar100,m5_hybrid_replay,F1,A1_LiRA,0.0013987131026472386,0.012900120336943441,0
cifar100,m5_hybrid_replay,F1,A1_LiRA,0.0014649713983072847,0.013285198555956678,0
cifar100,m5_hybrid_replay,F1,A1_LiRA,0.0015343684089300133,0.013477737665463297,0
cifar100,m5_hybrid_replay,F1,A1_LiRA,0.0016070528182616384,0.013477737665463297,0
cifar100,m5_hybrid_replay,F1,A1_LiRA,0.0016831803533309566,0.01362214199759326,0
cifar100,m5_hybrid_replay,F1,A1_LiRA,0.001762914118095948,0.013718411552346571,0
cifar100,m5_hybrid_replay,F1,A1_LiRA,0.0018464249428955426,0.014007220216606497,0
cifar100,m5_hybrid_replay,F1,A1_LiRA,0.0019338917504552321,0.014151624548736462,0
cifar100,m5_hybrid_replay,F1,A1_LiRA,0.0020255019392306666,0.014199759326113117,0
cifar100,m5_hybrid_replay,F1,A1_LiRA,0.00212145178491063,0.014199759326113117,0
cifar100,m5_hybrid_replay,F1,A1_LiRA,0.002221946860939524,0.014392298435619736,0
cifar100,m5_hybrid_replay,F1,A1_LiRA,0.0023272024789604074,0.015354993983152827,0
cifar100,m5_hybrid_replay,F1,A1_LiRA,0.002437444150122222,0.015499398315282792,0
cifar100,m5_hybrid_replay,F1,A1_LiRA,0.0025529080682395165,0.015836341756919375,0
cifar100,m5_hybrid_replay,F1,A1_LiRA,0.0026738416158399465,0.015932611311672683,0
cifar100,m5_hybrid_replay,F1,A1_LiRA,0.002800503894183631,0.016028880866425992,0
cifar100,m5_hybrid_replay,F1,A1_LiRA,0.0029331662783900424,0.016895306859205775,0
cifar100,m5_hybrid_replay,F1,A1_LiRA,0.003072112998861759,0.017809867629362215,0
cifar100,m5_hybrid_replay,F1,A1_LiRA,0.0032176417502507355,0.018002406738868833,0
cifar100,m5_hybrid_replay,F1,A1_LiRA,0.003370064329271928,0.018339350180505413,0
cifar100,m5_hybrid_replay,F1,A1_LiRA,0.00352970730273065,0.018676293622141998,0
cifar100,m5_hybrid_replay,F1,A1_LiRA,0.0036969127071950283,0.01944645006016847,0
cifar100,m5_hybrid_replay,F1,A1_LiRA,0.003872038781812557,0.019494584837545126,0
cifar100,m5_hybrid_replay,F1,A1_LiRA,0.004055460735840828,0.019590854392298435,0
cifar100,m5_hybrid_replay,F1,A1_LiRA,0.0042475715525368985,0.019687123947051743,0
cifar100,m5_hybrid_replay,F1,A1_LiRA,0.004448782831127585,0.019783393501805056,0
cifar100,m5_hybrid_replay,F1,A1_LiRA,0.004659525668664682,0.020505415162454875,0
cifar100,m5_hybrid_replay,F1,A1_LiRA,0.004880251583654433,0.021034897713598073,0
cifar100,m5_hybrid_replay,F1,A1_LiRA,0.005111433483440166,0.021323706377858003,0
cifar100,m5_hybrid_replay,F1,A1_LiRA,0.0053535666774107244,0.021564380264741275,0
cifar100,m5_hybrid_replay,F1,A1_LiRA,0.005607169938205458,0.021756919374247893,0
cifar100,m5_hybrid_replay,F1,A1_LiRA,0.005872786613189483,0.022478941034897712,0
cifar100,m5_hybrid_replay,F1,A1_LiRA,0.006150985788580504,0.023393501805054152,0
cifar100,m5_hybrid_replay,F1,A1_LiRA,0.00644236350872137,0.02397111913357401,0
cifar100,m5_hybrid_replay,F1,A1_LiRA,0.006747544053110693,0.02531889290012034,0
cifar100,m5_hybrid_replay,F1,A1_LiRA,0.0070671812739274914,0.025800240673886882,0
cifar100,m5_hybrid_replay,F1,A1_LiRA,0.007401959996915644,0.026089049338146812,0
cifar100,m5_hybrid_replay,F1,A1_LiRA,0.007752597488629464,0.02690734055354994,0
cifar100,m5_hybrid_replay,F1,A1_LiRA,0.008119844993184008,0.02762936221419976,0
cifar100,m5_hybrid_replay,F1,A1_LiRA,0.008504489341802677,0.028014440433212995,0
cifar100,m5_hybrid_replay,F1,A1_LiRA,0.00890735463861044,0.028832731648616126,0
cifar100,m5_hybrid_replay,F1,A1_LiRA,0.009329304026284686,0.029554753309265946,0
cifar100,m5_hybrid_replay,F1,A1_LiRA,0.009771241535346501,0.03032490974729242,0
cifar100,m5_hybrid_replay,F1,A1_LiRA,0.010234114021054527,0.03143200962695548,0
cifar100,m5_hybrid_replay,F1,A1_LiRA,0.010718913192051276,0.032394705174488565,0
cifar100,m5_hybrid_replay,F1,A1_LiRA,0.011226677735108135,0.03335740072202166,0
cifar100,m5_hybrid_replay,F1,A1_LiRA,0.01175849554052157,0.03456077015643803,0
cifar100,m5_hybrid_replay,F1,A1_LiRA,0.012315506032928261,0.03581227436823105,0
cifar100,m5_hybrid_replay,F1,A1_LiRA,0.01289890261253308,0.03629362214199759,0
cifar100,m5_hybrid_replay,F1,A1_LiRA,0.013509935211980266,0.03754512635379061,0
cifar100,m5_hybrid_replay,F1,A1_LiRA,0.01414991297434576,0.03884476534296029,0
cifar100,m5_hybrid_replay,F1,A1_LiRA,0.014820207057988586,0.03956678700361011,0
cifar100,m5_hybrid_replay,F1,A1_LiRA,0.01552225357427048,0.04028880866425993,0
cifar100,m5_hybrid_replay,F1,A1_LiRA,0.016257556664437952,0.04197352587244284,0
cifar100,m5_hybrid_replay,F1,A1_LiRA,0.017027691722258997,0.04303249097472924,0
cifar100,m5_hybrid_replay,F1,A1_LiRA,0.017834308769319095,0.04404332129963899,0
cifar100,m5_hybrid_replay,F1,A1_LiRA,0.01867913599020783,0.0451985559566787,0
cifar100,m5_hybrid_replay,F1,A1_LiRA,0.01956398343517065,0.046113116726835136,0
cifar100,m5_hybrid_replay,F1,A1_LiRA,0.020490746898158482,0.04799037304452467,0
cifar100,m5_hybrid_replay,F1,A1_LiRA,0.021461411978584036,0.04977135980746089,0
cifar100,m5_hybrid_replay,F1,A1_LiRA,0.02247805833548725,0.05155234657039711,0
cifar100,m5_hybrid_replay,F1,A1_LiRA,0.02354286414322418,0.05270758122743682,0
cifar100,m5_hybrid_replay,F1,A1_LiRA,0.024658110758226038,0.05444043321299639,0
cifar100,m5_hybrid_replay,F1,A1_LiRA,0.025826187606826773,0.057232250300842356,0
cifar100,m5_hybrid_replay,F1,A1_LiRA,0.027049597304631343,0.059253910950661855,0
cifar100,m5_hybrid_replay,F1,A1_LiRA,0.02833096101839324,0.06084235860409146,0
cifar100,m5_hybrid_replay,F1,A1_LiRA,0.029673024081888696,0.06291215403128761,0
cifar100,m5_hybrid_replay,F1,A1_LiRA,0.03107866187782014,0.06565583634175692,0
cifar100,m5_hybrid_replay,F1,A1_LiRA,0.0325508859983506,0.06772563176895306,0
cifar100,m5_hybrid_replay,F1,A1_LiRA,0.03409285069746811,0.06979542719614922,0
cifar100,m5_hybrid_replay,F1,A1_LiRA,0.03570785964900463,0.0721540312876053,0
cifar100,m5_hybrid_replay,F1,A1_LiRA,0.03739937302478798,0.07484957882069795,0
cifar100,m5_hybrid_replay,F1,A1_LiRA,0.039171014908092605,0.07672683513838749,0
cifar100,m5_hybrid_replay,F1,A1_LiRA,0.04102658105827194,0.07826714801444043,0
cifar100,m5_hybrid_replay,F1,A1_LiRA,0.04297004704320839,0.08091456077015644,0
cifar100,m5_hybrid_replay,F1,A1_LiRA,0.04500557675700498,0.0830806257521059,0
cifar100,m5_hybrid_replay,F1,A1_LiRA,0.047137531341167244,0.08534296028880867,0
cifar100,m5_hybrid_replay,F1,A1_LiRA,0.049370478528390035,0.08904933814681107,0
cifar100,m5_hybrid_replay,F1,A1_LiRA,0.05170920242896761,0.09304452466907341,0
cifar100,m5_hybrid_replay,F1,A1_LiRA,0.054158713780794704,0.09646209386281589,0
cifar100,m5_hybrid_replay,F1,A1_LiRA,0.05672426068491978,0.1002647412755716,0
cifar100,m5_hybrid_replay,F1,A1_LiRA,0.05941133984965034,0.10296028880866426,0
cifar100,m5_hybrid_replay,F1,A1_LiRA,0.06222570836730231,0.10734055354993983,0
cifar100,m5_hybrid_replay,F1,A1_LiRA,0.06517339604882427,0.11037304452466908,0
cifar100,m5_hybrid_replay,F1,A1_LiRA,0.06826071834272386,0.11412755716004813,0
cifar100,m5_hybrid_replay,F1,A1_LiRA,0.07149428986597577,0.11793020457280386,0
cifar100,m5_hybrid_replay,F1,A1_LiRA,0.07488103857590023,0.12327316486161252,0
cifar100,m5_hybrid_replay,F1,A1_LiRA,0.07842822061337681,0.12813477737665463,0
cifar100,m5_hybrid_replay,F1,A1_LiRA,0.0821434358491943,0.1329482551143201,0
cifar100,m5_hybrid_replay,F1,A1_LiRA,0.086034644166845,0.13703971119133573,0
cifar100,m5_hybrid_replay,F1,A1_LiRA,0.09011018251665019,0.14310469314079421,0
cifar100,m5_hybrid_replay,F1,A1_LiRA,0.09437878277775381,0.15018050541516245,0
cifar100,m5_hybrid_replay,F1,A1_LiRA,0.09884959046625587,0.15624548736462093,0
cifar100,m5_hybrid_replay,F1,A1_LiRA,0.10353218432956626,0.16125150421179302,0
cifar100,m5_hybrid_replay,F1,A1_LiRA,0.1084365968689611,0.1687123947051745,0
cifar100,m5_hybrid_replay,F1,A1_LiRA,0.11357333583431052,0.1751624548736462,0
cifar100,m5_hybrid_replay,F1,A1_LiRA,0.11895340673703195,0.18243080625752106,0
cifar100,m5_hybrid_replay,F1,A1_LiRA,0.12458833642950082,0.18883273164861614,0
cifar100,m5_hybrid_replay,F1,A1_LiRA,0.1304901978014403,0.1953309265944645,0
cifar100,m5_hybrid_replay,F1,A1_LiRA,0.13667163564620075,0.20206979542719614,0
cifar100,m5_hybrid_replay,F1,A1_LiRA,0.14314589375234785,0.20991576413959084,0
cifar100,m5_hybrid_replay,F1,A1_LiRA,0.14992684327860456,0.21684717208182913,0
cifar100,m5_hybrid_replay,F1,A1_LiRA,0.15702901247293774,0.22628158844765342,0
cifar100,m5_hybrid_replay,F1,A1_LiRA,0.16446761779946645,0.2348977135980746,0
cifar100,m5_hybrid_replay,F1,A1_LiRA,0.17225859653987874,0.24356197352587244,0
cifar100,m5_hybrid_replay,F1,A1_LiRA,0.18041864093920718,0.25063778580024065,0
cifar100,m5_hybrid_replay,F1,A1_LiRA,0.18896523396912096,0.26223826714801446,0
cifar100,m5_hybrid_replay,F1,A1_LiRA,0.19791668678535573,0.2719614921780987,0
cifar100,m5_hybrid_replay,F1,A1_LiRA,0.2072921779595372,0.2817328519855596,0
cifar100,m5_hybrid_replay,F1,A1_LiRA,0.21711179456945054,0.2939109506618532,0
cifar100,m5_hybrid_replay,F1,A1_LiRA,0.22739657523579276,0.30690734055354996,0
cifar100,m5_hybrid_replay,F1,A1_LiRA,0.23816855519761582,0.3175451263537906,0
cifar100,m5_hybrid_replay,F1,A1_LiRA,0.24945081352303167,0.32876052948255113,0
cifar100,m5_hybrid_replay,F1,A1_LiRA,0.2612675225563329,0.33997593261131165,0
cifar100,m5_hybrid_replay,F1,A1_LiRA,0.27364399970746717,0.35335740072202165,0
cifar100,m5_hybrid_replay,F1,A1_LiRA,0.286606761694825,0.36856799037304455,0
cifar100,m5_hybrid_replay,F1,A1_LiRA,0.3001835813575589,0.38276774969915767,0
cifar100,m5_hybrid_replay,F1,A1_LiRA,0.31440354715915003,0.3984115523465704,0
cifar100,m5_hybrid_replay,F1,A1_LiRA,0.3292971255097151,0.414632972322503,0
cifar100,m5_hybrid_replay,F1,A1_LiRA,0.34489622604057596,0.4309025270758123,0
cifar100,m5_hybrid_replay,F1,A1_LiRA,0.36123426997094304,0.4464019253910951,0
cifar100,m5_hybrid_replay,F1,A1_LiRA,0.3783462617131929,0.4647412755716005,0
cifar100,m5_hybrid_replay,F1,A1_LiRA,0.3962688638701478,0.48216606498194947,0
cifar100,m5_hybrid_replay,F1,A1_LiRA,0.41504047578504766,0.5027677496991576,0
cifar100,m5_hybrid_replay,F1,A1_LiRA,0.43470131581250265,0.5223104693140794,0
cifar100,m5_hybrid_replay,F1,A1_LiRA,0.4552935074866948,0.5409386281588447,0
cifar100,m5_hybrid_replay,F1,A1_LiRA,0.47686116977144694,0.5613477737665463,0
cifar100,m5_hybrid_replay,F1,A1_LiRA,0.499450511585514,0.5813718411552347,0
cifar100,m5_hybrid_replay,F1,A1_LiRA,0.5231099308056264,0.6037063778580024,0
cifar100,m5_hybrid_replay,F1,A1_LiRA,0.5478901179593945,0.6293140794223827,0
cifar100,m5_hybrid_replay,F1,A1_LiRA,0.5738441648302393,0.6563658243080626,0
cifar100,m5_hybrid_replay,F1,A1_LiRA,0.6010276782070382,0.6797593261131167,0
cifar100,m5_hybrid_replay,F1,A1_LiRA,0.6294988990221888,0.7058483754512636,0
cifar100,m5_hybrid_replay,F1,A1_LiRA,0.6593188271333549,0.7336702767749699,0
cifar100,m5_hybrid_replay,F1,A1_LiRA,0.6905513520162331,0.7619735258724428,0
cifar100,m5_hybrid_replay,F1,A1_LiRA,0.7232633896483533,0.7944163658243081,0
cifar100,m5_hybrid_replay,F1,A1_LiRA,0.7575250258771913,0.825222623345367,0
cifar100,m5_hybrid_replay,F1,A1_LiRA,0.7934096665797492,0.8554031287605295,0
cifar100,m5_hybrid_replay,F1,A1_LiRA,0.8309941949353395,0.8903008423586041,0
cifar100,m5_hybrid_replay,F1,A1_LiRA,0.8703591361485166,0.922791817087846,0
cifar100,m5_hybrid_replay,F1,A1_LiRA,0.9115888299750827,0.9523947051744885,0
cifar100,m5_hybrid_replay,F1,A1_LiRA,0.9547716114208056,0.981323706377858,0
cifar100,m5_hybrid_replay,F1,A1_LiRA,1.0,1.0,0
cifar100,m8_analytic,F5,A1_LiRA,0.0,1.0,0
cifar100,m8_analytic,F5,A1_LiRA,0.0001,1.0,0
cifar100,m8_analytic,F5,A1_LiRA,0.00010473708979594497,1.0,0
cifar100,m8_analytic,F5,A1_LiRA,0.00010969857978923841,1.0,0
cifar100,m8_analytic,F5,A1_LiRA,0.00011489510001873086,1.0,0
cifar100,m8_analytic,F5,A1_LiRA,0.00012033778407775893,1.0,0
cifar100,m8_analytic,F5,A1_LiRA,0.00012603829296797275,1.0,0
cifar100,m8_analytic,F5,A1_LiRA,0.0001320088400831418,1.0,0
cifar100,m8_analytic,F5,A1_LiRA,0.00013826221737646565,1.0,0
cifar100,m8_analytic,F5,A1_LiRA,0.0001448118227674533,1.0,0
cifar100,m8_analytic,F5,A1_LiRA,0.00015167168884709225,1.0,0
cifar100,m8_analytic,F5,A1_LiRA,0.00015885651294280528,1.0,0
cifar100,m8_analytic,F5,A1_LiRA,0.0001663816886076129,1.0,0
cifar100,m8_analytic,F5,A1_LiRA,0.00017426333860096508,1.0,0
cifar100,m8_analytic,F5,A1_LiRA,0.00018251834943190426,1.0,0
cifar100,m8_analytic,F5,A1_LiRA,0.00019116440753857018,1.0,0
cifar100,m8_analytic,F5,A1_LiRA,0.00020022003718155845,1.0,0
cifar100,m8_analytic,F5,A1_LiRA,0.00020970464013232327,1.0,0
cifar100,m8_analytic,F5,A1_LiRA,0.0002196385372416547,1.0,0
cifar100,m8_analytic,F5,A1_LiRA,0.0002300430119772917,1.0,0
cifar100,m8_analytic,F5,A1_LiRA,0.00024094035602395243,1.0,0
cifar100,m8_analytic,F5,A1_LiRA,0.0002523539170434766,1.0,0
cifar100,m8_analytic,F5,A1_LiRA,0.00026430814869741055,1.0,0
cifar100,m8_analytic,F5,A1_LiRA,0.00027682866303920667,1.0,0
cifar100,m8_analytic,F5,A1_LiRA,0.0002899422853882875,1.0,0
cifar100,m8_analytic,F5,A1_LiRA,0.0003036771118035457,1.0,0
cifar100,m8_analytic,F5,A1_LiRA,0.0003180625692794119,1.0,0
cifar100,m8_analytic,F5,A1_LiRA,0.00033312947879346737,1.0,0
cifar100,m8_analytic,F5,A1_LiRA,0.0003489101213406774,1.0,0
cifar100,m8_analytic,F5,A1_LiRA,0.00036543830709572547,1.0,0
cifar100,m8_analytic,F5,A1_LiRA,0.0003827494478516311,1.0,0
cifar100,m8_analytic,F5,A1_LiRA,0.0004008806328898465,1.0,0
cifar100,m8_analytic,F5,A1_LiRA,0.000419870708444391,1.0,0
cifar100,m8_analytic,F5,A1_LiRA,0.00043976036093027214,1.0,0
cifar100,m8_analytic,F5,A1_LiRA,0.00046059220411451035,1.0,0
cifar100,m8_analytic,F5,A1_LiRA,0.00048241087041653687,1.0,0
cifar100,m8_analytic,F5,A1_LiRA,0.0005052631065335679,1.0,0
cifar100,m8_analytic,F5,A1_LiRA,0.0005291978735958442,1.0,0
cifar100,m8_analytic,F5,A1_LiRA,0.0005542664520663107,1.0,0
cifar100,m8_analytic,F5,A1_LiRA,0.0005805225516094895,1.0,0
cifar100,m8_analytic,F5,A1_LiRA,0.0006080224261649427,1.0,0
cifar100,m8_analytic,F5,A1_LiRA,0.0006368249944718586,1.0,0
cifar100,m8_analytic,F5,A1_LiRA,0.0006669919663030121,1.0,0
cifar100,m8_analytic,F5,A1_LiRA,0.0006985879746785249,1.0,0
cifar100,m8_analytic,F5,A1_LiRA,0.0007316807143427193,1.0,0
cifar100,m8_analytic,F5,A1_LiRA,0.0007663410868007462,1.0,0
cifar100,m8_analytic,F5,A1_LiRA,0.0008026433522257174,1.0,0
cifar100,m8_analytic,F5,A1_LiRA,0.0008406652885618325,1.0,0
cifar100,m8_analytic,F5,A1_LiRA,0.0008804883581643465,1.0,0
cifar100,m8_analytic,F5,A1_LiRA,0.0009221978823334322,1.0,0
cifar100,m8_analytic,F5,A1_LiRA,0.0009658832241158709,1.0,0
cifar100,m8_analytic,F5,A1_LiRA,0.001011637979766207,1.0,0
cifar100,m8_analytic,F5,A1_LiRA,0.001059560179277616,1.0,0
cifar100,m8_analytic,F5,A1_LiRA,0.0011097524964120721,1.0,0
cifar100,m8_analytic,F5,A1_LiRA,0.0011623224686798518,1.0,0
cifar100,m8_analytic,F5,A1_LiRA,0.001217382727739662,1.0,0
cifar100,m8_analytic,F5,A1_LiRA,0.0012750512407130128,1.0,0
cifar100,m8_analytic,F5,A1_LiRA,0.0013354515629298987,1.0,0
cifar100,m8_analytic,F5,A1_LiRA,0.0013987131026472386,1.0,0
cifar100,m8_analytic,F5,A1_LiRA,0.0014649713983072847,1.0,0
cifar100,m8_analytic,F5,A1_LiRA,0.0015343684089300133,1.0,0
cifar100,m8_analytic,F5,A1_LiRA,0.0016070528182616384,1.0,0
cifar100,m8_analytic,F5,A1_LiRA,0.0016831803533309566,1.0,0
cifar100,m8_analytic,F5,A1_LiRA,0.001762914118095948,1.0,0
cifar100,m8_analytic,F5,A1_LiRA,0.0018464249428955426,1.0,0
cifar100,m8_analytic,F5,A1_LiRA,0.0019338917504552321,1.0,0
cifar100,m8_analytic,F5,A1_LiRA,0.0020255019392306666,1.0,0
cifar100,m8_analytic,F5,A1_LiRA,0.00212145178491063,1.0,0
cifar100,m8_analytic,F5,A1_LiRA,0.002221946860939524,1.0,0
cifar100,m8_analytic,F5,A1_LiRA,0.0023272024789604074,1.0,0
cifar100,m8_analytic,F5,A1_LiRA,0.002437444150122222,1.0,0
cifar100,m8_analytic,F5,A1_LiRA,0.0025529080682395165,1.0,0
cifar100,m8_analytic,F5,A1_LiRA,0.0026738416158399465,1.0,0
cifar100,m8_analytic,F5,A1_LiRA,0.002800503894183631,1.0,0
cifar100,m8_analytic,F5,A1_LiRA,0.0029331662783900424,1.0,0
cifar100,m8_analytic,F5,A1_LiRA,0.003072112998861759,1.0,0
cifar100,m8_analytic,F5,A1_LiRA,0.0032176417502507355,1.0,0
cifar100,m8_analytic,F5,A1_LiRA,0.003370064329271928,1.0,0
cifar100,m8_analytic,F5,A1_LiRA,0.00352970730273065,1.0,0
cifar100,m8_analytic,F5,A1_LiRA,0.0036969127071950283,1.0,0
cifar100,m8_analytic,F5,A1_LiRA,0.003872038781812557,1.0,0
cifar100,m8_analytic,F5,A1_LiRA,0.004055460735840828,1.0,0
cifar100,m8_analytic,F5,A1_LiRA,0.0042475715525368985,1.0,0
cifar100,m8_analytic,F5,A1_LiRA,0.004448782831127585,1.0,0
cifar100,m8_analytic,F5,A1_LiRA,0.004659525668664682,1.0,0
cifar100,m8_analytic,F5,A1_LiRA,0.004880251583654433,1.0,0
cifar100,m8_analytic,F5,A1_LiRA,0.005111433483440166,1.0,0
cifar100,m8_analytic,F5,A1_LiRA,0.0053535666774107244,1.0,0
cifar100,m8_analytic,F5,A1_LiRA,0.005607169938205458,1.0,0
cifar100,m8_analytic,F5,A1_LiRA,0.005872786613189483,1.0,0
cifar100,m8_analytic,F5,A1_LiRA,0.006150985788580504,1.0,0
cifar100,m8_analytic,F5,A1_LiRA,0.00644236350872137,1.0,0
cifar100,m8_analytic,F5,A1_LiRA,0.006747544053110693,1.0,0
cifar100,m8_analytic,F5,A1_LiRA,0.0070671812739274914,1.0,0
cifar100,m8_analytic,F5,A1_LiRA,0.007401959996915644,1.0,0
cifar100,m8_analytic,F5,A1_LiRA,0.007752597488629464,1.0,0
cifar100,m8_analytic,F5,A1_LiRA,0.008119844993184008,1.0,0
cifar100,m8_analytic,F5,A1_LiRA,0.008504489341802677,1.0,0
cifar100,m8_analytic,F5,A1_LiRA,0.00890735463861044,1.0,0
cifar100,m8_analytic,F5,A1_LiRA,0.009329304026284686,1.0,0
cifar100,m8_analytic,F5,A1_LiRA,0.009771241535346501,1.0,0
cifar100,m8_analytic,F5,A1_LiRA,0.010234114021054527,1.0,0
cifar100,m8_analytic,F5,A1_LiRA,0.010718913192051276,1.0,0
cifar100,m8_analytic,F5,A1_LiRA,0.011226677735108135,1.0,0
cifar100,m8_analytic,F5,A1_LiRA,0.01175849554052157,1.0,0
cifar100,m8_analytic,F5,A1_LiRA,0.012315506032928261,1.0,0
cifar100,m8_analytic,F5,A1_LiRA,0.01289890261253308,1.0,0
cifar100,m8_analytic,F5,A1_LiRA,0.013509935211980266,1.0,0
cifar100,m8_analytic,F5,A1_LiRA,0.01414991297434576,1.0,0
cifar100,m8_analytic,F5,A1_LiRA,0.014820207057988586,1.0,0
cifar100,m8_analytic,F5,A1_LiRA,0.01552225357427048,1.0,0
cifar100,m8_analytic,F5,A1_LiRA,0.016257556664437952,1.0,0
cifar100,m8_analytic,F5,A1_LiRA,0.017027691722258997,1.0,0
cifar100,m8_analytic,F5,A1_LiRA,0.017834308769319095,1.0,0
cifar100,m8_analytic,F5,A1_LiRA,0.01867913599020783,1.0,0
cifar100,m8_analytic,F5,A1_LiRA,0.01956398343517065,1.0,0
cifar100,m8_analytic,F5,A1_LiRA,0.020490746898158482,1.0,0
cifar100,m8_analytic,F5,A1_LiRA,0.021461411978584036,1.0,0
cifar100,m8_analytic,F5,A1_LiRA,0.02247805833548725,1.0,0
cifar100,m8_analytic,F5,A1_LiRA,0.02354286414322418,1.0,0
cifar100,m8_analytic,F5,A1_LiRA,0.024658110758226038,1.0,0
cifar100,m8_analytic,F5,A1_LiRA,0.025826187606826773,1.0,0
cifar100,m8_analytic,F5,A1_LiRA,0.027049597304631343,1.0,0
cifar100,m8_analytic,F5,A1_LiRA,0.02833096101839324,1.0,0
cifar100,m8_analytic,F5,A1_LiRA,0.029673024081888696,1.0,0
cifar100,m8_analytic,F5,A1_LiRA,0.03107866187782014,1.0,0
cifar100,m8_analytic,F5,A1_LiRA,0.0325508859983506,1.0,0
cifar100,m8_analytic,F5,A1_LiRA,0.03409285069746811,1.0,0
cifar100,m8_analytic,F5,A1_LiRA,0.03570785964900463,1.0,0
cifar100,m8_analytic,F5,A1_LiRA,0.03739937302478798,1.0,0
cifar100,m8_analytic,F5,A1_LiRA,0.039171014908092605,1.0,0
cifar100,m8_analytic,F5,A1_LiRA,0.04102658105827194,1.0,0
cifar100,m8_analytic,F5,A1_LiRA,0.04297004704320839,1.0,0
cifar100,m8_analytic,F5,A1_LiRA,0.04500557675700498,1.0,0
cifar100,m8_analytic,F5,A1_LiRA,0.047137531341167244,1.0,0
cifar100,m8_analytic,F5,A1_LiRA,0.049370478528390035,1.0,0
cifar100,m8_analytic,F5,A1_LiRA,0.05170920242896761,1.0,0
cifar100,m8_analytic,F5,A1_LiRA,0.054158713780794704,1.0,0
cifar100,m8_analytic,F5,A1_LiRA,0.05672426068491978,1.0,0
cifar100,m8_analytic,F5,A1_LiRA,0.05941133984965034,1.0,0
cifar100,m8_analytic,F5,A1_LiRA,0.06222570836730231,1.0,0
cifar100,m8_analytic,F5,A1_LiRA,0.06517339604882427,1.0,0
cifar100,m8_analytic,F5,A1_LiRA,0.06826071834272386,1.0,0
cifar100,m8_analytic,F5,A1_LiRA,0.07149428986597577,1.0,0
cifar100,m8_analytic,F5,A1_LiRA,0.07488103857590023,1.0,0
cifar100,m8_analytic,F5,A1_LiRA,0.07842822061337681,1.0,0
cifar100,m8_analytic,F5,A1_LiRA,0.0821434358491943,1.0,0
cifar100,m8_analytic,F5,A1_LiRA,0.086034644166845,1.0,0
cifar100,m8_analytic,F5,A1_LiRA,0.09011018251665019,1.0,0
cifar100,m8_analytic,F5,A1_LiRA,0.09437878277775381,1.0,0
cifar100,m8_analytic,F5,A1_LiRA,0.09884959046625587,1.0,0
cifar100,m8_analytic,F5,A1_LiRA,0.10353218432956626,1.0,0
cifar100,m8_analytic,F5,A1_LiRA,0.1084365968689611,1.0,0
cifar100,m8_analytic,F5,A1_LiRA,0.11357333583431052,1.0,0
cifar100,m8_analytic,F5,A1_LiRA,0.11895340673703195,1.0,0
cifar100,m8_analytic,F5,A1_LiRA,0.12458833642950082,1.0,0
cifar100,m8_analytic,F5,A1_LiRA,0.1304901978014403,1.0,0
cifar100,m8_analytic,F5,A1_LiRA,0.13667163564620075,1.0,0
cifar100,m8_analytic,F5,A1_LiRA,0.14314589375234785,1.0,0
cifar100,m8_analytic,F5,A1_LiRA,0.14992684327860456,1.0,0
cifar100,m8_analytic,F5,A1_LiRA,0.15702901247293774,1.0,0
cifar100,m8_analytic,F5,A1_LiRA,0.16446761779946645,1.0,0
cifar100,m8_analytic,F5,A1_LiRA,0.17225859653987874,1.0,0
cifar100,m8_analytic,F5,A1_LiRA,0.18041864093920718,1.0,0
cifar100,m8_analytic,F5,A1_LiRA,0.18896523396912096,1.0,0
cifar100,m8_analytic,F5,A1_LiRA,0.19791668678535573,1.0,0
cifar100,m8_analytic,F5,A1_LiRA,0.2072921779595372,1.0,0
cifar100,m8_analytic,F5,A1_LiRA,0.21711179456945054,1.0,0
cifar100,m8_analytic,F5,A1_LiRA,0.22739657523579276,1.0,0
cifar100,m8_analytic,F5,A1_LiRA,0.23816855519761582,1.0,0
cifar100,m8_analytic,F5,A1_LiRA,0.24945081352303167,1.0,0
cifar100,m8_analytic,F5,A1_LiRA,0.2612675225563329,1.0,0
cifar100,m8_analytic,F5,A1_LiRA,0.27364399970746717,1.0,0
cifar100,m8_analytic,F5,A1_LiRA,0.286606761694825,1.0,0
cifar100,m8_analytic,F5,A1_LiRA,0.3001835813575589,1.0,0
cifar100,m8_analytic,F5,A1_LiRA,0.31440354715915003,1.0,0
cifar100,m8_analytic,F5,A1_LiRA,0.3292971255097151,1.0,0
cifar100,m8_analytic,F5,A1_LiRA,0.34489622604057596,1.0,0
cifar100,m8_analytic,F5,A1_LiRA,0.36123426997094304,1.0,0
cifar100,m8_analytic,F5,A1_LiRA,0.3783462617131929,1.0,0
cifar100,m8_analytic,F5,A1_LiRA,0.3962688638701478,1.0,0
cifar100,m8_analytic,F5,A1_LiRA,0.41504047578504766,1.0,0
cifar100,m8_analytic,F5,A1_LiRA,0.43470131581250265,1.0,0
cifar100,m8_analytic,F5,A1_LiRA,0.4552935074866948,1.0,0
cifar100,m8_analytic,F5,A1_LiRA,0.47686116977144694,1.0,0
cifar100,m8_analytic,F5,A1_LiRA,0.499450511585514,1.0,0
cifar100,m8_analytic,F5,A1_LiRA,0.5231099308056264,1.0,0
cifar100,m8_analytic,F5,A1_LiRA,0.5478901179593945,1.0,0
cifar100,m8_analytic,F5,A1_LiRA,0.5738441648302393,1.0,0
cifar100,m8_analytic,F5,A1_LiRA,0.6010276782070382,1.0,0
cifar100,m8_analytic,F5,A1_LiRA,0.6294988990221888,1.0,0
cifar100,m8_analytic,F5,A1_LiRA,0.6593188271333549,1.0,0
cifar100,m8_analytic,F5,A1_LiRA,0.6905513520162331,1.0,0
cifar100,m8_analytic,F5,A1_LiRA,0.7232633896483533,1.0,0
cifar100,m8_analytic,F5,A1_LiRA,0.7575250258771913,1.0,0
cifar100,m8_analytic,F5,A1_LiRA,0.7934096665797492,1.0,0
cifar100,m8_analytic,F5,A1_LiRA,0.8309941949353395,1.0,0
cifar100,m8_analytic,F5,A1_LiRA,0.8703591361485166,1.0,0
cifar100,m8_analytic,F5,A1_LiRA,0.9115888299750827,1.0,0
cifar100,m8_analytic,F5,A1_LiRA,0.9547716114208056,1.0,0
cifar100,m8_analytic,F5,A1_LiRA,1.0,1.0,0
cub200,m0_fedavg,F1,A1_LiRA,0.0,0.0008048387883517877,0
cub200,m0_fedavg,F1,A1_LiRA,0.0001,0.0031705770450221942,0
cub200,m0_fedavg,F1,A1_LiRA,0.00010473708979594497,0.0031705770450221942,0
cub200,m0_fedavg,F1,A1_LiRA,0.00010969857978923841,0.0031705770450221942,0
cub200,m0_fedavg,F1,A1_LiRA,0.00011489510001873086,0.0033047168430808253,0
cub200,m0_fedavg,F1,A1_LiRA,0.00012033778407775893,0.0033047168430808253,0
cub200,m0_fedavg,F1,A1_LiRA,0.00012603829296797275,0.004036388468855178,0
cub200,m0_fedavg,F1,A1_LiRA,0.0001320088400831418,0.004036388468855178,0
cub200,m0_fedavg,F1,A1_LiRA,0.00013826221737646565,0.004060777523047656,0
cub200,m0_fedavg,F1,A1_LiRA,0.0001448118227674533,0.004060777523047656,0
cub200,m0_fedavg,F1,A1_LiRA,0.00015167168884709225,0.004146139212721331,0
cub200,m0_fedavg,F1,A1_LiRA,0.00015885651294280528,0.004146139212721331,0
cub200,m0_fedavg,F1,A1_LiRA,0.0001663816886076129,0.004572947661089703,0
cub200,m0_fedavg,F1,A1_LiRA,0.00017426333860096508,0.00523145212428662,0
cub200,m0_fedavg,F1,A1_LiRA,0.00018251834943190426,0.00523145212428662,0
cub200,m0_fedavg,F1,A1_LiRA,0.00019116440753857018,0.005536315301692601,0
cub200,m0_fedavg,F1,A1_LiRA,0.00020022003718155845,0.0056094824642700354,0
cub200,m0_fedavg,F1,A1_LiRA,0.00020970464013232327,0.005658260572654992,0
cub200,m0_fedavg,F1,A1_LiRA,0.0002196385372416547,0.005658260572654992,0
cub200,m0_fedavg,F1,A1_LiRA,0.0002300430119772917,0.0057924003707136235,0
cub200,m0_fedavg,F1,A1_LiRA,0.00024094035602395243,0.0062435978732744745,0
cub200,m0_fedavg,F1,A1_LiRA,0.0002523539170434766,0.006365543144236867,0
cub200,m0_fedavg,F1,A1_LiRA,0.00026430814869741055,0.006646017267450368,0
cub200,m0_fedavg,F1,A1_LiRA,0.00027682866303920667,0.006804546119701478,0
cub200,m0_fedavg,F1,A1_LiRA,0.0002899422853882875,0.0069630749719525875,0
cub200,m0_fedavg,F1,A1_LiRA,0.0003036771118035457,0.006987464026145066,0
cub200,m0_fedavg,F1,A1_LiRA,0.0003180625692794119,0.007109409297107458,0
cub200,m0_fedavg,F1,A1_LiRA,0.00033312947879346737,0.007109409297107458,0
cub200,m0_fedavg,F1,A1_LiRA,0.0003489101213406774,0.007219160040973611,0
cub200,m0_fedavg,F1,A1_LiRA,0.00036543830709572547,0.0072313545680698504,0
cub200,m0_fedavg,F1,A1_LiRA,0.0003827494478516311,0.007804497341593093,0
cub200,m0_fedavg,F1,A1_LiRA,0.0004008806328898465,0.007841080922881811,0
cub200,m0_fedavg,F1,A1_LiRA,0.000419870708444391,0.0083044729525389,0
cub200,m0_fedavg,F1,A1_LiRA,0.00043976036093027214,0.008402029169308814,0
cub200,m0_fedavg,F1,A1_LiRA,0.00046059220411451035,0.00847519633188625,0
cub200,m0_fedavg,F1,A1_LiRA,0.00048241087041653687,0.008658114238329838,0
cub200,m0_fedavg,F1,A1_LiRA,0.0005052631065335679,0.008889810253158383,0
cub200,m0_fedavg,F1,A1_LiRA,0.0005291978735958442,0.009048339105409493,0
cub200,m0_fedavg,F1,A1_LiRA,0.0005542664520663107,0.009353202282815472,0
cub200,m0_fedavg,F1,A1_LiRA,0.0005805225516094895,0.009499536607970344,0
cub200,m0_fedavg,F1,A1_LiRA,0.0006080224261649427,0.009609287351836495,0
cub200,m0_fedavg,F1,A1_LiRA,0.0006368249944718586,0.009658065460221453,0
cub200,m0_fedavg,F1,A1_LiRA,0.0006669919663030121,0.01001170674601239,0
cub200,m0_fedavg,F1,A1_LiRA,0.0006985879746785249,0.010365348031803327,0
cub200,m0_fedavg,F1,A1_LiRA,0.0007316807143427193,0.010536071411150675,0
cub200,m0_fedavg,F1,A1_LiRA,0.0007663410868007462,0.010816545534364176,0
cub200,m0_fedavg,F1,A1_LiRA,0.0008026433522257174,0.010914101751134091,0
cub200,m0_fedavg,F1,A1_LiRA,0.0008406652885618325,0.01137749378079118,0
cub200,m0_fedavg,F1,A1_LiRA,0.0008804883581643465,0.011633578849812204,0
cub200,m0_fedavg,F1,A1_LiRA,0.0009221978823334322,0.011816496756255792,0
cub200,m0_fedavg,F1,A1_LiRA,0.0009658832241158709,0.012828642505243647,0
cub200,m0_fedavg,F1,A1_LiRA,0.001011637979766207,0.013365201697478173,0
cub200,m0_fedavg,F1,A1_LiRA,0.001059560179277616,0.013511536022633042,0
cub200,m0_fedavg,F1,A1_LiRA,0.0011097524964120721,0.014730988732256964,0
cub200,m0_fedavg,F1,A1_LiRA,0.0011623224686798518,0.015426076776742598,0
cub200,m0_fedavg,F1,A1_LiRA,0.001217382727739662,0.015743134481244817,0
cub200,m0_fedavg,F1,A1_LiRA,0.0012750512407130128,0.016218721037998145,0
cub200,m0_fedavg,F1,A1_LiRA,0.0013354515629298987,0.017023559826349934,0
cub200,m0_fedavg,F1,A1_LiRA,0.0013987131026472386,0.017572313545680698,0
cub200,m0_fedavg,F1,A1_LiRA,0.0014649713983072847,0.017779620506316766,0
cub200,m0_fedavg,F1,A1_LiRA,0.0015343684089300133,0.018486903077898638,0
cub200,m0_fedavg,F1,A1_LiRA,0.0016070528182616384,0.018742988146919663,0
cub200,m0_fedavg,F1,A1_LiRA,0.0016831803533309566,0.01924296375786547,0
cub200,m0_fedavg,F1,A1_LiRA,0.001762914118095948,0.01956002146236769,0
cub200,m0_fedavg,F1,A1_LiRA,0.0018464249428955426,0.019925857275254866,0
cub200,m0_fedavg,F1,A1_LiRA,0.0019338917504552321,0.020523389102970586,0
cub200,m0_fedavg,F1,A1_LiRA,0.0020255019392306666,0.02077947417199161,0
cub200,m0_fedavg,F1,A1_LiRA,0.00212145178491063,0.020913613970050243,0
cub200,m0_fedavg,F1,A1_LiRA,0.002221946860939524,0.0215233403248622,0
cub200,m0_fedavg,F1,A1_LiRA,0.0023272024789604074,0.022669625871908686,0
cub200,m0_fedavg,F1,A1_LiRA,0.002437444150122222,0.02324276864543193,0
cub200,m0_fedavg,F1,A1_LiRA,0.0025529080682395165,0.023828105946051413,0
cub200,m0_fedavg,F1,A1_LiRA,0.0026738416158399465,0.02476708453246183,0
cub200,m0_fedavg,F1,A1_LiRA,0.002800503894183631,0.025376810887273792,0
cub200,m0_fedavg,F1,A1_LiRA,0.0029331662783900424,0.025828008389834643,0
cub200,m0_fedavg,F1,A1_LiRA,0.003072112998861759,0.02651090190722404,0
cub200,m0_fedavg,F1,A1_LiRA,0.0032176417502507355,0.027376713331057023,0
cub200,m0_fedavg,F1,A1_LiRA,0.003370064329271928,0.02788888346909907,0
cub200,m0_fedavg,F1,A1_LiRA,0.00352970730273065,0.029022974489049315,0
cub200,m0_fedavg,F1,A1_LiRA,0.0036969127071950283,0.030010731183844692,0
cub200,m0_fedavg,F1,A1_LiRA,0.003872038781812557,0.03112043314960246,0
cub200,m0_fedavg,F1,A1_LiRA,0.004055460735840828,0.03207160626310911,0
cub200,m0_fedavg,F1,A1_LiRA,0.0042475715525368985,0.03329105897273304,0
cub200,m0_fedavg,F1,A1_LiRA,0.004448782831127585,0.03409589776108483,0
cub200,m0_fedavg,F1,A1_LiRA,0.004659525668664682,0.035059265401687724,0
cub200,m0_fedavg,F1,A1_LiRA,0.004880251583654433,0.03610799473196429,0
cub200,m0_fedavg,F1,A1_LiRA,0.005111433483440166,0.03704697331837471,0
cub200,m0_fedavg,F1,A1_LiRA,0.0053535666774107244,0.03793717379640017,0
cub200,m0_fedavg,F1,A1_LiRA,0.005607169938205458,0.03864445636798205,0
cub200,m0_fedavg,F1,A1_LiRA,0.005872786613189483,0.03988829813179845,0
cub200,m0_fedavg,F1,A1_LiRA,0.006150985788580504,0.041229696112384764,0
cub200,m0_fedavg,F1,A1_LiRA,0.00644236350872137,0.04210770206331398,0
cub200,m0_fedavg,F1,A1_LiRA,0.006747544053110693,0.0440100482903273,0
cub200,m0_fedavg,F1,A1_LiRA,0.0070671812739274914,0.045351446270913615,0
cub200,m0_fedavg,F1,A1_LiRA,0.007401959996915644,0.046205063167650356,0
cub200,m0_fedavg,F1,A1_LiRA,0.007752597488629464,0.04766840641919906,0
cub200,m0_fedavg,F1,A1_LiRA,0.008119844993184008,0.04877810838495683,0
cub200,m0_fedavg,F1,A1_LiRA,0.008504489341802677,0.05014389541973562,0
cub200,m0_fedavg,F1,A1_LiRA,0.00890735463861044,0.05180235110482415,0
cub200,m0_fedavg,F1,A1_LiRA,0.009329304026284686,0.05310716550412175,0
cub200,m0_fedavg,F1,A1_LiRA,0.009771241535346501,0.054753426662114045,0
cub200,m0_fedavg,F1,A1_LiRA,0.010234114021054527,0.05587532315496805,0
cub200,m0_fedavg,F1,A1_LiRA,0.010718913192051276,0.057472806204575386,0
cub200,m0_fedavg,F1,A1_LiRA,0.011226677735108135,0.059033705672894,0
cub200,m0_fedavg,F1,A1_LiRA,0.01175849554052157,0.060704355885078776,0
cub200,m0_fedavg,F1,A1_LiRA,0.012315506032928261,0.062143310082435003,0
cub200,m0_fedavg,F1,A1_LiRA,0.01289890261253308,0.06430174137846935,0
cub200,m0_fedavg,F1,A1_LiRA,0.013509935211980266,0.06667967416223598,0
cub200,m0_fedavg,F1,A1_LiRA,0.01414991297434576,0.06838690795570948,0
cub200,m0_fedavg,F1,A1_LiRA,0.014820207057988586,0.07061850641432126,0
cub200,m0_fedavg,F1,A1_LiRA,0.01552225357427048,0.0727769377103556,0
cub200,m0_fedavg,F1,A1_LiRA,0.016257556664437952,0.07482561826252378,0
cub200,m0_fedavg,F1,A1_LiRA,0.017027691722258997,0.07683771523340324,0
cub200,m0_fedavg,F1,A1_LiRA,0.017834308769319095,0.07911809180039998,0
cub200,m0_fedavg,F1,A1_LiRA,0.01867913599020783,0.08160577532803277,0
cub200,m0_fedavg,F1,A1_LiRA,0.01956398343517065,0.08389834642212575,0
cub200,m0_fedavg,F1,A1_LiRA,0.020490746898158482,0.08667869860006829,0
cub200,m0_fedavg,F1,A1_LiRA,0.021461411978584036,0.08923954929027852,0
cub200,m0_fedavg,F1,A1_LiRA,0.02247805833548725,0.09178820545339252,0
cub200,m0_fedavg,F1,A1_LiRA,0.02354286414322418,0.09436125067069899,0
cub200,m0_fedavg,F1,A1_LiRA,0.024658110758226038,0.09714160284864153,0
cub200,m0_fedavg,F1,A1_LiRA,0.025826187606826773,0.10071459928783962,0
cub200,m0_fedavg,F1,A1_LiRA,0.027049597304631343,0.1036047022096483,0
cub200,m0_fedavg,F1,A1_LiRA,0.02833096101839324,0.10692161357982538,0
cub200,m0_fedavg,F1,A1_LiRA,0.029673024081888696,0.11026291400419491,0
cub200,m0_fedavg,F1,A1_LiRA,0.03107866187782014,0.11354324179308327,0
cub200,m0_fedavg,F1,A1_LiRA,0.0325508859983506,0.116945514852934,0
cub200,m0_fedavg,F1,A1_LiRA,0.03409285069746811,0.12040876054826594,0
cub200,m0_fedavg,F1,A1_LiRA,0.03570785964900463,0.12346958684942198,0
cub200,m0_fedavg,F1,A1_LiRA,0.03739937302478798,0.1274328081556997,0
cub200,m0_fedavg,F1,A1_LiRA,0.039171014908092605,0.1315911418955173,0
cub200,m0_fedavg,F1,A1_LiRA,0.04102658105827194,0.13552997414760257,0
cub200,m0_fedavg,F1,A1_LiRA,0.04297004704320839,0.13966391883322765,0
cub200,m0_fedavg,F1,A1_LiRA,0.04500557675700498,0.14401736500658505,0
cub200,m0_fedavg,F1,A1_LiRA,0.047137531341167244,0.14816350421930638,0
cub200,m0_fedavg,F1,A1_LiRA,0.049370478528390035,0.15201697478171797,0
cub200,m0_fedavg,F1,A1_LiRA,0.05170920242896761,0.15649236622603777,0
cub200,m0_fedavg,F1,A1_LiRA,0.054158713780794704,0.16152870591678456,0
cub200,m0_fedavg,F1,A1_LiRA,0.05672426068491978,0.1663699331739915,0
cub200,m0_fedavg,F1,A1_LiRA,0.05941133984965034,0.17155260718989318,0
cub200,m0_fedavg,F1,A1_LiRA,0.06222570836730231,0.1776010926296278,0
cub200,m0_fedavg,F1,A1_LiRA,0.06517339604882427,0.1831008243500317,0
cub200,m0_fedavg,F1,A1_LiRA,0.06826071834272386,0.18906394810009267,0
cub200,m0_fedavg,F1,A1_LiRA,0.07149428986597577,0.19520998975659723,0
cub200,m0_fedavg,F1,A1_LiRA,0.07488103857590023,0.20146578215696795,0
cub200,m0_fedavg,F1,A1_LiRA,0.07842822061337681,0.20669723428125458,0
cub200,m0_fedavg,F1,A1_LiRA,0.0821434358491943,0.21336764060289742,0
cub200,m0_fedavg,F1,A1_LiRA,0.086034644166845,0.21931856982586215,0
cub200,m0_fedavg,F1,A1_LiRA,0.09011018251665019,0.22650114628554704,0
cub200,m0_fedavg,F1,A1_LiRA,0.09437878277775381,0.23372030632652066,0
cub200,m0_fedavg,F1,A1_LiRA,0.09884959046625587,0.24131749670747768,0
cub200,m0_fedavg,F1,A1_LiRA,0.10353218432956626,0.24920735573874445,0
cub200,m0_fedavg,F1,A1_LiRA,0.1084365968689611,0.25687771328227893,0
cub200,m0_fedavg,F1,A1_LiRA,0.11357333583431052,0.2645236817716209,0
cub200,m0_fedavg,F1,A1_LiRA,0.11895340673703195,0.27262084776352374,0
cub200,m0_fedavg,F1,A1_LiRA,0.12458833642950082,0.28155943612506706,0
cub200,m0_fedavg,F1,A1_LiRA,0.1304901978014403,0.29007121603824204,0
cub200,m0_fedavg,F1,A1_LiRA,0.13667163564620075,0.2991683332520365,0
cub200,m0_fedavg,F1,A1_LiRA,0.14314589375234785,0.308777620603873,0
cub200,m0_fedavg,F1,A1_LiRA,0.14992684327860456,0.3185088532266719,0
cub200,m0_fedavg,F1,A1_LiRA,0.15702901247293774,0.32871567240622407,0
cub200,m0_fedavg,F1,A1_LiRA,0.16446761779946645,0.3385444612457929,0
cub200,m0_fedavg,F1,A1_LiRA,0.17225859653987874,0.34832447197697675,0
cub200,m0_fedavg,F1,A1_LiRA,0.18041864093920718,0.35955563143261304,0
cub200,m0_fedavg,F1,A1_LiRA,0.18896523396912096,0.371128237646944,0
cub200,m0_fedavg,F1,A1_LiRA,0.19791668678535573,0.3826520657528901,0
cub200,m0_fedavg,F1,A1_LiRA,0.2072921779595372,0.3946880639968782,0
cub200,m0_fedavg,F1,A1_LiRA,0.21711179456945054,0.4080654602214526,0
cub200,m0_fedavg,F1,A1_LiRA,0.22739657523579276,0.42072337934734894,0
cub200,m0_fedavg,F1,A1_LiRA,0.23816855519761582,0.4341617482074045,0
cub200,m0_fedavg,F1,A1_LiRA,0.24945081352303167,0.4474293936881128,0
cub200,m0_fedavg,F1,A1_LiRA,0.2612675225563329,0.4610262914004195,0
cub200,m0_fedavg,F1,A1_LiRA,0.27364399970746717,0.4752085264133457,0
cub200,m0_fedavg,F1,A1_LiRA,0.286606761694825,0.48984195892883275,0
cub200,m0_fedavg,F1,A1_LiRA,0.3001835813575589,0.5055485098287889,0
cub200,m0_fedavg,F1,A1_LiRA,0.31440354715915003,0.5210843373493976,0
cub200,m0_fedavg,F1,A1_LiRA,0.3292971255097151,0.5356080191210185,0
cub200,m0_fedavg,F1,A1_LiRA,0.34489622604057596,0.551387737183552,0
cub200,m0_fedavg,F1,A1_LiRA,0.36123426997094304,0.5684722696453831,0
cub200,m0_fedavg,F1,A1_LiRA,0.3783462617131929,0.5861665284620262,0
cub200,m0_fedavg,F1,A1_LiRA,0.3962688638701478,0.6037998146431881,0
cub200,m0_fedavg,F1,A1_LiRA,0.41504047578504766,0.6221281888688357,0
cub200,m0_fedavg,F1,A1_LiRA,0.43470131581250265,0.641566265060241,0
cub200,m0_fedavg,F1,A1_LiRA,0.4552935074866948,0.6608580069264914,0
cub200,m0_fedavg,F1,A1_LiRA,0.47686116977144694,0.6807228915662651,0
cub200,m0_fedavg,F1,A1_LiRA,0.499450511585514,0.7010511682356958,0
cub200,m0_fedavg,F1,A1_LiRA,0.5231099308056264,0.7207697185503146,0
cub200,m0_fedavg,F1,A1_LiRA,0.5478901179593945,0.741183356909419,0
cub200,m0_fedavg,F1,A1_LiRA,0.5738441648302393,0.7629749768303985,0
cub200,m0_fedavg,F1,A1_LiRA,0.6010276782070382,0.7859616604068094,0
cub200,m0_fedavg,F1,A1_LiRA,0.6294988990221888,0.8083630066826009,0
cub200,m0_fedavg,F1,A1_LiRA,0.6593188271333549,0.8300204868055217,0
cub200,m0_fedavg,F1,A1_LiRA,0.6905513520162331,0.8528974196380664,0
cub200,m0_fedavg,F1,A1_LiRA,0.7232633896483533,0.8754694892932052,0
cub200,m0_fedavg,F1,A1_LiRA,0.7575250258771913,0.8967611336032388,0
cub200,m0_fedavg,F1,A1_LiRA,0.7934096665797492,0.9184917808887372,0
cub200,m0_fedavg,F1,A1_LiRA,0.8309941949353395,0.939795619725867,0
cub200,m0_fedavg,F1,A1_LiRA,0.8703591361485166,0.9598312277449881,0
cub200,m0_fedavg,F1,A1_LiRA,0.9115888299750827,0.9778181552119409,0
cub200,m0_fedavg,F1,A1_LiRA,0.9547716114208056,0.9920735573874445,0
cub200,m0_fedavg,F1,A1_LiRA,1.0,1.0,0
cub200,m1_glfc,F1,A1_LiRA,0.0,4.897399480875655e-05,0
cub200,m1_glfc,F1,A1_LiRA,0.0001,4.897399480875655e-05,0
cub200,m1_glfc,F1,A1_LiRA,0.00010473708979594497,4.897399480875655e-05,0
cub200,m1_glfc,F1,A1_LiRA,0.00010969857978923841,4.897399480875655e-05,0
cub200,m1_glfc,F1,A1_LiRA,0.00011489510001873086,4.897399480875655e-05,0
cub200,m1_glfc,F1,A1_LiRA,0.00012033778407775893,4.897399480875655e-05,0
cub200,m1_glfc,F1,A1_LiRA,0.00012603829296797275,4.897399480875655e-05,0
cub200,m1_glfc,F1,A1_LiRA,0.0001320088400831418,4.897399480875655e-05,0
cub200,m1_glfc,F1,A1_LiRA,0.00013826221737646565,4.897399480875655e-05,0
cub200,m1_glfc,F1,A1_LiRA,0.0001448118227674533,4.897399480875655e-05,0
cub200,m1_glfc,F1,A1_LiRA,0.00015167168884709225,9.79479896175131e-05,0
cub200,m1_glfc,F1,A1_LiRA,0.00015885651294280528,9.79479896175131e-05,0
cub200,m1_glfc,F1,A1_LiRA,0.0001663816886076129,9.79479896175131e-05,0
cub200,m1_glfc,F1,A1_LiRA,0.00017426333860096508,9.79479896175131e-05,0
cub200,m1_glfc,F1,A1_LiRA,0.00018251834943190426,9.79479896175131e-05,0
cub200,m1_glfc,F1,A1_LiRA,0.00019116440753857018,9.79479896175131e-05,0
cub200,m1_glfc,F1,A1_LiRA,0.00020022003718155845,0.00014692198442626964,0
cub200,m1_glfc,F1,A1_LiRA,0.00020970464013232327,0.00014692198442626964,0
cub200,m1_glfc,F1,A1_LiRA,0.0002196385372416547,0.00014692198442626964,0
cub200,m1_glfc,F1,A1_LiRA,0.0002300430119772917,0.00014692198442626964,0
cub200,m1_glfc,F1,A1_LiRA,0.00024094035602395243,0.00014692198442626964,0
cub200,m1_glfc,F1,A1_LiRA,0.0002523539170434766,0.00014692198442626964,0
cub200,m1_glfc,F1,A1_LiRA,0.00026430814869741055,0.00014692198442626964,0
cub200,m1_glfc,F1,A1_LiRA,0.00027682866303920667,0.00014692198442626964,0
cub200,m1_glfc,F1,A1_LiRA,0.0002899422853882875,0.00014692198442626964,0
cub200,m1_glfc,F1,A1_LiRA,0.0003036771118035457,0.0001958959792350262,0
cub200,m1_glfc,F1,A1_LiRA,0.0003180625692794119,0.0001958959792350262,0
cub200,m1_glfc,F1,A1_LiRA,0.00033312947879346737,0.0001958959792350262,0
cub200,m1_glfc,F1,A1_LiRA,0.0003489101213406774,0.0002938439688525393,0
cub200,m1_glfc,F1,A1_LiRA,0.00036543830709572547,0.0002938439688525393,0
cub200,m1_glfc,F1,A1_LiRA,0.0003827494478516311,0.0002938439688525393,0
cub200,m1_glfc,F1,A1_LiRA,0.0004008806328898465,0.00044076595327880894,0
cub200,m1_glfc,F1,A1_LiRA,0.000419870708444391,0.00044076595327880894,0
cub200,m1_glfc,F1,A1_LiRA,0.00043976036093027214,0.00044076595327880894,0
cub200,m1_glfc,F1,A1_LiRA,0.00046059220411451035,0.00044076595327880894,0
cub200,m1_glfc,F1,A1_LiRA,0.00048241087041653687,0.00044076595327880894,0
cub200,m1_glfc,F1,A1_LiRA,0.0005052631065335679,0.0004897399480875655,0
cub200,m1_glfc,F1,A1_LiRA,0.0005291978735958442,0.0004897399480875655,0
cub200,m1_glfc,F1,A1_LiRA,0.0005542664520663107,0.0004897399480875655,0
cub200,m1_glfc,F1,A1_LiRA,0.0005805225516094895,0.0004897399480875655,0
cub200,m1_glfc,F1,A1_LiRA,0.0006080224261649427,0.0004897399480875655,0
cub200,m1_glfc,F1,A1_LiRA,0.0006368249944718586,0.0004897399480875655,0
cub200,m1_glfc,F1,A1_LiRA,0.0006669919663030121,0.0004897399480875655,0
cub200,m1_glfc,F1,A1_LiRA,0.0006985879746785249,0.0005876879377050786,0
cub200,m1_glfc,F1,A1_LiRA,0.0007316807143427193,0.0005876879377050786,0
cub200,m1_glfc,F1,A1_LiRA,0.0007663410868007462,0.0005876879377050786,0
cub200,m1_glfc,F1,A1_LiRA,0.0008026433522257174,0.0006366619325138352,0
cub200,m1_glfc,F1,A1_LiRA,0.0008406652885618325,0.0006366619325138352,0
cub200,m1_glfc,F1,A1_LiRA,0.0008804883581643465,0.0006366619325138352,0
cub200,m1_glfc,F1,A1_LiRA,0.0009221978823334322,0.0006366619325138352,0
cub200,m1_glfc,F1,A1_LiRA,0.0009658832241158709,0.0006366619325138352,0
cub200,m1_glfc,F1,A1_LiRA,0.001011637979766207,0.0006366619325138352,0
cub200,m1_glfc,F1,A1_LiRA,0.001059560179277616,0.0006366619325138352,0
cub200,m1_glfc,F1,A1_LiRA,0.0011097524964120721,0.0006856359273225917,0
cub200,m1_glfc,F1,A1_LiRA,0.0011623224686798518,0.0007346099221313483,0
cub200,m1_glfc,F1,A1_LiRA,0.001217382727739662,0.0008815319065576179,0
cub200,m1_glfc,F1,A1_LiRA,0.0012750512407130128,0.0009305059013663744,0
cub200,m1_glfc,F1,A1_LiRA,0.0013354515629298987,0.000979479896175131,0
cub200,m1_glfc,F1,A1_LiRA,0.0013987131026472386,0.000979479896175131,0
cub200,m1_glfc,F1,A1_LiRA,0.0014649713983072847,0.001077427885792644,0
cub200,m1_glfc,F1,A1_LiRA,0.0015343684089300133,0.001077427885792644,0
cub200,m1_glfc,F1,A1_LiRA,0.0016070528182616384,0.0011753758754101571,0
cub200,m1_glfc,F1,A1_LiRA,0.0016831803533309566,0.0011753758754101571,0
cub200,m1_glfc,F1,A1_LiRA,0.001762914118095948,0.0012243498702189136,0
cub200,m1_glfc,F1,A1_LiRA,0.0018464249428955426,0.0012733238650276704,0
cub200,m1_glfc,F1,A1_LiRA,0.0019338917504552321,0.0012733238650276704,0
cub200,m1_glfc,F1,A1_LiRA,0.0020255019392306666,0.0012733238650276704,0
cub200,m1_glfc,F1,A1_LiRA,0.00212145178491063,0.00142024584945394,0
cub200,m1_glfc,F1,A1_LiRA,0.002221946860939524,0.0019099857975415054,0
cub200,m1_glfc,F1,A1_LiRA,0.0023272024789604074,0.0023017777560115577,0
cub200,m1_glfc,F1,A1_LiRA,0.002437444150122222,0.003036387678142906,0
cub200,m1_glfc,F1,A1_LiRA,0.0025529080682395165,0.004162789558744307,0
cub200,m1_glfc,F1,A1_LiRA,0.0026738416158399465,0.004897399480875655,0
cub200,m1_glfc,F1,A1_LiRA,0.002800503894183631,0.005142269454919438,0
cub200,m1_glfc,F1,A1_LiRA,0.0029331662783900424,0.005778931387433273,0
cub200,m1_glfc,F1,A1_LiRA,0.003072112998861759,0.007493021205739752,0
cub200,m1_glfc,F1,A1_LiRA,0.0032176417502507355,0.00852147509672364,0
cub200,m1_glfc,F1,A1_LiRA,0.003370064329271928,0.009158137029237476,0
cub200,m1_glfc,F1,A1_LiRA,0.00352970730273065,0.009451980998090014,0
cub200,m1_glfc,F1,A1_LiRA,0.0036969127071950283,0.011312992800822763,0
cub200,m1_glfc,F1,A1_LiRA,0.003872038781812557,0.012341446691806651,0
cub200,m1_glfc,F1,A1_LiRA,0.004055460735840828,0.01292913462951173,0
cub200,m1_glfc,F1,A1_LiRA,0.0042475715525368985,0.013663744551643077,0
cub200,m1_glfc,F1,A1_LiRA,0.004448782831127585,0.014251432489348155,0
cub200,m1_glfc,F1,A1_LiRA,0.004659525668664682,0.015132964395905774,0
cub200,m1_glfc,F1,A1_LiRA,0.004880251583654433,0.016847054214212252,0
cub200,m1_glfc,F1,A1_LiRA,0.005111433483440166,0.01802243008962241,0
cub200,m1_glfc,F1,A1_LiRA,0.0053535666774107244,0.01841422204809246,0
cub200,m1_glfc,F1,A1_LiRA,0.005607169938205458,0.020911895783339046,0
cub200,m1_glfc,F1,A1_LiRA,0.005872786613189483,0.02213624565355796,0
cub200,m1_glfc,F1,A1_LiRA,0.006150985788580504,0.02301777756011558,0
cub200,m1_glfc,F1,A1_LiRA,0.00644236350872137,0.02360546549782066,0
cub200,m1_glfc,F1,A1_LiRA,0.006747544053110693,0.025172633331700868,0
cub200,m1_glfc,F1,A1_LiRA,0.0070671812739274914,0.026396983201919782,0
cub200,m1_glfc,F1,A1_LiRA,0.007401959996915644,0.027082619129242372,0
cub200,m1_glfc,F1,A1_LiRA,0.007752597488629464,0.02825799500465253,0
cub200,m1_glfc,F1,A1_LiRA,0.008119844993184008,0.029335422890445172,0
cub200,m1_glfc,F1,A1_LiRA,0.008504489341802677,0.03041285077623782,0
cub200,m1_glfc,F1,A1_LiRA,0.00890735463861044,0.03139233067241295,0
cub200,m1_glfc,F1,A1_LiRA,0.009329304026284686,0.03335129046476321,0
cub200,m1_glfc,F1,A1_LiRA,0.009771241535346501,0.03433077036093834,0
cub200,m1_glfc,F1,A1_LiRA,0.010234114021054527,0.0362897301532886,0
cub200,m1_glfc,F1,A1_LiRA,0.010718913192051276,0.03839561193006513,0
cub200,m1_glfc,F1,A1_LiRA,0.011226677735108135,0.0400117537587541,0
cub200,m1_glfc,F1,A1_LiRA,0.01175849554052157,0.041236103628973016,0
cub200,m1_glfc,F1,A1_LiRA,0.012315506032928261,0.043341985405749545,0
cub200,m1_glfc,F1,A1_LiRA,0.01289890261253308,0.04549684117733484,0
cub200,m1_glfc,F1,A1_LiRA,0.013509935211980266,0.047798618933346394,0
cub200,m1_glfc,F1,A1_LiRA,0.01414991297434576,0.049855526715314166,0
cub200,m1_glfc,F1,A1_LiRA,0.014820207057988586,0.05127577256476811,0
cub200,m1_glfc,F1,A1_LiRA,0.01552225357427048,0.05220627846613448,0
cub200,m1_glfc,F1,A1_LiRA,0.016257556664437952,0.05426318624810226,0
cub200,m1_glfc,F1,A1_LiRA,0.017027691722258997,0.05607522405602625,0
cub200,m1_glfc,F1,A1_LiRA,0.017834308769319095,0.05739752191586268,0
cub200,m1_glfc,F1,A1_LiRA,0.01867913599020783,0.059503403692639206,0
cub200,m1_glfc,F1,A1_LiRA,0.01956398343517065,0.06175620745384201,0
cub200,m1_glfc,F1,A1_LiRA,0.020490746898158482,0.0640090112150448,0
cub200,m1_glfc,F1,A1_LiRA,0.021461411978584036,0.06577207502816004,0
cub200,m1_glfc,F1,A1_LiRA,0.02247805833548725,0.06822077476859788,0
cub200,m1_glfc,F1,A1_LiRA,0.02354286414322418,0.07013076056613939,0
cub200,m1_glfc,F1,A1_LiRA,0.024658110758226038,0.07218766834810715,0
cub200,m1_glfc,F1,A1_LiRA,0.025826187606826773,0.0740486801508399,0
cub200,m1_glfc,F1,A1_LiRA,0.027049597304631343,0.07610558793280768,0
cub200,m1_glfc,F1,A1_LiRA,0.02833096101839324,0.07835839169401047,0
cub200,m1_glfc,F1,A1_LiRA,0.029673024081888696,0.08119888339291836,0
cub200,m1_glfc,F1,A1_LiRA,0.03107866187782014,0.08384347911259121,0
cub200,m1_glfc,F1,A1_LiRA,0.0325508859983506,0.08683089279592536,0
cub200,m1_glfc,F1,A1_LiRA,0.03409285069746811,0.08942651452078947,0
cub200,m1_glfc,F1,A1_LiRA,0.03570785964900463,0.09109163034428719,0
cub200,m1_glfc,F1,A1_LiRA,0.03739937302478798,0.09427494000685636,0
cub200,m1_glfc,F1,A1_LiRA,0.039171014908092605,0.09691953572652921,0
cub200,m1_glfc,F1,A1_LiRA,0.04102658105827194,0.10083745531122974,0
cub200,m1_glfc,F1,A1_LiRA,0.04297004704320839,0.10372692100494638,0
cub200,m1_glfc,F1,A1_LiRA,0.04500557675700498,0.10666536069347177,0
cub200,m1_glfc,F1,A1_LiRA,0.047137531341167244,0.1105832802781723,0
cub200,m1_glfc,F1,A1_LiRA,0.049370478528390035,0.11410940790440276,0
cub200,m1_glfc,F1,A1_LiRA,0.05170920242896761,0.11739066555658945,0
cub200,m1_glfc,F1,A1_LiRA,0.054158713780794704,0.12086781918801116,0
cub200,m1_glfc,F1,A1_LiRA,0.05672426068491978,0.12414907684019785,0
cub200,m1_glfc,F1,A1_LiRA,0.05941133984965034,0.12934032028992604,0
cub200,m1_glfc,F1,A1_LiRA,0.06222570836730231,0.13340516185905285,0
cub200,m1_glfc,F1,A1_LiRA,0.06517339604882427,0.13844948332435478,0
cub200,m1_glfc,F1,A1_LiRA,0.06826071834272386,0.14334688280523042,0
cub200,m1_glfc,F1,A1_LiRA,0.07149428986597577,0.14736275037954846,0
cub200,m1_glfc,F1,A1_LiRA,0.07488103857590023,0.1524070718448504,0
cub200,m1_glfc,F1,A1_LiRA,0.07842822061337681,0.15549243351780204,0
cub200,m1_glfc,F1,A1_LiRA,0.0821434358491943,0.16048778098829522,0
cub200,m1_glfc,F1,A1_LiRA,0.086034644166845,0.16709927028747734,0
cub200,m1_glfc,F1,A1_LiRA,0.09011018251665019,0.1726823056956756,0
cub200,m1_glfc,F1,A1_LiRA,0.09437878277775381,0.17836328909349136,0
cub200,m1_glfc,F1,A1_LiRA,0.09884959046625587,0.18458298643420343,0
cub200,m1_glfc,F1,A1_LiRA,0.10353218432956626,0.1894803859150791,0
cub200,m1_glfc,F1,A1_LiRA,0.1084365968689611,0.19628777119349625,0
cub200,m1_glfc,F1,A1_LiRA,0.11357333583431052,0.20280131250306088,0
cub200,m1_glfc,F1,A1_LiRA,0.11895340673703195,0.20882511386453792,0
cub200,m1_glfc,F1,A1_LiRA,0.12458833642950082,0.21587736911699887,0
cub200,m1_glfc,F1,A1_LiRA,0.1304901978014403,0.22425192222929624,0
cub200,m1_glfc,F1,A1_LiRA,0.13667163564620075,0.23228365737793233,0
cub200,m1_glfc,F1,A1_LiRA,0.14314589375234785,0.23909104265634948,0
cub200,m1_glfc,F1,A1_LiRA,0.14992684327860456,0.24722072579460305,0
cub200,m1_glfc,F1,A1_LiRA,0.15702901247293774,0.2548606689847691,0
cub200,m1_glfc,F1,A1_LiRA,0.16446761779946645,0.26411675400362405,0
cub200,m1_glfc,F1,A1_LiRA,0.17225859653987874,0.27293207306920025,0
cub200,m1_glfc,F1,A1_LiRA,0.18041864093920718,0.28341250795827416,0
cub200,m1_glfc,F1,A1_LiRA,0.18896523396912096,0.2923747490082766,0
cub200,m1_glfc,F1,A1_LiRA,0.19791668678535573,0.30216954797002793,0
cub200,m1_glfc,F1,A1_LiRA,0.2072921779595372,0.3136784367500857,0
cub200,m1_glfc,F1,A1_LiRA,0.21711179456945054,0.3265096233899799,0
cub200,m1_glfc,F1,A1_LiRA,0.22739657523579276,0.33689211028943633,0
cub200,m1_glfc,F1,A1_LiRA,0.23816855519761582,0.3493804789656692,0
cub200,m1_glfc,F1,A1_LiRA,0.24945081352303167,0.36353396346539985,0
cub200,m1_glfc,F1,A1_LiRA,0.2612675225563329,0.37641412410010283,0
cub200,m1_glfc,F1,A1_LiRA,0.27364399970746717,0.3909104265634948,0
cub200,m1_glfc,F1,A1_LiRA,0.286606761694825,0.40873696067388215,0
cub200,m1_glfc,F1,A1_LiRA,0.3001835813575589,0.4240168470542142,0
cub200,m1_glfc,F1,A1_LiRA,0.31440354715915003,0.44012929134629514,0
cub200,m1_glfc,F1,A1_LiRA,0.3292971255097151,0.45540917772662715,0
cub200,m1_glfc,F1,A1_LiRA,0.34489622604057596,0.47377442577991086,0
cub200,m1_glfc,F1,A1_LiRA,0.36123426997094304,0.48876046819139035,0
cub200,m1_glfc,F1,A1_LiRA,0.3783462617131929,0.5078113521719967,0
cub200,m1_glfc,F1,A1_LiRA,0.3962688638701478,0.5256868602771928,0
cub200,m1_glfc,F1,A1_LiRA,0.41504047578504766,0.5479210539203683,0
cub200,m1_glfc,F1,A1_LiRA,0.43470131581250265,0.5656006660463294,0
cub200,m1_glfc,F1,A1_LiRA,0.4552935074866948,0.5858269259023459,0
cub200,m1_glfc,F1,A1_LiRA,0.47686116977144694,0.6052206278466135,0
cub200,m1_glfc,F1,A1_LiRA,0.499450511585514,0.6270630295313189,0
cub200,m1_glfc,F1,A1_LiRA,0.5231099308056264,0.6488564572212155,0
cub200,m1_glfc,F1,A1_LiRA,0.5478901179593945,0.6744698565061952,0
cub200,m1_glfc,F1,A1_LiRA,0.5738441648302393,0.695234830305108,0
cub200,m1_glfc,F1,A1_LiRA,0.6010276782070382,0.7187423478133111,0
cub200,m1_glfc,F1,A1_LiRA,0.6294988990221888,0.7422008913267055,0
cub200,m1_glfc,F1,A1_LiRA,0.6593188271333549,0.7661981487829962,0
cub200,m1_glfc,F1,A1_LiRA,0.6905513520162331,0.7917625740731672,0
cub200,m1_glfc,F1,A1_LiRA,0.7232633896483533,0.8176698173269994,0
cub200,m1_glfc,F1,A1_LiRA,0.7575250258771913,0.8462216563005044,0
cub200,m1_glfc,F1,A1_LiRA,0.7934096665797492,0.8766345070767423,0
cub200,m1_glfc,F1,A1_LiRA,0.8309941949353395,0.9055291640139086,0
cub200,m1_glfc,F1,A1_LiRA,0.8703591361485166,0.9336892110289436,0
cub200,m1_glfc,F1,A1_LiRA,0.9115888299750827,0.9581272344385131,0
cub200,m1_glfc,F1,A1_LiRA,0.9547716114208056,0.9830060238013615,0
cub200,m1_glfc,F1,A1_LiRA,1.0,1.0,0
cub200,m2_target,F1,A1_LiRA,0.0,0.002431197121462608,0
cub200,m2_target,F1,A1_LiRA,0.0001,0.006612856170378294,0
cub200,m2_target,F1,A1_LiRA,0.00010473708979594497,0.006612856170378294,0
cub200,m2_target,F1,A1_LiRA,0.00010969857978923841,0.006612856170378294,0
cub200,m2_target,F1,A1_LiRA,0.00011489510001873086,0.006612856170378294,0
cub200,m2_target,F1,A1_LiRA,0.00012033778407775893,0.006612856170378294,0
cub200,m2_target,F1,A1_LiRA,0.00012603829296797275,0.006612856170378294,0
cub200,m2_target,F1,A1_LiRA,0.0001320088400831418,0.006612856170378294,0
cub200,m2_target,F1,A1_LiRA,0.00013826221737646565,0.006612856170378294,0
cub200,m2_target,F1,A1_LiRA,0.0001448118227674533,0.006612856170378294,0
cub200,m2_target,F1,A1_LiRA,0.00015167168884709225,0.006612856170378294,0
cub200,m2_target,F1,A1_LiRA,0.00015885651294280528,0.006612856170378294,0
cub200,m2_target,F1,A1_LiRA,0.0001663816886076129,0.006612856170378294,0
cub200,m2_target,F1,A1_LiRA,0.00017426333860096508,0.006612856170378294,0
cub200,m2_target,F1,A1_LiRA,0.00018251834943190426,0.006612856170378294,0
cub200,m2_target,F1,A1_LiRA,0.00019116440753857018,0.006612856170378294,0
cub200,m2_target,F1,A1_LiRA,0.00020022003718155845,0.0077798307886803465,0
cub200,m2_target,F1,A1_LiRA,0.00020970464013232327,0.0077798307886803465,0
cub200,m2_target,F1,A1_LiRA,0.0002196385372416547,0.0077798307886803465,0
cub200,m2_target,F1,A1_LiRA,0.0002300430119772917,0.0077798307886803465,0
cub200,m2_target,F1,A1_LiRA,0.00024094035602395243,0.0077798307886803465,0
cub200,m2_target,F1,A1_LiRA,0.0002523539170434766,0.007828454731109599,0
cub200,m2_target,F1,A1_LiRA,0.00026430814869741055,0.007828454731109599,0
cub200,m2_target,F1,A1_LiRA,0.00027682866303920667,0.007828454731109599,0
cub200,m2_target,F1,A1_LiRA,0.0002899422853882875,0.007828454731109599,0
cub200,m2_target,F1,A1_LiRA,0.0003036771118035457,0.007828454731109599,0
cub200,m2_target,F1,A1_LiRA,0.0003180625692794119,0.007828454731109599,0
cub200,m2_target,F1,A1_LiRA,0.00033312947879346737,0.007828454731109599,0
cub200,m2_target,F1,A1_LiRA,0.0003489101213406774,0.007828454731109599,0
cub200,m2_target,F1,A1_LiRA,0.00036543830709572547,0.007828454731109599,0
cub200,m2_target,F1,A1_LiRA,0.0003827494478516311,0.007828454731109599,0
cub200,m2_target,F1,A1_LiRA,0.0004008806328898465,0.00787707867353885,0
cub200,m2_target,F1,A1_LiRA,0.000419870708444391,0.00787707867353885,0
cub200,m2_target,F1,A1_LiRA,0.00043976036093027214,0.00787707867353885,0
cub200,m2_target,F1,A1_LiRA,0.00046059220411451035,0.008363318097831373,0
cub200,m2_target,F1,A1_LiRA,0.00048241087041653687,0.008363318097831373,0
cub200,m2_target,F1,A1_LiRA,0.0005052631065335679,0.008363318097831373,0
cub200,m2_target,F1,A1_LiRA,0.0005291978735958442,0.008363318097831373,0
cub200,m2_target,F1,A1_LiRA,0.0005542664520663107,0.009724788485850433,0
cub200,m2_target,F1,A1_LiRA,0.0005805225516094895,0.009724788485850433,0
cub200,m2_target,F1,A1_LiRA,0.0006080224261649427,0.011329378586015754,0
cub200,m2_target,F1,A1_LiRA,0.0006368249944718586,0.011621122240591267,0
cub200,m2_target,F1,A1_LiRA,0.0006669919663030121,0.011621122240591267,0
cub200,m2_target,F1,A1_LiRA,0.0006985879746785249,0.012058737722454537,0
cub200,m2_target,F1,A1_LiRA,0.0007316807143427193,0.012058737722454537,0
cub200,m2_target,F1,A1_LiRA,0.0007663410868007462,0.012204609549742293,0
cub200,m2_target,F1,A1_LiRA,0.0008026433522257174,0.012253233492171545,0
cub200,m2_target,F1,A1_LiRA,0.0008406652885618325,0.012399105319459302,0
cub200,m2_target,F1,A1_LiRA,0.0008804883581643465,0.012399105319459302,0
cub200,m2_target,F1,A1_LiRA,0.0009221978823334322,0.013322960225615093,0
cub200,m2_target,F1,A1_LiRA,0.0009658832241158709,0.013420208110473597,0
cub200,m2_target,F1,A1_LiRA,0.001011637979766207,0.013420208110473597,0
cub200,m2_target,F1,A1_LiRA,0.001059560179277616,0.013711951765049111,0
cub200,m2_target,F1,A1_LiRA,0.0011097524964120721,0.013809199649907615,0
cub200,m2_target,F1,A1_LiRA,0.0011623224686798518,0.013955071477195371,0
cub200,m2_target,F1,A1_LiRA,0.001217382727739662,0.01439268695905864,0
cub200,m2_target,F1,A1_LiRA,0.0012750512407130128,0.015413789750072937,0
cub200,m2_target,F1,A1_LiRA,0.0013354515629298987,0.01551103763493144,0
cub200,m2_target,F1,A1_LiRA,0.0013987131026472386,0.015559661577360693,0
cub200,m2_target,F1,A1_LiRA,0.0014649713983072847,0.01735874744724302,0
cub200,m2_target,F1,A1_LiRA,0.0015343684089300133,0.017601867159389283,0
cub200,m2_target,F1,A1_LiRA,0.0016070528182616384,0.01774773898667704,0
cub200,m2_target,F1,A1_LiRA,0.0016831803533309566,0.018331226295828066,0
cub200,m2_target,F1,A1_LiRA,0.001762914118095948,0.018525722065545074,0
cub200,m2_target,F1,A1_LiRA,0.0018464249428955426,0.018525722065545074,0
cub200,m2_target,F1,A1_LiRA,0.0019338917504552321,0.018671593892832832,0
cub200,m2_target,F1,A1_LiRA,0.0020255019392306666,0.0191092093746961,0
cub200,m2_target,F1,A1_LiRA,0.00212145178491063,0.01935232908684236,0
cub200,m2_target,F1,A1_LiRA,0.002221946860939524,0.019935816395993386,0
cub200,m2_target,F1,A1_LiRA,0.0023272024789604074,0.020762423417290673,0
cub200,m2_target,F1,A1_LiRA,0.002437444150122222,0.021151414956724693,0
cub200,m2_target,F1,A1_LiRA,0.0025529080682395165,0.02139453466887095,0
cub200,m2_target,F1,A1_LiRA,0.0026738416158399465,0.022415637459885247,0
cub200,m2_target,F1,A1_LiRA,0.002800503894183631,0.02309637265389478,0
cub200,m2_target,F1,A1_LiRA,0.0029331662783900424,0.023193620538753283,0
cub200,m2_target,F1,A1_LiRA,0.003072112998861759,0.023825731790333562,0
cub200,m2_target,F1,A1_LiRA,0.0032176417502507355,0.024311971214626082,0
cub200,m2_target,F1,A1_LiRA,0.003370064329271928,0.025235826120781873,0
cub200,m2_target,F1,A1_LiRA,0.00352970730273065,0.025673441602645144,0
cub200,m2_target,F1,A1_LiRA,0.0036969127071950283,0.026889040163376447,0
cub200,m2_target,F1,A1_LiRA,0.003872038781812557,0.02810463872410775,0
cub200,m2_target,F1,A1_LiRA,0.004055460735840828,0.028396382378683263,0
cub200,m2_target,F1,A1_LiRA,0.0042475715525368985,0.028931245745405038,0
cub200,m2_target,F1,A1_LiRA,0.004448782831127585,0.0291743654575513,0
cub200,m2_target,F1,A1_LiRA,0.004659525668664682,0.0302927161334241,0
cub200,m2_target,F1,A1_LiRA,0.004880251583654433,0.030730331615287366,0
cub200,m2_target,F1,A1_LiRA,0.005111433483440166,0.0316055625790139,0
cub200,m2_target,F1,A1_LiRA,0.0053535666774107244,0.03189730623358942,0
cub200,m2_target,F1,A1_LiRA,0.005607169938205458,0.0336477681610425,0
cub200,m2_target,F1,A1_LiRA,0.005872786613189483,0.03496061460663231,0
cub200,m2_target,F1,A1_LiRA,0.006150985788580504,0.03617621316736361,0
cub200,m2_target,F1,A1_LiRA,0.00644236350872137,0.037489059612953415,0
cub200,m2_target,F1,A1_LiRA,0.006747544053110693,0.038558786346396964,0
cub200,m2_target,F1,A1_LiRA,0.0070671812739274914,0.039336769425265,0
cub200,m2_target,F1,A1_LiRA,0.007401959996915644,0.04103860741028883,0
cub200,m2_target,F1,A1_LiRA,0.007752597488629464,0.04191383837401536,0
cub200,m2_target,F1,A1_LiRA,0.008119844993184008,0.04405329184090246,0
cub200,m2_target,F1,A1_LiRA,0.008504489341802677,0.04594962559564329,0
cub200,m2_target,F1,A1_LiRA,0.00890735463861044,0.04731109598366236,0
cub200,m2_target,F1,A1_LiRA,0.009329304026284686,0.048575318486822915,0
cub200,m2_target,F1,A1_LiRA,0.009771241535346501,0.049742293105124964,0
cub200,m2_target,F1,A1_LiRA,0.010234114021054527,0.05129825926286103,0
cub200,m2_target,F1,A1_LiRA,0.010718913192051276,0.05256248176602159,0
cub200,m2_target,F1,A1_LiRA,0.011226677735108135,0.053729456384323644,0
cub200,m2_target,F1,A1_LiRA,0.01175849554052157,0.054750559175337936,0
cub200,m2_target,F1,A1_LiRA,0.012315506032928261,0.055820285908781485,0
cub200,m2_target,F1,A1_LiRA,0.01289890261253308,0.057911115433239325,0
cub200,m2_target,F1,A1_LiRA,0.013509935211980266,0.059856073130409415,0
cub200,m2_target,F1,A1_LiRA,0.01414991297434576,0.061995526597296506,0
cub200,m2_target,F1,A1_LiRA,0.014820207057988586,0.06428085189147136,0
cub200,m2_target,F1,A1_LiRA,0.01552225357427048,0.06603131381892444,0
cub200,m2_target,F1,A1_LiRA,0.016257556664437952,0.06875425459496257,0
cub200,m2_target,F1,A1_LiRA,0.017027691722258997,0.07113682777399591,0
cub200,m2_target,F1,A1_LiRA,0.017834308769319095,0.07356802489545852,0
cub200,m2_target,F1,A1_LiRA,0.01867913599020783,0.07575610230477488,0
cub200,m2_target,F1,A1_LiRA,0.01956398343517065,0.07823592336866673,0
cub200,m2_target,F1,A1_LiRA,0.020490746898158482,0.08061849654770009,0
cub200,m2_target,F1,A1_LiRA,0.021461411978584036,0.08280657395701643,0
cub200,m2_target,F1,A1_LiRA,0.02247805833548725,0.0865019935816396,0
cub200,m2_target,F1,A1_LiRA,0.02354286414322418,0.08786346396965866,0
cub200,m2_target,F1,A1_LiRA,0.024658110758226038,0.08990566955168725,0
cub200,m2_target,F1,A1_LiRA,0.025826187606826773,0.09248273850043762,0
cub200,m2_target,F1,A1_LiRA,0.027049597304631343,0.09525430321890499,0
cub200,m2_target,F1,A1_LiRA,0.02833096101839324,0.09753962851307985,0
cub200,m2_target,F1,A1_LiRA,0.029673024081888696,0.10035981717397646,0
cub200,m2_target,F1,A1_LiRA,0.03107866187782014,0.10318000583487309,0
cub200,m2_target,F1,A1_LiRA,0.0325508859983506,0.10614606632305747,0
cub200,m2_target,F1,A1_LiRA,0.03409285069746811,0.10916075075367111,0
cub200,m2_target,F1,A1_LiRA,0.03570785964900463,0.11095983662355344,0
cub200,m2_target,F1,A1_LiRA,0.03739937302478798,0.11484975201789362,0
cub200,m2_target,F1,A1_LiRA,0.039171014908092605,0.1181075561606535,0
cub200,m2_target,F1,A1_LiRA,0.04102658105827194,0.12160848001555966,0
cub200,m2_target,F1,A1_LiRA,0.04297004704320839,0.1262277545463386,0
cub200,m2_target,F1,A1_LiRA,0.04500557675700498,0.13128464455898084,0
cub200,m2_target,F1,A1_LiRA,0.047137531341167244,0.13507731206846252,0
cub200,m2_target,F1,A1_LiRA,0.049370478528390035,0.13916172323251969,0
cub200,m2_target,F1,A1_LiRA,0.05170920242896761,0.14217640766313333,0
cub200,m2_target,F1,A1_LiRA,0.054158713780794704,0.14664981036662453,0
cub200,m2_target,F1,A1_LiRA,0.05672426068491978,0.14976174268209666,0
cub200,m2_target,F1,A1_LiRA,0.05941133984965034,0.15686083827676747,0
cub200,m2_target,F1,A1_LiRA,0.06222570836730231,0.16177185646212194,0
cub200,m2_target,F1,A1_LiRA,0.06517339604882427,0.1688223281143635,0
cub200,m2_target,F1,A1_LiRA,0.06826071834272386,0.17285811533599144,0
cub200,m2_target,F1,A1_LiRA,0.07149428986597577,0.17966546727608673,0
cub200,m2_target,F1,A1_LiRA,0.07488103857590023,0.18608382767674803,0
cub200,m2_target,F1,A1_LiRA,0.07842822061337681,0.19225906836526305,0
cub200,m2_target,F1,A1_LiRA,0.0821434358491943,0.19838568511134883,0
cub200,m2_target,F1,A1_LiRA,0.086034644166845,0.20742973840318973,0
cub200,m2_target,F1,A1_LiRA,0.09011018251665019,0.21409121851599727,0
cub200,m2_target,F1,A1_LiRA,0.09437878277775381,0.22060682680151708,0
cub200,m2_target,F1,A1_LiRA,0.09884959046625587,0.22897014489934844,0
cub200,m2_target,F1,A1_LiRA,0.10353218432956626,0.23699309540017505,0
cub200,m2_target,F1,A1_LiRA,0.1084365968689611,0.24452980647670913,0
cub200,m2_target,F1,A1_LiRA,0.11357333583431052,0.25196926966838473,0
cub200,m2_target,F1,A1_LiRA,0.11895340673703195,0.25872799766605076,0
cub200,m2_target,F1,A1_LiRA,0.12458833642950082,0.2681124185548964,0
cub200,m2_target,F1,A1_LiRA,0.1304901978014403,0.27579500145871827,0
cub200,m2_target,F1,A1_LiRA,0.13667163564620075,0.28445006321112515,0
cub200,m2_target,F1,A1_LiRA,0.14314589375234785,0.2937858601575416,0
cub200,m2_target,F1,A1_LiRA,0.14992684327860456,0.30336477681610424,0
cub200,m2_target,F1,A1_LiRA,0.15702901247293774,0.3133813089565302,0
cub200,m2_target,F1,A1_LiRA,0.16446761779946645,0.3238354565788194,0
cub200,m2_target,F1,A1_LiRA,0.17225859653987874,0.33331712535252356,0
cub200,m2_target,F1,A1_LiRA,0.18041864093920718,0.343041913838374,0
cub200,m2_target,F1,A1_LiRA,0.18896523396912096,0.3537878051152387,0
cub200,m2_target,F1,A1_LiRA,0.19791668678535573,0.3633667217738014,0
cub200,m2_target,F1,A1_LiRA,0.2072921779595372,0.3745016045901002,0
cub200,m2_target,F1,A1_LiRA,0.21711179456945054,0.3858309831761159,0
cub200,m2_target,F1,A1_LiRA,0.22739657523579276,0.3993970631138773,0
cub200,m2_target,F1,A1_LiRA,0.23816855519761582,0.4112613050666148,0
cub200,m2_target,F1,A1_LiRA,0.24945081352303167,0.42380628221336186,0
cub200,m2_target,F1,A1_LiRA,0.2612675225563329,0.4385879607118545,0
cub200,m2_target,F1,A1_LiRA,0.27364399970746717,0.45157055334046486,0
cub200,m2_target,F1,A1_LiRA,0.286606761694825,0.466254983954099,0
cub200,m2_target,F1,A1_LiRA,0.3001835813575589,0.4825440046678985,0
cub200,m2_target,F1,A1_LiRA,0.31440354715915003,0.4964504522026646,0
cub200,m2_target,F1,A1_LiRA,0.3292971255097151,0.5125936010891763,0
cub200,m2_target,F1,A1_LiRA,0.34489622604057596,0.5294661091121268,0
cub200,m2_target,F1,A1_LiRA,0.36123426997094304,0.5475542156958086,0
cub200,m2_target,F1,A1_LiRA,0.3783462617131929,0.5649615870854809,0
cub200,m2_target,F1,A1_LiRA,0.3962688638701478,0.5837790528056015,0
cub200,m2_target,F1,A1_LiRA,0.41504047578504766,0.6019644072741418,0
cub200,m2_target,F1,A1_LiRA,0.43470131581250265,0.6209277448215501,0
cub200,m2_target,F1,A1_LiRA,0.4552935074866948,0.6398910823689585,0
cub200,m2_target,F1,A1_LiRA,0.47686116977144694,0.6622094719439853,0
cub200,m2_target,F1,A1_LiRA,0.499450511585514,0.6832636390158514,0
cub200,m2_target,F1,A1_LiRA,0.5231099308056264,0.7045123018574346,0
cub200,m2_target,F1,A1_LiRA,0.5478901179593945,0.7250802295050083,0
cub200,m2_target,F1,A1_LiRA,0.5738441648302393,0.7465720120587377,0
cub200,m2_target,F1,A1_LiRA,0.6010276782070382,0.7692307692307693,0
cub200,m2_target,F1,A1_LiRA,0.6294988990221888,0.7930078770786735,0
cub200,m2_target,F1,A1_LiRA,0.6593188271333549,0.818146455314597,0
cub200,m2_target,F1,A1_LiRA,0.6905513520162331,0.842847418068657,0
cub200,m2_target,F1,A1_LiRA,0.7232633896483533,0.8658951667801226,0
cub200,m2_target,F1,A1_LiRA,0.7575250258771913,0.8908392492463288,0
cub200,m2_target,F1,A1_LiRA,0.7934096665797492,0.9154429641155305,0
cub200,m2_target,F1,A1_LiRA,0.8309941949353395,0.9362540114752504,0
cub200,m2_target,F1,A1_LiRA,0.8703591361485166,0.9568219391228241,0
cub200,m2_target,F1,A1_LiRA,0.9115888299750827,0.9750559175337936,0
cub200,m2_target,F1,A1_LiRA,0.9547716114208056,0.9921715452688904,0
cub200,m2_target,F1,A1_LiRA,1.0,1.0,0
cub200,m3_fot,F1,A1_LiRA,0.0,0.000589304130039778,0
cub200,m3_fot,F1,A1_LiRA,0.0001,0.004076020232775131,0
cub200,m3_fot,F1,A1_LiRA,0.00010473708979594497,0.004076020232775131,0
cub200,m3_fot,F1,A1_LiRA,0.00010969857978923841,0.004076020232775131,0
cub200,m3_fot,F1,A1_LiRA,0.00011489510001873086,0.004076020232775131,0
cub200,m3_fot,F1,A1_LiRA,0.00012033778407775893,0.004076020232775131,0
cub200,m3_fot,F1,A1_LiRA,0.00012603829296797275,0.004076020232775131,0
cub200,m3_fot,F1,A1_LiRA,0.0001320088400831418,0.004076020232775131,0
cub200,m3_fot,F1,A1_LiRA,0.00013826221737646565,0.004076020232775131,0
cub200,m3_fot,F1,A1_LiRA,0.0001448118227674533,0.004076020232775131,0
cub200,m3_fot,F1,A1_LiRA,0.00015167168884709225,0.005401954525364632,0
cub200,m3_fot,F1,A1_LiRA,0.00015885651294280528,0.005401954525364632,0
cub200,m3_fot,F1,A1_LiRA,0.0001663816886076129,0.005401954525364632,0
cub200,m3_fot,F1,A1_LiRA,0.00017426333860096508,0.005401954525364632,0
cub200,m3_fot,F1,A1_LiRA,0.00018251834943190426,0.005401954525364632,0
cub200,m3_fot,F1,A1_LiRA,0.00019116440753857018,0.005401954525364632,0
cub200,m3_fot,F1,A1_LiRA,0.00020022003718155845,0.006531454107940873,0
cub200,m3_fot,F1,A1_LiRA,0.00020970464013232327,0.006531454107940873,0
cub200,m3_fot,F1,A1_LiRA,0.0002196385372416547,0.006531454107940873,0
cub200,m3_fot,F1,A1_LiRA,0.0002300430119772917,0.006531454107940873,0
cub200,m3_fot,F1,A1_LiRA,0.00024094035602395243,0.006531454107940873,0
cub200,m3_fot,F1,A1_LiRA,0.0002523539170434766,0.007366301625497226,0
cub200,m3_fot,F1,A1_LiRA,0.00026430814869741055,0.007366301625497226,0
cub200,m3_fot,F1,A1_LiRA,0.00027682866303920667,0.007366301625497226,0
cub200,m3_fot,F1,A1_LiRA,0.0002899422853882875,0.007366301625497226,0
cub200,m3_fot,F1,A1_LiRA,0.0003036771118035457,0.00741541030300054,0
cub200,m3_fot,F1,A1_LiRA,0.0003180625692794119,0.00741541030300054,0
cub200,m3_fot,F1,A1_LiRA,0.00033312947879346737,0.00741541030300054,0
cub200,m3_fot,F1,A1_LiRA,0.0003489101213406774,0.007464518980503855,0
cub200,m3_fot,F1,A1_LiRA,0.00036543830709572547,0.007464518980503855,0
cub200,m3_fot,F1,A1_LiRA,0.0003827494478516311,0.007464518980503855,0
cub200,m3_fot,F1,A1_LiRA,0.0004008806328898465,0.007611845013013799,0
cub200,m3_fot,F1,A1_LiRA,0.000419870708444391,0.007611845013013799,0
cub200,m3_fot,F1,A1_LiRA,0.00043976036093027214,0.007808279723027059,0
cub200,m3_fot,F1,A1_LiRA,0.00046059220411451035,0.007808279723027059,0
cub200,m3_fot,F1,A1_LiRA,0.00048241087041653687,0.007808279723027059,0
cub200,m3_fot,F1,A1_LiRA,0.0005052631065335679,0.008250257820556892,0
cub200,m3_fot,F1,A1_LiRA,0.0005291978735958442,0.008250257820556892,0
cub200,m3_fot,F1,A1_LiRA,0.0005542664520663107,0.010214604920689485,0
cub200,m3_fot,F1,A1_LiRA,0.0005805225516094895,0.010214604920689485,0
cub200,m3_fot,F1,A1_LiRA,0.0006080224261649427,0.011196778470755783,0
cub200,m3_fot,F1,A1_LiRA,0.0006368249944718586,0.011245887148259097,0
cub200,m3_fot,F1,A1_LiRA,0.0006669919663030121,0.011245887148259097,0
cub200,m3_fot,F1,A1_LiRA,0.0006985879746785249,0.013357560280901635,0
cub200,m3_fot,F1,A1_LiRA,0.0007316807143427193,0.013799538378431469,0
cub200,m3_fot,F1,A1_LiRA,0.0007663410868007462,0.013799538378431469,0
cub200,m3_fot,F1,A1_LiRA,0.0008026433522257174,0.014290625153464617,0
cub200,m3_fot,F1,A1_LiRA,0.0008406652885618325,0.015371016058537544,0
cub200,m3_fot,F1,A1_LiRA,0.0008804883581643465,0.017286254481166823,0
cub200,m3_fot,F1,A1_LiRA,0.0009221978823334322,0.01777734125619997,0
cub200,m3_fot,F1,A1_LiRA,0.0009658832241158709,0.01777734125619997,0
cub200,m3_fot,F1,A1_LiRA,0.001011637979766207,0.019005058193782842,0
cub200,m3_fot,F1,A1_LiRA,0.001059560179277616,0.019152384226292785,0
cub200,m3_fot,F1,A1_LiRA,0.0011097524964120721,0.0192014929037961,0
cub200,m3_fot,F1,A1_LiRA,0.0011623224686798518,0.019250601581299414,0
cub200,m3_fot,F1,A1_LiRA,0.001217382727739662,0.019741688356332564,0
cub200,m3_fot,F1,A1_LiRA,0.0012750512407130128,0.019741688356332564,0
cub200,m3_fot,F1,A1_LiRA,0.0013354515629298987,0.019741688356332564,0
cub200,m3_fot,F1,A1_LiRA,0.0013987131026472386,0.02033099248637234,0
cub200,m3_fot,F1,A1_LiRA,0.0014649713983072847,0.02082207926140549,0
cub200,m3_fot,F1,A1_LiRA,0.0015343684089300133,0.02092029661641212,0
cub200,m3_fot,F1,A1_LiRA,0.0016070528182616384,0.021558709423955214,0
cub200,m3_fot,F1,A1_LiRA,0.0016831803533309566,0.021607818101458526,0
cub200,m3_fot,F1,A1_LiRA,0.001762914118095948,0.021656926778961843,0
cub200,m3_fot,F1,A1_LiRA,0.0018464249428955426,0.022589991651524824,0
cub200,m3_fot,F1,A1_LiRA,0.0019338917504552321,0.0228355350390414,0
cub200,m3_fot,F1,A1_LiRA,0.0020255019392306666,0.023375730491577863,0
cub200,m3_fot,F1,A1_LiRA,0.00212145178491063,0.023523056524087805,0
cub200,m3_fot,F1,A1_LiRA,0.002221946860939524,0.02376859991160438,0
cub200,m3_fot,F1,A1_LiRA,0.0023272024789604074,0.02558562097922703,0
cub200,m3_fot,F1,A1_LiRA,0.002437444150122222,0.026371359819280068,0
cub200,m3_fot,F1,A1_LiRA,0.0025529080682395165,0.027255316014339732,0
cub200,m3_fot,F1,A1_LiRA,0.0026738416158399465,0.02872857633943918,0
cub200,m3_fot,F1,A1_LiRA,0.002800503894183631,0.02882679369444581,0
cub200,m3_fot,F1,A1_LiRA,0.0029331662783900424,0.030447380052055197,0
cub200,m3_fot,F1,A1_LiRA,0.003072112998861759,0.030840249472081718,0
cub200,m3_fot,F1,A1_LiRA,0.0032176417502507355,0.03172420566714138,0
cub200,m3_fot,F1,A1_LiRA,0.003370064329271928,0.03260816186220105,0
cub200,m3_fot,F1,A1_LiRA,0.00352970730273065,0.03319746599224083,0
cub200,m3_fot,F1,A1_LiRA,0.0036969127071950283,0.03403231350979718,0
cub200,m3_fot,F1,A1_LiRA,0.003872038781812557,0.03427785689731375,0
cub200,m3_fot,F1,A1_LiRA,0.004055460735840828,0.03496537838236016,0
cub200,m3_fot,F1,A1_LiRA,0.0042475715525368985,0.03550557383489663,0
cub200,m3_fot,F1,A1_LiRA,0.004448782831127585,0.0367332907724795,0
cub200,m3_fot,F1,A1_LiRA,0.004659525668664682,0.038010116387565684,0
cub200,m3_fot,F1,A1_LiRA,0.004880251583654433,0.03928694200265187,0
cub200,m3_fot,F1,A1_LiRA,0.005111433483440166,0.04100574571526789,0
cub200,m3_fot,F1,A1_LiRA,0.0053535666774107244,0.043510288267936945,0
cub200,m3_fot,F1,A1_LiRA,0.005607169938205458,0.0446888965280165,0
cub200,m3_fot,F1,A1_LiRA,0.005872786613189483,0.04542552669056622,0
cub200,m3_fot,F1,A1_LiRA,0.006150985788580504,0.04586750478809606,0
cub200,m3_fot,F1,A1_LiRA,0.00644236350872137,0.04670235230565241,0
cub200,m3_fot,F1,A1_LiRA,0.006747544053110693,0.047782743210725336,0
cub200,m3_fot,F1,A1_LiRA,0.0070671812739274914,0.04886313411579826,0
cub200,m3_fot,F1,A1_LiRA,0.007401959996915644,0.04994352502087119,0
cub200,m3_fot,F1,A1_LiRA,0.007752597488629464,0.05092569857093748,0
cub200,m3_fot,F1,A1_LiRA,0.008119844993184008,0.05289004567107008,0
cub200,m3_fot,F1,A1_LiRA,0.008504489341802677,0.05372489318862643,0
cub200,m3_fot,F1,A1_LiRA,0.00890735463861044,0.055492805578745766,0
cub200,m3_fot,F1,A1_LiRA,0.009329304026284686,0.05785002209890488,0
cub200,m3_fot,F1,A1_LiRA,0.009771241535346501,0.060698325394097134,0
cub200,m3_fot,F1,A1_LiRA,0.010234114021054527,0.06428325885183912,0
cub200,m3_fot,F1,A1_LiRA,0.010718913192051276,0.06565830182193194,0
cub200,m3_fot,F1,A1_LiRA,0.011226677735108135,0.06703334479202475,0
cub200,m3_fot,F1,A1_LiRA,0.01175849554052157,0.06875214850464077,0
cub200,m3_fot,F1,A1_LiRA,0.012315506032928261,0.07047095221725679,0
cub200,m3_fot,F1,A1_LiRA,0.01289890261253308,0.07160045179983303,0
cub200,m3_fot,F1,A1_LiRA,0.013509935211980266,0.07385945096498552,0
cub200,m3_fot,F1,A1_LiRA,0.01414991297434576,0.07469429848254186,0
cub200,m3_fot,F1,A1_LiRA,0.014820207057988586,0.07557825467760153,0
cub200,m3_fot,F1,A1_LiRA,0.01552225357427048,0.0768059716151844,0
cub200,m3_fot,F1,A1_LiRA,0.016257556664437952,0.07872121003781368,0
cub200,m3_fot,F1,A1_LiRA,0.017027691722258997,0.08053823110543633,0
cub200,m3_fot,F1,A1_LiRA,0.017834308769319095,0.08485979472572804,0
cub200,m3_fot,F1,A1_LiRA,0.01867913599020783,0.08844472818347002,0
cub200,m3_fot,F1,A1_LiRA,0.01956398343517065,0.09040907528360262,0
cub200,m3_fot,F1,A1_LiRA,0.020490746898158482,0.09350292196631145,0
cub200,m3_fot,F1,A1_LiRA,0.021461411978584036,0.09517261700142415,0
cub200,m3_fot,F1,A1_LiRA,0.02247805833548725,0.09723518145656337,0
cub200,m3_fot,F1,A1_LiRA,0.02354286414322418,0.1013112016893385,0
cub200,m3_fot,F1,A1_LiRA,0.024658110758226038,0.10357020085449099,0
cub200,m3_fot,F1,A1_LiRA,0.025826187606826773,0.10725335166723961,0
cub200,m3_fot,F1,A1_LiRA,0.027049597304631343,0.1115749152875313,0
cub200,m3_fot,F1,A1_LiRA,0.02833096101839324,0.11368658842017385,0
cub200,m3_fot,F1,A1_LiRA,0.029673024081888696,0.11697686981289594,0
cub200,m3_fot,F1,A1_LiRA,0.03107866187782014,0.11928497765555174,0
cub200,m3_fot,F1,A1_LiRA,0.0325508859983506,0.12390119334086333,0
cub200,m3_fot,F1,A1_LiRA,0.03409285069746811,0.12861562638118154,0
cub200,m3_fot,F1,A1_LiRA,0.03570785964900463,0.13274075529146,0
cub200,m3_fot,F1,A1_LiRA,0.03739937302478798,0.13553994990914894,0
cub200,m3_fot,F1,A1_LiRA,0.039171014908092605,0.140696361046997,0
cub200,m3_fot,F1,A1_LiRA,0.04102658105827194,0.14408485979472574,0
cub200,m3_fot,F1,A1_LiRA,0.04297004704320839,0.148651966802534,0
cub200,m3_fot,F1,A1_LiRA,0.04500557675700498,0.15307174777783233,0
cub200,m3_fot,F1,A1_LiRA,0.047137531341167244,0.15847370230319696,0
cub200,m3_fot,F1,A1_LiRA,0.049370478528390035,0.16471050434611795,0
cub200,m3_fot,F1,A1_LiRA,0.05170920242896761,0.17060354564651575,0
cub200,m3_fot,F1,A1_LiRA,0.054158713780794704,0.17580906546186711,0
cub200,m3_fot,F1,A1_LiRA,0.05672426068491978,0.18013062908215882,0
cub200,m3_fot,F1,A1_LiRA,0.05941133984965034,0.18612188773756322,0
cub200,m3_fot,F1,A1_LiRA,0.06222570836730231,0.19353729804056377,0
cub200,m3_fot,F1,A1_LiRA,0.06517339604882427,0.19898836124343172,0
cub200,m3_fot,F1,A1_LiRA,0.06826071834272386,0.20448853312380297,0
cub200,m3_fot,F1,A1_LiRA,0.07149428986597577,0.2118548347493002,0
cub200,m3_fot,F1,A1_LiRA,0.07488103857590023,0.21838628885724107,0
cub200,m3_fot,F1,A1_LiRA,0.07842822061337681,0.22560526445022835,0
cub200,m3_fot,F1,A1_LiRA,0.0821434358491943,0.23149830575062613,0
cub200,m3_fot,F1,A1_LiRA,0.086034644166845,0.2386681726661101,0
cub200,m3_fot,F1,A1_LiRA,0.09011018251665019,0.2475568432942101,0
cub200,m3_fot,F1,A1_LiRA,0.09437878277775381,0.25453027549968077,0
cub200,m3_fot,F1,A1_LiRA,0.09884959046625587,0.2614054903501449,0
cub200,m3_fot,F1,A1_LiRA,0.10353218432956626,0.26970485684820505,0
cub200,m3_fot,F1,A1_LiRA,0.1084365968689611,0.27790600599125864,0
cub200,m3_fot,F1,A1_LiRA,0.11357333583431052,0.2883170456219614,0
cub200,m3_fot,F1,A1_LiRA,0.11895340673703195,0.2982861071551343,0
cub200,m3_fot,F1,A1_LiRA,0.12458833642950082,0.3067819083632078,0
cub200,m3_fot,F1,A1_LiRA,0.1304901978014403,0.3157196876688111,0
cub200,m3_fot,F1,A1_LiRA,0.13667163564620075,0.3246574669744144,0
cub200,m3_fot,F1,A1_LiRA,0.14314589375234785,0.3348229632176006,0
cub200,m3_fot,F1,A1_LiRA,0.14992684327860456,0.3472965673034425,0
cub200,m3_fot,F1,A1_LiRA,0.15702901247293774,0.35824780238668175,0
cub200,m3_fot,F1,A1_LiRA,0.16446761779946645,0.36949368953494083,0
cub200,m3_fot,F1,A1_LiRA,0.17225859653987874,0.3794627510681137,0
cub200,m3_fot,F1,A1_LiRA,0.18041864093920718,0.3906104208613662,0
cub200,m3_fot,F1,A1_LiRA,0.18896523396912096,0.40097235181456564,0
cub200,m3_fot,F1,A1_LiRA,0.19791668678535573,0.4130039778028778,0
cub200,m3_fot,F1,A1_LiRA,0.2072921779595372,0.426607081471296,0
cub200,m3_fot,F1,A1_LiRA,0.21711179456945054,0.439866424397191,0
cub200,m3_fot,F1,A1_LiRA,0.22739657523579276,0.45199626774050977,0
cub200,m3_fot,F1,A1_LiRA,0.23816855519761582,0.4656484800864313,0
cub200,m3_fot,F1,A1_LiRA,0.24945081352303167,0.4800373225949025,0
cub200,m3_fot,F1,A1_LiRA,0.2612675225563329,0.4938859696508373,0
cub200,m3_fot,F1,A1_LiRA,0.27364399970746717,0.5090605509993615,0
cub200,m3_fot,F1,A1_LiRA,0.286606761694825,0.5235476108628395,0
cub200,m3_fot,F1,A1_LiRA,0.3001835813575589,0.5399990178264499,0
cub200,m3_fot,F1,A1_LiRA,0.31440354715915003,0.5552718165299808,0
cub200,m3_fot,F1,A1_LiRA,0.3292971255097151,0.5710848106860482,0
cub200,m3_fot,F1,A1_LiRA,0.34489622604057596,0.5879290870696852,0
cub200,m3_fot,F1,A1_LiRA,0.36123426997094304,0.6049697981633355,0
cub200,m3_fot,F1,A1_LiRA,0.3783462617131929,0.6238766390021117,0
cub200,m3_fot,F1,A1_LiRA,0.3962688638701478,0.6408191327407553,0
cub200,m3_fot,F1,A1_LiRA,0.41504047578504766,0.6583018219319354,0
cub200,m3_fot,F1,A1_LiRA,0.43470131581250265,0.6770613367382017,0
cub200,m3_fot,F1,A1_LiRA,0.4552935074866948,0.6956735255119579,0
cub200,m3_fot,F1,A1_LiRA,0.47686116977144694,0.7161027353533369,0
cub200,m3_fot,F1,A1_LiRA,0.499450511585514,0.7349113588371066,0
cub200,m3_fot,F1,A1_LiRA,0.5231099308056264,0.7541128517409026,0
cub200,m3_fot,F1,A1_LiRA,0.5478901179593945,0.7763590826499043,0
cub200,m3_fot,F1,A1_LiRA,0.5738441648302393,0.7964936404262634,0
cub200,m3_fot,F1,A1_LiRA,0.6010276782070382,0.816579089525119,0
cub200,m3_fot,F1,A1_LiRA,0.6294988990221888,0.8366645386239748,0
cub200,m3_fot,F1,A1_LiRA,0.6593188271333549,0.8591072042429897,0
cub200,m3_fot,F1,A1_LiRA,0.6905513520162331,0.8819427392820312,0
cub200,m3_fot,F1,A1_LiRA,0.7232633896483533,0.8999656239257476,0
cub200,m3_fot,F1,A1_LiRA,0.7575250258771913,0.9183322693119874,0
cub200,m3_fot,F1,A1_LiRA,0.7934096665797492,0.9377301969257967,0
cub200,m3_fot,F1,A1_LiRA,0.8309941949353395,0.9556548642145067,0
cub200,m3_fot,F1,A1_LiRA,0.8703591361485166,0.9700437067229779,0
cub200,m3_fot,F1,A1_LiRA,0.9115888299750827,0.9849727446839857,0
cub200,m3_fot,F1,A1_LiRA,0.9547716114208056,0.9947944801846487,0
cub200,m3_fot,F1,A1_LiRA,1.0,1.0,0
cub200,m4_proto,F2,A1_LiRA,0.0,0.804563112108114,0
cub200,m4_proto,F2,A1_LiRA,0.0001,0.9573781255129398,0
cub200,m4_proto,F2,A1_LiRA,0.00010473708979594497,0.9573781255129398,0
cub200,m4_proto,F2,A1_LiRA,0.00010969857978923841,0.9573781255129398,0
cub200,m4_proto,F2,A1_LiRA,0.00011489510001873086,0.9573781255129398,0
cub200,m4_proto,F2,A1_LiRA,0.00012033778407775893,0.9573781255129398,0
cub200,m4_proto,F2,A1_LiRA,0.00012603829296797275,0.9589648191716365,0
cub200,m4_proto,F2,A1_LiRA,0.0001320088400831418,0.9589648191716365,0
cub200,m4_proto,F2,A1_LiRA,0.00013826221737646565,0.9589648191716365,0
cub200,m4_proto,F2,A1_LiRA,0.0001448118227674533,0.9589648191716365,0
cub200,m4_proto,F2,A1_LiRA,0.00015167168884709225,0.9589648191716365,0
cub200,m4_proto,F2,A1_LiRA,0.00015885651294280528,0.9589648191716365,0
cub200,m4_proto,F2,A1_LiRA,0.0001663816886076129,0.9589648191716365,0
cub200,m4_proto,F2,A1_LiRA,0.00017426333860096508,0.9589648191716365,0
cub200,m4_proto,F2,A1_LiRA,0.00018251834943190426,0.9589648191716365,0
cub200,m4_proto,F2,A1_LiRA,0.00019116440753857018,0.962411774361219,0
cub200,m4_proto,F2,A1_LiRA,0.00020022003718155845,0.962411774361219,0
cub200,m4_proto,F2,A1_LiRA,0.00020970464013232327,0.962411774361219,0
cub200,m4_proto,F2,A1_LiRA,0.0002196385372416547,0.962411774361219,0
cub200,m4_proto,F2,A1_LiRA,0.0002300430119772917,0.962411774361219,0
cub200,m4_proto,F2,A1_LiRA,0.00024094035602395243,0.962411774361219,0
cub200,m4_proto,F2,A1_LiRA,0.0002523539170434766,0.9652021666575478,0
cub200,m4_proto,F2,A1_LiRA,0.00026430814869741055,0.9652021666575478,0
cub200,m4_proto,F2,A1_LiRA,0.00027682866303920667,0.9652021666575478,0
cub200,m4_proto,F2,A1_LiRA,0.0002899422853882875,0.9652021666575478,0
cub200,m4_proto,F2,A1_LiRA,0.0003036771118035457,0.9652021666575478,0
cub200,m4_proto,F2,A1_LiRA,0.0003180625692794119,0.9689226897193194,0
cub200,m4_proto,F2,A1_LiRA,0.00033312947879346737,0.9689226897193194,0
cub200,m4_proto,F2,A1_LiRA,0.0003489101213406774,0.9689226897193194,0
cub200,m4_proto,F2,A1_LiRA,0.00036543830709572547,0.9689226897193194,0
cub200,m4_proto,F2,A1_LiRA,0.0003827494478516311,0.9709470919735186,0
cub200,m4_proto,F2,A1_LiRA,0.0004008806328898465,0.9709470919735186,0
cub200,m4_proto,F2,A1_LiRA,0.000419870708444391,0.9709470919735186,0
cub200,m4_proto,F2,A1_LiRA,0.00043976036093027214,0.9716583684412102,0
cub200,m4_proto,F2,A1_LiRA,0.00046059220411451035,0.9716583684412102,0
cub200,m4_proto,F2,A1_LiRA,0.00048241087041653687,0.9716583684412102,0
cub200,m4_proto,F2,A1_LiRA,0.0005052631065335679,0.9718772227389615,0
cub200,m4_proto,F2,A1_LiRA,0.0005291978735958442,0.9718772227389615,0
cub200,m4_proto,F2,A1_LiRA,0.0005542664520663107,0.9718772227389615,0
cub200,m4_proto,F2,A1_LiRA,0.0005805225516094895,0.9727526399299666,0
cub200,m4_proto,F2,A1_LiRA,0.0006080224261649427,0.9727526399299666,0
cub200,m4_proto,F2,A1_LiRA,0.0006368249944718586,0.9732997756743448,0
cub200,m4_proto,F2,A1_LiRA,0.0006669919663030121,0.9732997756743448,0
cub200,m4_proto,F2,A1_LiRA,0.0006985879746785249,0.9742299064397877,0
cub200,m4_proto,F2,A1_LiRA,0.0007316807143427193,0.9742299064397877,0
cub200,m4_proto,F2,A1_LiRA,0.0007663410868007462,0.9770202987361164,0
cub200,m4_proto,F2,A1_LiRA,0.0008026433522257174,0.9770202987361164,0
cub200,m4_proto,F2,A1_LiRA,0.0008406652885618325,0.9770750123105543,0
cub200,m4_proto,F2,A1_LiRA,0.0008804883581643465,0.977129725884992,0
cub200,m4_proto,F2,A1_LiRA,0.0009221978823334322,0.977129725884992,0
cub200,m4_proto,F2,A1_LiRA,0.0009658832241158709,0.9771844394594299,0
cub200,m4_proto,F2,A1_LiRA,0.001011637979766207,0.9784975652459376,0
cub200,m4_proto,F2,A1_LiRA,0.001059560179277616,0.9785522788203753,0
cub200,m4_proto,F2,A1_LiRA,0.0011097524964120721,0.9785522788203753,0
cub200,m4_proto,F2,A1_LiRA,0.0011623224686798518,0.9794276960113805,0
cub200,m4_proto,F2,A1_LiRA,0.001217382727739662,0.979865404606883,0
cub200,m4_proto,F2,A1_LiRA,0.0012750512407130128,0.9816162389888932,0
cub200,m4_proto,F2,A1_LiRA,0.0013354515629298987,0.9824916561798982,0
cub200,m4_proto,F2,A1_LiRA,0.0013987131026472386,0.9838047819664059,0
cub200,m4_proto,F2,A1_LiRA,0.0014649713983072847,0.9838047819664059,0
cub200,m4_proto,F2,A1_LiRA,0.0015343684089300133,0.9839142091152815,0
cub200,m4_proto,F2,A1_LiRA,0.0016070528182616384,0.9839689226897194,0
cub200,m4_proto,F2,A1_LiRA,0.0016831803533309566,0.9849537670296,0
cub200,m4_proto,F2,A1_LiRA,0.001762914118095948,0.9850631941784757,0
cub200,m4_proto,F2,A1_LiRA,0.0018464249428955426,0.9856650434972917,0
cub200,m4_proto,F2,A1_LiRA,0.0019338917504552321,0.9863763199649833,0
cub200,m4_proto,F2,A1_LiRA,0.0020255019392306666,0.9865951742627346,0
cub200,m4_proto,F2,A1_LiRA,0.00212145178491063,0.98796301362368,0
cub200,m4_proto,F2,A1_LiRA,0.002221946860939524,0.98796301362368,0
cub200,m4_proto,F2,A1_LiRA,0.0023272024789604074,0.9881818679214313,0
cub200,m4_proto,F2,A1_LiRA,0.002437444150122222,0.9881818679214313,0
cub200,m4_proto,F2,A1_LiRA,0.0025529080682395165,0.9884007222191826,0
cub200,m4_proto,F2,A1_LiRA,0.0026738416158399465,0.9885101493680583,0
cub200,m4_proto,F2,A1_LiRA,0.002800503894183631,0.9885101493680583,0
cub200,m4_proto,F2,A1_LiRA,0.0029331662783900424,0.9885101493680583,0
cub200,m4_proto,F2,A1_LiRA,0.003072112998861759,0.9886195765169339,0
cub200,m4_proto,F2,A1_LiRA,0.0032176417502507355,0.9890025715379985,0
cub200,m4_proto,F2,A1_LiRA,0.003370064329271928,0.9894949937079389,0
cub200,m4_proto,F2,A1_LiRA,0.00352970730273065,0.9895497072823768,0
cub200,m4_proto,F2,A1_LiRA,0.0036969127071950283,0.9896044208568145,0
cub200,m4_proto,F2,A1_LiRA,0.003872038781812557,0.9896044208568145,0
cub200,m4_proto,F2,A1_LiRA,0.004055460735840828,0.9896044208568145,0
cub200,m4_proto,F2,A1_LiRA,0.0042475715525368985,0.9899874158778793,0
cub200,m4_proto,F2,A1_LiRA,0.004448782831127585,0.9902062701756306,0
cub200,m4_proto,F2,A1_LiRA,0.004659525668664682,0.9908628330688843,0
cub200,m4_proto,F2,A1_LiRA,0.004880251583654433,0.9913552552388247,0
cub200,m4_proto,F2,A1_LiRA,0.005111433483440166,0.9917382502598895,0
cub200,m4_proto,F2,A1_LiRA,0.0053535666774107244,0.9917382502598895,0
cub200,m4_proto,F2,A1_LiRA,0.005607169938205458,0.9917382502598895,0
cub200,m4_proto,F2,A1_LiRA,0.005872786613189483,0.991902390983203,0
cub200,m4_proto,F2,A1_LiRA,0.006150985788580504,0.9927230945997702,0
cub200,m4_proto,F2,A1_LiRA,0.00644236350872137,0.992777808174208,0
cub200,m4_proto,F2,A1_LiRA,0.006747544053110693,0.9928325217486459,0
cub200,m4_proto,F2,A1_LiRA,0.0070671812739274914,0.9931060896208349,0
cub200,m4_proto,F2,A1_LiRA,0.007401959996915644,0.9937079389396509,0
cub200,m4_proto,F2,A1_LiRA,0.007752597488629464,0.9945286425562182,0
cub200,m4_proto,F2,A1_LiRA,0.008119844993184008,0.994911637577283,0
cub200,m4_proto,F2,A1_LiRA,0.008504489341802677,0.9951304918750342,0
cub200,m4_proto,F2,A1_LiRA,0.00890735463861044,0.9958417683427259,0
cub200,m4_proto,F2,A1_LiRA,0.009329304026284686,0.9959511954916015,0
cub200,m4_proto,F2,A1_LiRA,0.009771241535346501,0.9961700497893528,0
cub200,m4_proto,F2,A1_LiRA,0.010234114021054527,0.9962794769382284,0
cub200,m4_proto,F2,A1_LiRA,0.010718913192051276,0.996388904087104,0
cub200,m4_proto,F2,A1_LiRA,0.011226677735108135,0.9964436176615419,0
cub200,m4_proto,F2,A1_LiRA,0.01175849554052157,0.9964983312359796,0
cub200,m4_proto,F2,A1_LiRA,0.012315506032928261,0.9966077583848553,0
cub200,m4_proto,F2,A1_LiRA,0.01289890261253308,0.9966077583848553,0
cub200,m4_proto,F2,A1_LiRA,0.013509935211980266,0.9968813262570444,0
cub200,m4_proto,F2,A1_LiRA,0.01414991297434576,0.9969360398314822,0
cub200,m4_proto,F2,A1_LiRA,0.014820207057988586,0.9969360398314822,0
cub200,m4_proto,F2,A1_LiRA,0.01552225357427048,0.99699075340592,0
cub200,m4_proto,F2,A1_LiRA,0.016257556664437952,0.9971548941292334,0
cub200,m4_proto,F2,A1_LiRA,0.017027691722258997,0.9972096077036713,0
cub200,m4_proto,F2,A1_LiRA,0.017834308769319095,0.9972096077036713,0
cub200,m4_proto,F2,A1_LiRA,0.01867913599020783,0.997264321278109,0
cub200,m4_proto,F2,A1_LiRA,0.01956398343517065,0.9973190348525469,0
cub200,m4_proto,F2,A1_LiRA,0.020490746898158482,0.9973737484269848,0
cub200,m4_proto,F2,A1_LiRA,0.021461411978584036,0.9975378891502982,0
cub200,m4_proto,F2,A1_LiRA,0.02247805833548725,0.997592602724736,0
cub200,m4_proto,F2,A1_LiRA,0.02354286414322418,0.9976473162991738,0
cub200,m4_proto,F2,A1_LiRA,0.024658110758226038,0.9977020298736117,0
cub200,m4_proto,F2,A1_LiRA,0.025826187606826773,0.9977567434480494,0
cub200,m4_proto,F2,A1_LiRA,0.027049597304631343,0.9978114570224873,0
cub200,m4_proto,F2,A1_LiRA,0.02833096101839324,0.9979755977458007,0
cub200,m4_proto,F2,A1_LiRA,0.029673024081888696,0.9980850248946763,0
cub200,m4_proto,F2,A1_LiRA,0.03107866187782014,0.9981397384691142,0
cub200,m4_proto,F2,A1_LiRA,0.0325508859983506,0.9982491656179898,0
cub200,m4_proto,F2,A1_LiRA,0.03409285069746811,0.9983038791924277,0
cub200,m4_proto,F2,A1_LiRA,0.03570785964900463,0.9983585927668654,0
cub200,m4_proto,F2,A1_LiRA,0.03739937302478798,0.9984680199157411,0
cub200,m4_proto,F2,A1_LiRA,0.039171014908092605,0.9984680199157411,0
cub200,m4_proto,F2,A1_LiRA,0.04102658105827194,0.998522733490179,0
cub200,m4_proto,F2,A1_LiRA,0.04297004704320839,0.9985774470646167,0
cub200,m4_proto,F2,A1_LiRA,0.04500557675700498,0.998796301362368,0
cub200,m4_proto,F2,A1_LiRA,0.047137531341167244,0.998796301362368,0
cub200,m4_proto,F2,A1_LiRA,0.049370478528390035,0.998796301362368,0
cub200,m4_proto,F2,A1_LiRA,0.05170920242896761,0.9988510149368058,0
cub200,m4_proto,F2,A1_LiRA,0.054158713780794704,0.9989057285112436,0
cub200,m4_proto,F2,A1_LiRA,0.05672426068491978,0.9989057285112436,0
cub200,m4_proto,F2,A1_LiRA,0.05941133984965034,0.9989057285112436,0
cub200,m4_proto,F2,A1_LiRA,0.06222570836730231,0.9989604420856815,0
cub200,m4_proto,F2,A1_LiRA,0.06517339604882427,0.9990698692345571,0
cub200,m4_proto,F2,A1_LiRA,0.06826071834272386,0.999124582808995,0
cub200,m4_proto,F2,A1_LiRA,0.07149428986597577,0.9992340099578706,0
cub200,m4_proto,F2,A1_LiRA,0.07488103857590023,0.9992340099578706,0
cub200,m4_proto,F2,A1_LiRA,0.07842822061337681,0.9992887235323084,0
cub200,m4_proto,F2,A1_LiRA,0.0821434358491943,0.9992887235323084,0
cub200,m4_proto,F2,A1_LiRA,0.086034644166845,0.9992887235323084,0
cub200,m4_proto,F2,A1_LiRA,0.09011018251665019,0.9992887235323084,0
cub200,m4_proto,F2,A1_LiRA,0.09437878277775381,0.9993434371067462,0
cub200,m4_proto,F2,A1_LiRA,0.09884959046625587,0.9993434371067462,0
cub200,m4_proto,F2,A1_LiRA,0.10353218432956626,0.999398150681184,0
cub200,m4_proto,F2,A1_LiRA,0.1084365968689611,0.999398150681184,0
cub200,m4_proto,F2,A1_LiRA,0.11357333583431052,0.999398150681184,0
cub200,m4_proto,F2,A1_LiRA,0.11895340673703195,0.9994528642556219,0
cub200,m4_proto,F2,A1_LiRA,0.12458833642950082,0.9994528642556219,0
cub200,m4_proto,F2,A1_LiRA,0.1304901978014403,0.9994528642556219,0
cub200,m4_proto,F2,A1_LiRA,0.13667163564620075,0.9995075778300596,0
cub200,m4_proto,F2,A1_LiRA,0.14314589375234785,0.9995075778300596,0
cub200,m4_proto,F2,A1_LiRA,0.14992684327860456,0.9995075778300596,0
cub200,m4_proto,F2,A1_LiRA,0.15702901247293774,0.9996170049789352,0
cub200,m4_proto,F2,A1_LiRA,0.16446761779946645,0.9996170049789352,0
cub200,m4_proto,F2,A1_LiRA,0.17225859653987874,0.9996170049789352,0
cub200,m4_proto,F2,A1_LiRA,0.18041864093920718,0.9996170049789352,0
cub200,m4_proto,F2,A1_LiRA,0.18896523396912096,0.9996170049789352,0
cub200,m4_proto,F2,A1_LiRA,0.19791668678535573,0.9996170049789352,0
cub200,m4_proto,F2,A1_LiRA,0.2072921779595372,0.9996170049789352,0
cub200,m4_proto,F2,A1_LiRA,0.21711179456945054,0.9996717185533731,0
cub200,m4_proto,F2,A1_LiRA,0.22739657523579276,0.9997264321278109,0
cub200,m4_proto,F2,A1_LiRA,0.23816855519761582,0.9997264321278109,0
cub200,m4_proto,F2,A1_LiRA,0.24945081352303167,0.9997264321278109,0
cub200,m4_proto,F2,A1_LiRA,0.2612675225563329,0.9997264321278109,0
cub200,m4_proto,F2,A1_LiRA,0.27364399970746717,0.9997264321278109,0
cub200,m4_proto,F2,A1_LiRA,0.286606761694825,0.9997264321278109,0
cub200,m4_proto,F2,A1_LiRA,0.3001835813575589,0.9997264321278109,0
cub200,m4_proto,F2,A1_LiRA,0.31440354715915003,0.9997264321278109,0
cub200,m4_proto,F2,A1_LiRA,0.3292971255097151,0.9997264321278109,0
cub200,m4_proto,F2,A1_LiRA,0.34489622604057596,0.9997264321278109,0
cub200,m4_proto,F2,A1_LiRA,0.36123426997094304,0.9997264321278109,0
cub200,m4_proto,F2,A1_LiRA,0.3783462617131929,0.9997264321278109,0
cub200,m4_proto,F2,A1_LiRA,0.3962688638701478,0.9997264321278109,0
cub200,m4_proto,F2,A1_LiRA,0.41504047578504766,0.9997264321278109,0
cub200,m4_proto,F2,A1_LiRA,0.43470131581250265,0.9997264321278109,0
cub200,m4_proto,F2,A1_LiRA,0.4552935074866948,0.9997264321278109,0
cub200,m4_proto,F2,A1_LiRA,0.47686116977144694,0.9997264321278109,0
cub200,m4_proto,F2,A1_LiRA,0.499450511585514,0.9997264321278109,0
cub200,m4_proto,F2,A1_LiRA,0.5231099308056264,0.9997811457022487,0
cub200,m4_proto,F2,A1_LiRA,0.5478901179593945,0.9997811457022487,0
cub200,m4_proto,F2,A1_LiRA,0.5738441648302393,0.9997811457022487,0
cub200,m4_proto,F2,A1_LiRA,0.6010276782070382,0.9997811457022487,0
cub200,m4_proto,F2,A1_LiRA,0.6294988990221888,0.9997811457022487,0
cub200,m4_proto,F2,A1_LiRA,0.6593188271333549,0.9997811457022487,0
cub200,m4_proto,F2,A1_LiRA,0.6905513520162331,0.9998358592766865,0
cub200,m4_proto,F2,A1_LiRA,0.7232633896483533,0.9998358592766865,0
cub200,m4_proto,F2,A1_LiRA,0.7575250258771913,0.9998905728511244,0
cub200,m4_proto,F2,A1_LiRA,0.7934096665797492,0.9998905728511244,0
cub200,m4_proto,F2,A1_LiRA,0.8309941949353395,0.9998905728511244,0
cub200,m4_proto,F2,A1_LiRA,0.8703591361485166,0.9998905728511244,0
cub200,m4_proto,F2,A1_LiRA,0.9115888299750827,0.9999452864255621,0
cub200,m4_proto,F2,A1_LiRA,0.9547716114208056,0.9999452864255621,0
cub200,m4_proto,F2,A1_LiRA,1.0,1.0,0
cub200,m5_hybrid_replay,F1,A1_LiRA,0.0,0.0015303351927728687,0
cub200,m5_hybrid_replay,F1,A1_LiRA,0.0001,0.004739102532457916,0
cub200,m5_hybrid_replay,F1,A1_LiRA,0.00010473708979594497,0.004739102532457916,0
cub200,m5_hybrid_replay,F1,A1_LiRA,0.00010969857978923841,0.004739102532457916,0
cub200,m5_hybrid_replay,F1,A1_LiRA,0.00011489510001873086,0.004739102532457916,0
cub200,m5_hybrid_replay,F1,A1_LiRA,0.00012033778407775893,0.004739102532457916,0
cub200,m5_hybrid_replay,F1,A1_LiRA,0.00012603829296797275,0.004739102532457916,0
cub200,m5_hybrid_replay,F1,A1_LiRA,0.0001320088400831418,0.004739102532457916,0
cub200,m5_hybrid_replay,F1,A1_LiRA,0.00013826221737646565,0.004739102532457916,0
cub200,m5_hybrid_replay,F1,A1_LiRA,0.0001448118227674533,0.004788468183837686,0
cub200,m5_hybrid_replay,F1,A1_LiRA,0.00015167168884709225,0.004788468183837686,0
cub200,m5_hybrid_replay,F1,A1_LiRA,0.00015885651294280528,0.004788468183837686,0
cub200,m5_hybrid_replay,F1,A1_LiRA,0.0001663816886076129,0.004788468183837686,0
cub200,m5_hybrid_replay,F1,A1_LiRA,0.00017426333860096508,0.004788468183837686,0
cub200,m5_hybrid_replay,F1,A1_LiRA,0.00018251834943190426,0.004788468183837686,0
cub200,m5_hybrid_replay,F1,A1_LiRA,0.00019116440753857018,0.004788468183837686,0
cub200,m5_hybrid_replay,F1,A1_LiRA,0.00020022003718155845,0.005380856000394925,0
cub200,m5_hybrid_replay,F1,A1_LiRA,0.00020970464013232327,0.005380856000394925,0
cub200,m5_hybrid_replay,F1,A1_LiRA,0.0002196385372416547,0.005380856000394925,0
cub200,m5_hybrid_replay,F1,A1_LiRA,0.0002300430119772917,0.005380856000394925,0
cub200,m5_hybrid_replay,F1,A1_LiRA,0.00024094035602395243,0.005380856000394925,0
cub200,m5_hybrid_replay,F1,A1_LiRA,0.0002523539170434766,0.005430221651774695,0
cub200,m5_hybrid_replay,F1,A1_LiRA,0.00026430814869741055,0.005430221651774695,0
cub200,m5_hybrid_replay,F1,A1_LiRA,0.00027682866303920667,0.005430221651774695,0
cub200,m5_hybrid_replay,F1,A1_LiRA,0.0002899422853882875,0.005923878165572395,0
cub200,m5_hybrid_replay,F1,A1_LiRA,0.0003036771118035457,0.005923878165572395,0
cub200,m5_hybrid_replay,F1,A1_LiRA,0.0003180625692794119,0.005923878165572395,0
cub200,m5_hybrid_replay,F1,A1_LiRA,0.00033312947879346737,0.005923878165572395,0
cub200,m5_hybrid_replay,F1,A1_LiRA,0.0003489101213406774,0.0069605568445475635,0
cub200,m5_hybrid_replay,F1,A1_LiRA,0.00036543830709572547,0.0069605568445475635,0
cub200,m5_hybrid_replay,F1,A1_LiRA,0.0003827494478516311,0.0069605568445475635,0
cub200,m5_hybrid_replay,F1,A1_LiRA,0.0004008806328898465,0.0070592881473071035,0
cub200,m5_hybrid_replay,F1,A1_LiRA,0.000419870708444391,0.0070592881473071035,0
cub200,m5_hybrid_replay,F1,A1_LiRA,0.00043976036093027214,0.0075529446611048035,0
cub200,m5_hybrid_replay,F1,A1_LiRA,0.00046059220411451035,0.0075529446611048035,0
cub200,m5_hybrid_replay,F1,A1_LiRA,0.00048241087041653687,0.009132645505257442,0
cub200,m5_hybrid_replay,F1,A1_LiRA,0.0005052631065335679,0.009132645505257442,0
cub200,m5_hybrid_replay,F1,A1_LiRA,0.0005291978735958442,0.009132645505257442,0
cub200,m5_hybrid_replay,F1,A1_LiRA,0.0005542664520663107,0.009330108110776522,0
cub200,m5_hybrid_replay,F1,A1_LiRA,0.0005805225516094895,0.009675667670434911,0
cub200,m5_hybrid_replay,F1,A1_LiRA,0.0006080224261649427,0.009675667670434911,0
cub200,m5_hybrid_replay,F1,A1_LiRA,0.0006368249944718586,0.009725033321814682,0
cub200,m5_hybrid_replay,F1,A1_LiRA,0.0006669919663030121,0.009725033321814682,0
cub200,m5_hybrid_replay,F1,A1_LiRA,0.0006985879746785249,0.010070592881473071,0
cub200,m5_hybrid_replay,F1,A1_LiRA,0.0007316807143427193,0.01031742113837192,0
cub200,m5_hybrid_replay,F1,A1_LiRA,0.0007663410868007462,0.01031742113837192,0
cub200,m5_hybrid_replay,F1,A1_LiRA,0.0008026433522257174,0.01165029372562571,0
cub200,m5_hybrid_replay,F1,A1_LiRA,0.0008406652885618325,0.01184775633114479,0
cub200,m5_hybrid_replay,F1,A1_LiRA,0.0008804883581643465,0.01209458458804364,0
cub200,m5_hybrid_replay,F1,A1_LiRA,0.0009221978823334322,0.012637606753221108,0
cub200,m5_hybrid_replay,F1,A1_LiRA,0.0009658832241158709,0.012884435010119958,0
cub200,m5_hybrid_replay,F1,A1_LiRA,0.001011637979766207,0.012884435010119958,0
cub200,m5_hybrid_replay,F1,A1_LiRA,0.001059560179277616,0.014316038900133287,0
cub200,m5_hybrid_replay,F1,A1_LiRA,0.0011097524964120721,0.014760329762551217,0
cub200,m5_hybrid_replay,F1,A1_LiRA,0.0011623224686798518,0.014957792368070297,0
cub200,m5_hybrid_replay,F1,A1_LiRA,0.001217382727739662,0.014957792368070297,0
cub200,m5_hybrid_replay,F1,A1_LiRA,0.0012750512407130128,0.015500814533247767,0
cub200,m5_hybrid_replay,F1,A1_LiRA,0.0013354515629298987,0.015846374092906155,0
cub200,m5_hybrid_replay,F1,A1_LiRA,0.0013987131026472386,0.016043836698425237,0
cub200,m5_hybrid_replay,F1,A1_LiRA,0.0014649713983072847,0.016833687120501557,0
cub200,m5_hybrid_replay,F1,A1_LiRA,0.0015343684089300133,0.017524806239818336,0
cub200,m5_hybrid_replay,F1,A1_LiRA,0.0016070528182616384,0.018117194056375574,0
cub200,m5_hybrid_replay,F1,A1_LiRA,0.0016831803533309566,0.018857678827072122,0
cub200,m5_hybrid_replay,F1,A1_LiRA,0.001762914118095948,0.019055141432591204,0
cub200,m5_hybrid_replay,F1,A1_LiRA,0.0018464249428955426,0.019203238386730513,0
cub200,m5_hybrid_replay,F1,A1_LiRA,0.0019338917504552321,0.02033864836846522,0
cub200,m5_hybrid_replay,F1,A1_LiRA,0.0020255019392306666,0.020437379671224762,0
cub200,m5_hybrid_replay,F1,A1_LiRA,0.00212145178491063,0.02157278965295947,0
cub200,m5_hybrid_replay,F1,A1_LiRA,0.002221946860939524,0.02226390877227625,0
cub200,m5_hybrid_replay,F1,A1_LiRA,0.0023272024789604074,0.02320185614849188,0
cub200,m5_hybrid_replay,F1,A1_LiRA,0.002437444150122222,0.023892975267808658,0
cub200,m5_hybrid_replay,F1,A1_LiRA,0.0025529080682395165,0.024139803524707508,0
cub200,m5_hybrid_replay,F1,A1_LiRA,0.0026738416158399465,0.02542331046058153,0
cub200,m5_hybrid_replay,F1,A1_LiRA,0.002800503894183631,0.026065063928518536,0
cub200,m5_hybrid_replay,F1,A1_LiRA,0.0029331662783900424,0.026509354790936468,0
cub200,m5_hybrid_replay,F1,A1_LiRA,0.003072112998861759,0.026953645653354397,0
cub200,m5_hybrid_replay,F1,A1_LiRA,0.0032176417502507355,0.027249839561633016,0
cub200,m5_hybrid_replay,F1,A1_LiRA,0.003370064329271928,0.028286518240608186,0
cub200,m5_hybrid_replay,F1,A1_LiRA,0.00352970730273065,0.029076368662684503,0
cub200,m5_hybrid_replay,F1,A1_LiRA,0.0036969127071950283,0.029619390827861972,0
cub200,m5_hybrid_replay,F1,A1_LiRA,0.003872038781812557,0.030902897763735993,0
cub200,m5_hybrid_replay,F1,A1_LiRA,0.004055460735840828,0.03277879251616725,0
cub200,m5_hybrid_replay,F1,A1_LiRA,0.0042475715525368985,0.03386483684652219,0
cub200,m5_hybrid_replay,F1,A1_LiRA,0.004448782831127585,0.03440785901169966,0
cub200,m5_hybrid_replay,F1,A1_LiRA,0.004659525668664682,0.03490151552549736,0
cub200,m5_hybrid_replay,F1,A1_LiRA,0.004880251583654433,0.03628375376413092,0
cub200,m5_hybrid_replay,F1,A1_LiRA,0.005111433483440166,0.03657994767240954,0
cub200,m5_hybrid_replay,F1,A1_LiRA,0.0053535666774107244,0.03751789504862517,0
cub200,m5_hybrid_replay,F1,A1_LiRA,0.005607169938205458,0.03781408895690379,0
cub200,m5_hybrid_replay,F1,A1_LiRA,0.005872786613189483,0.03880140198449918,0
cub200,m5_hybrid_replay,F1,A1_LiRA,0.006150985788580504,0.0395912524065755,0
cub200,m5_hybrid_replay,F1,A1_LiRA,0.00644236350872137,0.041713975415905616,0
cub200,m5_hybrid_replay,F1,A1_LiRA,0.006747544053110693,0.042948116700399865,0
cub200,m5_hybrid_replay,F1,A1_LiRA,0.0070671812739274914,0.04413289233351434,0
cub200,m5_hybrid_replay,F1,A1_LiRA,0.007401959996915644,0.04556449622352767,0
cub200,m5_hybrid_replay,F1,A1_LiRA,0.007752597488629464,0.046848003159401685,0
cub200,m5_hybrid_replay,F1,A1_LiRA,0.008119844993184008,0.04926692007701042,0
cub200,m5_hybrid_replay,F1,A1_LiRA,0.008504489341802677,0.05005677049908674,0
cub200,m5_hybrid_replay,F1,A1_LiRA,0.00890735463861044,0.052673150022214545,0
cub200,m5_hybrid_replay,F1,A1_LiRA,0.009329304026284686,0.055190798242582814,0
cub200,m5_hybrid_replay,F1,A1_LiRA,0.009771241535346501,0.0570173273436343,0
cub200,m5_hybrid_replay,F1,A1_LiRA,0.010234114021054527,0.0584982968850274,0
cub200,m5_hybrid_replay,F1,A1_LiRA,0.010718913192051276,0.05983116947228119,0
cub200,m5_hybrid_replay,F1,A1_LiRA,0.011226677735108135,0.06220072073851014,0
cub200,m5_hybrid_replay,F1,A1_LiRA,0.01175849554052157,0.06422471244508071,0
cub200,m5_hybrid_replay,F1,A1_LiRA,0.012315506032928261,0.06570568198647381,0
cub200,m5_hybrid_replay,F1,A1_LiRA,0.01289890261253308,0.06812459890408254,0
cub200,m5_hybrid_replay,F1,A1_LiRA,0.013509935211980266,0.06995112800513403,0
cub200,m5_hybrid_replay,F1,A1_LiRA,0.01414991297434576,0.0724687762255023,0
cub200,m5_hybrid_replay,F1,A1_LiRA,0.014820207057988586,0.07380164881275608,0
cub200,m5_hybrid_replay,F1,A1_LiRA,0.01552225357427048,0.07671422224416251,0
cub200,m5_hybrid_replay,F1,A1_LiRA,0.016257556664437952,0.07898504220763193,0
cub200,m5_hybrid_replay,F1,A1_LiRA,0.017027691722258997,0.0819963469417979,0
cub200,m5_hybrid_replay,F1,A1_LiRA,0.017834308769319095,0.08451399516216616,0
cub200,m5_hybrid_replay,F1,A1_LiRA,0.01867913599020783,0.08732783729081305,0
cub200,m5_hybrid_replay,F1,A1_LiRA,0.01956398343517065,0.08974675420842178,0
cub200,m5_hybrid_replay,F1,A1_LiRA,0.020490746898158482,0.09172138026361258,0
cub200,m5_hybrid_replay,F1,A1_LiRA,0.021461411978584036,0.09330108110776522,0
cub200,m5_hybrid_replay,F1,A1_LiRA,0.02247805833548725,0.09571999802537394,0
cub200,m5_hybrid_replay,F1,A1_LiRA,0.02354286414322418,0.09863257145678037,0
cub200,m5_hybrid_replay,F1,A1_LiRA,0.024658110758226038,0.10189070444784519,0
cub200,m5_hybrid_replay,F1,A1_LiRA,0.025826187606826773,0.104507083970973,0
cub200,m5_hybrid_replay,F1,A1_LiRA,0.027049597304631343,0.10801204521893666,0
cub200,m5_hybrid_replay,F1,A1_LiRA,0.02833096101839324,0.11077652169620378,0
cub200,m5_hybrid_replay,F1,A1_LiRA,0.029673024081888696,0.11457767685244606,0
cub200,m5_hybrid_replay,F1,A1_LiRA,0.03107866187782014,0.11872439156834674,0
cub200,m5_hybrid_replay,F1,A1_LiRA,0.0325508859983506,0.12163696499975317,0
cub200,m5_hybrid_replay,F1,A1_LiRA,0.03409285069746811,0.12514192624771683,0
cub200,m5_hybrid_replay,F1,A1_LiRA,0.03570785964900463,0.13042405094535223,0
cub200,m5_hybrid_replay,F1,A1_LiRA,0.03739937302478798,0.1350644221750506,0
cub200,m5_hybrid_replay,F1,A1_LiRA,0.039171014908092605,0.13856938342301425,0
cub200,m5_hybrid_replay,F1,A1_LiRA,0.04102658105827194,0.14158068815718022,0
cub200,m5_hybrid_replay,F1,A1_LiRA,0.04297004704320839,0.1480475884879301,0
cub200,m5_hybrid_replay,F1,A1_LiRA,0.04500557675700498,0.152144937552451,0
cub200,m5_hybrid_replay,F1,A1_LiRA,0.047137531341167244,0.15698277138766847,0
cub200,m5_hybrid_replay,F1,A1_LiRA,0.049370478528390035,0.1605370982870119,0
cub200,m5_hybrid_replay,F1,A1_LiRA,0.05170920242896761,0.1667571703608629,0
cub200,m5_hybrid_replay,F1,A1_LiRA,0.054158713780794704,0.17159500419608037,0
cub200,m5_hybrid_replay,F1,A1_LiRA,0.05672426068491978,0.17648220368267759,0
cub200,m5_hybrid_replay,F1,A1_LiRA,0.05941133984965034,0.1819124253344523,0
cub200,m5_hybrid_replay,F1,A1_LiRA,0.06222570836730231,0.18675025916966975,0
cub200,m5_hybrid_replay,F1,A1_LiRA,0.06517339604882427,0.19336525645455893,0
cub200,m5_hybrid_replay,F1,A1_LiRA,0.06826071834272386,0.19874611245495385,0
cub200,m5_hybrid_replay,F1,A1_LiRA,0.07149428986597577,0.20368267759293085,0
cub200,m5_hybrid_replay,F1,A1_LiRA,0.07488103857590023,0.21000148096954138,0
cub200,m5_hybrid_replay,F1,A1_LiRA,0.07842822061337681,0.21676457520856987,0
cub200,m5_hybrid_replay,F1,A1_LiRA,0.0821434358491943,0.22303401293380065,0
cub200,m5_hybrid_replay,F1,A1_LiRA,0.086034644166845,0.2296983758700696,0
cub200,m5_hybrid_replay,F1,A1_LiRA,0.09011018251665019,0.23675766401737672,0
cub200,m5_hybrid_replay,F1,A1_LiRA,0.09437878277775381,0.24342202695364565,0
cub200,m5_hybrid_replay,F1,A1_LiRA,0.09884959046625587,0.2502344868440539,0
cub200,m5_hybrid_replay,F1,A1_LiRA,0.10353218432956626,0.25798489411067776,0
cub200,m5_hybrid_replay,F1,A1_LiRA,0.1084365968689611,0.26652515179937797,0
cub200,m5_hybrid_replay,F1,A1_LiRA,0.11357333583431052,0.2741768277632423,0
cub200,m5_hybrid_replay,F1,A1_LiRA,0.11895340673703195,0.2843461519474749,0
cub200,m5_hybrid_replay,F1,A1_LiRA,0.12458833642950082,0.2935775287554919,0
cub200,m5_hybrid_replay,F1,A1_LiRA,0.1304901978014403,0.30192032383867307,0
cub200,m5_hybrid_replay,F1,A1_LiRA,0.13667163564620075,0.3109048723897912,0
cub200,m5_hybrid_replay,F1,A1_LiRA,0.14314589375234785,0.322110875252999,0
cub200,m5_hybrid_replay,F1,A1_LiRA,0.14992684327860456,0.33114478945549686,0
cub200,m5_hybrid_replay,F1,A1_LiRA,0.15702901247293774,0.3405736288690329,0
cub200,m5_hybrid_replay,F1,A1_LiRA,0.16446761779946645,0.35187836303500025,0
cub200,m5_hybrid_replay,F1,A1_LiRA,0.17225859653987874,0.3619983215678531,0
cub200,m5_hybrid_replay,F1,A1_LiRA,0.18041864093920718,0.3733030557338204,0
cub200,m5_hybrid_replay,F1,A1_LiRA,0.18896523396912096,0.3840154020832305,0
cub200,m5_hybrid_replay,F1,A1_LiRA,0.19791668678535573,0.3959618897171348,0
cub200,m5_hybrid_replay,F1,A1_LiRA,0.2072921779595372,0.4074640864886212,0
cub200,m5_hybrid_replay,F1,A1_LiRA,0.21711179456945054,0.41985486498494345,0
cub200,m5_hybrid_replay,F1,A1_LiRA,0.22739657523579276,0.43367724737127905,0
cub200,m5_hybrid_replay,F1,A1_LiRA,0.23816855519761582,0.44641358542725973,0
cub200,m5_hybrid_replay,F1,A1_LiRA,0.24945081352303167,0.45944611739151897,0
cub200,m5_hybrid_replay,F1,A1_LiRA,0.2612675225563329,0.47228118675025915,0
cub200,m5_hybrid_replay,F1,A1_LiRA,0.27364399970746717,0.4847213308979612,0
cub200,m5_hybrid_replay,F1,A1_LiRA,0.286606761694825,0.5008145332477663,0
cub200,m5_hybrid_replay,F1,A1_LiRA,0.3001835813575589,0.5166609073406724,0
cub200,m5_hybrid_replay,F1,A1_LiRA,0.31440354715915003,0.5334945944611739,0
cub200,m5_hybrid_replay,F1,A1_LiRA,0.3292971255097151,0.5486498494347632,0
cub200,m5_hybrid_replay,F1,A1_LiRA,0.34489622604057596,0.5676556252159747,0
cub200,m5_hybrid_replay,F1,A1_LiRA,0.36123426997094304,0.5843905810337168,0
cub200,m5_hybrid_replay,F1,A1_LiRA,0.3783462617131929,0.600631880337661,0
cub200,m5_hybrid_replay,F1,A1_LiRA,0.3962688638701478,0.6196376561188724,0
cub200,m5_hybrid_replay,F1,A1_LiRA,0.41504047578504766,0.6385447005973244,0
cub200,m5_hybrid_replay,F1,A1_LiRA,0.43470131581250265,0.6568593572592191,0
cub200,m5_hybrid_replay,F1,A1_LiRA,0.4552935074866948,0.6760625956459495,0
cub200,m5_hybrid_replay,F1,A1_LiRA,0.47686116977144694,0.693340573628869,0
cub200,m5_hybrid_replay,F1,A1_LiRA,0.499450511585514,0.713728587648714,0
cub200,m5_hybrid_replay,F1,A1_LiRA,0.5231099308056264,0.7335735795033815,0
cub200,m5_hybrid_replay,F1,A1_LiRA,0.5478901179593945,0.7540109591746063,0
cub200,m5_hybrid_replay,F1,A1_LiRA,0.5738441648302393,0.7739053166806537,0
cub200,m5_hybrid_replay,F1,A1_LiRA,0.6010276782070382,0.7931579207187639,0
cub200,m5_hybrid_replay,F1,A1_LiRA,0.6294988990221888,0.8124105247568741,0
cub200,m5_hybrid_replay,F1,A1_LiRA,0.6593188271333549,0.8322061509601619,0
cub200,m5_hybrid_replay,F1,A1_LiRA,0.6905513520162331,0.8550130818976156,0
cub200,m5_hybrid_replay,F1,A1_LiRA,0.7232633896483533,0.8747099767981439,0
cub200,m5_hybrid_replay,F1,A1_LiRA,0.7575250258771913,0.8955916473317865,0
cub200,m5_hybrid_replay,F1,A1_LiRA,0.7934096665797492,0.9155353704892136,0
cub200,m5_hybrid_replay,F1,A1_LiRA,0.8309941949353395,0.9384903983808066,0
cub200,m5_hybrid_replay,F1,A1_LiRA,0.8703591361485166,0.9585328528409932,0
cub200,m5_hybrid_replay,F1,A1_LiRA,0.9115888299750827,0.9761563903835712,0
cub200,m5_hybrid_replay,F1,A1_LiRA,0.9547716114208056,0.9912129140544009,0
cub200,m5_hybrid_replay,F1,A1_LiRA,1.0,1.0,0
cub200,m8_analytic,F5,A1_LiRA,0.0,1.0,0
cub200,m8_analytic,F5,A1_LiRA,0.0001,1.0,0
cub200,m8_analytic,F5,A1_LiRA,0.00010473708979594497,1.0,0
cub200,m8_analytic,F5,A1_LiRA,0.00010969857978923841,1.0,0
cub200,m8_analytic,F5,A1_LiRA,0.00011489510001873086,1.0,0
cub200,m8_analytic,F5,A1_LiRA,0.00012033778407775893,1.0,0
cub200,m8_analytic,F5,A1_LiRA,0.00012603829296797275,1.0,0
cub200,m8_analytic,F5,A1_LiRA,0.0001320088400831418,1.0,0
cub200,m8_analytic,F5,A1_LiRA,0.00013826221737646565,1.0,0
cub200,m8_analytic,F5,A1_LiRA,0.0001448118227674533,1.0,0
cub200,m8_analytic,F5,A1_LiRA,0.00015167168884709225,1.0,0
cub200,m8_analytic,F5,A1_LiRA,0.00015885651294280528,1.0,0
cub200,m8_analytic,F5,A1_LiRA,0.0001663816886076129,1.0,0
cub200,m8_analytic,F5,A1_LiRA,0.00017426333860096508,1.0,0
cub200,m8_analytic,F5,A1_LiRA,0.00018251834943190426,1.0,0
cub200,m8_analytic,F5,A1_LiRA,0.00019116440753857018,1.0,0
cub200,m8_analytic,F5,A1_LiRA,0.00020022003718155845,1.0,0
cub200,m8_analytic,F5,A1_LiRA,0.00020970464013232327,1.0,0
cub200,m8_analytic,F5,A1_LiRA,0.0002196385372416547,1.0,0
cub200,m8_analytic,F5,A1_LiRA,0.0002300430119772917,1.0,0
cub200,m8_analytic,F5,A1_LiRA,0.00024094035602395243,1.0,0
cub200,m8_analytic,F5,A1_LiRA,0.0002523539170434766,1.0,0
cub200,m8_analytic,F5,A1_LiRA,0.00026430814869741055,1.0,0
cub200,m8_analytic,F5,A1_LiRA,0.00027682866303920667,1.0,0
cub200,m8_analytic,F5,A1_LiRA,0.0002899422853882875,1.0,0
cub200,m8_analytic,F5,A1_LiRA,0.0003036771118035457,1.0,0
cub200,m8_analytic,F5,A1_LiRA,0.0003180625692794119,1.0,0
cub200,m8_analytic,F5,A1_LiRA,0.00033312947879346737,1.0,0
cub200,m8_analytic,F5,A1_LiRA,0.0003489101213406774,1.0,0
cub200,m8_analytic,F5,A1_LiRA,0.00036543830709572547,1.0,0
cub200,m8_analytic,F5,A1_LiRA,0.0003827494478516311,1.0,0
cub200,m8_analytic,F5,A1_LiRA,0.0004008806328898465,1.0,0
cub200,m8_analytic,F5,A1_LiRA,0.000419870708444391,1.0,0
cub200,m8_analytic,F5,A1_LiRA,0.00043976036093027214,1.0,0
cub200,m8_analytic,F5,A1_LiRA,0.00046059220411451035,1.0,0
cub200,m8_analytic,F5,A1_LiRA,0.00048241087041653687,1.0,0
cub200,m8_analytic,F5,A1_LiRA,0.0005052631065335679,1.0,0
cub200,m8_analytic,F5,A1_LiRA,0.0005291978735958442,1.0,0
cub200,m8_analytic,F5,A1_LiRA,0.0005542664520663107,1.0,0
cub200,m8_analytic,F5,A1_LiRA,0.0005805225516094895,1.0,0
cub200,m8_analytic,F5,A1_LiRA,0.0006080224261649427,1.0,0
cub200,m8_analytic,F5,A1_LiRA,0.0006368249944718586,1.0,0
cub200,m8_analytic,F5,A1_LiRA,0.0006669919663030121,1.0,0
cub200,m8_analytic,F5,A1_LiRA,0.0006985879746785249,1.0,0
cub200,m8_analytic,F5,A1_LiRA,0.0007316807143427193,1.0,0
cub200,m8_analytic,F5,A1_LiRA,0.0007663410868007462,1.0,0
cub200,m8_analytic,F5,A1_LiRA,0.0008026433522257174,1.0,0
cub200,m8_analytic,F5,A1_LiRA,0.0008406652885618325,1.0,0
cub200,m8_analytic,F5,A1_LiRA,0.0008804883581643465,1.0,0
cub200,m8_analytic,F5,A1_LiRA,0.0009221978823334322,1.0,0
cub200,m8_analytic,F5,A1_LiRA,0.0009658832241158709,1.0,0
cub200,m8_analytic,F5,A1_LiRA,0.001011637979766207,1.0,0
cub200,m8_analytic,F5,A1_LiRA,0.001059560179277616,1.0,0
cub200,m8_analytic,F5,A1_LiRA,0.0011097524964120721,1.0,0
cub200,m8_analytic,F5,A1_LiRA,0.0011623224686798518,1.0,0
cub200,m8_analytic,F5,A1_LiRA,0.001217382727739662,1.0,0
cub200,m8_analytic,F5,A1_LiRA,0.0012750512407130128,1.0,0
cub200,m8_analytic,F5,A1_LiRA,0.0013354515629298987,1.0,0
cub200,m8_analytic,F5,A1_LiRA,0.0013987131026472386,1.0,0
cub200,m8_analytic,F5,A1_LiRA,0.0014649713983072847,1.0,0
cub200,m8_analytic,F5,A1_LiRA,0.0015343684089300133,1.0,0
cub200,m8_analytic,F5,A1_LiRA,0.0016070528182616384,1.0,0
cub200,m8_analytic,F5,A1_LiRA,0.0016831803533309566,1.0,0
cub200,m8_analytic,F5,A1_LiRA,0.001762914118095948,1.0,0
cub200,m8_analytic,F5,A1_LiRA,0.0018464249428955426,1.0,0
cub200,m8_analytic,F5,A1_LiRA,0.0019338917504552321,1.0,0
cub200,m8_analytic,F5,A1_LiRA,0.0020255019392306666,1.0,0
cub200,m8_analytic,F5,A1_LiRA,0.00212145178491063,1.0,0
cub200,m8_analytic,F5,A1_LiRA,0.002221946860939524,1.0,0
cub200,m8_analytic,F5,A1_LiRA,0.0023272024789604074,1.0,0
cub200,m8_analytic,F5,A1_LiRA,0.002437444150122222,1.0,0
cub200,m8_analytic,F5,A1_LiRA,0.0025529080682395165,1.0,0
cub200,m8_analytic,F5,A1_LiRA,0.0026738416158399465,1.0,0
cub200,m8_analytic,F5,A1_LiRA,0.002800503894183631,1.0,0
cub200,m8_analytic,F5,A1_LiRA,0.0029331662783900424,1.0,0
cub200,m8_analytic,F5,A1_LiRA,0.003072112998861759,1.0,0
cub200,m8_analytic,F5,A1_LiRA,0.0032176417502507355,1.0,0
cub200,m8_analytic,F5,A1_LiRA,0.003370064329271928,1.0,0
cub200,m8_analytic,F5,A1_LiRA,0.00352970730273065,1.0,0
cub200,m8_analytic,F5,A1_LiRA,0.0036969127071950283,1.0,0
cub200,m8_analytic,F5,A1_LiRA,0.003872038781812557,1.0,0
cub200,m8_analytic,F5,A1_LiRA,0.004055460735840828,1.0,0
cub200,m8_analytic,F5,A1_LiRA,0.0042475715525368985,1.0,0
cub200,m8_analytic,F5,A1_LiRA,0.004448782831127585,1.0,0
cub200,m8_analytic,F5,A1_LiRA,0.004659525668664682,1.0,0
cub200,m8_analytic,F5,A1_LiRA,0.004880251583654433,1.0,0
cub200,m8_analytic,F5,A1_LiRA,0.005111433483440166,1.0,0
cub200,m8_analytic,F5,A1_LiRA,0.0053535666774107244,1.0,0
cub200,m8_analytic,F5,A1_LiRA,0.005607169938205458,1.0,0
cub200,m8_analytic,F5,A1_LiRA,0.005872786613189483,1.0,0
cub200,m8_analytic,F5,A1_LiRA,0.006150985788580504,1.0,0
cub200,m8_analytic,F5,A1_LiRA,0.00644236350872137,1.0,0
cub200,m8_analytic,F5,A1_LiRA,0.006747544053110693,1.0,0
cub200,m8_analytic,F5,A1_LiRA,0.0070671812739274914,1.0,0
cub200,m8_analytic,F5,A1_LiRA,0.007401959996915644,1.0,0
cub200,m8_analytic,F5,A1_LiRA,0.007752597488629464,1.0,0
cub200,m8_analytic,F5,A1_LiRA,0.008119844993184008,1.0,0
cub200,m8_analytic,F5,A1_LiRA,0.008504489341802677,1.0,0
cub200,m8_analytic,F5,A1_LiRA,0.00890735463861044,1.0,0
cub200,m8_analytic,F5,A1_LiRA,0.009329304026284686,1.0,0
cub200,m8_analytic,F5,A1_LiRA,0.009771241535346501,1.0,0
cub200,m8_analytic,F5,A1_LiRA,0.010234114021054527,1.0,0
cub200,m8_analytic,F5,A1_LiRA,0.010718913192051276,1.0,0
cub200,m8_analytic,F5,A1_LiRA,0.011226677735108135,1.0,0
cub200,m8_analytic,F5,A1_LiRA,0.01175849554052157,1.0,0
cub200,m8_analytic,F5,A1_LiRA,0.012315506032928261,1.0,0
cub200,m8_analytic,F5,A1_LiRA,0.01289890261253308,1.0,0
cub200,m8_analytic,F5,A1_LiRA,0.013509935211980266,1.0,0
cub200,m8_analytic,F5,A1_LiRA,0.01414991297434576,1.0,0
cub200,m8_analytic,F5,A1_LiRA,0.014820207057988586,1.0,0
cub200,m8_analytic,F5,A1_LiRA,0.01552225357427048,1.0,0
cub200,m8_analytic,F5,A1_LiRA,0.016257556664437952,1.0,0
cub200,m8_analytic,F5,A1_LiRA,0.017027691722258997,1.0,0
cub200,m8_analytic,F5,A1_LiRA,0.017834308769319095,1.0,0
cub200,m8_analytic,F5,A1_LiRA,0.01867913599020783,1.0,0
cub200,m8_analytic,F5,A1_LiRA,0.01956398343517065,1.0,0
cub200,m8_analytic,F5,A1_LiRA,0.020490746898158482,1.0,0
cub200,m8_analytic,F5,A1_LiRA,0.021461411978584036,1.0,0
cub200,m8_analytic,F5,A1_LiRA,0.02247805833548725,1.0,0
cub200,m8_analytic,F5,A1_LiRA,0.02354286414322418,1.0,0
cub200,m8_analytic,F5,A1_LiRA,0.024658110758226038,1.0,0
cub200,m8_analytic,F5,A1_LiRA,0.025826187606826773,1.0,0
cub200,m8_analytic,F5,A1_LiRA,0.027049597304631343,1.0,0
cub200,m8_analytic,F5,A1_LiRA,0.02833096101839324,1.0,0
cub200,m8_analytic,F5,A1_LiRA,0.029673024081888696,1.0,0
cub200,m8_analytic,F5,A1_LiRA,0.03107866187782014,1.0,0
cub200,m8_analytic,F5,A1_LiRA,0.0325508859983506,1.0,0
cub200,m8_analytic,F5,A1_LiRA,0.03409285069746811,1.0,0
cub200,m8_analytic,F5,A1_LiRA,0.03570785964900463,1.0,0
cub200,m8_analytic,F5,A1_LiRA,0.03739937302478798,1.0,0
cub200,m8_analytic,F5,A1_LiRA,0.039171014908092605,1.0,0
cub200,m8_analytic,F5,A1_LiRA,0.04102658105827194,1.0,0
cub200,m8_analytic,F5,A1_LiRA,0.04297004704320839,1.0,0
cub200,m8_analytic,F5,A1_LiRA,0.04500557675700498,1.0,0
cub200,m8_analytic,F5,A1_LiRA,0.047137531341167244,1.0,0
cub200,m8_analytic,F5,A1_LiRA,0.049370478528390035,1.0,0
cub200,m8_analytic,F5,A1_LiRA,0.05170920242896761,1.0,0
cub200,m8_analytic,F5,A1_LiRA,0.054158713780794704,1.0,0
cub200,m8_analytic,F5,A1_LiRA,0.05672426068491978,1.0,0
cub200,m8_analytic,F5,A1_LiRA,0.05941133984965034,1.0,0
cub200,m8_analytic,F5,A1_LiRA,0.06222570836730231,1.0,0
cub200,m8_analytic,F5,A1_LiRA,0.06517339604882427,1.0,0
cub200,m8_analytic,F5,A1_LiRA,0.06826071834272386,1.0,0
cub200,m8_analytic,F5,A1_LiRA,0.07149428986597577,1.0,0
cub200,m8_analytic,F5,A1_LiRA,0.07488103857590023,1.0,0
cub200,m8_analytic,F5,A1_LiRA,0.07842822061337681,1.0,0
cub200,m8_analytic,F5,A1_LiRA,0.0821434358491943,1.0,0
cub200,m8_analytic,F5,A1_LiRA,0.086034644166845,1.0,0
cub200,m8_analytic,F5,A1_LiRA,0.09011018251665019,1.0,0
cub200,m8_analytic,F5,A1_LiRA,0.09437878277775381,1.0,0
cub200,m8_analytic,F5,A1_LiRA,0.09884959046625587,1.0,0
cub200,m8_analytic,F5,A1_LiRA,0.10353218432956626,1.0,0
cub200,m8_analytic,F5,A1_LiRA,0.1084365968689611,1.0,0
cub200,m8_analytic,F5,A1_LiRA,0.11357333583431052,1.0,0
cub200,m8_analytic,F5,A1_LiRA,0.11895340673703195,1.0,0
cub200,m8_analytic,F5,A1_LiRA,0.12458833642950082,1.0,0
cub200,m8_analytic,F5,A1_LiRA,0.1304901978014403,1.0,0
cub200,m8_analytic,F5,A1_LiRA,0.13667163564620075,1.0,0
cub200,m8_analytic,F5,A1_LiRA,0.14314589375234785,1.0,0
cub200,m8_analytic,F5,A1_LiRA,0.14992684327860456,1.0,0
cub200,m8_analytic,F5,A1_LiRA,0.15702901247293774,1.0,0
cub200,m8_analytic,F5,A1_LiRA,0.16446761779946645,1.0,0
cub200,m8_analytic,F5,A1_LiRA,0.17225859653987874,1.0,0
cub200,m8_analytic,F5,A1_LiRA,0.18041864093920718,1.0,0
cub200,m8_analytic,F5,A1_LiRA,0.18896523396912096,1.0,0
cub200,m8_analytic,F5,A1_LiRA,0.19791668678535573,1.0,0
cub200,m8_analytic,F5,A1_LiRA,0.2072921779595372,1.0,0
cub200,m8_analytic,F5,A1_LiRA,0.21711179456945054,1.0,0
cub200,m8_analytic,F5,A1_LiRA,0.22739657523579276,1.0,0
cub200,m8_analytic,F5,A1_LiRA,0.23816855519761582,1.0,0
cub200,m8_analytic,F5,A1_LiRA,0.24945081352303167,1.0,0
cub200,m8_analytic,F5,A1_LiRA,0.2612675225563329,1.0,0
cub200,m8_analytic,F5,A1_LiRA,0.27364399970746717,1.0,0
cub200,m8_analytic,F5,A1_LiRA,0.286606761694825,1.0,0
cub200,m8_analytic,F5,A1_LiRA,0.3001835813575589,1.0,0
cub200,m8_analytic,F5,A1_LiRA,0.31440354715915003,1.0,0
cub200,m8_analytic,F5,A1_LiRA,0.3292971255097151,1.0,0
cub200,m8_analytic,F5,A1_LiRA,0.34489622604057596,1.0,0
cub200,m8_analytic,F5,A1_LiRA,0.36123426997094304,1.0,0
cub200,m8_analytic,F5,A1_LiRA,0.3783462617131929,1.0,0
cub200,m8_analytic,F5,A1_LiRA,0.3962688638701478,1.0,0
cub200,m8_analytic,F5,A1_LiRA,0.41504047578504766,1.0,0
cub200,m8_analytic,F5,A1_LiRA,0.43470131581250265,1.0,0
cub200,m8_analytic,F5,A1_LiRA,0.4552935074866948,1.0,0
cub200,m8_analytic,F5,A1_LiRA,0.47686116977144694,1.0,0
cub200,m8_analytic,F5,A1_LiRA,0.499450511585514,1.0,0
cub200,m8_analytic,F5,A1_LiRA,0.5231099308056264,1.0,0
cub200,m8_analytic,F5,A1_LiRA,0.5478901179593945,1.0,0
cub200,m8_analytic,F5,A1_LiRA,0.5738441648302393,1.0,0
cub200,m8_analytic,F5,A1_LiRA,0.6010276782070382,1.0,0
cub200,m8_analytic,F5,A1_LiRA,0.6294988990221888,1.0,0
cub200,m8_analytic,F5,A1_LiRA,0.6593188271333549,1.0,0
cub200,m8_analytic,F5,A1_LiRA,0.6905513520162331,1.0,0
cub200,m8_analytic,F5,A1_LiRA,0.7232633896483533,1.0,0
cub200,m8_analytic,F5,A1_LiRA,0.7575250258771913,1.0,0
cub200,m8_analytic,F5,A1_LiRA,0.7934096665797492,1.0,0
cub200,m8_analytic,F5,A1_LiRA,0.8309941949353395,1.0,0
cub200,m8_analytic,F5,A1_LiRA,0.8703591361485166,1.0,0
cub200,m8_analytic,F5,A1_LiRA,0.9115888299750827,1.0,0
cub200,m8_analytic,F5,A1_LiRA,0.9547716114208056,1.0,0
cub200,m8_analytic,F5,A1_LiRA,1.0,1.0,0
imagenet_r,m0_fedavg,F1,A1_LiRA,0.0,0.0032416490975785126,0
imagenet_r,m0_fedavg,F1,A1_LiRA,0.0001,0.007616656714235227,0
imagenet_r,m0_fedavg,F1,A1_LiRA,0.00010473708979594497,0.007616656714235227,0
imagenet_r,m0_fedavg,F1,A1_LiRA,0.00010969857978923841,0.007616656714235227,0
imagenet_r,m0_fedavg,F1,A1_LiRA,0.00011489510001873086,0.007653216666463556,0
imagenet_r,m0_fedavg,F1,A1_LiRA,0.00012033778407775893,0.007653216666463556,0
imagenet_r,m0_fedavg,F1,A1_LiRA,0.00012603829296797275,0.007689776618691885,0
imagenet_r,m0_fedavg,F1,A1_LiRA,0.0001320088400831418,0.007689776618691885,0
imagenet_r,m0_fedavg,F1,A1_LiRA,0.00013826221737646565,0.007738523221662991,0
imagenet_r,m0_fedavg,F1,A1_LiRA,0.0001448118227674533,0.007738523221662991,0
imagenet_r,m0_fedavg,F1,A1_LiRA,0.00015167168884709225,0.008420975663258466,0
imagenet_r,m0_fedavg,F1,A1_LiRA,0.00015885651294280528,0.008420975663258466,0
imagenet_r,m0_fedavg,F1,A1_LiRA,0.0001663816886076129,0.008579402122914559,0
imagenet_r,m0_fedavg,F1,A1_LiRA,0.00017426333860096508,0.008920628343712298,0
imagenet_r,m0_fedavg,F1,A1_LiRA,0.00018251834943190426,0.008920628343712298,0
imagenet_r,m0_fedavg,F1,A1_LiRA,0.00019116440753857018,0.009152174707825048,0
imagenet_r,m0_fedavg,F1,A1_LiRA,0.00020022003718155845,0.00924966791376726,0
imagenet_r,m0_fedavg,F1,A1_LiRA,0.00020970464013232327,0.010358653131359908,0
imagenet_r,m0_fedavg,F1,A1_LiRA,0.0002196385372416547,0.010358653131359908,0
imagenet_r,m0_fedavg,F1,A1_LiRA,0.0002300430119772917,0.01045614633730212,0
imagenet_r,m0_fedavg,F1,A1_LiRA,0.00024094035602395243,0.010797372558099858,0
imagenet_r,m0_fedavg,F1,A1_LiRA,0.0002523539170434766,0.011382331793753123,0
imagenet_r,m0_fedavg,F1,A1_LiRA,0.00026430814869741055,0.011443265047467005,0
imagenet_r,m0_fedavg,F1,A1_LiRA,0.00027682866303920667,0.011443265047467005,0
imagenet_r,m0_fedavg,F1,A1_LiRA,0.0002899422853882875,0.011455451698209782,0
imagenet_r,m0_fedavg,F1,A1_LiRA,0.0003036771118035457,0.01256443691580243,0
imagenet_r,m0_fedavg,F1,A1_LiRA,0.0003180625692794119,0.013709982085623408,0
imagenet_r,m0_fedavg,F1,A1_LiRA,0.00033312947879346737,0.01400246170345004,0
imagenet_r,m0_fedavg,F1,A1_LiRA,0.0003489101213406774,0.014051208306421146,0
imagenet_r,m0_fedavg,F1,A1_LiRA,0.00036543830709572547,0.014136514861620582,0
imagenet_r,m0_fedavg,F1,A1_LiRA,0.0003827494478516311,0.014648354192817188,0
imagenet_r,m0_fedavg,F1,A1_LiRA,0.0004008806328898465,0.014648354192817188,0
imagenet_r,m0_fedavg,F1,A1_LiRA,0.000419870708444391,0.015440486491097652,0
imagenet_r,m0_fedavg,F1,A1_LiRA,0.00043976036093027214,0.015464859792583205,0
imagenet_r,m0_fedavg,F1,A1_LiRA,0.00046059220411451035,0.01618387218640701,0
imagenet_r,m0_fedavg,F1,A1_LiRA,0.00048241087041653687,0.01628136539234922,0
imagenet_r,m0_fedavg,F1,A1_LiRA,0.0005052631065335679,0.016293552043091998,0
imagenet_r,m0_fedavg,F1,A1_LiRA,0.0005291978735958442,0.017475657165141305,0
imagenet_r,m0_fedavg,F1,A1_LiRA,0.0005542664520663107,0.01831653606639287,0
imagenet_r,m0_fedavg,F1,A1_LiRA,0.0005805225516094895,0.018852748699075033,0
imagenet_r,m0_fedavg,F1,A1_LiRA,0.0006080224261649427,0.01890149530204614,0
imagenet_r,m0_fedavg,F1,A1_LiRA,0.0006368249944718586,0.019657067648098273,0
imagenet_r,m0_fedavg,F1,A1_LiRA,0.0006669919663030121,0.01980330745701159,0
imagenet_r,m0_fedavg,F1,A1_LiRA,0.0006985879746785249,0.0203638933911793,0
imagenet_r,m0_fedavg,F1,A1_LiRA,0.0007316807143427193,0.02051013320009262,0
imagenet_r,m0_fedavg,F1,A1_LiRA,0.0007663410868007462,0.02099759922980367,0
imagenet_r,m0_fedavg,F1,A1_LiRA,0.0008026433522257174,0.021485065259514727,0
imagenet_r,m0_fedavg,F1,A1_LiRA,0.0008406652885618325,0.022130957748881876,0
imagenet_r,m0_fedavg,F1,A1_LiRA,0.0008804883581643465,0.022325944160766296,0
imagenet_r,m0_fedavg,F1,A1_LiRA,0.0009221978823334322,0.022472183969679614,0
imagenet_r,m0_fedavg,F1,A1_LiRA,0.0009658832241158709,0.02275247693676347,0
imagenet_r,m0_fedavg,F1,A1_LiRA,0.001011637979766207,0.0237152223454428,0
imagenet_r,m0_fedavg,F1,A1_LiRA,0.001059560179277616,0.025177620434575967,0
imagenet_r,m0_fedavg,F1,A1_LiRA,0.0011097524964120721,0.025713833067258125,0
imagenet_r,m0_fedavg,F1,A1_LiRA,0.0011623224686798518,0.026518152016281365,0
imagenet_r,m0_fedavg,F1,A1_LiRA,0.001217382727739662,0.02754183067867458,0
imagenet_r,m0_fedavg,F1,A1_LiRA,0.0012750512407130128,0.028029296708385634,0
imagenet_r,m0_fedavg,F1,A1_LiRA,0.0013354515629298987,0.028492389436611136,0
imagenet_r,m0_fedavg,F1,A1_LiRA,0.0013987131026472386,0.0292845217348916,0
imagenet_r,m0_fedavg,F1,A1_LiRA,0.0014649713983072847,0.02965012125717489,0
imagenet_r,m0_fedavg,F1,A1_LiRA,0.0015343684089300133,0.030698173221053657,0
imagenet_r,m0_fedavg,F1,A1_LiRA,0.0016070528182616384,0.031551238773048,0
imagenet_r,m0_fedavg,F1,A1_LiRA,0.0016831803533309566,0.03219713126241515,0
imagenet_r,m0_fedavg,F1,A1_LiRA,0.001762914118095948,0.03390326236640384,0
imagenet_r,m0_fedavg,F1,A1_LiRA,0.0018464249428955426,0.03470758131542708,0
imagenet_r,m0_fedavg,F1,A1_LiRA,0.0019338917504552321,0.035463153661479216,0
imagenet_r,m0_fedavg,F1,A1_LiRA,0.0020255019392306666,0.036096859500103586,0
imagenet_r,m0_fedavg,F1,A1_LiRA,0.00212145178491063,0.037010858305811814,0
imagenet_r,m0_fedavg,F1,A1_LiRA,0.002221946860939524,0.03792485711152004,0
imagenet_r,m0_fedavg,F1,A1_LiRA,0.0023272024789604074,0.03852200299791608,0
imagenet_r,m0_fedavg,F1,A1_LiRA,0.002437444150122222,0.03911914888431212,0
imagenet_r,m0_fedavg,F1,A1_LiRA,0.0025529080682395165,0.04003314769002035,0
imagenet_r,m0_fedavg,F1,A1_LiRA,0.0026738416158399465,0.04150773242989629,0
imagenet_r,m0_fedavg,F1,A1_LiRA,0.002800503894183631,0.04216581157000621,0
imagenet_r,m0_fedavg,F1,A1_LiRA,0.0029331662783900424,0.04273858415491671,0
imagenet_r,m0_fedavg,F1,A1_LiRA,0.003072112998861759,0.04396943587993712,0
imagenet_r,m0_fedavg,F1,A1_LiRA,0.0032176417502507355,0.044639701670789816,0
imagenet_r,m0_fedavg,F1,A1_LiRA,0.003370064329271928,0.045517140524269716,0
imagenet_r,m0_fedavg,F1,A1_LiRA,0.00352970730273065,0.046394579377749615,0
imagenet_r,m0_fedavg,F1,A1_LiRA,0.0036969127071950283,0.04730857818345784,0
imagenet_r,m0_fedavg,F1,A1_LiRA,0.003872038781812557,0.0485150566069927,0
imagenet_r,m0_fedavg,F1,A1_LiRA,0.004055460735840828,0.049965268045383086,0
imagenet_r,m0_fedavg,F1,A1_LiRA,0.0042475715525368985,0.05128142632560293,0
imagenet_r,m0_fedavg,F1,A1_LiRA,0.004448782831127585,0.05257321130433723,0
imagenet_r,m0_fedavg,F1,A1_LiRA,0.004659525668664682,0.05410872929792705,0
imagenet_r,m0_fedavg,F1,A1_LiRA,0.004880251583654433,0.05527864776923358,0
imagenet_r,m0_fedavg,F1,A1_LiRA,0.005111433483440166,0.05642419293905456,0
imagenet_r,m0_fedavg,F1,A1_LiRA,0.0053535666774107244,0.05780128447298829,0
imagenet_r,m0_fedavg,F1,A1_LiRA,0.005607169938205458,0.059288055863607005,0
imagenet_r,m0_fedavg,F1,A1_LiRA,0.005872786613189483,0.06111605347502346,0
imagenet_r,m0_fedavg,F1,A1_LiRA,0.006150985788580504,0.06280999792826937,0
imagenet_r,m0_fedavg,F1,A1_LiRA,0.00644236350872137,0.0638824231936337,0
imagenet_r,m0_fedavg,F1,A1_LiRA,0.006747544053110693,0.06510108826791133,0
imagenet_r,m0_fedavg,F1,A1_LiRA,0.0070671812739274914,0.06658785965853005,0
imagenet_r,m0_fedavg,F1,A1_LiRA,0.007401959996915644,0.06857428372960259,0
imagenet_r,m0_fedavg,F1,A1_LiRA,0.007752597488629464,0.0704754012454757,0
imagenet_r,m0_fedavg,F1,A1_LiRA,0.008119844993184008,0.07220590565094995,0
imagenet_r,m0_fedavg,F1,A1_LiRA,0.008504489341802677,0.07371705034305422,0
imagenet_r,m0_fedavg,F1,A1_LiRA,0.00890735463861044,0.07544755474852846,0
imagenet_r,m0_fedavg,F1,A1_LiRA,0.009329304026284686,0.07714149920177438,0
imagenet_r,m0_fedavg,F1,A1_LiRA,0.009771241535346501,0.07840891087902312,0
imagenet_r,m0_fedavg,F1,A1_LiRA,0.010234114021054527,0.08100466748723448,0
imagenet_r,m0_fedavg,F1,A1_LiRA,0.010718913192051276,0.08317389131944868,0
imagenet_r,m0_fedavg,F1,A1_LiRA,0.011226677735108135,0.08531874185017732,0
imagenet_r,m0_fedavg,F1,A1_LiRA,0.01175849554052157,0.08860913755072693,0
imagenet_r,m0_fedavg,F1,A1_LiRA,0.012315506032928261,0.0911561475559672,0
imagenet_r,m0_fedavg,F1,A1_LiRA,0.01289890261253308,0.09330099808669583,0
imagenet_r,m0_fedavg,F1,A1_LiRA,0.013509935211980266,0.09555552847410946,0
imagenet_r,m0_fedavg,F1,A1_LiRA,0.01414991297434576,0.0979562986704364,0
imagenet_r,m0_fedavg,F1,A1_LiRA,0.014820207057988586,0.09943088341031234,0
imagenet_r,m0_fedavg,F1,A1_LiRA,0.01552225357427048,0.10153917398881265,0
imagenet_r,m0_fedavg,F1,A1_LiRA,0.016257556664437952,0.10447615681782176,0
imagenet_r,m0_fedavg,F1,A1_LiRA,0.017027691722258997,0.10668194060226428,0
imagenet_r,m0_fedavg,F1,A1_LiRA,0.017834308769319095,0.10947268362236007,0
imagenet_r,m0_fedavg,F1,A1_LiRA,0.01867913599020783,0.11234873319765529,0
imagenet_r,m0_fedavg,F1,A1_LiRA,0.01956398343517065,0.1153832092326066,0
imagenet_r,m0_fedavg,F1,A1_LiRA,0.020490746898158482,0.11779616607967633,0
imagenet_r,m0_fedavg,F1,A1_LiRA,0.021461411978584036,0.1206965889564571,0
imagenet_r,m0_fedavg,F1,A1_LiRA,0.02247805833548725,0.12398698465700672,0
imagenet_r,m0_fedavg,F1,A1_LiRA,0.02354286414322418,0.1273017536590419,0
imagenet_r,m0_fedavg,F1,A1_LiRA,0.024658110758226038,0.1304824695029065,0
imagenet_r,m0_fedavg,F1,A1_LiRA,0.025826187606826773,0.1338459851079128,0
imagenet_r,m0_fedavg,F1,A1_LiRA,0.027049597304631343,0.1377700866470868,0
imagenet_r,m0_fedavg,F1,A1_LiRA,0.02833096101839324,0.1414138952191769,0
imagenet_r,m0_fedavg,F1,A1_LiRA,0.029673024081888696,0.144570237761556,0
imagenet_r,m0_fedavg,F1,A1_LiRA,0.03107866187782014,0.14839684609478776,0
imagenet_r,m0_fedavg,F1,A1_LiRA,0.0325508859983506,0.15197972141316402,0
imagenet_r,m0_fedavg,F1,A1_LiRA,0.03409285069746811,0.15557478338228306,0
imagenet_r,m0_fedavg,F1,A1_LiRA,0.03570785964900463,0.15912109874843097,0
imagenet_r,m0_fedavg,F1,A1_LiRA,0.03739937302478798,0.16266741411457888,0
imagenet_r,m0_fedavg,F1,A1_LiRA,0.039171014908092605,0.16767612756985997,0
imagenet_r,m0_fedavg,F1,A1_LiRA,0.04102658105827194,0.17207550848800224,0
imagenet_r,m0_fedavg,F1,A1_LiRA,0.04297004704320839,0.176121476534604,0
imagenet_r,m0_fedavg,F1,A1_LiRA,0.04500557675700498,0.180752403816859,0
imagenet_r,m0_fedavg,F1,A1_LiRA,0.047137531341167244,0.18594391703328175,0
imagenet_r,m0_fedavg,F1,A1_LiRA,0.049370478528390035,0.1912207368049039,0
imagenet_r,m0_fedavg,F1,A1_LiRA,0.05170920242896761,0.19572979757973116,0
imagenet_r,m0_fedavg,F1,A1_LiRA,0.054158713780794704,0.20177437634814824,0
imagenet_r,m0_fedavg,F1,A1_LiRA,0.05672426068491978,0.20751428884799591,0
imagenet_r,m0_fedavg,F1,A1_LiRA,0.05941133984965034,0.21285204187333195,0
imagenet_r,m0_fedavg,F1,A1_LiRA,0.06222570836730231,0.21850664781798018,0
imagenet_r,m0_fedavg,F1,A1_LiRA,0.06517339604882427,0.2242709336193134,0
imagenet_r,m0_fedavg,F1,A1_LiRA,0.06826071834272386,0.23140012430383758,0
imagenet_r,m0_fedavg,F1,A1_LiRA,0.07149428986597577,0.23738376981854076,0
imagenet_r,m0_fedavg,F1,A1_LiRA,0.07488103857590023,0.2436111483480995,0
imagenet_r,m0_fedavg,F1,A1_LiRA,0.07842822061337681,0.2510571919519359,0
imagenet_r,m0_fedavg,F1,A1_LiRA,0.0821434358491943,0.2576501700037779,0
imagenet_r,m0_fedavg,F1,A1_LiRA,0.086034644166845,0.26420658810339154,0
imagenet_r,m0_fedavg,F1,A1_LiRA,0.09011018251665019,0.27121391228048797,0
imagenet_r,m0_fedavg,F1,A1_LiRA,0.09437878277775381,0.2793789682781481,0
imagenet_r,m0_fedavg,F1,A1_LiRA,0.09884959046625587,0.286581278867129,0
imagenet_r,m0_fedavg,F1,A1_LiRA,0.10353218432956626,0.2936982829009103,0
imagenet_r,m0_fedavg,F1,A1_LiRA,0.1084365968689611,0.30164397918520053,0
imagenet_r,m0_fedavg,F1,A1_LiRA,0.11357333583431052,0.3091022094397797,0
imagenet_r,m0_fedavg,F1,A1_LiRA,0.11895340673703195,0.31701134577184154,0
imagenet_r,m0_fedavg,F1,A1_LiRA,0.12458833642950082,0.3257248010529266,0
imagenet_r,m0_fedavg,F1,A1_LiRA,0.1304901978014403,0.33313428470453466,0
imagenet_r,m0_fedavg,F1,A1_LiRA,0.13667163564620075,0.3427008055376141,0
imagenet_r,m0_fedavg,F1,A1_LiRA,0.14314589375234785,0.3527669790511474,0
imagenet_r,m0_fedavg,F1,A1_LiRA,0.14992684327860456,0.36191915375897243,0
imagenet_r,m0_fedavg,F1,A1_LiRA,0.15702901247293774,0.37200970057399124,0
imagenet_r,m0_fedavg,F1,A1_LiRA,0.16446761779946645,0.3824536602605506,0
imagenet_r,m0_fedavg,F1,A1_LiRA,0.17225859653987874,0.393604445690191,0
imagenet_r,m0_fedavg,F1,A1_LiRA,0.18041864093920718,0.4041946451856636,0
imagenet_r,m0_fedavg,F1,A1_LiRA,0.18896523396912096,0.4146142315707374,0
imagenet_r,m0_fedavg,F1,A1_LiRA,0.19791668678535573,0.426679015806086,0
imagenet_r,m0_fedavg,F1,A1_LiRA,0.2072921779595372,0.4388534798981196,0
imagenet_r,m0_fedavg,F1,A1_LiRA,0.21711179456945054,0.4513326102587226,0
imagenet_r,m0_fedavg,F1,A1_LiRA,0.22739657523579276,0.4633973944940712,0
imagenet_r,m0_fedavg,F1,A1_LiRA,0.23816855519761582,0.47558404523684755,0
imagenet_r,m0_fedavg,F1,A1_LiRA,0.24945081352303167,0.48863594818236106,0
imagenet_r,m0_fedavg,F1,A1_LiRA,0.2612675225563329,0.5018950241905017,0
imagenet_r,m0_fedavg,F1,A1_LiRA,0.27364399970746717,0.5160315390521223,0
imagenet_r,m0_fedavg,F1,A1_LiRA,0.286606761694825,0.5303996002778556,0
imagenet_r,m0_fedavg,F1,A1_LiRA,0.3001835813575589,0.5453282474377567,0
imagenet_r,m0_fedavg,F1,A1_LiRA,0.31440354715915003,0.5606712407229121,0
imagenet_r,m0_fedavg,F1,A1_LiRA,0.3292971255097151,0.5741618630951656,0
imagenet_r,m0_fedavg,F1,A1_LiRA,0.34489622604057596,0.5902482420756303,0
imagenet_r,m0_fedavg,F1,A1_LiRA,0.36123426997094304,0.606176194596439,0
imagenet_r,m0_fedavg,F1,A1_LiRA,0.3783462617131929,0.6237615316182653,0
imagenet_r,m0_fedavg,F1,A1_LiRA,0.3962688638701478,0.6408837759118662,0
imagenet_r,m0_fedavg,F1,A1_LiRA,0.41504047578504766,0.6585544194888918,0
imagenet_r,m0_fedavg,F1,A1_LiRA,0.43470131581250265,0.6772121817760824,0
imagenet_r,m0_fedavg,F1,A1_LiRA,0.4552935074866948,0.6955043445409897,0
imagenet_r,m0_fedavg,F1,A1_LiRA,0.47686116977144694,0.7140158670192671,0
imagenet_r,m0_fedavg,F1,A1_LiRA,0.499450511585514,0.7346356800760447,0
imagenet_r,m0_fedavg,F1,A1_LiRA,0.5231099308056264,0.7550361334194523,0
imagenet_r,m0_fedavg,F1,A1_LiRA,0.5478901179593945,0.7743885347989812,0
imagenet_r,m0_fedavg,F1,A1_LiRA,0.5738441648302393,0.796032026518152,0
imagenet_r,m0_fedavg,F1,A1_LiRA,0.6010276782070382,0.8167858927331002,0
imagenet_r,m0_fedavg,F1,A1_LiRA,0.6294988990221888,0.8389290371327248,0
imagenet_r,m0_fedavg,F1,A1_LiRA,0.6593188271333549,0.8604750356459534,0
imagenet_r,m0_fedavg,F1,A1_LiRA,0.6905513520162331,0.8827156732515203,0
imagenet_r,m0_fedavg,F1,A1_LiRA,0.7232633896483533,0.9027749003741302,0
imagenet_r,m0_fedavg,F1,A1_LiRA,0.7575250258771913,0.9235531398905639,0
imagenet_r,m0_fedavg,F1,A1_LiRA,0.7934096665797492,0.9417599961002717,0
imagenet_r,m0_fedavg,F1,A1_LiRA,0.8309941949353395,0.9590894134564998,0
imagenet_r,m0_fedavg,F1,A1_LiRA,0.8703591361485166,0.9739205674104586,0
imagenet_r,m0_fedavg,F1,A1_LiRA,0.9115888299750827,0.9857538052816944,0
imagenet_r,m0_fedavg,F1,A1_LiRA,0.9547716114208056,0.9954421926222017,0
imagenet_r,m0_fedavg,F1,A1_LiRA,1.0,1.0,0
imagenet_r,m1_glfc,F1,A1_LiRA,0.0,0.003794881774837015,0
imagenet_r,m1_glfc,F1,A1_LiRA,0.0001,0.004038143427070156,0
imagenet_r,m1_glfc,F1,A1_LiRA,0.00010473708979594497,0.004038143427070156,0
imagenet_r,m1_glfc,F1,A1_LiRA,0.00010969857978923841,0.004038143427070156,0
imagenet_r,m1_glfc,F1,A1_LiRA,0.00011489510001873086,0.004038143427070156,0
imagenet_r,m1_glfc,F1,A1_LiRA,0.00012033778407775893,0.004038143427070156,0
imagenet_r,m1_glfc,F1,A1_LiRA,0.00012603829296797275,0.004038143427070156,0
imagenet_r,m1_glfc,F1,A1_LiRA,0.0001320088400831418,0.004038143427070156,0
imagenet_r,m1_glfc,F1,A1_LiRA,0.00013826221737646565,0.004038143427070156,0
imagenet_r,m1_glfc,F1,A1_LiRA,0.0001448118227674533,0.004038143427070156,0
imagenet_r,m1_glfc,F1,A1_LiRA,0.00015167168884709225,0.005011190036002725,0
imagenet_r,m1_glfc,F1,A1_LiRA,0.00015885651294280528,0.005011190036002725,0
imagenet_r,m1_glfc,F1,A1_LiRA,0.0001663816886076129,0.005011190036002725,0
imagenet_r,m1_glfc,F1,A1_LiRA,0.00017426333860096508,0.005011190036002725,0
imagenet_r,m1_glfc,F1,A1_LiRA,0.00018251834943190426,0.005011190036002725,0
imagenet_r,m1_glfc,F1,A1_LiRA,0.00019116440753857018,0.005011190036002725,0
imagenet_r,m1_glfc,F1,A1_LiRA,0.00020022003718155845,0.005886931984042036,0
imagenet_r,m1_glfc,F1,A1_LiRA,0.00020970464013232327,0.005886931984042036,0
imagenet_r,m1_glfc,F1,A1_LiRA,0.0002196385372416547,0.005886931984042036,0
imagenet_r,m1_glfc,F1,A1_LiRA,0.0002300430119772917,0.005886931984042036,0
imagenet_r,m1_glfc,F1,A1_LiRA,0.00024094035602395243,0.005886931984042036,0
imagenet_r,m1_glfc,F1,A1_LiRA,0.0002523539170434766,0.005935584314488664,0
imagenet_r,m1_glfc,F1,A1_LiRA,0.00026430814869741055,0.005935584314488664,0
imagenet_r,m1_glfc,F1,A1_LiRA,0.00027682866303920667,0.005935584314488664,0
imagenet_r,m1_glfc,F1,A1_LiRA,0.0002899422853882875,0.005935584314488664,0
imagenet_r,m1_glfc,F1,A1_LiRA,0.0003036771118035457,0.006470759949401576,0
imagenet_r,m1_glfc,F1,A1_LiRA,0.0003180625692794119,0.006470759949401576,0
imagenet_r,m1_glfc,F1,A1_LiRA,0.00033312947879346737,0.006470759949401576,0
imagenet_r,m1_glfc,F1,A1_LiRA,0.0003489101213406774,0.006714021601634718,0
imagenet_r,m1_glfc,F1,A1_LiRA,0.00036543830709572547,0.006714021601634718,0
imagenet_r,m1_glfc,F1,A1_LiRA,0.0003827494478516311,0.006714021601634718,0
imagenet_r,m1_glfc,F1,A1_LiRA,0.0004008806328898465,0.00724919723654763,0
imagenet_r,m1_glfc,F1,A1_LiRA,0.000419870708444391,0.00724919723654763,0
imagenet_r,m1_glfc,F1,A1_LiRA,0.00043976036093027214,0.00724919723654763,0
imagenet_r,m1_glfc,F1,A1_LiRA,0.00046059220411451035,0.008416853167266713,0
imagenet_r,m1_glfc,F1,A1_LiRA,0.00048241087041653687,0.008416853167266713,0
imagenet_r,m1_glfc,F1,A1_LiRA,0.0005052631065335679,0.008514157828159969,0
imagenet_r,m1_glfc,F1,A1_LiRA,0.0005291978735958442,0.008514157828159969,0
imagenet_r,m1_glfc,F1,A1_LiRA,0.0005542664520663107,0.009195290454412766,0
imagenet_r,m1_glfc,F1,A1_LiRA,0.0005805225516094895,0.009195290454412766,0
imagenet_r,m1_glfc,F1,A1_LiRA,0.0006080224261649427,0.011044079011384645,0
imagenet_r,m1_glfc,F1,A1_LiRA,0.0006368249944718586,0.011676559307190814,0
imagenet_r,m1_glfc,F1,A1_LiRA,0.0006669919663030121,0.011676559307190814,0
imagenet_r,m1_glfc,F1,A1_LiRA,0.0006985879746785249,0.012454996594336869,0
imagenet_r,m1_glfc,F1,A1_LiRA,0.0007316807143427193,0.012454996594336869,0
imagenet_r,m1_glfc,F1,A1_LiRA,0.0007663410868007462,0.012454996594336869,0
imagenet_r,m1_glfc,F1,A1_LiRA,0.0008026433522257174,0.012698258246570011,0
imagenet_r,m1_glfc,F1,A1_LiRA,0.0008406652885618325,0.012698258246570011,0
imagenet_r,m1_glfc,F1,A1_LiRA,0.0008804883581643465,0.013817261846842463,0
imagenet_r,m1_glfc,F1,A1_LiRA,0.0009221978823334322,0.013817261846842463,0
imagenet_r,m1_glfc,F1,A1_LiRA,0.0009658832241158709,0.01449839447309526,0
imagenet_r,m1_glfc,F1,A1_LiRA,0.001011637979766207,0.015374136421134572,0
imagenet_r,m1_glfc,F1,A1_LiRA,0.001059560179277616,0.015520093412474458,0
imagenet_r,m1_glfc,F1,A1_LiRA,0.0011097524964120721,0.015666050403814344,0
imagenet_r,m1_glfc,F1,A1_LiRA,0.0011623224686798518,0.01634718303006714,0
imagenet_r,m1_glfc,F1,A1_LiRA,0.001217382727739662,0.016785054004086794,0
imagenet_r,m1_glfc,F1,A1_LiRA,0.0012750512407130128,0.016785054004086794,0
imagenet_r,m1_glfc,F1,A1_LiRA,0.0013354515629298987,0.016833706334533426,0
imagenet_r,m1_glfc,F1,A1_LiRA,0.0013987131026472386,0.016882358664980054,0
imagenet_r,m1_glfc,F1,A1_LiRA,0.0014649713983072847,0.017076967986766566,0
imagenet_r,m1_glfc,F1,A1_LiRA,0.0015343684089300133,0.017466186630339595,0
imagenet_r,m1_glfc,F1,A1_LiRA,0.0016070528182616384,0.01785540527391262,0
imagenet_r,m1_glfc,F1,A1_LiRA,0.0016831803533309566,0.018536537900165417,0
imagenet_r,m1_glfc,F1,A1_LiRA,0.001762914118095948,0.019120365865524958,0
imagenet_r,m1_glfc,F1,A1_LiRA,0.0018464249428955426,0.019266322856864845,0
imagenet_r,m1_glfc,F1,A1_LiRA,0.0019338917504552321,0.0200447601440109,0
imagenet_r,m1_glfc,F1,A1_LiRA,0.0020255019392306666,0.020725892770263696,0
imagenet_r,m1_glfc,F1,A1_LiRA,0.00212145178491063,0.021017806752943465,0
imagenet_r,m1_glfc,F1,A1_LiRA,0.002221946860939524,0.022282767344555802,0
imagenet_r,m1_glfc,F1,A1_LiRA,0.0023272024789604074,0.02301255230125523,0
imagenet_r,m1_glfc,F1,A1_LiRA,0.002437444150122222,0.023255813953488372,0
imagenet_r,m1_glfc,F1,A1_LiRA,0.0025529080682395165,0.023596380266614772,0
imagenet_r,m1_glfc,F1,A1_LiRA,0.0026738416158399465,0.0236450325970614,0
imagenet_r,m1_glfc,F1,A1_LiRA,0.002800503894183631,0.024326165223314197,0
imagenet_r,m1_glfc,F1,A1_LiRA,0.0029331662783900424,0.024374817553760825,0
imagenet_r,m1_glfc,F1,A1_LiRA,0.003072112998861759,0.024374817553760825,0
imagenet_r,m1_glfc,F1,A1_LiRA,0.0032176417502507355,0.024666731536440594,0
imagenet_r,m1_glfc,F1,A1_LiRA,0.003370064329271928,0.025299211832246763,0
imagenet_r,m1_glfc,F1,A1_LiRA,0.00352970730273065,0.026126301449839448,0
imagenet_r,m1_glfc,F1,A1_LiRA,0.0036969127071950283,0.02671012941519899,0
imagenet_r,m1_glfc,F1,A1_LiRA,0.003872038781812557,0.027439914371898414,0
imagenet_r,m1_glfc,F1,A1_LiRA,0.004055460735840828,0.029483312250656805,0
imagenet_r,m1_glfc,F1,A1_LiRA,0.0042475715525368985,0.03031040186824949,0
imagenet_r,m1_glfc,F1,A1_LiRA,0.004448782831127585,0.03060231585092926,0
imagenet_r,m1_glfc,F1,A1_LiRA,0.004659525668664682,0.03274301839058091,0
imagenet_r,m1_glfc,F1,A1_LiRA,0.004880251583654433,0.033375498686387076,0
imagenet_r,m1_glfc,F1,A1_LiRA,0.005111433483440166,0.03429989296487302,0
imagenet_r,m1_glfc,F1,A1_LiRA,0.0053535666774107244,0.03527293957380558,0
imagenet_r,m1_glfc,F1,A1_LiRA,0.005607169938205458,0.037462294443903865,0
imagenet_r,m1_glfc,F1,A1_LiRA,0.005872786613189483,0.0387272550355162,0
imagenet_r,m1_glfc,F1,A1_LiRA,0.006150985788580504,0.039213778339982484,0
imagenet_r,m1_glfc,F1,A1_LiRA,0.00644236350872137,0.040381434270701566,0
imagenet_r,m1_glfc,F1,A1_LiRA,0.006747544053110693,0.041500437870974016,0
imagenet_r,m1_glfc,F1,A1_LiRA,0.0070671812739274914,0.04252213681035322,0
imagenet_r,m1_glfc,F1,A1_LiRA,0.007401959996915644,0.044127663715091955,0
imagenet_r,m1_glfc,F1,A1_LiRA,0.007752597488629464,0.044760144010898124,0
imagenet_r,m1_glfc,F1,A1_LiRA,0.008119844993184008,0.04641432324608349,0
imagenet_r,m1_glfc,F1,A1_LiRA,0.008504489341802677,0.04840906879439525,0
imagenet_r,m1_glfc,F1,A1_LiRA,0.00890735463861044,0.050793032986280046,0
imagenet_r,m1_glfc,F1,A1_LiRA,0.009329304026284686,0.052593169212805296,0
imagenet_r,m1_glfc,F1,A1_LiRA,0.009771241535346501,0.05395543446531089,0
imagenet_r,m1_glfc,F1,A1_LiRA,0.010234114021054527,0.05570691836138951,0
imagenet_r,m1_glfc,F1,A1_LiRA,0.010718913192051276,0.05804223022282767,0
imagenet_r,m1_glfc,F1,A1_LiRA,0.011226677735108135,0.05959910479711978,0
imagenet_r,m1_glfc,F1,A1_LiRA,0.01175849554052157,0.06144789335409166,0
imagenet_r,m1_glfc,F1,A1_LiRA,0.012315506032928261,0.062712853945704,0
imagenet_r,m1_glfc,F1,A1_LiRA,0.01289890261253308,0.0646102948331225,0
imagenet_r,m1_glfc,F1,A1_LiRA,0.013509935211980266,0.06645908339009439,0
imagenet_r,m1_glfc,F1,A1_LiRA,0.01414991297434576,0.06811326262527975,0
imagenet_r,m1_glfc,F1,A1_LiRA,0.014820207057988586,0.06981609419091174,0
imagenet_r,m1_glfc,F1,A1_LiRA,0.01552225357427048,0.07171353507833025,0
imagenet_r,m1_glfc,F1,A1_LiRA,0.016257556664437952,0.07400019460932179,0
imagenet_r,m1_glfc,F1,A1_LiRA,0.017027691722258997,0.0750705458791476,0
imagenet_r,m1_glfc,F1,A1_LiRA,0.017834308769319095,0.07828159968862508,0
imagenet_r,m1_glfc,F1,A1_LiRA,0.01867913599020783,0.08042230222827673,0
imagenet_r,m1_glfc,F1,A1_LiRA,0.01956398343517065,0.08231974311569525,0
imagenet_r,m1_glfc,F1,A1_LiRA,0.020490746898158482,0.08441179332490026,0
imagenet_r,m1_glfc,F1,A1_LiRA,0.021461411978584036,0.08616327722097888,0
imagenet_r,m1_glfc,F1,A1_LiRA,0.02247805833548725,0.08796341344750414,0
imagenet_r,m1_glfc,F1,A1_LiRA,0.02354286414322418,0.09122311958742824,0
imagenet_r,m1_glfc,F1,A1_LiRA,0.024658110758226038,0.09530991534494503,0
imagenet_r,m1_glfc,F1,A1_LiRA,0.025826187606826773,0.09808309818040284,0
imagenet_r,m1_glfc,F1,A1_LiRA,0.027049597304631343,0.10051571470273427,0
imagenet_r,m1_glfc,F1,A1_LiRA,0.02833096101839324,0.10324024520774545,0
imagenet_r,m1_glfc,F1,A1_LiRA,0.029673024081888696,0.10523499075605722,0
imagenet_r,m1_glfc,F1,A1_LiRA,0.03107866187782014,0.10907852486134086,0
imagenet_r,m1_glfc,F1,A1_LiRA,0.0325508859983506,0.11277610197528462,0
imagenet_r,m1_glfc,F1,A1_LiRA,0.03409285069746811,0.11603580811520872,0
imagenet_r,m1_glfc,F1,A1_LiRA,0.03570785964900463,0.11934416658557945,0
imagenet_r,m1_glfc,F1,A1_LiRA,0.03739937302478798,0.12192274009925075,0
imagenet_r,m1_glfc,F1,A1_LiRA,0.039171014908092605,0.12464727060426195,0
imagenet_r,m1_glfc,F1,A1_LiRA,0.04102658105827194,0.12790697674418605,0
imagenet_r,m1_glfc,F1,A1_LiRA,0.04297004704320839,0.13325873309331518,0
imagenet_r,m1_glfc,F1,A1_LiRA,0.04500557675700498,0.13817261846842463,0
imagenet_r,m1_glfc,F1,A1_LiRA,0.047137531341167244,0.14114041062566898,0
imagenet_r,m1_glfc,F1,A1_LiRA,0.049370478528390035,0.14551912036586553,0
imagenet_r,m1_glfc,F1,A1_LiRA,0.05170920242896761,0.14868152184489636,0
imagenet_r,m1_glfc,F1,A1_LiRA,0.054158713780794704,0.15306023158509294,0
imagenet_r,m1_glfc,F1,A1_LiRA,0.05672426068491978,0.15860659725600856,0
imagenet_r,m1_glfc,F1,A1_LiRA,0.05941133984965034,0.16147708475235964,0
imagenet_r,m1_glfc,F1,A1_LiRA,0.06222570836730231,0.16682884110148877,0
imagenet_r,m1_glfc,F1,A1_LiRA,0.06517339604882427,0.17261846842463754,0
imagenet_r,m1_glfc,F1,A1_LiRA,0.06826071834272386,0.17782426778242677,0
imagenet_r,m1_glfc,F1,A1_LiRA,0.07149428986597577,0.18278680548798287,0
imagenet_r,m1_glfc,F1,A1_LiRA,0.07488103857590023,0.1877979955239856,0
imagenet_r,m1_glfc,F1,A1_LiRA,0.07842822061337681,0.19280918555998833,0
imagenet_r,m1_glfc,F1,A1_LiRA,0.0821434358491943,0.19864746521358373,0
imagenet_r,m1_glfc,F1,A1_LiRA,0.086034644166845,0.20433978787583926,0
imagenet_r,m1_glfc,F1,A1_LiRA,0.09011018251665019,0.21149168045149364,0
imagenet_r,m1_glfc,F1,A1_LiRA,0.09437878277775381,0.21640556582660309,0
imagenet_r,m1_glfc,F1,A1_LiRA,0.09884959046625587,0.22268171645421816,0
imagenet_r,m1_glfc,F1,A1_LiRA,0.10353218432956626,0.2302714800038922,0
imagenet_r,m1_glfc,F1,A1_LiRA,0.1084365968689611,0.2376666342317797,0
imagenet_r,m1_glfc,F1,A1_LiRA,0.11357333583431052,0.24472122214654082,0
imagenet_r,m1_glfc,F1,A1_LiRA,0.11895340673703195,0.2509000681132626,0
imagenet_r,m1_glfc,F1,A1_LiRA,0.12458833642950082,0.2589277026369563,0
imagenet_r,m1_glfc,F1,A1_LiRA,0.1304901978014403,0.26710129415198985,0
imagenet_r,m1_glfc,F1,A1_LiRA,0.13667163564620075,0.2764425415977425,0
imagenet_r,m1_glfc,F1,A1_LiRA,0.14314589375234785,0.2871947066264474,0
imagenet_r,m1_glfc,F1,A1_LiRA,0.14992684327860456,0.29531964581103437,0
imagenet_r,m1_glfc,F1,A1_LiRA,0.15702901247293774,0.3038338036391943,0
imagenet_r,m1_glfc,F1,A1_LiRA,0.16446761779946645,0.313953488372093,0
imagenet_r,m1_glfc,F1,A1_LiRA,0.17225859653987874,0.3235866498005254,0
imagenet_r,m1_glfc,F1,A1_LiRA,0.18041864093920718,0.3339009438552107,0
imagenet_r,m1_glfc,F1,A1_LiRA,0.18896523396912096,0.34329084363140994,0
imagenet_r,m1_glfc,F1,A1_LiRA,0.19791668678535573,0.35355648535564854,0
imagenet_r,m1_glfc,F1,A1_LiRA,0.2072921779595372,0.36474652135837304,0
imagenet_r,m1_glfc,F1,A1_LiRA,0.21711179456945054,0.3749148584217184,0
imagenet_r,m1_glfc,F1,A1_LiRA,0.22739657523579276,0.3848885861632772,0
imagenet_r,m1_glfc,F1,A1_LiRA,0.23816855519761582,0.3953001848788557,0
imagenet_r,m1_glfc,F1,A1_LiRA,0.24945081352303167,0.4083876617689987,0
imagenet_r,m1_glfc,F1,A1_LiRA,0.2612675225563329,0.42337257954656027,0
imagenet_r,m1_glfc,F1,A1_LiRA,0.27364399970746717,0.435584314488664,0
imagenet_r,m1_glfc,F1,A1_LiRA,0.286606761694825,0.44920696701372,0
imagenet_r,m1_glfc,F1,A1_LiRA,0.3001835813575589,0.46472706042619444,0
imagenet_r,m1_glfc,F1,A1_LiRA,0.31440354715915003,0.4807823294735818,0
imagenet_r,m1_glfc,F1,A1_LiRA,0.3292971255097151,0.4946968959813175,0
imagenet_r,m1_glfc,F1,A1_LiRA,0.34489622604057596,0.5088547241412864,0
imagenet_r,m1_glfc,F1,A1_LiRA,0.36123426997094304,0.5252992118322468,0
imagenet_r,m1_glfc,F1,A1_LiRA,0.3783462617131929,0.5422788751581201,0
imagenet_r,m1_glfc,F1,A1_LiRA,0.3962688638701478,0.5617398073367714,0
imagenet_r,m1_glfc,F1,A1_LiRA,0.41504047578504766,0.5833414420550744,0
imagenet_r,m1_glfc,F1,A1_LiRA,0.43470131581250265,0.6012941519898803,0
imagenet_r,m1_glfc,F1,A1_LiRA,0.4552935074866948,0.6211929551425514,0
imagenet_r,m1_glfc,F1,A1_LiRA,0.47686116977144694,0.6427459375304077,0
imagenet_r,m1_glfc,F1,A1_LiRA,0.499450511585514,0.661963608056826,0
imagenet_r,m1_glfc,F1,A1_LiRA,0.5231099308056264,0.6844409847231683,0
imagenet_r,m1_glfc,F1,A1_LiRA,0.5478901179593945,0.7065777950763842,0
imagenet_r,m1_glfc,F1,A1_LiRA,0.5738441648302393,0.7310499172910382,0
imagenet_r,m1_glfc,F1,A1_LiRA,0.6010276782070382,0.7541597742531867,0
imagenet_r,m1_glfc,F1,A1_LiRA,0.6294988990221888,0.7807239466770458,0
imagenet_r,m1_glfc,F1,A1_LiRA,0.6593188271333549,0.8060718108397392,0
imagenet_r,m1_glfc,F1,A1_LiRA,0.6905513520162331,0.8313223703415393,0
imagenet_r,m1_glfc,F1,A1_LiRA,0.7232633896483533,0.8564756251824462,0
imagenet_r,m1_glfc,F1,A1_LiRA,0.7575250258771913,0.880996399727547,0
imagenet_r,m1_glfc,F1,A1_LiRA,0.7934096665797492,0.9059550452466674,0
imagenet_r,m1_glfc,F1,A1_LiRA,0.8309941949353395,0.9294054685219422,0
imagenet_r,m1_glfc,F1,A1_LiRA,0.8703591361485166,0.9510557555706919,0
imagenet_r,m1_glfc,F1,A1_LiRA,0.9115888299750827,0.9713924296973825,0
imagenet_r,m1_glfc,F1,A1_LiRA,0.9547716114208056,0.9895884012844215,0
imagenet_r,m1_glfc,F1,A1_LiRA,1.0,1.0,0
imagenet_r,m2_target,F1,A1_LiRA,0.0,0.004236050248320187,0
imagenet_r,m2_target,F1,A1_LiRA,0.0001,0.006670561885285812,0
imagenet_r,m2_target,F1,A1_LiRA,0.00010473708979594497,0.006670561885285812,0
imagenet_r,m2_target,F1,A1_LiRA,0.00010969857978923841,0.006670561885285812,0
imagenet_r,m2_target,F1,A1_LiRA,0.00011489510001873086,0.006670561885285812,0
imagenet_r,m2_target,F1,A1_LiRA,0.00012033778407775893,0.006670561885285812,0
imagenet_r,m2_target,F1,A1_LiRA,0.00012603829296797275,0.006670561885285812,0
imagenet_r,m2_target,F1,A1_LiRA,0.0001320088400831418,0.006670561885285812,0
imagenet_r,m2_target,F1,A1_LiRA,0.00013826221737646565,0.006670561885285812,0
imagenet_r,m2_target,F1,A1_LiRA,0.0001448118227674533,0.006670561885285812,0
imagenet_r,m2_target,F1,A1_LiRA,0.00015167168884709225,0.0069627032817216866,0
imagenet_r,m2_target,F1,A1_LiRA,0.00015885651294280528,0.0069627032817216866,0
imagenet_r,m2_target,F1,A1_LiRA,0.0001663816886076129,0.0069627032817216866,0
imagenet_r,m2_target,F1,A1_LiRA,0.00017426333860096508,0.0069627032817216866,0
imagenet_r,m2_target,F1,A1_LiRA,0.00018251834943190426,0.0069627032817216866,0
imagenet_r,m2_target,F1,A1_LiRA,0.00019116440753857018,0.0069627032817216866,0
imagenet_r,m2_target,F1,A1_LiRA,0.00020022003718155845,0.007498295841854124,0
imagenet_r,m2_target,F1,A1_LiRA,0.00020970464013232327,0.007498295841854124,0
imagenet_r,m2_target,F1,A1_LiRA,0.0002196385372416547,0.007498295841854124,0
imagenet_r,m2_target,F1,A1_LiRA,0.0002300430119772917,0.007498295841854124,0
imagenet_r,m2_target,F1,A1_LiRA,0.00024094035602395243,0.007498295841854124,0
imagenet_r,m2_target,F1,A1_LiRA,0.0002523539170434766,0.007595676307332749,0
imagenet_r,m2_target,F1,A1_LiRA,0.00026430814869741055,0.007595676307332749,0
imagenet_r,m2_target,F1,A1_LiRA,0.00027682866303920667,0.007595676307332749,0
imagenet_r,m2_target,F1,A1_LiRA,0.0002899422853882875,0.007595676307332749,0
imagenet_r,m2_target,F1,A1_LiRA,0.0003036771118035457,0.008618171194858311,0
imagenet_r,m2_target,F1,A1_LiRA,0.0003180625692794119,0.008618171194858311,0
imagenet_r,m2_target,F1,A1_LiRA,0.00033312947879346737,0.008618171194858311,0
imagenet_r,m2_target,F1,A1_LiRA,0.0003489101213406774,0.010468400038952186,0
imagenet_r,m2_target,F1,A1_LiRA,0.00036543830709572547,0.010468400038952186,0
imagenet_r,m2_target,F1,A1_LiRA,0.0003827494478516311,0.010468400038952186,0
imagenet_r,m2_target,F1,A1_LiRA,0.0004008806328898465,0.012172558184828123,0
imagenet_r,m2_target,F1,A1_LiRA,0.000419870708444391,0.012172558184828123,0
imagenet_r,m2_target,F1,A1_LiRA,0.00043976036093027214,0.012172558184828123,0
imagenet_r,m2_target,F1,A1_LiRA,0.00046059220411451035,0.012951601908657124,0
imagenet_r,m2_target,F1,A1_LiRA,0.00048241087041653687,0.012951601908657124,0
imagenet_r,m2_target,F1,A1_LiRA,0.0005052631065335679,0.01309767260687506,0
imagenet_r,m2_target,F1,A1_LiRA,0.0005291978735958442,0.01309767260687506,0
imagenet_r,m2_target,F1,A1_LiRA,0.0005542664520663107,0.014801830752750999,0
imagenet_r,m2_target,F1,A1_LiRA,0.0005805225516094895,0.014801830752750999,0
imagenet_r,m2_target,F1,A1_LiRA,0.0006080224261649427,0.014996591683708248,0
imagenet_r,m2_target,F1,A1_LiRA,0.0006368249944718586,0.015337423312883436,0
imagenet_r,m2_target,F1,A1_LiRA,0.0006669919663030121,0.015337423312883436,0
imagenet_r,m2_target,F1,A1_LiRA,0.0006985879746785249,0.01645729866588762,0
imagenet_r,m2_target,F1,A1_LiRA,0.0007316807143427193,0.01645729866588762,0
imagenet_r,m2_target,F1,A1_LiRA,0.0007663410868007462,0.01645729866588762,0
imagenet_r,m2_target,F1,A1_LiRA,0.0008026433522257174,0.01645729866588762,0
imagenet_r,m2_target,F1,A1_LiRA,0.0008406652885618325,0.017236342389716622,0
imagenet_r,m2_target,F1,A1_LiRA,0.0008804883581643465,0.017869315415327686,0
imagenet_r,m2_target,F1,A1_LiRA,0.0009221978823334322,0.017869315415327686,0
imagenet_r,m2_target,F1,A1_LiRA,0.0009658832241158709,0.01991430519037881,0
imagenet_r,m2_target,F1,A1_LiRA,0.001011637979766207,0.02010906612133606,0
imagenet_r,m2_target,F1,A1_LiRA,0.001059560179277616,0.02010906612133606,0
imagenet_r,m2_target,F1,A1_LiRA,0.0011097524964120721,0.021618463336254747,0
imagenet_r,m2_target,F1,A1_LiRA,0.0011623224686798518,0.021813224267211998,0
imagenet_r,m2_target,F1,A1_LiRA,0.001217382727739662,0.021813224267211998,0
imagenet_r,m2_target,F1,A1_LiRA,0.0012750512407130128,0.022007985198169246,0
imagenet_r,m2_target,F1,A1_LiRA,0.0013354515629298987,0.02210536566364787,0
imagenet_r,m2_target,F1,A1_LiRA,0.0013987131026472386,0.02268964845651962,0
imagenet_r,m2_target,F1,A1_LiRA,0.0014649713983072847,0.022787028921998246,0
imagenet_r,m2_target,F1,A1_LiRA,0.0015343684089300133,0.023079170318434122,0
imagenet_r,m2_target,F1,A1_LiRA,0.0016070528182616384,0.02346869218034862,0
imagenet_r,m2_target,F1,A1_LiRA,0.0016831803533309566,0.02400428474048106,0
imagenet_r,m2_target,F1,A1_LiRA,0.001762914118095948,0.024880708929788685,0
imagenet_r,m2_target,F1,A1_LiRA,0.0018464249428955426,0.025124160093485247,0
imagenet_r,m2_target,F1,A1_LiRA,0.0019338917504552321,0.025951894050053558,0
imagenet_r,m2_target,F1,A1_LiRA,0.0020255019392306666,0.02619534521375012,0
imagenet_r,m2_target,F1,A1_LiRA,0.00212145178491063,0.027850813126886746,0
imagenet_r,m2_target,F1,A1_LiRA,0.002221946860939524,0.02833771545427987,0
imagenet_r,m2_target,F1,A1_LiRA,0.0023272024789604074,0.030723536858506182,0
imagenet_r,m2_target,F1,A1_LiRA,0.002437444150122222,0.031113058720420684,0
imagenet_r,m2_target,F1,A1_LiRA,0.0025529080682395165,0.03267114616807868,0
imagenet_r,m2_target,F1,A1_LiRA,0.0026738416158399465,0.033352809426429056,0
imagenet_r,m2_target,F1,A1_LiRA,0.002800503894183631,0.03398578245204012,0
imagenet_r,m2_target,F1,A1_LiRA,0.0029331662783900424,0.034764826175869123,0
imagenet_r,m2_target,F1,A1_LiRA,0.003072112998861759,0.03549517966695881,0
imagenet_r,m2_target,F1,A1_LiRA,0.0032176417502507355,0.03583601129613399,0
imagenet_r,m2_target,F1,A1_LiRA,0.003370064329271928,0.03885480572597137,0
imagenet_r,m2_target,F1,A1_LiRA,0.00352970730273065,0.03948777875158243,0
imagenet_r,m2_target,F1,A1_LiRA,0.0036969127071950283,0.040315512708150744,0
imagenet_r,m2_target,F1,A1_LiRA,0.003872038781812557,0.04075372480280456,0
imagenet_r,m2_target,F1,A1_LiRA,0.004055460735840828,0.04109455643197975,0
imagenet_r,m2_target,F1,A1_LiRA,0.0042475715525368985,0.04294478527607362,0
imagenet_r,m2_target,F1,A1_LiRA,0.004448782831127585,0.04396728016359918,0
imagenet_r,m2_target,F1,A1_LiRA,0.004659525668664682,0.04430811179277437,0
imagenet_r,m2_target,F1,A1_LiRA,0.004880251583654433,0.045184535982082,0
imagenet_r,m2_target,F1,A1_LiRA,0.005111433483440166,0.04669393319700068,0
imagenet_r,m2_target,F1,A1_LiRA,0.0053535666774107244,0.04810594994644075,0
imagenet_r,m2_target,F1,A1_LiRA,0.005607169938205458,0.04956665692862012,0
imagenet_r,m2_target,F1,A1_LiRA,0.005872786613189483,0.051660336936410554,0
imagenet_r,m2_target,F1,A1_LiRA,0.006150985788580504,0.05278021228941474,0
imagenet_r,m2_target,F1,A1_LiRA,0.00644236350872137,0.054630441133508616,0
imagenet_r,m2_target,F1,A1_LiRA,0.006747544053110693,0.05579900671925212,0
imagenet_r,m2_target,F1,A1_LiRA,0.0070671812739274914,0.05677281137403837,0
imagenet_r,m2_target,F1,A1_LiRA,0.007401959996915644,0.05799006719252118,0
imagenet_r,m2_target,F1,A1_LiRA,0.007752597488629464,0.060473269062226116,0
imagenet_r,m2_target,F1,A1_LiRA,0.008119844993184008,0.06208004674262343,0
imagenet_r,m2_target,F1,A1_LiRA,0.008504489341802677,0.06363813419028143,0
imagenet_r,m2_target,F1,A1_LiRA,0.00890735463861044,0.06422241698315317,0
imagenet_r,m2_target,F1,A1_LiRA,0.009329304026284686,0.06641347745642225,0
imagenet_r,m2_target,F1,A1_LiRA,0.009771241535346501,0.06831239653325542,0
imagenet_r,m2_target,F1,A1_LiRA,0.010234114021054527,0.06957834258447755,0
imagenet_r,m2_target,F1,A1_LiRA,0.010718913192051276,0.07064952770474243,0
imagenet_r,m2_target,F1,A1_LiRA,0.011226677735108135,0.0717207128250073,0
imagenet_r,m2_target,F1,A1_LiRA,0.01175849554052157,0.07454474632388743,0
imagenet_r,m2_target,F1,A1_LiRA,0.012315506032928261,0.07658973609893856,0
imagenet_r,m2_target,F1,A1_LiRA,0.01289890261253308,0.07936507936507936,0
imagenet_r,m2_target,F1,A1_LiRA,0.013509935211980266,0.08272470542409192,0
imagenet_r,m2_target,F1,A1_LiRA,0.01414991297434576,0.08481838543188236,0
imagenet_r,m2_target,F1,A1_LiRA,0.014820207057988586,0.0876911091635018,0
imagenet_r,m2_target,F1,A1_LiRA,0.01552225357427048,0.090369071964164,0
imagenet_r,m2_target,F1,A1_LiRA,0.016257556664437952,0.09368000779043724,0
imagenet_r,m2_target,F1,A1_LiRA,0.017027691722258997,0.09523809523809523,0
imagenet_r,m2_target,F1,A1_LiRA,0.017834308769319095,0.09840296036615055,0
imagenet_r,m2_target,F1,A1_LiRA,0.01867913599020783,0.10074009153763755,0
imagenet_r,m2_target,F1,A1_LiRA,0.01956398343517065,0.10215210828707762,0
imagenet_r,m2_target,F1,A1_LiRA,0.020490746898158482,0.10512221248417568,0
imagenet_r,m2_target,F1,A1_LiRA,0.021461411978584036,0.10745934365566268,0
imagenet_r,m2_target,F1,A1_LiRA,0.02247805833548725,0.11042944785276074,0
imagenet_r,m2_target,F1,A1_LiRA,0.02354286414322418,0.11330217158438018,0
imagenet_r,m2_target,F1,A1_LiRA,0.024658110758226038,0.1161262050832603,0
imagenet_r,m2_target,F1,A1_LiRA,0.025826187606826773,0.11919368974583698,0
imagenet_r,m2_target,F1,A1_LiRA,0.027049597304631343,0.12265069627032817,0
imagenet_r,m2_target,F1,A1_LiRA,0.02833096101839324,0.12498782744181518,0
imagenet_r,m2_target,F1,A1_LiRA,0.029673024081888696,0.1285909046645243,0
imagenet_r,m2_target,F1,A1_LiRA,0.03107866187782014,0.13258350374914793,0
imagenet_r,m2_target,F1,A1_LiRA,0.0325508859983506,0.13725776609212192,0
imagenet_r,m2_target,F1,A1_LiRA,0.03409285069746811,0.1403739409874379,0
imagenet_r,m2_target,F1,A1_LiRA,0.03570785964900463,0.14358749634823254,0
imagenet_r,m2_target,F1,A1_LiRA,0.03739937302478798,0.14719057357094167,0
imagenet_r,m2_target,F1,A1_LiRA,0.039171014908092605,0.15030674846625766,0
imagenet_r,m2_target,F1,A1_LiRA,0.04102658105827194,0.1546401791800565,0
imagenet_r,m2_target,F1,A1_LiRA,0.04297004704320839,0.15950920245398773,0
imagenet_r,m2_target,F1,A1_LiRA,0.04500557675700498,0.16442691596065828,0
imagenet_r,m2_target,F1,A1_LiRA,0.047137531341167244,0.16793261271788879,0
imagenet_r,m2_target,F1,A1_LiRA,0.049370478528390035,0.17241211412990554,0
imagenet_r,m2_target,F1,A1_LiRA,0.05170920242896761,0.1780114908949265,0
imagenet_r,m2_target,F1,A1_LiRA,0.054158713780794704,0.18292920440159705,0
imagenet_r,m2_target,F1,A1_LiRA,0.05672426068491978,0.18989190768331873,0
imagenet_r,m2_target,F1,A1_LiRA,0.05941133984965034,0.19378712630246372,0
imagenet_r,m2_target,F1,A1_LiRA,0.06222570836730231,0.19855876911091636,0
imagenet_r,m2_target,F1,A1_LiRA,0.06517339604882427,0.2065926575129029,0
imagenet_r,m2_target,F1,A1_LiRA,0.06826071834272386,0.2136040510273639,0
imagenet_r,m2_target,F1,A1_LiRA,0.07149428986597577,0.22037199337812835,0
imagenet_r,m2_target,F1,A1_LiRA,0.07488103857590023,0.2252410166520596,0
imagenet_r,m2_target,F1,A1_LiRA,0.07842822061337681,0.23176550783912747,0
imagenet_r,m2_target,F1,A1_LiRA,0.0821434358491943,0.23668322134579803,0
imagenet_r,m2_target,F1,A1_LiRA,0.086034644166845,0.24311033206738727,0
imagenet_r,m2_target,F1,A1_LiRA,0.09011018251665019,0.2521180251241601,0
imagenet_r,m2_target,F1,A1_LiRA,0.09437878277775381,0.25893465770766383,0
imagenet_r,m2_target,F1,A1_LiRA,0.09884959046625587,0.2657999805239069,0
imagenet_r,m2_target,F1,A1_LiRA,0.10353218432956626,0.2731522056675431,0
imagenet_r,m2_target,F1,A1_LiRA,0.1084365968689611,0.28079657220761517,0
imagenet_r,m2_target,F1,A1_LiRA,0.11357333583431052,0.2882948680494693,0
imagenet_r,m2_target,F1,A1_LiRA,0.11895340673703195,0.29842243645924627,0
imagenet_r,m2_target,F1,A1_LiRA,0.12458833642950082,0.30738143928327977,0
imagenet_r,m2_target,F1,A1_LiRA,0.1304901978014403,0.3172168662966209,0
imagenet_r,m2_target,F1,A1_LiRA,0.13667163564620075,0.3261758691206544,0
imagenet_r,m2_target,F1,A1_LiRA,0.14314589375234785,0.3366442691596066,0
imagenet_r,m2_target,F1,A1_LiRA,0.14992684327860456,0.34555458175090076,0
imagenet_r,m2_target,F1,A1_LiRA,0.15702901247293774,0.35451358457493426,0
imagenet_r,m2_target,F1,A1_LiRA,0.16446761779946645,0.36279092414061737,0
imagenet_r,m2_target,F1,A1_LiRA,0.17225859653987874,0.3723342097575226,0
imagenet_r,m2_target,F1,A1_LiRA,0.18041864093920718,0.38246177816729965,0
imagenet_r,m2_target,F1,A1_LiRA,0.18896523396912096,0.3920537540169442,0
imagenet_r,m2_target,F1,A1_LiRA,0.19791668678535573,0.40281429545233227,0
imagenet_r,m2_target,F1,A1_LiRA,0.2072921779595372,0.413526146654981,0
imagenet_r,m2_target,F1,A1_LiRA,0.21711179456945054,0.4251631122796767,0
imagenet_r,m2_target,F1,A1_LiRA,0.22739657523579276,0.43680007790437236,0
imagenet_r,m2_target,F1,A1_LiRA,0.23816855519761582,0.44950822864933293,0
imagenet_r,m2_target,F1,A1_LiRA,0.24945081352303167,0.46299542311812253,0
imagenet_r,m2_target,F1,A1_LiRA,0.2612675225563329,0.4773590417762197,0
imagenet_r,m2_target,F1,A1_LiRA,0.27364399970746717,0.48972636089200505,0
imagenet_r,m2_target,F1,A1_LiRA,0.286606761694825,0.5033596260590125,0
imagenet_r,m2_target,F1,A1_LiRA,0.3001835813575589,0.5169442009932808,0
imagenet_r,m2_target,F1,A1_LiRA,0.31440354715915003,0.5318921024442497,0
imagenet_r,m2_target,F1,A1_LiRA,0.3292971255097151,0.5493718959976629,0
imagenet_r,m2_target,F1,A1_LiRA,0.34489622604057596,0.5655857434998539,0
imagenet_r,m2_target,F1,A1_LiRA,0.36123426997094304,0.5815074496056091,0
imagenet_r,m2_target,F1,A1_LiRA,0.3783462617131929,0.5988411724608044,0
imagenet_r,m2_target,F1,A1_LiRA,0.3962688638701478,0.6160288246177816,0
imagenet_r,m2_target,F1,A1_LiRA,0.41504047578504766,0.6333138572402376,0
imagenet_r,m2_target,F1,A1_LiRA,0.43470131581250265,0.6505988898626935,0
imagenet_r,m2_target,F1,A1_LiRA,0.4552935074866948,0.672314733664427,0
imagenet_r,m2_target,F1,A1_LiRA,0.47686116977144694,0.6910604732690623,0
imagenet_r,m2_target,F1,A1_LiRA,0.499450511585514,0.7107313272957445,0
imagenet_r,m2_target,F1,A1_LiRA,0.5231099308056264,0.7326906222611744,0
imagenet_r,m2_target,F1,A1_LiRA,0.5478901179593945,0.752410166520596,0
imagenet_r,m2_target,F1,A1_LiRA,0.5738441648302393,0.7740286298568507,0
imagenet_r,m2_target,F1,A1_LiRA,0.6010276782070382,0.7957444736585841,0
imagenet_r,m2_target,F1,A1_LiRA,0.6294988990221888,0.8172655565293602,0
imagenet_r,m2_target,F1,A1_LiRA,0.6593188271333549,0.8400525854513584,0
imagenet_r,m2_target,F1,A1_LiRA,0.6905513520162331,0.8636186580971857,0
imagenet_r,m2_target,F1,A1_LiRA,0.7232633896483533,0.8854318823643977,0
imagenet_r,m2_target,F1,A1_LiRA,0.7575250258771913,0.905735709416691,0
imagenet_r,m2_target,F1,A1_LiRA,0.7934096665797492,0.9266238192618561,0
imagenet_r,m2_target,F1,A1_LiRA,0.8309941949353395,0.948729184925504,0
imagenet_r,m2_target,F1,A1_LiRA,0.8703591361485166,0.9660629077806991,0
imagenet_r,m2_target,F1,A1_LiRA,0.9115888299750827,0.9804265264387964,0
imagenet_r,m2_target,F1,A1_LiRA,0.9547716114208056,0.9926477748563638,0
imagenet_r,m2_target,F1,A1_LiRA,1.0,1.0,0
imagenet_r,m3_fot,F1,A1_LiRA,0.0,0.002873003506038177,0
imagenet_r,m3_fot,F1,A1_LiRA,0.0001,0.007304246201791975,0
imagenet_r,m3_fot,F1,A1_LiRA,0.00010473708979594497,0.007304246201791975,0
imagenet_r,m3_fot,F1,A1_LiRA,0.00010969857978923841,0.007304246201791975,0
imagenet_r,m3_fot,F1,A1_LiRA,0.00011489510001873086,0.007304246201791975,0
imagenet_r,m3_fot,F1,A1_LiRA,0.00012033778407775893,0.007304246201791975,0
imagenet_r,m3_fot,F1,A1_LiRA,0.00012603829296797275,0.007304246201791975,0
imagenet_r,m3_fot,F1,A1_LiRA,0.0001320088400831418,0.007304246201791975,0
imagenet_r,m3_fot,F1,A1_LiRA,0.00013826221737646565,0.007304246201791975,0
imagenet_r,m3_fot,F1,A1_LiRA,0.0001448118227674533,0.007304246201791975,0
imagenet_r,m3_fot,F1,A1_LiRA,0.00015167168884709225,0.008424230619400078,0
imagenet_r,m3_fot,F1,A1_LiRA,0.00015885651294280528,0.008424230619400078,0
imagenet_r,m3_fot,F1,A1_LiRA,0.0001663816886076129,0.008424230619400078,0
imagenet_r,m3_fot,F1,A1_LiRA,0.00017426333860096508,0.008424230619400078,0
imagenet_r,m3_fot,F1,A1_LiRA,0.00018251834943190426,0.008424230619400078,0
imagenet_r,m3_fot,F1,A1_LiRA,0.00019116440753857018,0.008424230619400078,0
imagenet_r,m3_fot,F1,A1_LiRA,0.00020022003718155845,0.009641604986365408,0
imagenet_r,m3_fot,F1,A1_LiRA,0.00020970464013232327,0.009641604986365408,0
imagenet_r,m3_fot,F1,A1_LiRA,0.0002196385372416547,0.009641604986365408,0
imagenet_r,m3_fot,F1,A1_LiRA,0.0002300430119772917,0.009641604986365408,0
imagenet_r,m3_fot,F1,A1_LiRA,0.00024094035602395243,0.009641604986365408,0
imagenet_r,m3_fot,F1,A1_LiRA,0.0002523539170434766,0.014121542656797818,0
imagenet_r,m3_fot,F1,A1_LiRA,0.00026430814869741055,0.014121542656797818,0
imagenet_r,m3_fot,F1,A1_LiRA,0.00027682866303920667,0.014121542656797818,0
imagenet_r,m3_fot,F1,A1_LiRA,0.0002899422853882875,0.014121542656797818,0
imagenet_r,m3_fot,F1,A1_LiRA,0.0003036771118035457,0.014803272302298403,0
imagenet_r,m3_fot,F1,A1_LiRA,0.0003180625692794119,0.014803272302298403,0
imagenet_r,m3_fot,F1,A1_LiRA,0.00033312947879346737,0.014803272302298403,0
imagenet_r,m3_fot,F1,A1_LiRA,0.0003489101213406774,0.016215426567978183,0
imagenet_r,m3_fot,F1,A1_LiRA,0.00036543830709572547,0.016215426567978183,0
imagenet_r,m3_fot,F1,A1_LiRA,0.0003827494478516311,0.016215426567978183,0
imagenet_r,m3_fot,F1,A1_LiRA,0.0004008806328898465,0.019088430074016362,0
imagenet_r,m3_fot,F1,A1_LiRA,0.000419870708444391,0.019088430074016362,0
imagenet_r,m3_fot,F1,A1_LiRA,0.00043976036093027214,0.019088430074016362,0
imagenet_r,m3_fot,F1,A1_LiRA,0.00046059220411451035,0.02011102454226724,0
imagenet_r,m3_fot,F1,A1_LiRA,0.00048241087041653687,0.02011102454226724,0
imagenet_r,m3_fot,F1,A1_LiRA,0.0005052631065335679,0.02395792754187768,0
imagenet_r,m3_fot,F1,A1_LiRA,0.0005291978735958442,0.02395792754187768,0
imagenet_r,m3_fot,F1,A1_LiRA,0.0005542664520663107,0.024931827035449942,0
imagenet_r,m3_fot,F1,A1_LiRA,0.0005805225516094895,0.024931827035449942,0
imagenet_r,m3_fot,F1,A1_LiRA,0.0006080224261649427,0.024980522010128556,0
imagenet_r,m3_fot,F1,A1_LiRA,0.0006368249944718586,0.02585703155434359,0
imagenet_r,m3_fot,F1,A1_LiRA,0.0006669919663030121,0.02585703155434359,0
imagenet_r,m3_fot,F1,A1_LiRA,0.0006985879746785249,0.026100506427736658,0
imagenet_r,m3_fot,F1,A1_LiRA,0.0007316807143427193,0.026100506427736658,0
imagenet_r,m3_fot,F1,A1_LiRA,0.0007663410868007462,0.026100506427736658,0
imagenet_r,m3_fot,F1,A1_LiRA,0.0008026433522257174,0.026490066225165563,0
imagenet_r,m3_fot,F1,A1_LiRA,0.0008406652885618325,0.026977015971951696,0
imagenet_r,m3_fot,F1,A1_LiRA,0.0008804883581643465,0.027902220490845345,0
imagenet_r,m3_fot,F1,A1_LiRA,0.0009221978823334322,0.027902220490845345,0
imagenet_r,m3_fot,F1,A1_LiRA,0.0009658832241158709,0.028389170237631475,0
imagenet_r,m3_fot,F1,A1_LiRA,0.001011637979766207,0.028535255161667317,0
imagenet_r,m3_fot,F1,A1_LiRA,0.001059560179277616,0.029022204908453447,0
imagenet_r,m3_fot,F1,A1_LiRA,0.0011097524964120721,0.029314374756525128,0
imagenet_r,m3_fot,F1,A1_LiRA,0.0011623224686798518,0.029606544604596805,0
imagenet_r,m3_fot,F1,A1_LiRA,0.001217382727739662,0.030239579275418777,0
imagenet_r,m3_fot,F1,A1_LiRA,0.0012750512407130128,0.03121347876899104,0
imagenet_r,m3_fot,F1,A1_LiRA,0.0013354515629298987,0.03150564861706272,0
imagenet_r,m3_fot,F1,A1_LiRA,0.0013987131026472386,0.03306388780677834,0
imagenet_r,m3_fot,F1,A1_LiRA,0.0014649713983072847,0.034914296844565644,0
imagenet_r,m3_fot,F1,A1_LiRA,0.0015343684089300133,0.03559602649006623,0
imagenet_r,m3_fot,F1,A1_LiRA,0.0016070528182616384,0.03559602649006623,0
imagenet_r,m3_fot,F1,A1_LiRA,0.0016831803533309566,0.03691079080638878,0
imagenet_r,m3_fot,F1,A1_LiRA,0.001762914118095948,0.038030775223996886,0
imagenet_r,m3_fot,F1,A1_LiRA,0.0018464249428955426,0.038176860148032725,0
imagenet_r,m3_fot,F1,A1_LiRA,0.0019338917504552321,0.0388098948188547,0
imagenet_r,m3_fot,F1,A1_LiRA,0.0020255019392306666,0.03968640436306973,0
imagenet_r,m3_fot,F1,A1_LiRA,0.00212145178491063,0.04041682898324893,0
imagenet_r,m3_fot,F1,A1_LiRA,0.002221946860939524,0.04095247370471367,0
imagenet_r,m3_fot,F1,A1_LiRA,0.0023272024789604074,0.041439423451499806,0
imagenet_r,m3_fot,F1,A1_LiRA,0.002437444150122222,0.04285157771717959,0
imagenet_r,m3_fot,F1,A1_LiRA,0.0025529080682395165,0.0436306973120374,0
imagenet_r,m3_fot,F1,A1_LiRA,0.0026738416158399465,0.043874172185430466,0
imagenet_r,m3_fot,F1,A1_LiRA,0.002800503894183631,0.04494546162835995,0
imagenet_r,m3_fot,F1,A1_LiRA,0.0029331662783900424,0.046406310868718346,0
imagenet_r,m3_fot,F1,A1_LiRA,0.003072112998861759,0.04684456564082587,0
imagenet_r,m3_fot,F1,A1_LiRA,0.0032176417502507355,0.04854888975457733,0
imagenet_r,m3_fot,F1,A1_LiRA,0.003370064329271928,0.048792364627970396,0
imagenet_r,m3_fot,F1,A1_LiRA,0.00352970730273065,0.05186014803272302,0
imagenet_r,m3_fot,F1,A1_LiRA,0.0036969127071950283,0.053126217374366964,0
imagenet_r,m3_fot,F1,A1_LiRA,0.003872038781812557,0.053905336969224775,0
imagenet_r,m3_fot,F1,A1_LiRA,0.004055460735840828,0.05444098169068952,0
imagenet_r,m3_fot,F1,A1_LiRA,0.0042475715525368985,0.0558531359563693,0
imagenet_r,m3_fot,F1,A1_LiRA,0.004448782831127585,0.057849629918192445,0
imagenet_r,m3_fot,F1,A1_LiRA,0.004659525668664682,0.05853135956369303,0
imagenet_r,m3_fot,F1,A1_LiRA,0.004880251583654433,0.059700038955979744,0
imagenet_r,m3_fot,F1,A1_LiRA,0.005111433483440166,0.060479158550837554,0
imagenet_r,m3_fot,F1,A1_LiRA,0.0053535666774107244,0.06194000779119595,0
imagenet_r,m3_fot,F1,A1_LiRA,0.005607169938205458,0.06242695753798208,0
imagenet_r,m3_fot,F1,A1_LiRA,0.005872786613189483,0.06354694195559019,0
imagenet_r,m3_fot,F1,A1_LiRA,0.006150985788580504,0.06393650175301908,0
imagenet_r,m3_fot,F1,A1_LiRA,0.00644236350872137,0.0654460459680561,0
imagenet_r,m3_fot,F1,A1_LiRA,0.006747544053110693,0.06778340475262953,0
imagenet_r,m3_fot,F1,A1_LiRA,0.0070671812739274914,0.07041293338527464,0
imagenet_r,m3_fot,F1,A1_LiRA,0.007401959996915644,0.07148422282820413,0
imagenet_r,m3_fot,F1,A1_LiRA,0.007752597488629464,0.07372419166342034,0
imagenet_r,m3_fot,F1,A1_LiRA,0.008119844993184008,0.07440592130892092,0
imagenet_r,m3_fot,F1,A1_LiRA,0.008504489341802677,0.07654850019477989,0
imagenet_r,m3_fot,F1,A1_LiRA,0.00890735463861044,0.07854499415660304,0
imagenet_r,m3_fot,F1,A1_LiRA,0.009329304026284686,0.08166147253603429,0
imagenet_r,m3_fot,F1,A1_LiRA,0.009771241535346501,0.08409622126996494,0
imagenet_r,m3_fot,F1,A1_LiRA,0.010234114021054527,0.08672574990261005,0
imagenet_r,m3_fot,F1,A1_LiRA,0.010718913192051276,0.08935527853525516,0
imagenet_r,m3_fot,F1,A1_LiRA,0.011226677735108135,0.09140046747175691,0
imagenet_r,m3_fot,F1,A1_LiRA,0.01175849554052157,0.09432216595247371,0
imagenet_r,m3_fot,F1,A1_LiRA,0.012315506032928261,0.09748733930658356,0
imagenet_r,m3_fot,F1,A1_LiRA,0.01289890261253308,0.09933774834437085,0
imagenet_r,m3_fot,F1,A1_LiRA,0.013509935211980266,0.10191858200233736,0
imagenet_r,m3_fot,F1,A1_LiRA,0.01414991297434576,0.10464550058433969,0
imagenet_r,m3_fot,F1,A1_LiRA,0.014820207057988586,0.10742111414102065,0
imagenet_r,m3_fot,F1,A1_LiRA,0.01552225357427048,0.1105862874951305,0
imagenet_r,m3_fot,F1,A1_LiRA,0.016257556664437952,0.11321581612777562,0
imagenet_r,m3_fot,F1,A1_LiRA,0.017027691722258997,0.11691663420335022,0
imagenet_r,m3_fot,F1,A1_LiRA,0.017834308769319095,0.1194487728866381,0
imagenet_r,m3_fot,F1,A1_LiRA,0.01867913599020783,0.121347876899104,0
imagenet_r,m3_fot,F1,A1_LiRA,0.01956398343517065,0.12290611608881963,0
imagenet_r,m3_fot,F1,A1_LiRA,0.020490746898158482,0.12665562913907286,0
imagenet_r,m3_fot,F1,A1_LiRA,0.021461411978584036,0.1290416828983249,0
imagenet_r,m3_fot,F1,A1_LiRA,0.02247805833548725,0.13118426178418388,0
imagenet_r,m3_fot,F1,A1_LiRA,0.02354286414322418,0.13551811453058044,0
imagenet_r,m3_fot,F1,A1_LiRA,0.024658110758226038,0.14077717179587065,0
imagenet_r,m3_fot,F1,A1_LiRA,0.025826187606826773,0.14467276977015972,0
imagenet_r,m3_fot,F1,A1_LiRA,0.027049597304631343,0.14822750292169848,0
imagenet_r,m3_fot,F1,A1_LiRA,0.02833096101839324,0.1515874561745228,0
imagenet_r,m3_fot,F1,A1_LiRA,0.029673024081888696,0.15499610440202571,0
imagenet_r,m3_fot,F1,A1_LiRA,0.03107866187782014,0.15962212699649397,0
imagenet_r,m3_fot,F1,A1_LiRA,0.0325508859983506,0.16249513050253214,0
imagenet_r,m3_fot,F1,A1_LiRA,0.03409285069746811,0.16634203350214258,0
imagenet_r,m3_fot,F1,A1_LiRA,0.03570785964900463,0.1715523957927542,0
imagenet_r,m3_fot,F1,A1_LiRA,0.03739937302478798,0.17617841838722245,0
imagenet_r,m3_fot,F1,A1_LiRA,0.039171014908092605,0.18075574600701208,0
imagenet_r,m3_fot,F1,A1_LiRA,0.04102658105827194,0.18630697312037398,0
imagenet_r,m3_fot,F1,A1_LiRA,0.04297004704320839,0.19161472536034282,0
imagenet_r,m3_fot,F1,A1_LiRA,0.04500557675700498,0.1974581223217764,0
imagenet_r,m3_fot,F1,A1_LiRA,0.047137531341167244,0.20140241527074407,0
imagenet_r,m3_fot,F1,A1_LiRA,0.049370478528390035,0.2078788469029996,0
imagenet_r,m3_fot,F1,A1_LiRA,0.05170920242896761,0.21211530970003895,0
imagenet_r,m3_fot,F1,A1_LiRA,0.054158713780794704,0.21776392676275808,0
imagenet_r,m3_fot,F1,A1_LiRA,0.05672426068491978,0.22501947798987146,0
imagenet_r,m3_fot,F1,A1_LiRA,0.05941133984965034,0.23061940007791196,0
imagenet_r,m3_fot,F1,A1_LiRA,0.06222570836730231,0.23763147643163227,0
imagenet_r,m3_fot,F1,A1_LiRA,0.06517339604882427,0.24381573821581612,0
imagenet_r,m3_fot,F1,A1_LiRA,0.06826071834272386,0.24844176081028438,0
imagenet_r,m3_fot,F1,A1_LiRA,0.07149428986597577,0.25457732761978963,0
imagenet_r,m3_fot,F1,A1_LiRA,0.07488103857590023,0.2600798597584729,0
imagenet_r,m3_fot,F1,A1_LiRA,0.07842822061337681,0.2676762758083366,0
imagenet_r,m3_fot,F1,A1_LiRA,0.0821434358491943,0.2751266069341644,0
imagenet_r,m3_fot,F1,A1_LiRA,0.086034644166845,0.2815543435917413,0
imagenet_r,m3_fot,F1,A1_LiRA,0.09011018251665019,0.2907089988313206,0
imagenet_r,m3_fot,F1,A1_LiRA,0.09437878277775381,0.2975749902610051,0
imagenet_r,m3_fot,F1,A1_LiRA,0.09884959046625587,0.30502532138683286,0
imagenet_r,m3_fot,F1,A1_LiRA,0.10353218432956626,0.31379041682898323,0
imagenet_r,m3_fot,F1,A1_LiRA,0.1084365968689611,0.3202668484612388,0
imagenet_r,m3_fot,F1,A1_LiRA,0.11357333583431052,0.32864238410596025,0
imagenet_r,m3_fot,F1,A1_LiRA,0.11895340673703195,0.3365796649785742,0
imagenet_r,m3_fot,F1,A1_LiRA,0.12458833642950082,0.34422477600311646,0
imagenet_r,m3_fot,F1,A1_LiRA,0.1304901978014403,0.35269770159719516,0
imagenet_r,m3_fot,F1,A1_LiRA,0.13667163564620075,0.3635566809505259,0
imagenet_r,m3_fot,F1,A1_LiRA,0.14314589375234785,0.3737339306583561,0
imagenet_r,m3_fot,F1,A1_LiRA,0.14992684327860456,0.38449552006232957,0
imagenet_r,m3_fot,F1,A1_LiRA,0.15702901247293774,0.3954518893650175,0
imagenet_r,m3_fot,F1,A1_LiRA,0.16446761779946645,0.40548305414881186,0
imagenet_r,m3_fot,F1,A1_LiRA,0.17225859653987874,0.41424814959096223,0
imagenet_r,m3_fot,F1,A1_LiRA,0.18041864093920718,0.4253019088430074,0
imagenet_r,m3_fot,F1,A1_LiRA,0.18896523396912096,0.43596610829762367,0
imagenet_r,m3_fot,F1,A1_LiRA,0.19791668678535573,0.44580249318270354,0
imagenet_r,m3_fot,F1,A1_LiRA,0.2072921779595372,0.457830151928321,0
imagenet_r,m3_fot,F1,A1_LiRA,0.21711179456945054,0.47058823529411764,0
imagenet_r,m3_fot,F1,A1_LiRA,0.22739657523579276,0.4854888975457733,0
imagenet_r,m3_fot,F1,A1_LiRA,0.23816855519761582,0.4968348266458901,0
imagenet_r,m3_fot,F1,A1_LiRA,0.24945081352303167,0.5104207245812232,0
imagenet_r,m3_fot,F1,A1_LiRA,0.2612675225563329,0.5262952863264511,0
imagenet_r,m3_fot,F1,A1_LiRA,0.27364399970746717,0.5378359953252825,0
imagenet_r,m3_fot,F1,A1_LiRA,0.286606761694825,0.5533209972730814,0
imagenet_r,m3_fot,F1,A1_LiRA,0.3001835813575589,0.5703155434359174,0
imagenet_r,m3_fot,F1,A1_LiRA,0.31440354715915003,0.5870179197506817,0
imagenet_r,m3_fot,F1,A1_LiRA,0.3292971255097151,0.6029411764705882,0
imagenet_r,m3_fot,F1,A1_LiRA,0.34489622604057596,0.6210557070510323,0
imagenet_r,m3_fot,F1,A1_LiRA,0.36123426997094304,0.6380015582391897,0
imagenet_r,m3_fot,F1,A1_LiRA,0.3783462617131929,0.6539248149590963,0
imagenet_r,m3_fot,F1,A1_LiRA,0.3962688638701478,0.6707732761978964,0
imagenet_r,m3_fot,F1,A1_LiRA,0.41504047578504766,0.6875243474873393,0
imagenet_r,m3_fot,F1,A1_LiRA,0.43470131581250265,0.7055414881184262,0
imagenet_r,m3_fot,F1,A1_LiRA,0.4552935074866948,0.72331515387612,0
imagenet_r,m3_fot,F1,A1_LiRA,0.47686116977144694,0.7400662251655629,0
imagenet_r,m3_fot,F1,A1_LiRA,0.499450511585514,0.7585216205687573,0
imagenet_r,m3_fot,F1,A1_LiRA,0.5231099308056264,0.7780970003895598,0
imagenet_r,m3_fot,F1,A1_LiRA,0.5478901179593945,0.7996688741721855,0
imagenet_r,m3_fot,F1,A1_LiRA,0.5738441648302393,0.8188059992208804,0
imagenet_r,m3_fot,F1,A1_LiRA,0.6010276782070382,0.8364335800545384,0
imagenet_r,m3_fot,F1,A1_LiRA,0.6294988990221888,0.8552298402804831,0
imagenet_r,m3_fot,F1,A1_LiRA,0.6593188271333549,0.8730522010128555,0
imagenet_r,m3_fot,F1,A1_LiRA,0.6905513520162331,0.8937475652512661,0
imagenet_r,m3_fot,F1,A1_LiRA,0.7232633896483533,0.9144429294896766,0
imagenet_r,m3_fot,F1,A1_LiRA,0.7575250258771913,0.9315348656018699,0
imagenet_r,m3_fot,F1,A1_LiRA,0.7934096665797492,0.9491137514608492,0
imagenet_r,m3_fot,F1,A1_LiRA,0.8309941949353395,0.9631379041682898,0
imagenet_r,m3_fot,F1,A1_LiRA,0.8703591361485166,0.9765777171795871,0
imagenet_r,m3_fot,F1,A1_LiRA,0.9115888299750827,0.9873880015582391,0
imagenet_r,m3_fot,F1,A1_LiRA,0.9547716114208056,0.9962504869497468,0
imagenet_r,m3_fot,F1,A1_LiRA,1.0,1.0,0
imagenet_r,m4_proto,F2,A1_LiRA,0.0,0.3943296396126585,0
imagenet_r,m4_proto,F2,A1_LiRA,0.0001,0.4558750124787861,0
imagenet_r,m4_proto,F2,A1_LiRA,0.00010473708979594497,0.4558750124787861,0
imagenet_r,m4_proto,F2,A1_LiRA,0.00010969857978923841,0.4558750124787861,0
imagenet_r,m4_proto,F2,A1_LiRA,0.00011489510001873086,0.4558750124787861,0
imagenet_r,m4_proto,F2,A1_LiRA,0.00012033778407775893,0.4558750124787861,0
imagenet_r,m4_proto,F2,A1_LiRA,0.00012603829296797275,0.4558750124787861,0
imagenet_r,m4_proto,F2,A1_LiRA,0.0001320088400831418,0.4558750124787861,0
imagenet_r,m4_proto,F2,A1_LiRA,0.00013826221737646565,0.4558750124787861,0
imagenet_r,m4_proto,F2,A1_LiRA,0.0001448118227674533,0.4558750124787861,0
imagenet_r,m4_proto,F2,A1_LiRA,0.00015167168884709225,0.46286313267445345,0
imagenet_r,m4_proto,F2,A1_LiRA,0.00015885651294280528,0.46286313267445345,0
imagenet_r,m4_proto,F2,A1_LiRA,0.0001663816886076129,0.46286313267445345,0
imagenet_r,m4_proto,F2,A1_LiRA,0.00017426333860096508,0.46286313267445345,0
imagenet_r,m4_proto,F2,A1_LiRA,0.00018251834943190426,0.46286313267445345,0
imagenet_r,m4_proto,F2,A1_LiRA,0.00019116440753857018,0.46286313267445345,0
imagenet_r,m4_proto,F2,A1_LiRA,0.00020022003718155845,0.4635120295497654,0
imagenet_r,m4_proto,F2,A1_LiRA,0.00020970464013232327,0.4635120295497654,0
imagenet_r,m4_proto,F2,A1_LiRA,0.0002196385372416547,0.4635120295497654,0
imagenet_r,m4_proto,F2,A1_LiRA,0.0002300430119772917,0.4635120295497654,0
imagenet_r,m4_proto,F2,A1_LiRA,0.00024094035602395243,0.4635120295497654,0
imagenet_r,m4_proto,F2,A1_LiRA,0.0002523539170434766,0.47868623340321453,0
imagenet_r,m4_proto,F2,A1_LiRA,0.00026430814869741055,0.47868623340321453,0
imagenet_r,m4_proto,F2,A1_LiRA,0.00027682866303920667,0.47868623340321453,0
imagenet_r,m4_proto,F2,A1_LiRA,0.0002899422853882875,0.47868623340321453,0
imagenet_r,m4_proto,F2,A1_LiRA,0.0003036771118035457,0.47943496056703605,0
imagenet_r,m4_proto,F2,A1_LiRA,0.0003180625692794119,0.47943496056703605,0
imagenet_r,m4_proto,F2,A1_LiRA,0.00033312947879346737,0.47943496056703605,0
imagenet_r,m4_proto,F2,A1_LiRA,0.0003489101213406774,0.47943496056703605,0
imagenet_r,m4_proto,F2,A1_LiRA,0.00036543830709572547,0.48457622042527704,0
imagenet_r,m4_proto,F2,A1_LiRA,0.0003827494478516311,0.48457622042527704,0
imagenet_r,m4_proto,F2,A1_LiRA,0.0004008806328898465,0.49575721273834483,0
imagenet_r,m4_proto,F2,A1_LiRA,0.000419870708444391,0.49575721273834483,0
imagenet_r,m4_proto,F2,A1_LiRA,0.00043976036093027214,0.49575721273834483,0
imagenet_r,m4_proto,F2,A1_LiRA,0.00046059220411451035,0.4998502545672357,0
imagenet_r,m4_proto,F2,A1_LiRA,0.00048241087041653687,0.4998502545672357,0
imagenet_r,m4_proto,F2,A1_LiRA,0.0005052631065335679,0.5061395627433364,0
imagenet_r,m4_proto,F2,A1_LiRA,0.0005291978735958442,0.5061395627433364,0
imagenet_r,m4_proto,F2,A1_LiRA,0.0005542664520663107,0.5096835379854248,0
imagenet_r,m4_proto,F2,A1_LiRA,0.0005805225516094895,0.5096835379854248,0
imagenet_r,m4_proto,F2,A1_LiRA,0.0006080224261649427,0.5167714884696016,0
imagenet_r,m4_proto,F2,A1_LiRA,0.0006368249944718586,0.5167714884696016,0
imagenet_r,m4_proto,F2,A1_LiRA,0.0006669919663030121,0.5277528202056504,0
imagenet_r,m4_proto,F2,A1_LiRA,0.0006985879746785249,0.5307477288609365,0
imagenet_r,m4_proto,F2,A1_LiRA,0.0007316807143427193,0.5307477288609365,0
imagenet_r,m4_proto,F2,A1_LiRA,0.0007663410868007462,0.5351402615553559,0
imagenet_r,m4_proto,F2,A1_LiRA,0.0008026433522257174,0.5359389038634321,0
imagenet_r,m4_proto,F2,A1_LiRA,0.0008406652885618325,0.5359389038634321,0
imagenet_r,m4_proto,F2,A1_LiRA,0.0008804883581643465,0.536188479584706,0
imagenet_r,m4_proto,F2,A1_LiRA,0.0009221978823334322,0.5425776180493161,0
imagenet_r,m4_proto,F2,A1_LiRA,0.0009658832241158709,0.5462214235799141,0
imagenet_r,m4_proto,F2,A1_LiRA,0.001011637979766207,0.551811919736448,0
imagenet_r,m4_proto,F2,A1_LiRA,0.001059560179277616,0.5582509733453129,0
imagenet_r,m4_proto,F2,A1_LiRA,0.0011097524964120721,0.5695317959468903,0
imagenet_r,m4_proto,F2,A1_LiRA,0.0011623224686798518,0.5695317959468903,0
imagenet_r,m4_proto,F2,A1_LiRA,0.001217382727739662,0.5758211041229909,0
imagenet_r,m4_proto,F2,A1_LiRA,0.0012750512407130128,0.5765199161425576,0
imagenet_r,m4_proto,F2,A1_LiRA,0.0013354515629298987,0.5776679644604172,0
imagenet_r,m4_proto,F2,A1_LiRA,0.0013987131026472386,0.5842567635020465,0
imagenet_r,m4_proto,F2,A1_LiRA,0.0014649713983072847,0.5854048118199061,0
imagenet_r,m4_proto,F2,A1_LiRA,0.0015343684089300133,0.5855046421084157,0
imagenet_r,m4_proto,F2,A1_LiRA,0.0016070528182616384,0.5890486173505042,0
imagenet_r,m4_proto,F2,A1_LiRA,0.0016831803533309566,0.5921433562942997,0
imagenet_r,m4_proto,F2,A1_LiRA,0.001762914118095948,0.5996805430767695,0
imagenet_r,m4_proto,F2,A1_LiRA,0.0018464249428955426,0.6026754517320555,0
imagenet_r,m4_proto,F2,A1_LiRA,0.0019338917504552321,0.6044224817809724,0
imagenet_r,m4_proto,F2,A1_LiRA,0.0020255019392306666,0.6052211240890486,0
imagenet_r,m4_proto,F2,A1_LiRA,0.00212145178491063,0.6058201058201058,0
imagenet_r,m4_proto,F2,A1_LiRA,0.002221946860939524,0.6067684935609464,0
imagenet_r,m4_proto,F2,A1_LiRA,0.0023272024789604074,0.6076669661575322,0
imagenet_r,m4_proto,F2,A1_LiRA,0.002437444150122222,0.610062893081761,0
imagenet_r,m4_proto,F2,A1_LiRA,0.0025529080682395165,0.6155535589497854,0
imagenet_r,m4_proto,F2,A1_LiRA,0.0026738416158399465,0.6160027952480782,0
imagenet_r,m4_proto,F2,A1_LiRA,0.002800503894183631,0.6194968553459119,0
imagenet_r,m4_proto,F2,A1_LiRA,0.0029331662783900424,0.6224418488569432,0
imagenet_r,m4_proto,F2,A1_LiRA,0.003072112998861759,0.6248876909254267,0
imagenet_r,m4_proto,F2,A1_LiRA,0.0032176417502507355,0.6275331935709294,0
imagenet_r,m4_proto,F2,A1_LiRA,0.003370064329271928,0.6292802236198463,0
imagenet_r,m4_proto,F2,A1_LiRA,0.00352970730273065,0.6397124887690926,0
imagenet_r,m4_proto,F2,A1_LiRA,0.0036969127071950283,0.6438055305979834,0
imagenet_r,m4_proto,F2,A1_LiRA,0.003872038781812557,0.6453029849256264,0
imagenet_r,m4_proto,F2,A1_LiRA,0.004055460735840828,0.6477987421383647,0
imagenet_r,m4_proto,F2,A1_LiRA,0.0042475715525368985,0.6505939902166318,0
imagenet_r,m4_proto,F2,A1_LiRA,0.004448782831127585,0.6529400019966057,0
imagenet_r,m4_proto,F2,A1_LiRA,0.004659525668664682,0.6584306678646301,0
imagenet_r,m4_proto,F2,A1_LiRA,0.004880251583654433,0.6606768493560946,0
imagenet_r,m4_proto,F2,A1_LiRA,0.005111433483440166,0.6687631027253669,0
imagenet_r,m4_proto,F2,A1_LiRA,0.0053535666774107244,0.6720575022461814,0
imagenet_r,m4_proto,F2,A1_LiRA,0.005607169938205458,0.6749525806129579,0
imagenet_r,m4_proto,F2,A1_LiRA,0.005872786613189483,0.6796945193171609,0
imagenet_r,m4_proto,F2,A1_LiRA,0.006150985788580504,0.6835879005690326,0
imagenet_r,m4_proto,F2,A1_LiRA,0.00644236350872137,0.6868323849455925,0
imagenet_r,m4_proto,F2,A1_LiRA,0.006747544053110693,0.6883298392732355,0
imagenet_r,m4_proto,F2,A1_LiRA,0.0070671812739274914,0.6909753419187381,0
imagenet_r,m4_proto,F2,A1_LiRA,0.007401959996915644,0.6931216931216931,0
imagenet_r,m4_proto,F2,A1_LiRA,0.007752597488629464,0.6968653289408007,0
imagenet_r,m4_proto,F2,A1_LiRA,0.008119844993184008,0.7033542976939203,0
imagenet_r,m4_proto,F2,A1_LiRA,0.008504489341802677,0.7065488669262254,0
imagenet_r,m4_proto,F2,A1_LiRA,0.00890735463861044,0.7100928421683139,0
imagenet_r,m4_proto,F2,A1_LiRA,0.009329304026284686,0.7133872416891285,0
imagenet_r,m4_proto,F2,A1_LiRA,0.009771241535346501,0.7145352900069881,0
imagenet_r,m4_proto,F2,A1_LiRA,0.010234114021054527,0.7176799440950384,0
imagenet_r,m4_proto,F2,A1_LiRA,0.010718913192051276,0.7230707796745532,0
imagenet_r,m4_proto,F2,A1_LiRA,0.011226677735108135,0.72911051212938,0
imagenet_r,m4_proto,F2,A1_LiRA,0.01175849554052157,0.7323549965059399,0
imagenet_r,m4_proto,F2,A1_LiRA,0.012315506032928261,0.7374463412199261,0
imagenet_r,m4_proto,F2,A1_LiRA,0.01289890261253308,0.7415892981930717,0
imagenet_r,m4_proto,F2,A1_LiRA,0.013509935211980266,0.7440850554058102,0
imagenet_r,m4_proto,F2,A1_LiRA,0.01414991297434576,0.7491264849755416,0
imagenet_r,m4_proto,F2,A1_LiRA,0.014820207057988586,0.7541179994010183,0
imagenet_r,m4_proto,F2,A1_LiRA,0.01552225357427048,0.7588100229609663,0
imagenet_r,m4_proto,F2,A1_LiRA,0.016257556664437952,0.762952979934112,0
imagenet_r,m4_proto,F2,A1_LiRA,0.017027691722258997,0.7663472097434362,0
imagenet_r,m4_proto,F2,A1_LiRA,0.017834308769319095,0.7705899970050913,0
imagenet_r,m4_proto,F2,A1_LiRA,0.01867913599020783,0.7766796446041729,0
imagenet_r,m4_proto,F2,A1_LiRA,0.01956398343517065,0.7829689527802736,0
imagenet_r,m4_proto,F2,A1_LiRA,0.020490746898158482,0.7867625037436358,0
imagenet_r,m4_proto,F2,A1_LiRA,0.021461411978584036,0.7915044424478387,0
imagenet_r,m4_proto,F2,A1_LiRA,0.02247805833548725,0.7947489268243986,0
imagenet_r,m4_proto,F2,A1_LiRA,0.02354286414322418,0.800439253269442,0
imagenet_r,m4_proto,F2,A1_LiRA,0.024658110758226038,0.8043825496655685,0
imagenet_r,m4_proto,F2,A1_LiRA,0.025826187606826773,0.8076769491863831,0
imagenet_r,m4_proto,F2,A1_LiRA,0.027049597304631343,0.8108216032744334,0
imagenet_r,m4_proto,F2,A1_LiRA,0.02833096101839324,0.8157132874114006,0
imagenet_r,m4_proto,F2,A1_LiRA,0.029673024081888696,0.8186582809224319,0
imagenet_r,m4_proto,F2,A1_LiRA,0.03107866187782014,0.8230508136168514,0
imagenet_r,m4_proto,F2,A1_LiRA,0.0325508859983506,0.827393431167016,0
imagenet_r,m4_proto,F2,A1_LiRA,0.03409285069746811,0.8318358790056903,0
imagenet_r,m4_proto,F2,A1_LiRA,0.03570785964900463,0.8357791754018169,0
imagenet_r,m4_proto,F2,A1_LiRA,0.03739937302478798,0.8389238294898672,0
imagenet_r,m4_proto,F2,A1_LiRA,0.039171014908092605,0.8423679744434461,0
imagenet_r,m4_proto,F2,A1_LiRA,0.04102658105827194,0.8457622042527703,0
imagenet_r,m4_proto,F2,A1_LiRA,0.04297004704320839,0.8492063492063492,0
imagenet_r,m4_proto,F2,A1_LiRA,0.04500557675700498,0.854397524208845,0
imagenet_r,m4_proto,F2,A1_LiRA,0.047137531341167244,0.8579914145951881,0
imagenet_r,m4_proto,F2,A1_LiRA,0.049370478528390035,0.8615353898372766,0
imagenet_r,m4_proto,F2,A1_LiRA,0.05170920242896761,0.8649795347908555,0
imagenet_r,m4_proto,F2,A1_LiRA,0.054158713780794704,0.8699211340720775,0
imagenet_r,m4_proto,F2,A1_LiRA,0.05672426068491978,0.8741639213337327,0
imagenet_r,m4_proto,F2,A1_LiRA,0.05941133984965034,0.878157132874114,0
imagenet_r,m4_proto,F2,A1_LiRA,0.06222570836730231,0.8819506838374763,0
imagenet_r,m4_proto,F2,A1_LiRA,0.06517339604882427,0.8862933013876411,0
imagenet_r,m4_proto,F2,A1_LiRA,0.06826071834272386,0.8916841369671559,0
imagenet_r,m4_proto,F2,A1_LiRA,0.07149428986597577,0.8964260756713587,0
imagenet_r,m4_proto,F2,A1_LiRA,0.07488103857590023,0.9002695417789758,0
imagenet_r,m4_proto,F2,A1_LiRA,0.07842822061337681,0.9042627533193571,0
imagenet_r,m4_proto,F2,A1_LiRA,0.0821434358491943,0.9066087650993311,0
imagenet_r,m4_proto,F2,A1_LiRA,0.086034644166845,0.9111011280822602,0
imagenet_r,m4_proto,F2,A1_LiRA,0.09011018251665019,0.9155435759209344,0
imagenet_r,m4_proto,F2,A1_LiRA,0.09437878277775381,0.9192872117400419,0
imagenet_r,m4_proto,F2,A1_LiRA,0.09884959046625587,0.9240790655884995,0
imagenet_r,m4_proto,F2,A1_LiRA,0.10353218432956626,0.9278726165518618,0
imagenet_r,m4_proto,F2,A1_LiRA,0.1084365968689611,0.9309174403514027,0
imagenet_r,m4_proto,F2,A1_LiRA,0.11357333583431052,0.9349605670360387,0
imagenet_r,m4_proto,F2,A1_LiRA,0.11895340673703195,0.938754117999401,0
imagenet_r,m4_proto,F2,A1_LiRA,0.12458833642950082,0.9425476689627633,0
imagenet_r,m4_proto,F2,A1_LiRA,0.1304901978014403,0.9467904562244185,0
imagenet_r,m4_proto,F2,A1_LiRA,0.13667163564620075,0.9512329040630927,0
imagenet_r,m4_proto,F2,A1_LiRA,0.14314589375234785,0.9544773884396526,0
imagenet_r,m4_proto,F2,A1_LiRA,0.14992684327860456,0.9584206848357791,0
imagenet_r,m4_proto,F2,A1_LiRA,0.15702901247293774,0.9614155934910652,0
imagenet_r,m4_proto,F2,A1_LiRA,0.16446761779946645,0.9649595687331537,0
imagenet_r,m4_proto,F2,A1_LiRA,0.17225859653987874,0.9675052410901468,0
imagenet_r,m4_proto,F2,A1_LiRA,0.18041864093920718,0.9701008285913947,0
imagenet_r,m4_proto,F2,A1_LiRA,0.18896523396912096,0.9724468403713686,0
imagenet_r,m4_proto,F2,A1_LiRA,0.19791668678535573,0.9742437855645403,0
imagenet_r,m4_proto,F2,A1_LiRA,0.2072921779595372,0.9765897973445143,0
imagenet_r,m4_proto,F2,A1_LiRA,0.21711179456945054,0.9786862334032146,0
imagenet_r,m4_proto,F2,A1_LiRA,0.22739657523579276,0.9808325846061695,0
imagenet_r,m4_proto,F2,A1_LiRA,0.23816855519761582,0.9826794449435959,0
imagenet_r,m4_proto,F2,A1_LiRA,0.24945081352303167,0.9845263052810223,0
imagenet_r,m4_proto,F2,A1_LiRA,0.2612675225563329,0.9862234201856843,0
imagenet_r,m4_proto,F2,A1_LiRA,0.27364399970746717,0.988220025955875,0
imagenet_r,m4_proto,F2,A1_LiRA,0.286606761694825,0.9895677348507537,0
imagenet_r,m4_proto,F2,A1_LiRA,0.3001835813575589,0.9905660377358491,0
imagenet_r,m4_proto,F2,A1_LiRA,0.31440354715915003,0.9921633223520016,0
imagenet_r,m4_proto,F2,A1_LiRA,0.3292971255097151,0.9933113706698612,0
imagenet_r,m4_proto,F2,A1_LiRA,0.34489622604057596,0.9940600978336828,0
imagenet_r,m4_proto,F2,A1_LiRA,0.36123426997094304,0.9951083158630328,0
imagenet_r,m4_proto,F2,A1_LiRA,0.3783462617131929,0.9960067884596187,0
imagenet_r,m4_proto,F2,A1_LiRA,0.3962688638701478,0.9965059399021663,0
imagenet_r,m4_proto,F2,A1_LiRA,0.41504047578504766,0.9970050913447139,0
imagenet_r,m4_proto,F2,A1_LiRA,0.43470131581250265,0.9975042427872617,0
imagenet_r,m4_proto,F2,A1_LiRA,0.4552935074866948,0.9979035639412998,0
imagenet_r,m4_proto,F2,A1_LiRA,0.47686116977144694,0.9983028850953379,0
imagenet_r,m4_proto,F2,A1_LiRA,0.499450511585514,0.9987022062493761,0
imagenet_r,m4_proto,F2,A1_LiRA,0.5231099308056264,0.9988519516821404,0
imagenet_r,m4_proto,F2,A1_LiRA,0.5478901179593945,0.9991015274034142,0
imagenet_r,m4_proto,F2,A1_LiRA,0.5738441648302393,0.9992512728361785,0
imagenet_r,m4_proto,F2,A1_LiRA,0.6010276782070382,0.9995507637017071,0
imagenet_r,m4_proto,F2,A1_LiRA,0.6294988990221888,0.9997005091344714,0
imagenet_r,m4_proto,F2,A1_LiRA,0.6593188271333549,0.999800339422981,0
imagenet_r,m4_proto,F2,A1_LiRA,0.6905513520162331,0.9998502545672358,0
imagenet_r,m4_proto,F2,A1_LiRA,0.7232633896483533,0.9998502545672358,0
imagenet_r,m4_proto,F2,A1_LiRA,0.7575250258771913,0.9998502545672358,0
imagenet_r,m4_proto,F2,A1_LiRA,0.7934096665797492,0.9999500848557452,0
imagenet_r,m4_proto,F2,A1_LiRA,0.8309941949353395,0.9999500848557452,0
imagenet_r,m4_proto,F2,A1_LiRA,0.8703591361485166,1.0,0
imagenet_r,m4_proto,F2,A1_LiRA,0.9115888299750827,1.0,0
imagenet_r,m4_proto,F2,A1_LiRA,0.9547716114208056,1.0,0
imagenet_r,m4_proto,F2,A1_LiRA,1.0,1.0,0
imagenet_r,m5_hybrid_replay,F1,A1_LiRA,0.0,0.007072135785007072,0
imagenet_r,m5_hybrid_replay,F1,A1_LiRA,0.0001,0.013120031214944155,0
imagenet_r,m5_hybrid_replay,F1,A1_LiRA,0.00010473708979594497,0.013120031214944155,0
imagenet_r,m5_hybrid_replay,F1,A1_LiRA,0.00010969857978923841,0.013120031214944155,0
imagenet_r,m5_hybrid_replay,F1,A1_LiRA,0.00011489510001873086,0.013120031214944155,0
imagenet_r,m5_hybrid_replay,F1,A1_LiRA,0.00012033778407775893,0.013120031214944155,0
imagenet_r,m5_hybrid_replay,F1,A1_LiRA,0.00012603829296797275,0.013120031214944155,0
imagenet_r,m5_hybrid_replay,F1,A1_LiRA,0.0001320088400831418,0.013120031214944155,0
imagenet_r,m5_hybrid_replay,F1,A1_LiRA,0.00013826221737646565,0.013120031214944155,0
imagenet_r,m5_hybrid_replay,F1,A1_LiRA,0.0001448118227674533,0.013120031214944155,0
imagenet_r,m5_hybrid_replay,F1,A1_LiRA,0.00015167168884709225,0.013705311417841292,0
imagenet_r,m5_hybrid_replay,F1,A1_LiRA,0.00015885651294280528,0.013705311417841292,0
imagenet_r,m5_hybrid_replay,F1,A1_LiRA,0.0001663816886076129,0.013705311417841292,0
imagenet_r,m5_hybrid_replay,F1,A1_LiRA,0.00017426333860096508,0.013705311417841292,0
imagenet_r,m5_hybrid_replay,F1,A1_LiRA,0.00018251834943190426,0.013705311417841292,0
imagenet_r,m5_hybrid_replay,F1,A1_LiRA,0.00019116440753857018,0.013705311417841292,0
imagenet_r,m5_hybrid_replay,F1,A1_LiRA,0.00020022003718155845,0.014046724869531287,0
imagenet_r,m5_hybrid_replay,F1,A1_LiRA,0.00020970464013232327,0.014046724869531287,0
imagenet_r,m5_hybrid_replay,F1,A1_LiRA,0.0002196385372416547,0.014046724869531287,0
imagenet_r,m5_hybrid_replay,F1,A1_LiRA,0.0002300430119772917,0.014046724869531287,0
imagenet_r,m5_hybrid_replay,F1,A1_LiRA,0.00024094035602395243,0.014046724869531287,0
imagenet_r,m5_hybrid_replay,F1,A1_LiRA,0.0002523539170434766,0.015314831975808418,0
imagenet_r,m5_hybrid_replay,F1,A1_LiRA,0.00026430814869741055,0.015314831975808418,0
imagenet_r,m5_hybrid_replay,F1,A1_LiRA,0.00027682866303920667,0.015314831975808418,0
imagenet_r,m5_hybrid_replay,F1,A1_LiRA,0.0002899422853882875,0.015314831975808418,0
imagenet_r,m5_hybrid_replay,F1,A1_LiRA,0.0003036771118035457,0.016631712432326976,0
imagenet_r,m5_hybrid_replay,F1,A1_LiRA,0.0003180625692794119,0.016631712432326976,0
imagenet_r,m5_hybrid_replay,F1,A1_LiRA,0.00033312947879346737,0.016631712432326976,0
imagenet_r,m5_hybrid_replay,F1,A1_LiRA,0.0003489101213406774,0.02009462029946837,0
imagenet_r,m5_hybrid_replay,F1,A1_LiRA,0.00036543830709572547,0.02009462029946837,0
imagenet_r,m5_hybrid_replay,F1,A1_LiRA,0.0003827494478516311,0.02009462029946837,0
imagenet_r,m5_hybrid_replay,F1,A1_LiRA,0.0004008806328898465,0.024776861922645468,0
imagenet_r,m5_hybrid_replay,F1,A1_LiRA,0.000419870708444391,0.024776861922645468,0
imagenet_r,m5_hybrid_replay,F1,A1_LiRA,0.00043976036093027214,0.02526459542505975,0
imagenet_r,m5_hybrid_replay,F1,A1_LiRA,0.00046059220411451035,0.02526459542505975,0
imagenet_r,m5_hybrid_replay,F1,A1_LiRA,0.00048241087041653687,0.02526459542505975,0
imagenet_r,m5_hybrid_replay,F1,A1_LiRA,0.0005052631065335679,0.025557235526508317,0
imagenet_r,m5_hybrid_replay,F1,A1_LiRA,0.0005291978735958442,0.025557235526508317,0
imagenet_r,m5_hybrid_replay,F1,A1_LiRA,0.0005542664520663107,0.025801102277715458,0
imagenet_r,m5_hybrid_replay,F1,A1_LiRA,0.0005805225516094895,0.025801102277715458,0
imagenet_r,m5_hybrid_replay,F1,A1_LiRA,0.0006080224261649427,0.02677656928254402,0
imagenet_r,m5_hybrid_replay,F1,A1_LiRA,0.0006368249944718586,0.026825342632785448,0
imagenet_r,m5_hybrid_replay,F1,A1_LiRA,0.0006669919663030121,0.026825342632785448,0
imagenet_r,m5_hybrid_replay,F1,A1_LiRA,0.0006985879746785249,0.027898356338096862,0
imagenet_r,m5_hybrid_replay,F1,A1_LiRA,0.0007316807143427193,0.027898356338096862,0
imagenet_r,m5_hybrid_replay,F1,A1_LiRA,0.0007663410868007462,0.028337316490269715,0
imagenet_r,m5_hybrid_replay,F1,A1_LiRA,0.0008026433522257174,0.0297029702970297,0
imagenet_r,m5_hybrid_replay,F1,A1_LiRA,0.0008406652885618325,0.030434570550651123,0
imagenet_r,m5_hybrid_replay,F1,A1_LiRA,0.0008804883581643465,0.030434570550651123,0
imagenet_r,m5_hybrid_replay,F1,A1_LiRA,0.0009221978823334322,0.030434570550651123,0
imagenet_r,m5_hybrid_replay,F1,A1_LiRA,0.0009658832241158709,0.03389747841779252,0
imagenet_r,m5_hybrid_replay,F1,A1_LiRA,0.001011637979766207,0.03492171877286251,0
imagenet_r,m5_hybrid_replay,F1,A1_LiRA,0.001059560179277616,0.03506803882358679,0
imagenet_r,m5_hybrid_replay,F1,A1_LiRA,0.0011097524964120721,0.03545822562551822,0
imagenet_r,m5_hybrid_replay,F1,A1_LiRA,0.0011623224686798518,0.03584841242744964,0
imagenet_r,m5_hybrid_replay,F1,A1_LiRA,0.001217382727739662,0.03589718577769107,0
imagenet_r,m5_hybrid_replay,F1,A1_LiRA,0.0012750512407130128,0.03672633273179535,0
imagenet_r,m5_hybrid_replay,F1,A1_LiRA,0.0013354515629298987,0.03721406623420963,0
imagenet_r,m5_hybrid_replay,F1,A1_LiRA,0.0013987131026472386,0.03721406623420963,0
imagenet_r,m5_hybrid_replay,F1,A1_LiRA,0.0014649713983072847,0.038823586792176755,0
imagenet_r,m5_hybrid_replay,F1,A1_LiRA,0.0015343684089300133,0.03945764034531532,0
imagenet_r,m5_hybrid_replay,F1,A1_LiRA,0.0016070528182616384,0.03979905379700532,0
imagenet_r,m5_hybrid_replay,F1,A1_LiRA,0.0016831803533309566,0.04126225430424816,0
imagenet_r,m5_hybrid_replay,F1,A1_LiRA,0.001762914118095948,0.04174998780666244,0
imagenet_r,m5_hybrid_replay,F1,A1_LiRA,0.0018464249428955426,0.04194508120762815,0
imagenet_r,m5_hybrid_replay,F1,A1_LiRA,0.0019338917504552321,0.04282300151197386,0
imagenet_r,m5_hybrid_replay,F1,A1_LiRA,0.0020255019392306666,0.045993269277666685,0
imagenet_r,m5_hybrid_replay,F1,A1_LiRA,0.00212145178491063,0.047554016485392384,0
imagenet_r,m5_hybrid_replay,F1,A1_LiRA,0.002221946860939524,0.050870604301809494,0
imagenet_r,m5_hybrid_replay,F1,A1_LiRA,0.0023272024789604074,0.05257767156025948,0
imagenet_r,m5_hybrid_replay,F1,A1_LiRA,0.002437444150122222,0.05267521826074233,0
imagenet_r,m5_hybrid_replay,F1,A1_LiRA,0.0025529080682395165,0.05369945861581232,0
imagenet_r,m5_hybrid_replay,F1,A1_LiRA,0.0026738416158399465,0.05374823196605375,0
imagenet_r,m5_hybrid_replay,F1,A1_LiRA,0.002800503894183631,0.05526020582353802,0
imagenet_r,m5_hybrid_replay,F1,A1_LiRA,0.0029331662783900424,0.05535775252402088,0
imagenet_r,m5_hybrid_replay,F1,A1_LiRA,0.003072112998861759,0.05550407257474516,0
imagenet_r,m5_hybrid_replay,F1,A1_LiRA,0.0032176417502507355,0.05613812612788372,0
imagenet_r,m5_hybrid_replay,F1,A1_LiRA,0.003370064329271928,0.056772179681022286,0
imagenet_r,m5_hybrid_replay,F1,A1_LiRA,0.00352970730273065,0.05823538018826513,0
imagenet_r,m5_hybrid_replay,F1,A1_LiRA,0.0036969127071950283,0.059844900746232256,0
imagenet_r,m5_hybrid_replay,F1,A1_LiRA,0.003872038781812557,0.061698288055406524,0
imagenet_r,m5_hybrid_replay,F1,A1_LiRA,0.004055460735840828,0.06389308881627079,0
imagenet_r,m5_hybrid_replay,F1,A1_LiRA,0.0042475715525368985,0.06540506267375507,0
imagenet_r,m5_hybrid_replay,F1,A1_LiRA,0.004448782831127585,0.06633175632834219,0
imagenet_r,m5_hybrid_replay,F1,A1_LiRA,0.004659525668664682,0.06681948983075647,0
imagenet_r,m5_hybrid_replay,F1,A1_LiRA,0.004880251583654433,0.06862410378968932,0
imagenet_r,m5_hybrid_replay,F1,A1_LiRA,0.005111433483440166,0.07018485099741502,0
imagenet_r,m5_hybrid_replay,F1,A1_LiRA,0.0053535666774107244,0.07086767790079501,0
imagenet_r,m5_hybrid_replay,F1,A1_LiRA,0.005607169938205458,0.0727698385602107,0
imagenet_r,m5_hybrid_replay,F1,A1_LiRA,0.005872786613189483,0.07316002536214213,0
imagenet_r,m5_hybrid_replay,F1,A1_LiRA,0.006150985788580504,0.07369653221479784,0
imagenet_r,m5_hybrid_replay,F1,A1_LiRA,0.00644236350872137,0.07530605277276496,0
imagenet_r,m5_hybrid_replay,F1,A1_LiRA,0.006747544053110693,0.07672047992976637,0
imagenet_r,m5_hybrid_replay,F1,A1_LiRA,0.0070671812739274914,0.07837877383797492,0
imagenet_r,m5_hybrid_replay,F1,A1_LiRA,0.007401959996915644,0.0798907476954592,0
imagenet_r,m5_hybrid_replay,F1,A1_LiRA,0.007752597488629464,0.08096376140077062,0
imagenet_r,m5_hybrid_replay,F1,A1_LiRA,0.008119844993184008,0.08218309515680632,0
imagenet_r,m5_hybrid_replay,F1,A1_LiRA,0.008504489341802677,0.08559722967370628,0
imagenet_r,m5_hybrid_replay,F1,A1_LiRA,0.00890735463861044,0.08808467053601912,0
imagenet_r,m5_hybrid_replay,F1,A1_LiRA,0.009329304026284686,0.0913524850021948,0
imagenet_r,m5_hybrid_replay,F1,A1_LiRA,0.009771241535346501,0.0922304053065405,0
imagenet_r,m5_hybrid_replay,F1,A1_LiRA,0.010234114021054527,0.09398624591523191,0
imagenet_r,m5_hybrid_replay,F1,A1_LiRA,0.010718913192051276,0.09686387357947618,0
imagenet_r,m5_hybrid_replay,F1,A1_LiRA,0.011226677735108135,0.09910744769058187,0
imagenet_r,m5_hybrid_replay,F1,A1_LiRA,0.01175849554052157,0.10066819489830757,0
imagenet_r,m5_hybrid_replay,F1,A1_LiRA,0.012315506032928261,0.10266790225820611,0
imagenet_r,m5_hybrid_replay,F1,A1_LiRA,0.01289890261253308,0.10637467687655465,0
imagenet_r,m5_hybrid_replay,F1,A1_LiRA,0.013509935211980266,0.1081792908354875,0
imagenet_r,m5_hybrid_replay,F1,A1_LiRA,0.01414991297434576,0.11066673169780032,0
imagenet_r,m5_hybrid_replay,F1,A1_LiRA,0.014820207057988586,0.11373945276301028,0
imagenet_r,m5_hybrid_replay,F1,A1_LiRA,0.01552225357427048,0.11603180022435741,0
imagenet_r,m5_hybrid_replay,F1,A1_LiRA,0.016257556664437952,0.11910452128956737,0
imagenet_r,m5_hybrid_replay,F1,A1_LiRA,0.017027691722258997,0.1210554552992245,0
imagenet_r,m5_hybrid_replay,F1,A1_LiRA,0.017834308769319095,0.1250548700190216,0
imagenet_r,m5_hybrid_replay,F1,A1_LiRA,0.01867913599020783,0.1279812710335073,0
imagenet_r,m5_hybrid_replay,F1,A1_LiRA,0.01956398343517065,0.12998097839340583,0
imagenet_r,m5_hybrid_replay,F1,A1_LiRA,0.020490746898158482,0.13227332585475296,0
imagenet_r,m5_hybrid_replay,F1,A1_LiRA,0.021461411978584036,0.1349070867677901,0
imagenet_r,m5_hybrid_replay,F1,A1_LiRA,0.02247805833548725,0.13812612788372433,0
imagenet_r,m5_hybrid_replay,F1,A1_LiRA,0.02354286414322418,0.14129639564941715,0
imagenet_r,m5_hybrid_replay,F1,A1_LiRA,0.024658110758226038,0.14441789006486855,0
imagenet_r,m5_hybrid_replay,F1,A1_LiRA,0.025826187606826773,0.1488074915865971,0
imagenet_r,m5_hybrid_replay,F1,A1_LiRA,0.027049597304631343,0.1530019997073599,0
imagenet_r,m5_hybrid_replay,F1,A1_LiRA,0.02833096101839324,0.15651368092474272,0
imagenet_r,m5_hybrid_replay,F1,A1_LiRA,0.029673024081888696,0.1613422425986441,0
imagenet_r,m5_hybrid_replay,F1,A1_LiRA,0.03107866187782014,0.1658781641710969,0
imagenet_r,m5_hybrid_replay,F1,A1_LiRA,0.0325508859983506,0.16963371213968687,0
imagenet_r,m5_hybrid_replay,F1,A1_LiRA,0.03409285069746811,0.17392576696093254,0
imagenet_r,m5_hybrid_replay,F1,A1_LiRA,0.03570785964900463,0.1780227283812125,0
imagenet_r,m5_hybrid_replay,F1,A1_LiRA,0.03739937302478798,0.18265619665414817,0
imagenet_r,m5_hybrid_replay,F1,A1_LiRA,0.039171014908092605,0.18719211822660098,0
imagenet_r,m5_hybrid_replay,F1,A1_LiRA,0.04102658105827194,0.1908988928449495,0
imagenet_r,m5_hybrid_replay,F1,A1_LiRA,0.04297004704320839,0.19675169487392088,0
imagenet_r,m5_hybrid_replay,F1,A1_LiRA,0.04500557675700498,0.2002146027410623,0
imagenet_r,m5_hybrid_replay,F1,A1_LiRA,0.047137531341167244,0.20411647076037653,0
imagenet_r,m5_hybrid_replay,F1,A1_LiRA,0.049370478528390035,0.20889625908403647,0
imagenet_r,m5_hybrid_replay,F1,A1_LiRA,0.05170920242896761,0.213968687509145,0
imagenet_r,m5_hybrid_replay,F1,A1_LiRA,0.054158713780794704,0.21855338243183925,0
imagenet_r,m5_hybrid_replay,F1,A1_LiRA,0.05672426068491978,0.22240647710091205,0
imagenet_r,m5_hybrid_replay,F1,A1_LiRA,0.05941133984965034,0.22772277227722773,0
imagenet_r,m5_hybrid_replay,F1,A1_LiRA,0.06222570836730231,0.2325513339511291,0
imagenet_r,m5_hybrid_replay,F1,A1_LiRA,0.06517339604882427,0.23830658927961762,0
imagenet_r,m5_hybrid_replay,F1,A1_LiRA,0.06826071834272386,0.24362288445593328,0
imagenet_r,m5_hybrid_replay,F1,A1_LiRA,0.07149428986597577,0.25069502024094037,0
imagenet_r,m5_hybrid_replay,F1,A1_LiRA,0.07488103857590023,0.25659659562015313,0
imagenet_r,m5_hybrid_replay,F1,A1_LiRA,0.07842822061337681,0.26181534409598595,0
imagenet_r,m5_hybrid_replay,F1,A1_LiRA,0.0821434358491943,0.2684972930790616,0
imagenet_r,m5_hybrid_replay,F1,A1_LiRA,0.086034644166845,0.2759596156660001,0
imagenet_r,m5_hybrid_replay,F1,A1_LiRA,0.09011018251665019,0.28142223089304,0
imagenet_r,m5_hybrid_replay,F1,A1_LiRA,0.09437878277775381,0.2884943666780471,0
imagenet_r,m5_hybrid_replay,F1,A1_LiRA,0.09884959046625587,0.29585914256450274,0
imagenet_r,m5_hybrid_replay,F1,A1_LiRA,0.10353218432956626,0.30278495829878554,0
imagenet_r,m5_hybrid_replay,F1,A1_LiRA,0.1084365968689611,0.31166170804272547,0
imagenet_r,m5_hybrid_replay,F1,A1_LiRA,0.11357333583431052,0.31878261717797396,0
imagenet_r,m5_hybrid_replay,F1,A1_LiRA,0.11895340673703195,0.326537579866361,0
imagenet_r,m5_hybrid_replay,F1,A1_LiRA,0.12458833642950082,0.3356094230112666,0
imagenet_r,m5_hybrid_replay,F1,A1_LiRA,0.1304901978014403,0.34414475930351657,0
imagenet_r,m5_hybrid_replay,F1,A1_LiRA,0.13667163564620075,0.3528751889967322,0
imagenet_r,m5_hybrid_replay,F1,A1_LiRA,0.14314589375234785,0.3631175925474321,0
imagenet_r,m5_hybrid_replay,F1,A1_LiRA,0.14992684327860456,0.3727259425449934,0
imagenet_r,m5_hybrid_replay,F1,A1_LiRA,0.15702901247293774,0.38057845193386336,0
imagenet_r,m5_hybrid_replay,F1,A1_LiRA,0.16446761779946645,0.38979661512949326,0
imagenet_r,m5_hybrid_replay,F1,A1_LiRA,0.17225859653987874,0.40077061893381455,0
imagenet_r,m5_hybrid_replay,F1,A1_LiRA,0.18041864093920718,0.4135004633468273,0
imagenet_r,m5_hybrid_replay,F1,A1_LiRA,0.18896523396912096,0.42608398770911576,0
imagenet_r,m5_hybrid_replay,F1,A1_LiRA,0.19791668678535573,0.4376920450665756,0
imagenet_r,m5_hybrid_replay,F1,A1_LiRA,0.2072921779595372,0.44954396917524264,0
imagenet_r,m5_hybrid_replay,F1,A1_LiRA,0.21711179456945054,0.46242013363897966,0
imagenet_r,m5_hybrid_replay,F1,A1_LiRA,0.22739657523579276,0.4742720577476467,0
imagenet_r,m5_hybrid_replay,F1,A1_LiRA,0.23816855519761582,0.4874408623128323,0
imagenet_r,m5_hybrid_replay,F1,A1_LiRA,0.24945081352303167,0.5005608935277764,0
imagenet_r,m5_hybrid_replay,F1,A1_LiRA,0.2612675225563329,0.513046871189582,0
imagenet_r,m5_hybrid_replay,F1,A1_LiRA,0.27364399970746717,0.527288689460079,0
imagenet_r,m5_hybrid_replay,F1,A1_LiRA,0.286606761694825,0.5401648539238161,0
imagenet_r,m5_hybrid_replay,F1,A1_LiRA,0.3001835813575589,0.553723845290933,0
imagenet_r,m5_hybrid_replay,F1,A1_LiRA,0.31440354715915003,0.5705994244744671,0
imagenet_r,m5_hybrid_replay,F1,A1_LiRA,0.3292971255097151,0.587328683607277,0
imagenet_r,m5_hybrid_replay,F1,A1_LiRA,0.34489622604057596,0.6016192752280154,0
imagenet_r,m5_hybrid_replay,F1,A1_LiRA,0.36123426997094304,0.6179095742086524,0
imagenet_r,m5_hybrid_replay,F1,A1_LiRA,0.3783462617131929,0.6343949665902551,0
imagenet_r,m5_hybrid_replay,F1,A1_LiRA,0.3962688638701478,0.6506364922206507,0
imagenet_r,m5_hybrid_replay,F1,A1_LiRA,0.41504047578504766,0.6668780178510462,0
imagenet_r,m5_hybrid_replay,F1,A1_LiRA,0.43470131581250265,0.6860459444959274,0
imagenet_r,m5_hybrid_replay,F1,A1_LiRA,0.4552935074866948,0.7034092571818759,0
imagenet_r,m5_hybrid_replay,F1,A1_LiRA,0.47686116977144694,0.7224796371262742,0
imagenet_r,m5_hybrid_replay,F1,A1_LiRA,0.499450511585514,0.7418426571721212,0
imagenet_r,m5_hybrid_replay,F1,A1_LiRA,0.5231099308056264,0.7607667170657952,0
imagenet_r,m5_hybrid_replay,F1,A1_LiRA,0.5478901179593945,0.7787640833048822,0
imagenet_r,m5_hybrid_replay,F1,A1_LiRA,0.5738441648302393,0.7996390772082135,0
imagenet_r,m5_hybrid_replay,F1,A1_LiRA,0.6010276782070382,0.820660391162269,0
imagenet_r,m5_hybrid_replay,F1,A1_LiRA,0.6294988990221888,0.8409013315124616,0
imagenet_r,m5_hybrid_replay,F1,A1_LiRA,0.6593188271333549,0.8596790713554114,0
imagenet_r,m5_hybrid_replay,F1,A1_LiRA,0.6905513520162331,0.8817246256645369,0
imagenet_r,m5_hybrid_replay,F1,A1_LiRA,0.7232633896483533,0.9015753792127982,0
imagenet_r,m5_hybrid_replay,F1,A1_LiRA,0.7575250258771913,0.9232307467199922,0
imagenet_r,m5_hybrid_replay,F1,A1_LiRA,0.7934096665797492,0.9464956347851534,0
imagenet_r,m5_hybrid_replay,F1,A1_LiRA,0.8309941949353395,0.9635175340194118,0
imagenet_r,m5_hybrid_replay,F1,A1_LiRA,0.8703591361485166,0.9765400185338731,0
imagenet_r,m5_hybrid_replay,F1,A1_LiRA,0.9115888299750827,0.9887821294444715,0
imagenet_r,m5_hybrid_replay,F1,A1_LiRA,0.9547716114208056,0.9968785055845486,0
imagenet_r,m5_hybrid_replay,F1,A1_LiRA,1.0,1.0,0
imagenet_r,m8_analytic,F5,A1_LiRA,0.0,1.0,0
imagenet_r,m8_analytic,F5,A1_LiRA,0.0001,1.0,0
imagenet_r,m8_analytic,F5,A1_LiRA,0.00010473708979594497,1.0,0
imagenet_r,m8_analytic,F5,A1_LiRA,0.00010969857978923841,1.0,0
imagenet_r,m8_analytic,F5,A1_LiRA,0.00011489510001873086,1.0,0
imagenet_r,m8_analytic,F5,A1_LiRA,0.00012033778407775893,1.0,0
imagenet_r,m8_analytic,F5,A1_LiRA,0.00012603829296797275,1.0,0
imagenet_r,m8_analytic,F5,A1_LiRA,0.0001320088400831418,1.0,0
imagenet_r,m8_analytic,F5,A1_LiRA,0.00013826221737646565,1.0,0
imagenet_r,m8_analytic,F5,A1_LiRA,0.0001448118227674533,1.0,0
imagenet_r,m8_analytic,F5,A1_LiRA,0.00015167168884709225,1.0,0
imagenet_r,m8_analytic,F5,A1_LiRA,0.00015885651294280528,1.0,0
imagenet_r,m8_analytic,F5,A1_LiRA,0.0001663816886076129,1.0,0
imagenet_r,m8_analytic,F5,A1_LiRA,0.00017426333860096508,1.0,0
imagenet_r,m8_analytic,F5,A1_LiRA,0.00018251834943190426,1.0,0
imagenet_r,m8_analytic,F5,A1_LiRA,0.00019116440753857018,1.0,0
imagenet_r,m8_analytic,F5,A1_LiRA,0.00020022003718155845,1.0,0
imagenet_r,m8_analytic,F5,A1_LiRA,0.00020970464013232327,1.0,0
imagenet_r,m8_analytic,F5,A1_LiRA,0.0002196385372416547,1.0,0
imagenet_r,m8_analytic,F5,A1_LiRA,0.0002300430119772917,1.0,0
imagenet_r,m8_analytic,F5,A1_LiRA,0.00024094035602395243,1.0,0
imagenet_r,m8_analytic,F5,A1_LiRA,0.0002523539170434766,1.0,0
imagenet_r,m8_analytic,F5,A1_LiRA,0.00026430814869741055,1.0,0
imagenet_r,m8_analytic,F5,A1_LiRA,0.00027682866303920667,1.0,0
imagenet_r,m8_analytic,F5,A1_LiRA,0.0002899422853882875,1.0,0
imagenet_r,m8_analytic,F5,A1_LiRA,0.0003036771118035457,1.0,0
imagenet_r,m8_analytic,F5,A1_LiRA,0.0003180625692794119,1.0,0
imagenet_r,m8_analytic,F5,A1_LiRA,0.00033312947879346737,1.0,0
imagenet_r,m8_analytic,F5,A1_LiRA,0.0003489101213406774,1.0,0
imagenet_r,m8_analytic,F5,A1_LiRA,0.00036543830709572547,1.0,0
imagenet_r,m8_analytic,F5,A1_LiRA,0.0003827494478516311,1.0,0
imagenet_r,m8_analytic,F5,A1_LiRA,0.0004008806328898465,1.0,0
imagenet_r,m8_analytic,F5,A1_LiRA,0.000419870708444391,1.0,0
imagenet_r,m8_analytic,F5,A1_LiRA,0.00043976036093027214,1.0,0
imagenet_r,m8_analytic,F5,A1_LiRA,0.00046059220411451035,1.0,0
imagenet_r,m8_analytic,F5,A1_LiRA,0.00048241087041653687,1.0,0
imagenet_r,m8_analytic,F5,A1_LiRA,0.0005052631065335679,1.0,0
imagenet_r,m8_analytic,F5,A1_LiRA,0.0005291978735958442,1.0,0
imagenet_r,m8_analytic,F5,A1_LiRA,0.0005542664520663107,1.0,0
imagenet_r,m8_analytic,F5,A1_LiRA,0.0005805225516094895,1.0,0
imagenet_r,m8_analytic,F5,A1_LiRA,0.0006080224261649427,1.0,0
imagenet_r,m8_analytic,F5,A1_LiRA,0.0006368249944718586,1.0,0
imagenet_r,m8_analytic,F5,A1_LiRA,0.0006669919663030121,1.0,0
imagenet_r,m8_analytic,F5,A1_LiRA,0.0006985879746785249,1.0,0
imagenet_r,m8_analytic,F5,A1_LiRA,0.0007316807143427193,1.0,0
imagenet_r,m8_analytic,F5,A1_LiRA,0.0007663410868007462,1.0,0
imagenet_r,m8_analytic,F5,A1_LiRA,0.0008026433522257174,1.0,0
imagenet_r,m8_analytic,F5,A1_LiRA,0.0008406652885618325,1.0,0
imagenet_r,m8_analytic,F5,A1_LiRA,0.0008804883581643465,1.0,0
imagenet_r,m8_analytic,F5,A1_LiRA,0.0009221978823334322,1.0,0
imagenet_r,m8_analytic,F5,A1_LiRA,0.0009658832241158709,1.0,0
imagenet_r,m8_analytic,F5,A1_LiRA,0.001011637979766207,1.0,0
imagenet_r,m8_analytic,F5,A1_LiRA,0.001059560179277616,1.0,0
imagenet_r,m8_analytic,F5,A1_LiRA,0.0011097524964120721,1.0,0
imagenet_r,m8_analytic,F5,A1_LiRA,0.0011623224686798518,1.0,0
imagenet_r,m8_analytic,F5,A1_LiRA,0.001217382727739662,1.0,0
imagenet_r,m8_analytic,F5,A1_LiRA,0.0012750512407130128,1.0,0
imagenet_r,m8_analytic,F5,A1_LiRA,0.0013354515629298987,1.0,0
imagenet_r,m8_analytic,F5,A1_LiRA,0.0013987131026472386,1.0,0
imagenet_r,m8_analytic,F5,A1_LiRA,0.0014649713983072847,1.0,0
imagenet_r,m8_analytic,F5,A1_LiRA,0.0015343684089300133,1.0,0
imagenet_r,m8_analytic,F5,A1_LiRA,0.0016070528182616384,1.0,0
imagenet_r,m8_analytic,F5,A1_LiRA,0.0016831803533309566,1.0,0
imagenet_r,m8_analytic,F5,A1_LiRA,0.001762914118095948,1.0,0
imagenet_r,m8_analytic,F5,A1_LiRA,0.0018464249428955426,1.0,0
imagenet_r,m8_analytic,F5,A1_LiRA,0.0019338917504552321,1.0,0
imagenet_r,m8_analytic,F5,A1_LiRA,0.0020255019392306666,1.0,0
imagenet_r,m8_analytic,F5,A1_LiRA,0.00212145178491063,1.0,0
imagenet_r,m8_analytic,F5,A1_LiRA,0.002221946860939524,1.0,0
imagenet_r,m8_analytic,F5,A1_LiRA,0.0023272024789604074,1.0,0
imagenet_r,m8_analytic,F5,A1_LiRA,0.002437444150122222,1.0,0
imagenet_r,m8_analytic,F5,A1_LiRA,0.0025529080682395165,1.0,0
imagenet_r,m8_analytic,F5,A1_LiRA,0.0026738416158399465,1.0,0
imagenet_r,m8_analytic,F5,A1_LiRA,0.002800503894183631,1.0,0
imagenet_r,m8_analytic,F5,A1_LiRA,0.0029331662783900424,1.0,0
imagenet_r,m8_analytic,F5,A1_LiRA,0.003072112998861759,1.0,0
imagenet_r,m8_analytic,F5,A1_LiRA,0.0032176417502507355,1.0,0
imagenet_r,m8_analytic,F5,A1_LiRA,0.003370064329271928,1.0,0
imagenet_r,m8_analytic,F5,A1_LiRA,0.00352970730273065,1.0,0
imagenet_r,m8_analytic,F5,A1_LiRA,0.0036969127071950283,1.0,0
imagenet_r,m8_analytic,F5,A1_LiRA,0.003872038781812557,1.0,0
imagenet_r,m8_analytic,F5,A1_LiRA,0.004055460735840828,1.0,0
imagenet_r,m8_analytic,F5,A1_LiRA,0.0042475715525368985,1.0,0
imagenet_r,m8_analytic,F5,A1_LiRA,0.004448782831127585,1.0,0
imagenet_r,m8_analytic,F5,A1_LiRA,0.004659525668664682,1.0,0
imagenet_r,m8_analytic,F5,A1_LiRA,0.004880251583654433,1.0,0
imagenet_r,m8_analytic,F5,A1_LiRA,0.005111433483440166,1.0,0
imagenet_r,m8_analytic,F5,A1_LiRA,0.0053535666774107244,1.0,0
imagenet_r,m8_analytic,F5,A1_LiRA,0.005607169938205458,1.0,0
imagenet_r,m8_analytic,F5,A1_LiRA,0.005872786613189483,1.0,0
imagenet_r,m8_analytic,F5,A1_LiRA,0.006150985788580504,1.0,0
imagenet_r,m8_analytic,F5,A1_LiRA,0.00644236350872137,1.0,0
imagenet_r,m8_analytic,F5,A1_LiRA,0.006747544053110693,1.0,0
imagenet_r,m8_analytic,F5,A1_LiRA,0.0070671812739274914,1.0,0
imagenet_r,m8_analytic,F5,A1_LiRA,0.007401959996915644,1.0,0
imagenet_r,m8_analytic,F5,A1_LiRA,0.007752597488629464,1.0,0
imagenet_r,m8_analytic,F5,A1_LiRA,0.008119844993184008,1.0,0
imagenet_r,m8_analytic,F5,A1_LiRA,0.008504489341802677,1.0,0
imagenet_r,m8_analytic,F5,A1_LiRA,0.00890735463861044,1.0,0
imagenet_r,m8_analytic,F5,A1_LiRA,0.009329304026284686,1.0,0
imagenet_r,m8_analytic,F5,A1_LiRA,0.009771241535346501,1.0,0
imagenet_r,m8_analytic,F5,A1_LiRA,0.010234114021054527,1.0,0
imagenet_r,m8_analytic,F5,A1_LiRA,0.010718913192051276,1.0,0
imagenet_r,m8_analytic,F5,A1_LiRA,0.011226677735108135,1.0,0
imagenet_r,m8_analytic,F5,A1_LiRA,0.01175849554052157,1.0,0
imagenet_r,m8_analytic,F5,A1_LiRA,0.012315506032928261,1.0,0
imagenet_r,m8_analytic,F5,A1_LiRA,0.01289890261253308,1.0,0
imagenet_r,m8_analytic,F5,A1_LiRA,0.013509935211980266,1.0,0
imagenet_r,m8_analytic,F5,A1_LiRA,0.01414991297434576,1.0,0
imagenet_r,m8_analytic,F5,A1_LiRA,0.014820207057988586,1.0,0
imagenet_r,m8_analytic,F5,A1_LiRA,0.01552225357427048,1.0,0
imagenet_r,m8_analytic,F5,A1_LiRA,0.016257556664437952,1.0,0
imagenet_r,m8_analytic,F5,A1_LiRA,0.017027691722258997,1.0,0
imagenet_r,m8_analytic,F5,A1_LiRA,0.017834308769319095,1.0,0
imagenet_r,m8_analytic,F5,A1_LiRA,0.01867913599020783,1.0,0
imagenet_r,m8_analytic,F5,A1_LiRA,0.01956398343517065,1.0,0
imagenet_r,m8_analytic,F5,A1_LiRA,0.020490746898158482,1.0,0
imagenet_r,m8_analytic,F5,A1_LiRA,0.021461411978584036,1.0,0
imagenet_r,m8_analytic,F5,A1_LiRA,0.02247805833548725,1.0,0
imagenet_r,m8_analytic,F5,A1_LiRA,0.02354286414322418,1.0,0
imagenet_r,m8_analytic,F5,A1_LiRA,0.024658110758226038,1.0,0
imagenet_r,m8_analytic,F5,A1_LiRA,0.025826187606826773,1.0,0
imagenet_r,m8_analytic,F5,A1_LiRA,0.027049597304631343,1.0,0
imagenet_r,m8_analytic,F5,A1_LiRA,0.02833096101839324,1.0,0
imagenet_r,m8_analytic,F5,A1_LiRA,0.029673024081888696,1.0,0
imagenet_r,m8_analytic,F5,A1_LiRA,0.03107866187782014,1.0,0
imagenet_r,m8_analytic,F5,A1_LiRA,0.0325508859983506,1.0,0
imagenet_r,m8_analytic,F5,A1_LiRA,0.03409285069746811,1.0,0
imagenet_r,m8_analytic,F5,A1_LiRA,0.03570785964900463,1.0,0
imagenet_r,m8_analytic,F5,A1_LiRA,0.03739937302478798,1.0,0
imagenet_r,m8_analytic,F5,A1_LiRA,0.039171014908092605,1.0,0
imagenet_r,m8_analytic,F5,A1_LiRA,0.04102658105827194,1.0,0
imagenet_r,m8_analytic,F5,A1_LiRA,0.04297004704320839,1.0,0
imagenet_r,m8_analytic,F5,A1_LiRA,0.04500557675700498,1.0,0
imagenet_r,m8_analytic,F5,A1_LiRA,0.047137531341167244,1.0,0
imagenet_r,m8_analytic,F5,A1_LiRA,0.049370478528390035,1.0,0
imagenet_r,m8_analytic,F5,A1_LiRA,0.05170920242896761,1.0,0
imagenet_r,m8_analytic,F5,A1_LiRA,0.054158713780794704,1.0,0
imagenet_r,m8_analytic,F5,A1_LiRA,0.05672426068491978,1.0,0
imagenet_r,m8_analytic,F5,A1_LiRA,0.05941133984965034,1.0,0
imagenet_r,m8_analytic,F5,A1_LiRA,0.06222570836730231,1.0,0
imagenet_r,m8_analytic,F5,A1_LiRA,0.06517339604882427,1.0,0
imagenet_r,m8_analytic,F5,A1_LiRA,0.06826071834272386,1.0,0
imagenet_r,m8_analytic,F5,A1_LiRA,0.07149428986597577,1.0,0
imagenet_r,m8_analytic,F5,A1_LiRA,0.07488103857590023,1.0,0
imagenet_r,m8_analytic,F5,A1_LiRA,0.07842822061337681,1.0,0
imagenet_r,m8_analytic,F5,A1_LiRA,0.0821434358491943,1.0,0
imagenet_r,m8_analytic,F5,A1_LiRA,0.086034644166845,1.0,0
imagenet_r,m8_analytic,F5,A1_LiRA,0.09011018251665019,1.0,0
imagenet_r,m8_analytic,F5,A1_LiRA,0.09437878277775381,1.0,0
imagenet_r,m8_analytic,F5,A1_LiRA,0.09884959046625587,1.0,0
imagenet_r,m8_analytic,F5,A1_LiRA,0.10353218432956626,1.0,0
imagenet_r,m8_analytic,F5,A1_LiRA,0.1084365968689611,1.0,0
imagenet_r,m8_analytic,F5,A1_LiRA,0.11357333583431052,1.0,0
imagenet_r,m8_analytic,F5,A1_LiRA,0.11895340673703195,1.0,0
imagenet_r,m8_analytic,F5,A1_LiRA,0.12458833642950082,1.0,0
imagenet_r,m8_analytic,F5,A1_LiRA,0.1304901978014403,1.0,0
imagenet_r,m8_analytic,F5,A1_LiRA,0.13667163564620075,1.0,0
imagenet_r,m8_analytic,F5,A1_LiRA,0.14314589375234785,1.0,0
imagenet_r,m8_analytic,F5,A1_LiRA,0.14992684327860456,1.0,0
imagenet_r,m8_analytic,F5,A1_LiRA,0.15702901247293774,1.0,0
imagenet_r,m8_analytic,F5,A1_LiRA,0.16446761779946645,1.0,0
imagenet_r,m8_analytic,F5,A1_LiRA,0.17225859653987874,1.0,0
imagenet_r,m8_analytic,F5,A1_LiRA,0.18041864093920718,1.0,0
imagenet_r,m8_analytic,F5,A1_LiRA,0.18896523396912096,1.0,0
imagenet_r,m8_analytic,F5,A1_LiRA,0.19791668678535573,1.0,0
imagenet_r,m8_analytic,F5,A1_LiRA,0.2072921779595372,1.0,0
imagenet_r,m8_analytic,F5,A1_LiRA,0.21711179456945054,1.0,0
imagenet_r,m8_analytic,F5,A1_LiRA,0.22739657523579276,1.0,0
imagenet_r,m8_analytic,F5,A1_LiRA,0.23816855519761582,1.0,0
imagenet_r,m8_analytic,F5,A1_LiRA,0.24945081352303167,1.0,0
imagenet_r,m8_analytic,F5,A1_LiRA,0.2612675225563329,1.0,0
imagenet_r,m8_analytic,F5,A1_LiRA,0.27364399970746717,1.0,0
imagenet_r,m8_analytic,F5,A1_LiRA,0.286606761694825,1.0,0
imagenet_r,m8_analytic,F5,A1_LiRA,0.3001835813575589,1.0,0
imagenet_r,m8_analytic,F5,A1_LiRA,0.31440354715915003,1.0,0
imagenet_r,m8_analytic,F5,A1_LiRA,0.3292971255097151,1.0,0
imagenet_r,m8_analytic,F5,A1_LiRA,0.34489622604057596,1.0,0
imagenet_r,m8_analytic,F5,A1_LiRA,0.36123426997094304,1.0,0
imagenet_r,m8_analytic,F5,A1_LiRA,0.3783462617131929,1.0,0
imagenet_r,m8_analytic,F5,A1_LiRA,0.3962688638701478,1.0,0
imagenet_r,m8_analytic,F5,A1_LiRA,0.41504047578504766,1.0,0
imagenet_r,m8_analytic,F5,A1_LiRA,0.43470131581250265,1.0,0
imagenet_r,m8_analytic,F5,A1_LiRA,0.4552935074866948,1.0,0
imagenet_r,m8_analytic,F5,A1_LiRA,0.47686116977144694,1.0,0
imagenet_r,m8_analytic,F5,A1_LiRA,0.499450511585514,1.0,0
imagenet_r,m8_analytic,F5,A1_LiRA,0.5231099308056264,1.0,0
imagenet_r,m8_analytic,F5,A1_LiRA,0.5478901179593945,1.0,0
imagenet_r,m8_analytic,F5,A1_LiRA,0.5738441648302393,1.0,0
imagenet_r,m8_analytic,F5,A1_LiRA,0.6010276782070382,1.0,0
imagenet_r,m8_analytic,F5,A1_LiRA,0.6294988990221888,1.0,0
imagenet_r,m8_analytic,F5,A1_LiRA,0.6593188271333549,1.0,0
imagenet_r,m8_analytic,F5,A1_LiRA,0.6905513520162331,1.0,0
imagenet_r,m8_analytic,F5,A1_LiRA,0.7232633896483533,1.0,0
imagenet_r,m8_analytic,F5,A1_LiRA,0.7575250258771913,1.0,0
imagenet_r,m8_analytic,F5,A1_LiRA,0.7934096665797492,1.0,0
imagenet_r,m8_analytic,F5,A1_LiRA,0.8309941949353395,1.0,0
imagenet_r,m8_analytic,F5,A1_LiRA,0.8703591361485166,1.0,0
imagenet_r,m8_analytic,F5,A1_LiRA,0.9115888299750827,1.0,0
imagenet_r,m8_analytic,F5,A1_LiRA,0.9547716114208056,1.0,0
imagenet_r,m8_analytic,F5,A1_LiRA,1.0,1.0,0
