dataset,method,family,elapsed,auc,auc_ci_lo,auc_ci_hi,tpr1,tpr1_ci_lo,tpr1_ci_hi,tpr01,tpr01_ci_lo,tpr01_ci_hi,n_seeds,n_shadows,view,identical_by_construction
cifar100,m0_fedavg,F1,0,0.5589926998619308,0.5541085495576412,0.5637617253175121,0.027859653239091012,0.024389371131439457,0.03138343278210707,0.0066429105626677224,0.004646122976128355,0.00919302782422575,5,"n/a (per-seed, see a1_lira_pertask_*)",full,
cifar100,m0_fedavg,F1,0,0.5589926998619308,0.5541085495576412,0.5637617253175121,0.027859653239091012,0.024389371131439457,0.03138343278210707,0.0066429105626677224,0.004646122976128355,0.00919302782422575,5,"n/a (per-seed, see a1_lira_pertask_*)",aggregate,True
cifar100,m0_fedavg,F1,0,0.5589926998619308,0.5541085495576412,0.5637617253175121,0.027859653239091012,0.024389371131439457,0.03138343278210707,0.0066429105626677224,0.004646122976128355,0.00919302782422575,5,"n/a (per-seed, see a1_lira_pertask_*)",global,True
cifar100,m0_fedavg,F1,1,0.5673658469909785,0.5626069638831168,0.5721050776913242,0.02869796020119367,0.025059893066144565,0.03244444312244488,0.00676266870011096,0.004718605248713493,0.009396350579139883,5,"n/a (per-seed, see a1_lira_pertask_*)",full,
cifar100,m0_fedavg,F1,1,0.5673658469909785,0.5626069638831168,0.5721050776913242,0.02869796020119367,0.025059893066144565,0.03244444312244488,0.00676266870011096,0.004718605248713493,0.009396350579139883,5,"n/a (per-seed, see a1_lira_pertask_*)",aggregate,True
cifar100,m0_fedavg,F1,1,0.5673658469909785,0.5626069638831168,0.5721050776913242,0.02869796020119367,0.025059893066144565,0.03244444312244488,0.00676266870011096,0.004718605248713493,0.009396350579139883,5,"n/a (per-seed, see a1_lira_pertask_*)",global,True
cifar100,m0_fedavg,F1,2,0.5686732326196423,0.5639598567710065,0.5735995471228315,0.02803562437982393,0.024377754876823168,0.031997874975149665,0.006195650579971551,0.0039971094340471094,0.00885925973149869,5,"n/a (per-seed, see a1_lira_pertask_*)",full,
cifar100,m0_fedavg,F1,2,0.5686732326196423,0.5639598567710065,0.5735995471228315,0.02803562437982393,0.024377754876823168,0.031997874975149665,0.006195650579971551,0.0039971094340471094,0.00885925973149869,5,"n/a (per-seed, see a1_lira_pertask_*)",aggregate,True
cifar100,m0_fedavg,F1,2,0.5686732326196423,0.5639598567710065,0.5735995471228315,0.02803562437982393,0.024377754876823168,0.031997874975149665,0.006195650579971551,0.0039971094340471094,0.00885925973149869,5,"n/a (per-seed, see a1_lira_pertask_*)",global,True
cifar100,m0_fedavg,F1,3,0.567930525832158,0.5631536362844107,0.5730313689839499,0.02736351238396903,0.02397032200826129,0.030981750158209462,0.005904809389037976,0.003728774686400816,0.008507107492123129,5,"n/a (per-seed, see a1_lira_pertask_*)",full,
cifar100,m0_fedavg,F1,3,0.567930525832158,0.5631536362844107,0.5730313689839499,0.02736351238396903,0.02397032200826129,0.030981750158209462,0.005904809389037976,0.003728774686400816,0.008507107492123129,5,"n/a (per-seed, see a1_lira_pertask_*)",aggregate,True
cifar100,m0_fedavg,F1,3,0.567930525832158,0.5631536362844107,0.5730313689839499,0.02736351238396903,0.02397032200826129,0.030981750158209462,0.005904809389037976,0.003728774686400816,0.008507107492123129,5,"n/a (per-seed, see a1_lira_pertask_*)",global,True
cifar100,m0_fedavg,F1,4,0.5662962922070873,0.5613709138086876,0.571494011689712,0.026378562804588935,0.02288520857175336,0.030232014853315555,0.005552867107572136,0.0034428029948370942,0.008005245085162262,5,"n/a (per-seed, see a1_lira_pertask_*)",full,
cifar100,m0_fedavg,F1,4,0.5662962922070873,0.5613709138086876,0.571494011689712,0.026378562804588935,0.02288520857175336,0.030232014853315555,0.005552867107572136,0.0034428029948370942,0.008005245085162262,5,"n/a (per-seed, see a1_lira_pertask_*)",aggregate,True
cifar100,m0_fedavg,F1,4,0.5662962922070873,0.5613709138086876,0.571494011689712,0.026378562804588935,0.02288520857175336,0.030232014853315555,0.005552867107572136,0.0034428029948370942,0.008005245085162262,5,"n/a (per-seed, see a1_lira_pertask_*)",global,True
cifar100,m0_fedavg,F1,5,0.5646561672634154,0.5595295056141102,0.5700390110268314,0.02599484795604632,0.022454929341881393,0.03012529696173515,0.005301130614579209,0.003151322778747799,0.007748689853741548,5,"n/a (per-seed, see a1_lira_pertask_*)",full,
cifar100,m0_fedavg,F1,5,0.5646561672634154,0.5595295056141102,0.5700390110268314,0.02599484795604632,0.022454929341881393,0.03012529696173515,0.005301130614579209,0.003151322778747799,0.007748689853741548,5,"n/a (per-seed, see a1_lira_pertask_*)",aggregate,True
cifar100,m0_fedavg,F1,5,0.5646561672634154,0.5595295056141102,0.5700390110268314,0.02599484795604632,0.022454929341881393,0.03012529696173515,0.005301130614579209,0.003151322778747799,0.007748689853741548,5,"n/a (per-seed, see a1_lira_pertask_*)",global,True
cifar100,m0_fedavg,F1,6,0.5631560433536443,0.5579274316355016,0.5687910326594868,0.025530479668001115,0.021900755103694027,0.029757798615553624,0.005051838165207573,0.0029931393765051653,0.007599204592550182,5,"n/a (per-seed, see a1_lira_pertask_*)",full,
cifar100,m0_fedavg,F1,6,0.5631560433536443,0.5579274316355016,0.5687910326594868,0.025530479668001115,0.021900755103694027,0.029757798615553624,0.005051838165207573,0.0029931393765051653,0.007599204592550182,5,"n/a (per-seed, see a1_lira_pertask_*)",aggregate,True
cifar100,m0_fedavg,F1,6,0.5631560433536443,0.5579274316355016,0.5687910326594868,0.025530479668001115,0.021900755103694027,0.029757798615553624,0.005051838165207573,0.0029931393765051653,0.007599204592550182,5,"n/a (per-seed, see a1_lira_pertask_*)",global,True
cifar100,m1_glfc,F1,0,0.5552391660939108,0.5484027290623479,0.5627095457435,0.027399269787455993,0.02346391987101756,0.03186308718222253,0.006666449341504759,0.004563640598446696,0.009016898099448084,3,"n/a (per-seed, see a1_lira_pertask_*)",full,
cifar100,m1_glfc,F1,0,0.5552391660939108,0.5484027290623479,0.5627095457435,0.027399269787455993,0.02346391987101756,0.03186308718222253,0.006666449341504759,0.004563640598446696,0.009016898099448084,3,"n/a (per-seed, see a1_lira_pertask_*)",aggregate,True
cifar100,m1_glfc,F1,0,0.5552391660939108,0.5484027290623479,0.5627095457435,0.027399269787455993,0.02346391987101756,0.03186308718222253,0.006666449341504759,0.004563640598446696,0.009016898099448084,3,"n/a (per-seed, see a1_lira_pertask_*)",global,True
cifar100,m1_glfc,F1,1,0.5729634839558867,0.5657632484880653,0.5803103160775007,0.03396792280610249,0.029414891855918803,0.039407828034058956,0.009355848220106924,0.006579946738548367,0.01197086063889901,3,"n/a (per-seed, see a1_lira_pertask_*)",full,
cifar100,m1_glfc,F1,1,0.5729634839558867,0.5657632484880653,0.5803103160775007,0.03396792280610249,0.029414891855918803,0.039407828034058956,0.009355848220106924,0.006579946738548367,0.01197086063889901,3,"n/a (per-seed, see a1_lira_pertask_*)",aggregate,True
cifar100,m1_glfc,F1,1,0.5729634839558867,0.5657632484880653,0.5803103160775007,0.03396792280610249,0.029414891855918803,0.039407828034058956,0.009355848220106924,0.006579946738548367,0.01197086063889901,3,"n/a (per-seed, see a1_lira_pertask_*)",global,True
cifar100,m1_glfc,F1,2,0.5829575324480906,0.5755707610038033,0.5905012259364641,0.04014539053331595,0.03297053588395405,0.04666080451697705,0.01109988264441257,0.008259865151530241,0.014263708460169036,3,"n/a (per-seed, see a1_lira_pertask_*)",full,
cifar100,m1_glfc,F1,2,0.5829575324480906,0.5755707610038033,0.5905012259364641,0.04014539053331595,0.03297053588395405,0.04666080451697705,0.01109988264441257,0.008259865151530241,0.014263708460169036,3,"n/a (per-seed, see a1_lira_pertask_*)",aggregate,True
cifar100,m1_glfc,F1,2,0.5829575324480906,0.5755707610038033,0.5905012259364641,0.04014539053331595,0.03297053588395405,0.04666080451697705,0.01109988264441257,0.008259865151530241,0.014263708460169036,3,"n/a (per-seed, see a1_lira_pertask_*)",global,True
cifar100,m1_glfc,F1,3,0.5916818690461126,0.5838315990355313,0.5999129175155082,0.044627721997652886,0.036482000782549054,0.05275170648559963,0.01538662146303299,0.011402918595369873,0.018946714244859286,3,"n/a (per-seed, see a1_lira_pertask_*)",full,
cifar100,m1_glfc,F1,3,0.5916818690461126,0.5838315990355313,0.5999129175155082,0.044627721997652886,0.036482000782549054,0.05275170648559963,0.01538662146303299,0.011402918595369873,0.018946714244859286,3,"n/a (per-seed, see a1_lira_pertask_*)",aggregate,True
cifar100,m1_glfc,F1,3,0.5916818690461126,0.5838315990355313,0.5999129175155082,0.044627721997652886,0.036482000782549054,0.05275170648559963,0.01538662146303299,0.011402918595369873,0.018946714244859286,3,"n/a (per-seed, see a1_lira_pertask_*)",global,True
cifar100,m1_glfc,F1,4,0.5985700234193385,0.5903367095006791,0.6070263646841553,0.04912635284913287,0.040274732260417785,0.057941129949374365,0.01814121789020733,0.01373783851209418,0.022492487821503933,3,"n/a (per-seed, see a1_lira_pertask_*)",full,
cifar100,m1_glfc,F1,4,0.5985700234193385,0.5903367095006791,0.6070263646841553,0.04912635284913287,0.040274732260417785,0.057941129949374365,0.01814121789020733,0.01373783851209418,0.022492487821503933,3,"n/a (per-seed, see a1_lira_pertask_*)",aggregate,True
cifar100,m1_glfc,F1,4,0.5985700234193385,0.5903367095006791,0.6070263646841553,0.04912635284913287,0.040274732260417785,0.057941129949374365,0.01814121789020733,0.01373783851209418,0.022492487821503933,3,"n/a (per-seed, see a1_lira_pertask_*)",global,True
cifar100,m1_glfc,F1,5,0.6040694981924221,0.5955985526470371,0.6132042538781993,0.051652757856304604,0.04322974088768114,0.06158373159145419,0.020309036380232102,0.01594468208199391,0.025571404444512516,3,"n/a (per-seed, see a1_lira_pertask_*)",full,
cifar100,m1_glfc,F1,5,0.6040694981924221,0.5955985526470371,0.6132042538781993,0.051652757856304604,0.04322974088768114,0.06158373159145419,0.020309036380232102,0.01594468208199391,0.025571404444512516,3,"n/a (per-seed, see a1_lira_pertask_*)",aggregate,True
cifar100,m1_glfc,F1,5,0.6040694981924221,0.5955985526470371,0.6132042538781993,0.051652757856304604,0.04322974088768114,0.06158373159145419,0.020309036380232102,0.01594468208199391,0.025571404444512516,3,"n/a (per-seed, see a1_lira_pertask_*)",global,True
cifar100,m1_glfc,F1,6,0.6084837319658047,0.5999774891241406,0.6177587109004384,0.05509192854348677,0.0466078942814845,0.06464859817073632,0.023128830355978614,0.017857104745938913,0.028778808514148976,3,"n/a (per-seed, see a1_lira_pertask_*)",full,
cifar100,m1_glfc,F1,6,0.6084837319658047,0.5999774891241406,0.6177587109004384,0.05509192854348677,0.0466078942814845,0.06464859817073632,0.023128830355978614,0.017857104745938913,0.028778808514148976,3,"n/a (per-seed, see a1_lira_pertask_*)",aggregate,True
cifar100,m1_glfc,F1,6,0.6084837319658047,0.5999774891241406,0.6177587109004384,0.05509192854348677,0.0466078942814845,0.06464859817073632,0.023128830355978614,0.017857104745938913,0.028778808514148976,3,"n/a (per-seed, see a1_lira_pertask_*)",global,True
cifar100,m2_target,F1,0,0.5749784663890651,0.5680140779965703,0.5823829260551957,0.03169317240371026,0.026555046104682622,0.03766651048324312,0.007813642196916779,0.004631072170327602,0.012630954123036964,3,"n/a (per-seed, see a1_lira_pertask_*)",full,
cifar100,m2_target,F1,0,0.5749784663890651,0.5680140779965703,0.5823829260551957,0.03169317240371026,0.026555046104682622,0.03766651048324312,0.007813642196916779,0.004631072170327602,0.012630954123036964,3,"n/a (per-seed, see a1_lira_pertask_*)",aggregate,True
cifar100,m2_target,F1,0,0.5749784663890651,0.5680140779965703,0.5823829260551957,0.03169317240371026,0.026555046104682622,0.03766651048324312,0.007813642196916779,0.004631072170327602,0.012630954123036964,3,"n/a (per-seed, see a1_lira_pertask_*)",global,True
cifar100,m2_target,F1,1,0.5937099120111584,0.5867147901601568,0.6015912280864594,0.036322877239721246,0.030226129735115695,0.04297902785646976,0.008853295212722753,0.005913120173402181,0.013626089308769122,3,"n/a (per-seed, see a1_lira_pertask_*)",full,
cifar100,m2_target,F1,1,0.5937099120111584,0.5867147901601568,0.6015912280864594,0.036322877239721246,0.030226129735115695,0.04297902785646976,0.008853295212722753,0.005913120173402181,0.013626089308769122,3,"n/a (per-seed, see a1_lira_pertask_*)",aggregate,True
cifar100,m2_target,F1,1,0.5937099120111584,0.5867147901601568,0.6015912280864594,0.036322877239721246,0.030226129735115695,0.04297902785646976,0.008853295212722753,0.005913120173402181,0.013626089308769122,3,"n/a (per-seed, see a1_lira_pertask_*)",global,True
cifar100,m2_target,F1,2,0.6054306644204225,0.5982259796511621,0.6132224033072272,0.03939310255202326,0.0328634154856084,0.04543006965369514,0.009438100034113614,0.006536015784667378,0.013824356446604404,3,"n/a (per-seed, see a1_lira_pertask_*)",full,
cifar100,m2_target,F1,2,0.6054306644204225,0.5982259796511621,0.6132224033072272,0.03939310255202326,0.0328634154856084,0.04543006965369514,0.009438100034113614,0.006536015784667378,0.013824356446604404,3,"n/a (per-seed, see a1_lira_pertask_*)",aggregate,True
cifar100,m2_target,F1,2,0.6054306644204225,0.5982259796511621,0.6132224033072272,0.03939310255202326,0.0328634154856084,0.04543006965369514,0.009438100034113614,0.006536015784667378,0.013824356446604404,3,"n/a (per-seed, see a1_lira_pertask_*)",global,True
cifar100,m2_target,F1,3,0.6129634484039299,0.6061157635285769,0.620329298416257,0.039669260384346726,0.03322011376266257,0.046982050759745264,0.009990415698760538,0.006519857768952366,0.013622340349438114,3,"n/a (per-seed, see a1_lira_pertask_*)",full,
cifar100,m2_target,F1,3,0.6129634484039299,0.6061157635285769,0.620329298416257,0.039669260384346726,0.03322011376266257,0.046982050759745264,0.009990415698760538,0.006519857768952366,0.013622340349438114,3,"n/a (per-seed, see a1_lira_pertask_*)",aggregate,True
cifar100,m2_target,F1,3,0.6129634484039299,0.6061157635285769,0.620329298416257,0.039669260384346726,0.03322011376266257,0.046982050759745264,0.009990415698760538,0.006519857768952366,0.013622340349438114,3,"n/a (per-seed, see a1_lira_pertask_*)",global,True
cifar100,m2_target,F1,4,0.6188049772120102,0.6120410747817561,0.6262104513662418,0.041244984486427654,0.0352088672660462,0.047868743302552266,0.009373121720625741,0.00619441873273078,0.013277845173476823,3,"n/a (per-seed, see a1_lira_pertask_*)",full,
cifar100,m2_target,F1,4,0.6188049772120102,0.6120410747817561,0.6262104513662418,0.041244984486427654,0.0352088672660462,0.047868743302552266,0.009373121720625741,0.00619441873273078,0.013277845173476823,3,"n/a (per-seed, see a1_lira_pertask_*)",aggregate,True
cifar100,m2_target,F1,4,0.6188049772120102,0.6120410747817561,0.6262104513662418,0.041244984486427654,0.0352088672660462,0.047868743302552266,0.009373121720625741,0.00619441873273078,0.013277845173476823,3,"n/a (per-seed, see a1_lira_pertask_*)",global,True
cifar100,m2_target,F1,5,0.6236645131802949,0.6168493136695103,0.6310169100888366,0.042317126658977564,0.035288688703978145,0.04923833110048355,0.009470589190857552,0.006212177057443948,0.013330685185743771,3,"n/a (per-seed, see a1_lira_pertask_*)",full,
cifar100,m2_target,F1,5,0.6236645131802949,0.6168493136695103,0.6310169100888366,0.042317126658977564,0.035288688703978145,0.04923833110048355,0.009470589190857552,0.006212177057443948,0.013330685185743771,3,"n/a (per-seed, see a1_lira_pertask_*)",aggregate,True
cifar100,m2_target,F1,5,0.6236645131802949,0.6168493136695103,0.6310169100888366,0.042317126658977564,0.035288688703978145,0.04923833110048355,0.009470589190857552,0.006212177057443948,0.013330685185743771,3,"n/a (per-seed, see a1_lira_pertask_*)",global,True
cifar100,m2_target,F1,6,0.6286540028672308,0.6220099926567261,0.6356873612769046,0.04202472424828214,0.035441321456213065,0.049201888849980585,0.010152861482480222,0.0064207062562414265,0.013644171739563473,3,"n/a (per-seed, see a1_lira_pertask_*)",full,
cifar100,m2_target,F1,6,0.6286540028672308,0.6220099926567261,0.6356873612769046,0.04202472424828214,0.035441321456213065,0.049201888849980585,0.010152861482480222,0.0064207062562414265,0.013644171739563473,3,"n/a (per-seed, see a1_lira_pertask_*)",aggregate,True
cifar100,m2_target,F1,6,0.6286540028672308,0.6220099926567261,0.6356873612769046,0.04202472424828214,0.035441321456213065,0.049201888849980585,0.010152861482480222,0.0064207062562414265,0.013644171739563473,3,"n/a (per-seed, see a1_lira_pertask_*)",global,True
cifar100,m3_fot,F1,0,0.5702032172578567,0.5619960505649524,0.5793909348537902,0.028893392784758817,0.02408747047989648,0.033841629643030426,0.005301986218078638,0.0038909634506877205,0.0067697636909376385,3,"n/a (per-seed, see a1_lira_pertask_*)",full,
cifar100,m3_fot,F1,0,0.5702032172578567,0.5619960505649524,0.5793909348537902,0.028893392784758817,0.02408747047989648,0.033841629643030426,0.005301986218078638,0.0038909634506877205,0.0067697636909376385,3,"n/a (per-seed, see a1_lira_pertask_*)",aggregate,True
cifar100,m3_fot,F1,0,0.5702032172578567,0.5619960505649524,0.5793909348537902,0.028893392784758817,0.02408747047989648,0.033841629643030426,0.005301986218078638,0.0038909634506877205,0.0067697636909376385,3,"n/a (per-seed, see a1_lira_pertask_*)",global,True
cifar100,m3_fot,F1,1,0.5850405639149369,0.5773102091807268,0.5941056837753357,0.03161734900689096,0.026714933222179906,0.03736370774316157,0.006031617349006891,0.0037789849214348776,0.008008179594282124,3,"n/a (per-seed, see a1_lira_pertask_*)",full,
cifar100,m3_fot,F1,1,0.5850405639149369,0.5773102091807268,0.5941056837753357,0.03161734900689096,0.026714933222179906,0.03736370774316157,0.006031617349006891,0.0037789849214348776,0.008008179594282124,3,"n/a (per-seed, see a1_lira_pertask_*)",aggregate,True
cifar100,m3_fot,F1,1,0.5850405639149369,0.5773102091807268,0.5941056837753357,0.03161734900689096,0.026714933222179906,0.03736370774316157,0.006031617349006891,0.0037789849214348776,0.008008179594282124,3,"n/a (per-seed, see a1_lira_pertask_*)",global,True
cifar100,m3_fot,F1,2,0.5925930346121184,0.584013340692389,0.6024981026449154,0.03411430887717876,0.02782934834269258,0.04105304520153122,0.006988244831779489,0.004678968513929484,0.009600586875226096,3,"n/a (per-seed, see a1_lira_pertask_*)",full,
cifar100,m3_fot,F1,2,0.5925930346121184,0.584013340692389,0.6024981026449154,0.03411430887717876,0.02782934834269258,0.04105304520153122,0.006988244831779489,0.004678968513929484,0.009600586875226096,3,"n/a (per-seed, see a1_lira_pertask_*)",aggregate,True
cifar100,m3_fot,F1,2,0.5925930346121184,0.584013340692389,0.6024981026449154,0.03411430887717876,0.02782934834269258,0.04105304520153122,0.006988244831779489,0.004678968513929484,0.009600586875226096,3,"n/a (per-seed, see a1_lira_pertask_*)",global,True
cifar100,m3_fot,F1,3,0.5965763971583483,0.5879015308782293,0.6065534802521413,0.03578435346574787,0.03010964239132035,0.0434172792250481,0.008074584515606,0.0052645299396132765,0.010159819866473024,3,"n/a (per-seed, see a1_lira_pertask_*)",full,
cifar100,m3_fot,F1,3,0.5965763971583483,0.5879015308782293,0.6065534802521413,0.03578435346574787,0.03010964239132035,0.0434172792250481,0.008074584515606,0.0052645299396132765,0.010159819866473024,3,"n/a (per-seed, see a1_lira_pertask_*)",aggregate,True
cifar100,m3_fot,F1,3,0.5965763971583483,0.5879015308782293,0.6065534802521413,0.03578435346574787,0.03010964239132035,0.0434172792250481,0.008074584515606,0.0052645299396132765,0.010159819866473024,3,"n/a (per-seed, see a1_lira_pertask_*)",global,True
cifar100,m3_fot,F1,4,0.5995048095273426,0.5905306275632385,0.6096053293808908,0.036513984596676125,0.030370562530817612,0.04225405716041798,0.007831374138629915,0.0054401303030354,0.010433706205537545,3,"n/a (per-seed, see a1_lira_pertask_*)",full,
cifar100,m3_fot,F1,4,0.5995048095273426,0.5905306275632385,0.6096053293808908,0.036513984596676125,0.030370562530817612,0.04225405716041798,0.007831374138629915,0.0054401303030354,0.010433706205537545,3,"n/a (per-seed, see a1_lira_pertask_*)",aggregate,True
cifar100,m3_fot,F1,4,0.5995048095273426,0.5905306275632385,0.6096053293808908,0.036513984596676125,0.030370562530817612,0.04225405716041798,0.007831374138629915,0.0054401303030354,0.010433706205537545,3,"n/a (per-seed, see a1_lira_pertask_*)",global,True
cifar100,m3_fot,F1,5,0.6012589161357146,0.5922612980821259,0.6115209777948962,0.036919335224969596,0.031839035758316724,0.04210745033408213,0.0075233076611268745,0.005250736997305384,0.010124425422437484,3,"n/a (per-seed, see a1_lira_pertask_*)",full,
cifar100,m3_fot,F1,5,0.6012589161357146,0.5922612980821259,0.6115209777948962,0.036919335224969596,0.031839035758316724,0.04210745033408213,0.0075233076611268745,0.005250736997305384,0.010124425422437484,3,"n/a (per-seed, see a1_lira_pertask_*)",aggregate,True
cifar100,m3_fot,F1,5,0.6012589161357146,0.5922612980821259,0.6115209777948962,0.036919335224969596,0.031839035758316724,0.04210745033408213,0.0075233076611268745,0.005250736997305384,0.010124425422437484,3,"n/a (per-seed, see a1_lira_pertask_*)",global,True
cifar100,m3_fot,F1,6,0.6032249020457731,0.5944584960723001,0.6131041880755705,0.03769760843129307,0.03306427895553826,0.042674776237639815,0.007571949736522091,0.005533605097840638,0.010181932182814232,3,"n/a (per-seed, see a1_lira_pertask_*)",full,
cifar100,m3_fot,F1,6,0.6032249020457731,0.5944584960723001,0.6131041880755705,0.03769760843129307,0.03306427895553826,0.042674776237639815,0.007571949736522091,0.005533605097840638,0.010181932182814232,3,"n/a (per-seed, see a1_lira_pertask_*)",aggregate,True
cifar100,m3_fot,F1,6,0.6032249020457731,0.5944584960723001,0.6131041880755705,0.03769760843129307,0.03306427895553826,0.042674776237639815,0.007571949736522091,0.005533605097840638,0.010181932182814232,3,"n/a (per-seed, see a1_lira_pertask_*)",global,True
cifar100,m4_proto,F2,0,0.681064434196777,0.6761605472213414,0.6860730302906889,0.057633891587206186,0.051352535845206985,0.06616781886437365,0.01028248404022027,0.008293991573084745,0.013578975229473031,3,"n/a (per-seed, see a1_lira_pertask_*)",aggregate,
cifar100,m4_proto,F2,1,0.681064434196777,0.6761605472213414,0.6860730302906889,0.057633891587206186,0.051352535845206985,0.06616781886437365,0.01028248404022027,0.008293991573084745,0.013578975229473031,3,"n/a (per-seed, see a1_lira_pertask_*)",aggregate,
cifar100,m4_proto,F2,2,0.681064434196777,0.6761605472213414,0.6860730302906889,0.057633891587206186,0.051352535845206985,0.06616781886437365,0.01028248404022027,0.008293991573084745,0.013578975229473031,3,"n/a (per-seed, see a1_lira_pertask_*)",aggregate,
cifar100,m4_proto,F2,3,0.681064434196777,0.6761605472213414,0.6860730302906889,0.057633891587206186,0.051352535845206985,0.06616781886437365,0.01028248404022027,0.008293991573084745,0.013578975229473031,3,"n/a (per-seed, see a1_lira_pertask_*)",aggregate,
cifar100,m4_proto,F2,4,0.681064434196777,0.6761605472213414,0.6860730302906889,0.057633891587206186,0.051352535845206985,0.06616781886437365,0.01028248404022027,0.008293991573084745,0.013578975229473031,3,"n/a (per-seed, see a1_lira_pertask_*)",aggregate,
cifar100,m4_proto,F2,5,0.681064434196777,0.6761605472213414,0.6860730302906889,0.057633891587206186,0.051352535845206985,0.06616781886437365,0.01028248404022027,0.008293991573084745,0.013578975229473031,3,"n/a (per-seed, see a1_lira_pertask_*)",aggregate,
cifar100,m4_proto,F2,6,0.681064434196777,0.6761605472213414,0.6860730302906889,0.057633891587206186,0.051352535845206985,0.06616781886437365,0.01028248404022027,0.008293991573084745,0.013578975229473031,3,"n/a (per-seed, see a1_lira_pertask_*)",aggregate,
cifar100,m4_proto,F2,0,0.8826480942983708,0.8731303797435811,0.8923753323934291,0.3434382945433209,0.31391409951634075,0.37400427277649656,0.18338874763674295,0.1546401373493607,0.2193372770147515,3,"n/a (per-seed, see a1_lira_pertask_*)",full,
cifar100,m4_proto,F2,1,0.8826480942983708,0.8731303797435811,0.8923753323934291,0.3434382945433209,0.31391409951634075,0.37400427277649656,0.18338874763674295,0.1546401373493607,0.2193372770147515,3,"n/a (per-seed, see a1_lira_pertask_*)",full,
cifar100,m4_proto,F2,2,0.8826480942983708,0.8731303797435811,0.8923753323934291,0.3434382945433209,0.31391409951634075,0.37400427277649656,0.18338874763674295,0.1546401373493607,0.2193372770147515,3,"n/a (per-seed, see a1_lira_pertask_*)",full,
cifar100,m4_proto,F2,3,0.8826480942983708,0.8731303797435811,0.8923753323934291,0.3434382945433209,0.31391409951634075,0.37400427277649656,0.18338874763674295,0.1546401373493607,0.2193372770147515,3,"n/a (per-seed, see a1_lira_pertask_*)",full,
cifar100,m4_proto,F2,4,0.8826480942983708,0.8731303797435811,0.8923753323934291,0.3434382945433209,0.31391409951634075,0.37400427277649656,0.18338874763674295,0.1546401373493607,0.2193372770147515,3,"n/a (per-seed, see a1_lira_pertask_*)",full,
cifar100,m4_proto,F2,5,0.8826480942983708,0.8731303797435811,0.8923753323934291,0.3434382945433209,0.31391409951634075,0.37400427277649656,0.18338874763674295,0.1546401373493607,0.2193372770147515,3,"n/a (per-seed, see a1_lira_pertask_*)",full,
cifar100,m4_proto,F2,6,0.8826480942983708,0.8731303797435811,0.8923753323934291,0.3434382945433209,0.31391409951634075,0.37400427277649656,0.18338874763674295,0.1546401373493607,0.2193372770147515,3,"n/a (per-seed, see a1_lira_pertask_*)",full,
cifar100,m4_proto,F2,0,0.681064434196777,0.6761605472213414,0.6860730302906889,0.057633891587206186,0.051352535845206985,0.06616781886437365,0.01028248404022027,0.008293991573084745,0.013578975229473031,3,"n/a (per-seed, see a1_lira_pertask_*)",global,
cifar100,m4_proto,F2,1,0.681064434196777,0.6761605472213414,0.6860730302906889,0.057633891587206186,0.051352535845206985,0.06616781886437365,0.01028248404022027,0.008293991573084745,0.013578975229473031,3,"n/a (per-seed, see a1_lira_pertask_*)",global,
cifar100,m4_proto,F2,2,0.681064434196777,0.6761605472213414,0.6860730302906889,0.057633891587206186,0.051352535845206985,0.06616781886437365,0.01028248404022027,0.008293991573084745,0.013578975229473031,3,"n/a (per-seed, see a1_lira_pertask_*)",global,
cifar100,m4_proto,F2,3,0.681064434196777,0.6761605472213414,0.6860730302906889,0.057633891587206186,0.051352535845206985,0.06616781886437365,0.01028248404022027,0.008293991573084745,0.013578975229473031,3,"n/a (per-seed, see a1_lira_pertask_*)",global,
cifar100,m4_proto,F2,4,0.681064434196777,0.6761605472213414,0.6860730302906889,0.057633891587206186,0.051352535845206985,0.06616781886437365,0.01028248404022027,0.008293991573084745,0.013578975229473031,3,"n/a (per-seed, see a1_lira_pertask_*)",global,
cifar100,m4_proto,F2,5,0.681064434196777,0.6761605472213414,0.6860730302906889,0.057633891587206186,0.051352535845206985,0.06616781886437365,0.01028248404022027,0.008293991573084745,0.013578975229473031,3,"n/a (per-seed, see a1_lira_pertask_*)",global,
cifar100,m4_proto,F2,6,0.681064434196777,0.6761605472213414,0.6860730302906889,0.057633891587206186,0.051352535845206985,0.06616781886437365,0.01028248404022027,0.008293991573084745,0.013578975229473031,3,"n/a (per-seed, see a1_lira_pertask_*)",global,
cifar100,m5_hybrid_replay,F1,0,0.5663378895054983,0.558349687303619,0.5749298057070157,0.03067712968206456,0.026567814200587986,0.035506000863971925,0.007636922579079363,0.004484966262094713,0.013115244997248119,3,"n/a (per-seed, see a1_lira_pertask_*)",full,
cifar100,m5_hybrid_replay,F1,0,0.5663378895054983,0.558349687303619,0.5749298057070157,0.03067712968206456,0.026567814200587986,0.035506000863971925,0.007636922579079363,0.004484966262094713,0.013115244997248119,3,"n/a (per-seed, see a1_lira_pertask_*)",aggregate,True
cifar100,m5_hybrid_replay,F1,0,0.5663378895054983,0.558349687303619,0.5749298057070157,0.03067712968206456,0.026567814200587986,0.035506000863971925,0.007636922579079363,0.004484966262094713,0.013115244997248119,3,"n/a (per-seed, see a1_lira_pertask_*)",global,True
cifar100,m5_hybrid_replay,F1,1,0.5917951128932188,0.5830966350646477,0.6011248498919913,0.041954534422781325,0.03552159383708806,0.04875681482035413,0.010662567753418008,0.006191641851155277,0.01662838966792967,3,"n/a (per-seed, see a1_lira_pertask_*)",full,
cifar100,m5_hybrid_replay,F1,1,0.5917951128932188,0.5830966350646477,0.6011248498919913,0.041954534422781325,0.03552159383708806,0.04875681482035413,0.010662567753418008,0.006191641851155277,0.01662838966792967,3,"n/a (per-seed, see a1_lira_pertask_*)",aggregate,True
cifar100,m5_hybrid_replay,F1,1,0.5917951128932188,0.5830966350646477,0.6011248498919913,0.041954534422781325,0.03552159383708806,0.04875681482035413,0.010662567753418008,0.006191641851155277,0.01662838966792967,3,"n/a (per-seed, see a1_lira_pertask_*)",global,True
cifar100,m5_hybrid_replay,F1,2,0.6050267532854053,0.5954846778126534,0.6149031616374904,0.048669201520912544,0.04165045490461759,0.05579178359060795,0.014869347140199014,0.009856181290213643,0.0206219922390248,3,"n/a (per-seed, see a1_lira_pertask_*)",full,
cifar100,m5_hybrid_replay,F1,2,0.6050267532854053,0.5954846778126534,0.6149031616374904,0.048669201520912544,0.04165045490461759,0.05579178359060795,0.014869347140199014,0.009856181290213643,0.0206219922390248,3,"n/a (per-seed, see a1_lira_pertask_*)",aggregate,True
cifar100,m5_hybrid_replay,F1,2,0.6050267532854053,0.5954846778126534,0.6149031616374904,0.048669201520912544,0.04165045490461759,0.05579178359060795,0.014869347140199014,0.009856181290213643,0.0206219922390248,3,"n/a (per-seed, see a1_lira_pertask_*)",global,True
cifar100,m5_hybrid_replay,F1,3,0.6143550786915712,0.6048412475195861,0.6247185359150835,0.05227732384111318,0.044730364280375655,0.06066784218163535,0.017409594692986006,0.012451954342553462,0.02329073129840864,3,"n/a (per-seed, see a1_lira_pertask_*)",full,
cifar100,m5_hybrid_replay,F1,3,0.6143550786915712,0.6048412475195861,0.6247185359150835,0.05227732384111318,0.044730364280375655,0.06066784218163535,0.017409594692986006,0.012451954342553462,0.02329073129840864,3,"n/a (per-seed, see a1_lira_pertask_*)",aggregate,True
cifar100,m5_hybrid_replay,F1,3,0.6143550786915712,0.6048412475195861,0.6247185359150835,0.05227732384111318,0.044730364280375655,0.06066784218163535,0.017409594692986006,0.012451954342553462,0.02329073129840864,3,"n/a (per-seed, see a1_lira_pertask_*)",global,True
cifar100,m5_hybrid_replay,F1,4,0.6205051200975074,0.6109108801274448,0.6312737450797407,0.05787557640967559,0.04999400065008877,0.06685970752137839,0.020516139470916593,0.014792479248110507,0.026853056285750937,3,"n/a (per-seed, see a1_lira_pertask_*)",full,
cifar100,m5_hybrid_replay,F1,4,0.6205051200975074,0.6109108801274448,0.6312737450797407,0.05787557640967559,0.04999400065008877,0.06685970752137839,0.020516139470916593,0.014792479248110507,0.026853056285750937,3,"n/a (per-seed, see a1_lira_pertask_*)",aggregate,True
cifar100,m5_hybrid_replay,F1,4,0.6205051200975074,0.6109108801274448,0.6312737450797407,0.05787557640967559,0.04999400065008877,0.06685970752137839,0.020516139470916593,0.014792479248110507,0.026853056285750937,3,"n/a (per-seed, see a1_lira_pertask_*)",global,True
cifar100,m5_hybrid_replay,F1,5,0.6242245193961047,0.6142915041007585,0.634998367867673,0.06122481999838201,0.05283977242962785,0.06995323741566138,0.02278132837149098,0.01667821974835146,0.02956539558046187,3,"n/a (per-seed, see a1_lira_pertask_*)",full,
cifar100,m5_hybrid_replay,F1,5,0.6242245193961047,0.6142915041007585,0.634998367867673,0.06122481999838201,0.05283977242962785,0.06995323741566138,0.02278132837149098,0.01667821974835146,0.02956539558046187,3,"n/a (per-seed, see a1_lira_pertask_*)",aggregate,True
cifar100,m5_hybrid_replay,F1,5,0.6242245193961047,0.6142915041007585,0.634998367867673,0.06122481999838201,0.05283977242962785,0.06995323741566138,0.02278132837149098,0.01667821974835146,0.02956539558046187,3,"n/a (per-seed, see a1_lira_pertask_*)",global,True
cifar100,m5_hybrid_replay,F1,6,0.6272808428317548,0.6171445102639229,0.6380188005482362,0.06363562818542189,0.05471450164476816,0.07333926972787827,0.0237359436938759,0.017875869761163687,0.03081701724674228,3,"n/a (per-seed, see a1_lira_pertask_*)",full,
cifar100,m5_hybrid_replay,F1,6,0.6272808428317548,0.6171445102639229,0.6380188005482362,0.06363562818542189,0.05471450164476816,0.07333926972787827,0.0237359436938759,0.017875869761163687,0.03081701724674228,3,"n/a (per-seed, see a1_lira_pertask_*)",aggregate,True
cifar100,m5_hybrid_replay,F1,6,0.6272808428317548,0.6171445102639229,0.6380188005482362,0.06363562818542189,0.05471450164476816,0.07333926972787827,0.0237359436938759,0.017875869761163687,0.03081701724674228,3,"n/a (per-seed, see a1_lira_pertask_*)",global,True
cifar100,m8_analytic,F5,0,0.9999611712101895,0.9999125504659061,0.9999865171654778,0.9991860654403386,0.9975713114110633,0.9999186274397059,0.9928536545661729,0.9875859142393298,0.9970852482519605,3,"n/a (per-seed, see a1_lira_pertask_*)",aggregate,
cifar100,m8_analytic,F5,1,0.9999611712101895,0.9999125504659061,0.9999865171654778,0.9991860654403386,0.9975713114110633,0.9999186274397059,0.9928536545661729,0.9875859142393298,0.9970852482519605,3,"n/a (per-seed, see a1_lira_pertask_*)",aggregate,
cifar100,m8_analytic,F5,2,0.9999611712101895,0.9999125504659061,0.9999865171654778,0.9991860654403386,0.9975713114110633,0.9999186274397059,0.9928536545661729,0.9875859142393298,0.9970852482519605,3,"n/a (per-seed, see a1_lira_pertask_*)",aggregate,
cifar100,m8_analytic,F5,3,0.9999611712101895,0.9999125504659061,0.9999865171654778,0.9991860654403386,0.9975713114110633,0.9999186274397059,0.9928536545661729,0.9875859142393298,0.9970852482519605,3,"n/a (per-seed, see a1_lira_pertask_*)",aggregate,
cifar100,m8_analytic,F5,4,0.9999611712101895,0.9999125504659061,0.9999865171654778,0.9991860654403386,0.9975713114110633,0.9999186274397059,0.9928536545661729,0.9875859142393298,0.9970852482519605,3,"n/a (per-seed, see a1_lira_pertask_*)",aggregate,
cifar100,m8_analytic,F5,5,0.9999611712101895,0.9999125504659061,0.9999865171654778,0.9991860654403386,0.9975713114110633,0.9999186274397059,0.9928536545661729,0.9875859142393298,0.9970852482519605,3,"n/a (per-seed, see a1_lira_pertask_*)",aggregate,
cifar100,m8_analytic,F5,6,0.9999611712101895,0.9999125504659061,0.9999865171654778,0.9991860654403386,0.9975713114110633,0.9999186274397059,0.9928536545661729,0.9875859142393298,0.9970852482519605,3,"n/a (per-seed, see a1_lira_pertask_*)",aggregate,
cifar100,m8_analytic,F5,0,1.0,1.0,1.0,1.0,1.0,1.0,1.0,1.0,1.0,3,"n/a (per-seed, see a1_lira_pertask_*)",full,
cifar100,m8_analytic,F5,1,1.0,1.0,1.0,1.0,1.0,1.0,1.0,1.0,1.0,3,"n/a (per-seed, see a1_lira_pertask_*)",full,
cifar100,m8_analytic,F5,2,1.0,1.0,1.0,1.0,1.0,1.0,1.0,1.0,1.0,3,"n/a (per-seed, see a1_lira_pertask_*)",full,
cifar100,m8_analytic,F5,3,1.0,1.0,1.0,1.0,1.0,1.0,1.0,1.0,1.0,3,"n/a (per-seed, see a1_lira_pertask_*)",full,
cifar100,m8_analytic,F5,4,1.0,1.0,1.0,1.0,1.0,1.0,1.0,1.0,1.0,3,"n/a (per-seed, see a1_lira_pertask_*)",full,
cifar100,m8_analytic,F5,5,1.0,1.0,1.0,1.0,1.0,1.0,1.0,1.0,1.0,3,"n/a (per-seed, see a1_lira_pertask_*)",full,
cifar100,m8_analytic,F5,6,1.0,1.0,1.0,1.0,1.0,1.0,1.0,1.0,1.0,3,"n/a (per-seed, see a1_lira_pertask_*)",full,
cifar100,m8_analytic,F5,0,0.9986535903794697,0.9981139273505126,0.9990712965457078,0.9660258184245226,0.954716685994908,0.9753844469305817,0.9106936463233978,0.8822880140511837,0.9317763155624864,3,"n/a (per-seed, see a1_lira_pertask_*)",global,
cifar100,m8_analytic,F5,1,0.9982506994994451,0.9976076684240238,0.9987618970068566,0.9583095931888848,0.9464317487374232,0.9691566825668327,0.8937798108385291,0.8677496607506444,0.9144875911452531,3,"n/a (per-seed, see a1_lira_pertask_*)",global,
cifar100,m8_analytic,F5,2,0.9977982412323179,0.997054354218855,0.998408432331312,0.9503491836103469,0.9369572213153222,0.962895742352949,0.8760194696316073,0.8532572654472603,0.89795721996404,3,"n/a (per-seed, see a1_lira_pertask_*)",global,
cifar100,m8_analytic,F5,3,0.9973143693467476,0.9964695719166701,0.9980122181049912,0.9414771524849826,0.9282921419640118,0.9545089655315483,0.860717250809878,0.8358626123091949,0.8850894533801421,3,"n/a (per-seed, see a1_lira_pertask_*)",global,
cifar100,m8_analytic,F5,4,0.9968046437681828,0.9958682495764107,0.9975953423766922,0.9323121001481385,0.9181995426861456,0.9464982759887683,0.8470266486512885,0.8213240922275558,0.8723872691262209,3,"n/a (per-seed, see a1_lira_pertask_*)",global,
cifar100,m8_analytic,F5,5,0.9962746175478477,0.9952394742586637,0.997156971787023,0.9249214540363672,0.9082083719573643,0.9383783216627879,0.8308616451513129,0.8072931115498847,0.8574947404233095,3,"n/a (per-seed, see a1_lira_pertask_*)",global,
cifar100,m8_analytic,F5,6,0.9957471326753377,0.9946211673065913,0.9967075087383518,0.9165052336844162,0.8988982065070937,0.9312724230166742,0.8159012844096436,0.7912485629473546,0.8446608162191453,3,"n/a (per-seed, see a1_lira_pertask_*)",global,
cub200,m0_fedavg,F1,0,0.6570406826594243,0.6505647918173428,0.6635234333983449,0.05790390074035057,0.05350481802675816,0.06251657486585895,0.01590436894624411,0.013713665004588862,0.018198535964855437,5,"n/a (per-seed, see a1_lira_pertask_*)",full,
cub200,m0_fedavg,F1,0,0.6570406826594243,0.6505647918173428,0.6635234333983449,0.05790390074035057,0.05350481802675816,0.06251657486585895,0.01590436894624411,0.013713665004588862,0.018198535964855437,5,"n/a (per-seed, see a1_lira_pertask_*)",aggregate,True
cub200,m0_fedavg,F1,0,0.6570406826594243,0.6505647918173428,0.6635234333983449,0.05790390074035057,0.05350481802675816,0.06251657486585895,0.01590436894624411,0.013713665004588862,0.018198535964855437,5,"n/a (per-seed, see a1_lira_pertask_*)",global,True
cub200,m0_fedavg,F1,1,0.6568786215511131,0.6508297803493512,0.6629181653372153,0.03432534457027478,0.030712143673427315,0.03820325440874111,0.003857821476994508,0.0031020503454518315,0.00470004428860966,5,"n/a (per-seed, see a1_lira_pertask_*)",full,
cub200,m0_fedavg,F1,1,0.6568786215511131,0.6508297803493512,0.6629181653372153,0.03432534457027478,0.030712143673427315,0.03820325440874111,0.003857821476994508,0.0031020503454518315,0.00470004428860966,5,"n/a (per-seed, see a1_lira_pertask_*)",aggregate,True
cub200,m0_fedavg,F1,1,0.6568786215511131,0.6508297803493512,0.6629181653372153,0.03432534457027478,0.030712143673427315,0.03820325440874111,0.003857821476994508,0.0031020503454518315,0.00470004428860966,5,"n/a (per-seed, see a1_lira_pertask_*)",global,True
cub200,m0_fedavg,F1,2,0.6498965642968659,0.6440092126988893,0.6558208601035846,0.029748144246432368,0.026249676492467115,0.033697671326540946,0.003748085720695676,0.0029251614810503466,0.004507686735602883,5,"n/a (per-seed, see a1_lira_pertask_*)",full,
cub200,m0_fedavg,F1,2,0.6498965642968659,0.6440092126988893,0.6558208601035846,0.029748144246432368,0.026249676492467115,0.033697671326540946,0.003748085720695676,0.0029251614810503466,0.004507686735602883,5,"n/a (per-seed, see a1_lira_pertask_*)",aggregate,True
cub200,m0_fedavg,F1,2,0.6498965642968659,0.6440092126988893,0.6558208601035846,0.029748144246432368,0.026249676492467115,0.033697671326540946,0.003748085720695676,0.0029251614810503466,0.004507686735602883,5,"n/a (per-seed, see a1_lira_pertask_*)",global,True
cub200,m0_fedavg,F1,3,0.6415432261425181,0.6353679213888227,0.648179653354776,0.027989933573288855,0.024743181475442688,0.03157459496120562,0.00367980569455418,0.002866554411551285,0.004463522487832402,5,"n/a (per-seed, see a1_lira_pertask_*)",full,
cub200,m0_fedavg,F1,3,0.6415432261425181,0.6353679213888227,0.648179653354776,0.027989933573288855,0.024743181475442688,0.03157459496120562,0.00367980569455418,0.002866554411551285,0.004463522487832402,5,"n/a (per-seed, see a1_lira_pertask_*)",aggregate,True
cub200,m0_fedavg,F1,3,0.6415432261425181,0.6353679213888227,0.648179653354776,0.027989933573288855,0.024743181475442688,0.03157459496120562,0.00367980569455418,0.002866554411551285,0.004463522487832402,5,"n/a (per-seed, see a1_lira_pertask_*)",global,True
cub200,m0_fedavg,F1,4,0.6338049672373726,0.6275483707975894,0.6407121763462262,0.02667554307006506,0.02378154145513269,0.030310257510961128,0.00366029711565661,0.0028560911046175324,0.004435036686683225,5,"n/a (per-seed, see a1_lira_pertask_*)",full,
cub200,m0_fedavg,F1,4,0.6338049672373726,0.6275483707975894,0.6407121763462262,0.02667554307006506,0.02378154145513269,0.030310257510961128,0.00366029711565661,0.0028560911046175324,0.004435036686683225,5,"n/a (per-seed, see a1_lira_pertask_*)",aggregate,True
cub200,m0_fedavg,F1,4,0.6338049672373726,0.6275483707975894,0.6407121763462262,0.02667554307006506,0.02378154145513269,0.030310257510961128,0.00366029711565661,0.0028560911046175324,0.004435036686683225,5,"n/a (per-seed, see a1_lira_pertask_*)",global,True
cub200,m0_fedavg,F1,5,0.6274686796283544,0.620779011074515,0.634730116412009,0.025939094216681786,0.023044433753950124,0.02922208015301977,0.0036310342473102547,0.0028142172599939096,0.004434116216473312,5,"n/a (per-seed, see a1_lira_pertask_*)",full,
cub200,m0_fedavg,F1,5,0.6274686796283544,0.620779011074515,0.634730116412009,0.025939094216681786,0.023044433753950124,0.02922208015301977,0.0036310342473102547,0.0028142172599939096,0.004434116216473312,5,"n/a (per-seed, see a1_lira_pertask_*)",aggregate,True
cub200,m0_fedavg,F1,5,0.6274686796283544,0.620779011074515,0.634730116412009,0.025939094216681786,0.023044433753950124,0.02922208015301977,0.0036310342473102547,0.0028142172599939096,0.004434116216473312,5,"n/a (per-seed, see a1_lira_pertask_*)",global,True
cub200,m0_fedavg,F1,6,0.6220423167579014,0.6151304349660127,0.62936294516101,0.025351398277392485,0.02261122583340173,0.028597688294547598,0.0036359113920346473,0.0028238882752538203,0.004437270829337259,5,"n/a (per-seed, see a1_lira_pertask_*)",full,
cub200,m0_fedavg,F1,6,0.6220423167579014,0.6151304349660127,0.62936294516101,0.025351398277392485,0.02261122583340173,0.028597688294547598,0.0036359113920346473,0.0028238882752538203,0.004437270829337259,5,"n/a (per-seed, see a1_lira_pertask_*)",aggregate,True
cub200,m0_fedavg,F1,6,0.6220423167579014,0.6151304349660127,0.62936294516101,0.025351398277392485,0.02261122583340173,0.028597688294547598,0.0036359113920346473,0.0028238882752538203,0.004437270829337259,5,"n/a (per-seed, see a1_lira_pertask_*)",global,True
cub200,m1_glfc,F1,0,0.6160647140863971,0.6059110251746106,0.6275063838308376,0.0377057713579283,0.030676385593658987,0.044939580073064776,0.006311406077168326,0.0038156310059512632,0.009896380021556302,3,"n/a (per-seed, see a1_lira_pertask_*)",full,
cub200,m1_glfc,F1,0,0.6160647140863971,0.6059110251746106,0.6275063838308376,0.0377057713579283,0.030676385593658987,0.044939580073064776,0.006311406077168326,0.0038156310059512632,0.009896380021556302,3,"n/a (per-seed, see a1_lira_pertask_*)",aggregate,True
cub200,m1_glfc,F1,0,0.6160647140863971,0.6059110251746106,0.6275063838308376,0.0377057713579283,0.030676385593658987,0.044939580073064776,0.006311406077168326,0.0038156310059512632,0.009896380021556302,3,"n/a (per-seed, see a1_lira_pertask_*)",global,True
cub200,m1_glfc,F1,1,0.652492418754877,0.6428965079501284,0.663670928525356,0.04315505237816383,0.03547877541957283,0.05203341674103969,0.007515127854772594,0.004868530956909265,0.010189208621797584,3,"n/a (per-seed, see a1_lira_pertask_*)",full,
cub200,m1_glfc,F1,1,0.652492418754877,0.6428965079501284,0.663670928525356,0.04315505237816383,0.03547877541957283,0.05203341674103969,0.007515127854772594,0.004868530956909265,0.010189208621797584,3,"n/a (per-seed, see a1_lira_pertask_*)",aggregate,True
cub200,m1_glfc,F1,1,0.652492418754877,0.6428965079501284,0.663670928525356,0.04315505237816383,0.03547877541957283,0.05203341674103969,0.007515127854772594,0.004868530956909265,0.010189208621797584,3,"n/a (per-seed, see a1_lira_pertask_*)",global,True
cub200,m1_glfc,F1,2,0.6848429481048418,0.6754110519374843,0.6948823476604639,0.05206910013663869,0.04169573759491795,0.06469898447625107,0.008328453380180883,0.005602659488969814,0.012657494845714594,3,"n/a (per-seed, see a1_lira_pertask_*)",full,
cub200,m1_glfc,F1,2,0.6848429481048418,0.6754110519374843,0.6948823476604639,0.05206910013663869,0.04169573759491795,0.06469898447625107,0.008328453380180883,0.005602659488969814,0.012657494845714594,3,"n/a (per-seed, see a1_lira_pertask_*)",aggregate,True
cub200,m1_glfc,F1,2,0.6848429481048418,0.6754110519374843,0.6948823476604639,0.05206910013663869,0.04169573759491795,0.06469898447625107,0.008328453380180883,0.005602659488969814,0.012657494845714594,3,"n/a (per-seed, see a1_lira_pertask_*)",global,True
cub200,m1_glfc,F1,3,0.7135042543402605,0.7038940759184855,0.7234186464810288,0.06706682282516754,0.05481040327767927,0.08405637771628312,0.009792439325915805,0.006730452787233403,0.016140151277235133,3,"n/a (per-seed, see a1_lira_pertask_*)",full,
cub200,m1_glfc,F1,3,0.7135042543402605,0.7038940759184855,0.7234186464810288,0.06706682282516754,0.05481040327767927,0.08405637771628312,0.009792439325915805,0.006730452787233403,0.016140151277235133,3,"n/a (per-seed, see a1_lira_pertask_*)",aggregate,True
cub200,m1_glfc,F1,3,0.7135042543402605,0.7038940759184855,0.7234186464810288,0.06706682282516754,0.05481040327767927,0.08405637771628312,0.009792439325915805,0.006730452787233403,0.016140151277235133,3,"n/a (per-seed, see a1_lira_pertask_*)",global,True
cub200,m1_glfc,F1,4,0.7378848849287313,0.7271858644740087,0.7484669953694454,0.08282907150758019,0.06660442875448802,0.10304760684166372,0.012948142364499968,0.00816363692163432,0.019489683359177577,3,"n/a (per-seed, see a1_lira_pertask_*)",full,
cub200,m1_glfc,F1,4,0.7378848849287313,0.7271858644740087,0.7484669953694454,0.08282907150758019,0.06660442875448802,0.10304760684166372,0.012948142364499968,0.00816363692163432,0.019489683359177577,3,"n/a (per-seed, see a1_lira_pertask_*)",aggregate,True
cub200,m1_glfc,F1,4,0.7378848849287313,0.7271858644740087,0.7484669953694454,0.08282907150758019,0.06660442875448802,0.10304760684166372,0.012948142364499968,0.00816363692163432,0.019489683359177577,3,"n/a (per-seed, see a1_lira_pertask_*)",global,True
cub200,m1_glfc,F1,5,0.759665143913576,0.7473756178620197,0.7711248604315626,0.1016982236970525,0.08145979169797728,0.12470989329406076,0.018120892706096688,0.010846427544897005,0.025800749420737727,3,"n/a (per-seed, see a1_lira_pertask_*)",full,
cub200,m1_glfc,F1,5,0.759665143913576,0.7473756178620197,0.7711248604315626,0.1016982236970525,0.08145979169797728,0.12470989329406076,0.018120892706096688,0.010846427544897005,0.025800749420737727,3,"n/a (per-seed, see a1_lira_pertask_*)",aggregate,True
cub200,m1_glfc,F1,5,0.759665143913576,0.7473756178620197,0.7711248604315626,0.1016982236970525,0.08145979169797728,0.12470989329406076,0.018120892706096688,0.010846427544897005,0.025800749420737727,3,"n/a (per-seed, see a1_lira_pertask_*)",global,True
cub200,m1_glfc,F1,6,0.7786208086418364,0.7650706552125127,0.790817333971033,0.12003058103975535,0.09944922698246664,0.14459818193223392,0.022838180753464766,0.015454512555957702,0.03479114050523438,3,"n/a (per-seed, see a1_lira_pertask_*)",full,
cub200,m1_glfc,F1,6,0.7786208086418364,0.7650706552125127,0.790817333971033,0.12003058103975535,0.09944922698246664,0.14459818193223392,0.022838180753464766,0.015454512555957702,0.03479114050523438,3,"n/a (per-seed, see a1_lira_pertask_*)",aggregate,True
cub200,m1_glfc,F1,6,0.7786208086418364,0.7650706552125127,0.790817333971033,0.12003058103975535,0.09944922698246664,0.14459818193223392,0.022838180753464766,0.015454512555957702,0.03479114050523438,3,"n/a (per-seed, see a1_lira_pertask_*)",global,True
cub200,m2_target,F1,0,0.6964476464360841,0.6866903592187806,0.7061178214973794,0.07564161021365294,0.06899506971009269,0.08367986029154643,0.01880862428348098,0.011878273471624705,0.026067242619368824,3,"n/a (per-seed, see a1_lira_pertask_*)",full,
cub200,m2_target,F1,0,0.6964476464360841,0.6866903592187806,0.7061178214973794,0.07564161021365294,0.06899506971009269,0.08367986029154643,0.01880862428348098,0.011878273471624705,0.026067242619368824,3,"n/a (per-seed, see a1_lira_pertask_*)",aggregate,True
cub200,m2_target,F1,0,0.6964476464360841,0.6866903592187806,0.7061178214973794,0.07564161021365294,0.06899506971009269,0.08367986029154643,0.01880862428348098,0.011878273471624705,0.026067242619368824,3,"n/a (per-seed, see a1_lira_pertask_*)",global,True
cub200,m2_target,F1,1,0.8210558724084617,0.8103587084997471,0.8325063501398147,0.1854155810317874,0.16841985333740772,0.2036056579109632,0.06580575820739969,0.05219427942127588,0.08088984931057432,3,"n/a (per-seed, see a1_lira_pertask_*)",full,
cub200,m2_target,F1,1,0.8210558724084617,0.8103587084997471,0.8325063501398147,0.1854155810317874,0.16841985333740772,0.2036056579109632,0.06580575820739969,0.05219427942127588,0.08088984931057432,3,"n/a (per-seed, see a1_lira_pertask_*)",aggregate,True
cub200,m2_target,F1,1,0.8210558724084617,0.8103587084997471,0.8325063501398147,0.1854155810317874,0.16841985333740772,0.2036056579109632,0.06580575820739969,0.05219427942127588,0.08088984931057432,3,"n/a (per-seed, see a1_lira_pertask_*)",global,True
cub200,m2_target,F1,2,0.850110110207409,0.8392105725743543,0.8612018696089395,0.23238014590932776,0.2135659483566923,0.25217281035063344,0.08717105263157894,0.07084467151922882,0.10434062138541009,3,"n/a (per-seed, see a1_lira_pertask_*)",full,
cub200,m2_target,F1,2,0.850110110207409,0.8392105725743543,0.8612018696089395,0.23238014590932776,0.2135659483566923,0.25217281035063344,0.08717105263157894,0.07084467151922882,0.10434062138541009,3,"n/a (per-seed, see a1_lira_pertask_*)",aggregate,True
cub200,m2_target,F1,2,0.850110110207409,0.8392105725743543,0.8612018696089395,0.23238014590932776,0.2135659483566923,0.25217281035063344,0.08717105263157894,0.07084467151922882,0.10434062138541009,3,"n/a (per-seed, see a1_lira_pertask_*)",global,True
cub200,m2_target,F1,3,0.8666602512822703,0.8561260217218708,0.8776524252014111,0.2660076862949453,0.2410660202286878,0.2951820933616015,0.10897602918186555,0.08644086306037665,0.13222813725442198,3,"n/a (per-seed, see a1_lira_pertask_*)",full,
cub200,m2_target,F1,3,0.8666602512822703,0.8561260217218708,0.8776524252014111,0.2660076862949453,0.2410660202286878,0.2951820933616015,0.10897602918186555,0.08644086306037665,0.13222813725442198,3,"n/a (per-seed, see a1_lira_pertask_*)",aggregate,True
cub200,m2_target,F1,3,0.8666602512822703,0.8561260217218708,0.8776524252014111,0.2660076862949453,0.2410660202286878,0.2951820933616015,0.10897602918186555,0.08644086306037665,0.13222813725442198,3,"n/a (per-seed, see a1_lira_pertask_*)",global,True
cub200,m2_target,F1,4,0.878106330436111,0.867863332114265,0.8887252972057087,0.2872264200104221,0.2611970062866404,0.3159878601616081,0.1251628452318916,0.10145059837399395,0.15210978884346743,3,"n/a (per-seed, see a1_lira_pertask_*)",full,
cub200,m2_target,F1,4,0.878106330436111,0.867863332114265,0.8887252972057087,0.2872264200104221,0.2611970062866404,0.3159878601616081,0.1251628452318916,0.10145059837399395,0.15210978884346743,3,"n/a (per-seed, see a1_lira_pertask_*)",aggregate,True
cub200,m2_target,F1,4,0.878106330436111,0.867863332114265,0.8887252972057087,0.2872264200104221,0.2611970062866404,0.3159878601616081,0.1251628452318916,0.10145059837399395,0.15210978884346743,3,"n/a (per-seed, see a1_lira_pertask_*)",global,True
cub200,m2_target,F1,5,0.8878221189837835,0.8782168570352851,0.8976709538235165,0.31056214174048985,0.28367685864079784,0.3421348706397387,0.1379136268890047,0.10722606453094026,0.1595653185545371,3,"n/a (per-seed, see a1_lira_pertask_*)",full,
cub200,m2_target,F1,5,0.8878221189837835,0.8782168570352851,0.8976709538235165,0.31056214174048985,0.28367685864079784,0.3421348706397387,0.1379136268890047,0.10722606453094026,0.1595653185545371,3,"n/a (per-seed, see a1_lira_pertask_*)",aggregate,True
cub200,m2_target,F1,5,0.8878221189837835,0.8782168570352851,0.8976709538235165,0.31056214174048985,0.28367685864079784,0.3421348706397387,0.1379136268890047,0.10722606453094026,0.1595653185545371,3,"n/a (per-seed, see a1_lira_pertask_*)",global,True
cub200,m2_target,F1,6,0.896285618920346,0.8870241616707766,0.905402862641385,0.328784523189161,0.30242446968467723,0.3558744070815664,0.14884054194893173,0.11662727174709317,0.17589018586348404,3,"n/a (per-seed, see a1_lira_pertask_*)",full,
cub200,m2_target,F1,6,0.896285618920346,0.8870241616707766,0.905402862641385,0.328784523189161,0.30242446968467723,0.3558744070815664,0.14884054194893173,0.11662727174709317,0.17589018586348404,3,"n/a (per-seed, see a1_lira_pertask_*)",aggregate,True
cub200,m2_target,F1,6,0.896285618920346,0.8870241616707766,0.905402862641385,0.328784523189161,0.30242446968467723,0.3558744070815664,0.14884054194893173,0.11662727174709317,0.17589018586348404,3,"n/a (per-seed, see a1_lira_pertask_*)",global,True
cub200,m3_fot,F1,0,0.680472826328614,0.6649295228680601,0.6979075200618753,0.06224797975675455,0.05238707617749178,0.0737024149717336,0.015443637254101706,0.01067077555560649,0.02100482056395572,3,"n/a (per-seed, see a1_lira_pertask_*)",full,
cub200,m3_fot,F1,0,0.680472826328614,0.6649295228680601,0.6979075200618753,0.06224797975675455,0.05238707617749178,0.0737024149717336,0.015443637254101706,0.01067077555560649,0.02100482056395572,3,"n/a (per-seed, see a1_lira_pertask_*)",aggregate,True
cub200,m3_fot,F1,0,0.680472826328614,0.6649295228680601,0.6979075200618753,0.06224797975675455,0.05238707617749178,0.0737024149717336,0.015443637254101706,0.01067077555560649,0.02100482056395572,3,"n/a (per-seed, see a1_lira_pertask_*)",global,True
cub200,m3_fot,F1,1,0.691715003818654,0.6758729666073674,0.7084693537536708,0.06693331156640274,0.05444380707568589,0.08203553338961163,0.010023671537017387,0.004852638653572893,0.015261634687406898,3,"n/a (per-seed, see a1_lira_pertask_*)",full,
cub200,m3_fot,F1,1,0.691715003818654,0.6758729666073674,0.7084693537536708,0.06693331156640274,0.05444380707568589,0.08203553338961163,0.010023671537017387,0.004852638653572893,0.015261634687406898,3,"n/a (per-seed, see a1_lira_pertask_*)",aggregate,True
cub200,m3_fot,F1,1,0.691715003818654,0.6758729666073674,0.7084693537536708,0.06693331156640274,0.05444380707568589,0.08203553338961163,0.010023671537017387,0.004852638653572893,0.015261634687406898,3,"n/a (per-seed, see a1_lira_pertask_*)",global,True
cub200,m3_fot,F1,2,0.7001726445536359,0.6825954222838224,0.7190583426869669,0.07134111501101952,0.05910326876367817,0.08439025429307166,0.009762468369928985,0.004795667818186772,0.013925549399431345,3,"n/a (per-seed, see a1_lira_pertask_*)",full,
cub200,m3_fot,F1,2,0.7001726445536359,0.6825954222838224,0.7190583426869669,0.07134111501101952,0.05910326876367817,0.08439025429307166,0.009762468369928985,0.004795667818186772,0.013925549399431345,3,"n/a (per-seed, see a1_lira_pertask_*)",aggregate,True
cub200,m3_fot,F1,2,0.7001726445536359,0.6825954222838224,0.7190583426869669,0.07134111501101952,0.05910326876367817,0.08439025429307166,0.009762468369928985,0.004795667818186772,0.013925549399431345,3,"n/a (per-seed, see a1_lira_pertask_*)",global,True
cub200,m3_fot,F1,3,0.7093013917155232,0.691761103286177,0.7300032249314232,0.0758305444453514,0.06321651981094512,0.09046270603839461,0.00958289119255571,0.00421688249846994,0.01576638131946704,3,"n/a (per-seed, see a1_lira_pertask_*)",full,
cub200,m3_fot,F1,3,0.7093013917155232,0.691761103286177,0.7300032249314232,0.0758305444453514,0.06321651981094512,0.09046270603839461,0.00958289119255571,0.00421688249846994,0.01576638131946704,3,"n/a (per-seed, see a1_lira_pertask_*)",aggregate,True
cub200,m3_fot,F1,3,0.7093013917155232,0.691761103286177,0.7300032249314232,0.0758305444453514,0.06321651981094512,0.09046270603839461,0.00958289119255571,0.00421688249846994,0.01576638131946704,3,"n/a (per-seed, see a1_lira_pertask_*)",global,True
cub200,m3_fot,F1,4,0.7183060644646757,0.7010864927249966,0.7397458461046044,0.0812341849644927,0.06752245494462228,0.09681073438802652,0.009893069953473187,0.00432555730242543,0.017133993410989277,3,"n/a (per-seed, see a1_lira_pertask_*)",full,
cub200,m3_fot,F1,4,0.7183060644646757,0.7010864927249966,0.7397458461046044,0.0812341849644927,0.06752245494462228,0.09681073438802652,0.009893069953473187,0.00432555730242543,0.017133993410989277,3,"n/a (per-seed, see a1_lira_pertask_*)",aggregate,True
cub200,m3_fot,F1,4,0.7183060644646757,0.7010864927249966,0.7397458461046044,0.0812341849644927,0.06752245494462228,0.09681073438802652,0.009893069953473187,0.00432555730242543,0.017133993410989277,3,"n/a (per-seed, see a1_lira_pertask_*)",global,True
cub200,m3_fot,F1,5,0.725879470663025,0.7081908126699513,0.7476987844483166,0.0852828340543629,0.071310156289284,0.10309972357204826,0.011231736184801241,0.004343147196088169,0.019968137951712726,3,"n/a (per-seed, see a1_lira_pertask_*)",full,
cub200,m3_fot,F1,5,0.725879470663025,0.7081908126699513,0.7476987844483166,0.0852828340543629,0.071310156289284,0.10309972357204826,0.011231736184801241,0.004343147196088169,0.019968137951712726,3,"n/a (per-seed, see a1_lira_pertask_*)",aggregate,True
cub200,m3_fot,F1,5,0.725879470663025,0.7081908126699513,0.7476987844483166,0.0852828340543629,0.071310156289284,0.10309972357204826,0.011231736184801241,0.004343147196088169,0.019968137951712726,3,"n/a (per-seed, see a1_lira_pertask_*)",global,True
cub200,m3_fot,F1,6,0.7315587916759787,0.7138059420002725,0.7532251021674374,0.09044159660435883,0.07513524937286904,0.10996532044266179,0.010741980246510489,0.004211834359172233,0.020289242340553237,3,"n/a (per-seed, see a1_lira_pertask_*)",full,
cub200,m3_fot,F1,6,0.7315587916759787,0.7138059420002725,0.7532251021674374,0.09044159660435883,0.07513524937286904,0.10996532044266179,0.010741980246510489,0.004211834359172233,0.020289242340553237,3,"n/a (per-seed, see a1_lira_pertask_*)",aggregate,True
cub200,m3_fot,F1,6,0.7315587916759787,0.7138059420002725,0.7532251021674374,0.09044159660435883,0.07513524937286904,0.10996532044266179,0.010741980246510489,0.004211834359172233,0.020289242340553237,3,"n/a (per-seed, see a1_lira_pertask_*)",global,True
cub200,m4_proto,F2,0,0.9889042539208681,0.986447708660362,0.9909540345368026,0.832434802377318,0.8077790707525885,0.8576444939227216,0.64785164496119,0.6041608275246018,0.690191728615954,3,"n/a (per-seed, see a1_lira_pertask_*)",aggregate,
cub200,m4_proto,F2,1,0.9889042539208681,0.986447708660362,0.9909540345368026,0.832434802377318,0.8077790707525885,0.8576444939227216,0.64785164496119,0.6041608275246018,0.690191728615954,3,"n/a (per-seed, see a1_lira_pertask_*)",aggregate,
cub200,m4_proto,F2,2,0.9889042539208681,0.986447708660362,0.9909540345368026,0.832434802377318,0.8077790707525885,0.8576444939227216,0.64785164496119,0.6041608275246018,0.690191728615954,3,"n/a (per-seed, see a1_lira_pertask_*)",aggregate,
cub200,m4_proto,F2,3,0.9889042539208681,0.986447708660362,0.9909540345368026,0.832434802377318,0.8077790707525885,0.8576444939227216,0.64785164496119,0.6041608275246018,0.690191728615954,3,"n/a (per-seed, see a1_lira_pertask_*)",aggregate,
cub200,m4_proto,F2,4,0.9889042539208681,0.986447708660362,0.9909540345368026,0.832434802377318,0.8077790707525885,0.8576444939227216,0.64785164496119,0.6041608275246018,0.690191728615954,3,"n/a (per-seed, see a1_lira_pertask_*)",aggregate,
cub200,m4_proto,F2,5,0.9889042539208681,0.986447708660362,0.9909540345368026,0.832434802377318,0.8077790707525885,0.8576444939227216,0.64785164496119,0.6041608275246018,0.690191728615954,3,"n/a (per-seed, see a1_lira_pertask_*)",aggregate,
cub200,m4_proto,F2,6,0.9889042539208681,0.986447708660362,0.9909540345368026,0.832434802377318,0.8077790707525885,0.8576444939227216,0.64785164496119,0.6041608275246018,0.690191728615954,3,"n/a (per-seed, see a1_lira_pertask_*)",aggregate,
cub200,m4_proto,F2,0,0.9995468107509874,0.9993251650138342,0.9997274664913732,0.9958678431584835,0.9931401330822065,0.9977057891944772,0.9694328659845901,0.9511312912626977,0.9856303370749017,3,"n/a (per-seed, see a1_lira_pertask_*)",full,
cub200,m4_proto,F2,1,0.9995468107509874,0.9993251650138342,0.9997274664913732,0.9958678431584835,0.9931401330822065,0.9977057891944772,0.9694328659845901,0.9511312912626977,0.9856303370749017,3,"n/a (per-seed, see a1_lira_pertask_*)",full,
cub200,m4_proto,F2,2,0.9995468107509874,0.9993251650138342,0.9997274664913732,0.9958678431584835,0.9931401330822065,0.9977057891944772,0.9694328659845901,0.9511312912626977,0.9856303370749017,3,"n/a (per-seed, see a1_lira_pertask_*)",full,
cub200,m4_proto,F2,3,0.9995468107509874,0.9993251650138342,0.9997274664913732,0.9958678431584835,0.9931401330822065,0.9977057891944772,0.9694328659845901,0.9511312912626977,0.9856303370749017,3,"n/a (per-seed, see a1_lira_pertask_*)",full,
cub200,m4_proto,F2,4,0.9995468107509874,0.9993251650138342,0.9997274664913732,0.9958678431584835,0.9931401330822065,0.9977057891944772,0.9694328659845901,0.9511312912626977,0.9856303370749017,3,"n/a (per-seed, see a1_lira_pertask_*)",full,
cub200,m4_proto,F2,5,0.9995468107509874,0.9993251650138342,0.9997274664913732,0.9958678431584835,0.9931401330822065,0.9977057891944772,0.9694328659845901,0.9511312912626977,0.9856303370749017,3,"n/a (per-seed, see a1_lira_pertask_*)",full,
cub200,m4_proto,F2,6,0.9995468107509874,0.9993251650138342,0.9997274664913732,0.9958678431584835,0.9931401330822065,0.9977057891944772,0.9694328659845901,0.9511312912626977,0.9856303370749017,3,"n/a (per-seed, see a1_lira_pertask_*)",full,
cub200,m4_proto,F2,0,0.9889042539208681,0.986447708660362,0.9909540345368026,0.832434802377318,0.8077790707525885,0.8576444939227216,0.64785164496119,0.6041608275246018,0.690191728615954,3,"n/a (per-seed, see a1_lira_pertask_*)",global,
cub200,m4_proto,F2,1,0.9889042539208681,0.986447708660362,0.9909540345368026,0.832434802377318,0.8077790707525885,0.8576444939227216,0.64785164496119,0.6041608275246018,0.690191728615954,3,"n/a (per-seed, see a1_lira_pertask_*)",global,
cub200,m4_proto,F2,2,0.9889042539208681,0.986447708660362,0.9909540345368026,0.832434802377318,0.8077790707525885,0.8576444939227216,0.64785164496119,0.6041608275246018,0.690191728615954,3,"n/a (per-seed, see a1_lira_pertask_*)",global,
cub200,m4_proto,F2,3,0.9889042539208681,0.986447708660362,0.9909540345368026,0.832434802377318,0.8077790707525885,0.8576444939227216,0.64785164496119,0.6041608275246018,0.690191728615954,3,"n/a (per-seed, see a1_lira_pertask_*)",global,
cub200,m4_proto,F2,4,0.9889042539208681,0.986447708660362,0.9909540345368026,0.832434802377318,0.8077790707525885,0.8576444939227216,0.64785164496119,0.6041608275246018,0.690191728615954,3,"n/a (per-seed, see a1_lira_pertask_*)",global,
cub200,m4_proto,F2,5,0.9889042539208681,0.986447708660362,0.9909540345368026,0.832434802377318,0.8077790707525885,0.8576444939227216,0.64785164496119,0.6041608275246018,0.690191728615954,3,"n/a (per-seed, see a1_lira_pertask_*)",global,
cub200,m4_proto,F2,6,0.9889042539208681,0.986447708660362,0.9909540345368026,0.832434802377318,0.8077790707525885,0.8576444939227216,0.64785164496119,0.6041608275246018,0.690191728615954,3,"n/a (per-seed, see a1_lira_pertask_*)",global,
cub200,m5_hybrid_replay,F1,0,0.672529006305274,0.6620317681889344,0.6841459631849258,0.06357618053743803,0.054200546484027674,0.07197189063750817,0.015849204278632924,0.012507471304098149,0.02078812231526277,3,"n/a (per-seed, see a1_lira_pertask_*)",full,
cub200,m5_hybrid_replay,F1,0,0.672529006305274,0.6620317681889344,0.6841459631849258,0.06357618053743803,0.054200546484027674,0.07197189063750817,0.015849204278632924,0.012507471304098149,0.02078812231526277,3,"n/a (per-seed, see a1_lira_pertask_*)",aggregate,True
cub200,m5_hybrid_replay,F1,0,0.672529006305274,0.6620317681889344,0.6841459631849258,0.06357618053743803,0.054200546484027674,0.07197189063750817,0.015849204278632924,0.012507471304098149,0.02078812231526277,3,"n/a (per-seed, see a1_lira_pertask_*)",global,True
cub200,m5_hybrid_replay,F1,1,0.7287681451191236,0.7191874833100005,0.7391148779836193,0.09737803287242369,0.08897063947977135,0.10670892065669256,0.022387816331854944,0.01170902982093088,0.029378038328993474,3,"n/a (per-seed, see a1_lira_pertask_*)",full,
cub200,m5_hybrid_replay,F1,1,0.7287681451191236,0.7191874833100005,0.7391148779836193,0.09737803287242369,0.08897063947977135,0.10670892065669256,0.022387816331854944,0.01170902982093088,0.029378038328993474,3,"n/a (per-seed, see a1_lira_pertask_*)",aggregate,True
cub200,m5_hybrid_replay,F1,1,0.7287681451191236,0.7191874833100005,0.7391148779836193,0.09737803287242369,0.08897063947977135,0.10670892065669256,0.022387816331854944,0.01170902982093088,0.029378038328993474,3,"n/a (per-seed, see a1_lira_pertask_*)",global,True
cub200,m5_hybrid_replay,F1,2,0.7686478124600129,0.7581305504700316,0.7798716617558858,0.13292460213931645,0.11993475599830844,0.14603806888802015,0.03991651447951996,0.027588471012356956,0.04931950544220745,3,"n/a (per-seed, see a1_lira_pertask_*)",full,
cub200,m5_hybrid_replay,F1,2,0.7686478124600129,0.7581305504700316,0.7798716617558858,0.13292460213931645,0.11993475599830844,0.14603806888802015,0.03991651447951996,0.027588471012356956,0.04931950544220745,3,"n/a (per-seed, see a1_lira_pertask_*)",aggregate,True
cub200,m5_hybrid_replay,F1,2,0.7686478124600129,0.7581305504700316,0.7798716617558858,0.13292460213931645,0.11993475599830844,0.14603806888802015,0.03991651447951996,0.027588471012356956,0.04931950544220745,3,"n/a (per-seed, see a1_lira_pertask_*)",global,True
cub200,m5_hybrid_replay,F1,3,0.8004637585880982,0.7884320905947075,0.8129757629021441,0.16387294547351944,0.1439399037788635,0.18521670565880455,0.05852139316462301,0.04083463587101715,0.0778158118409,3,"n/a (per-seed, see a1_lira_pertask_*)",full,
cub200,m5_hybrid_replay,F1,3,0.8004637585880982,0.7884320905947075,0.8129757629021441,0.16387294547351944,0.1439399037788635,0.18521670565880455,0.05852139316462301,0.04083463587101715,0.0778158118409,3,"n/a (per-seed, see a1_lira_pertask_*)",aggregate,True
cub200,m5_hybrid_replay,F1,3,0.8004637585880982,0.7884320905947075,0.8129757629021441,0.16387294547351944,0.1439399037788635,0.18521670565880455,0.05852139316462301,0.04083463587101715,0.0778158118409,3,"n/a (per-seed, see a1_lira_pertask_*)",global,True
cub200,m5_hybrid_replay,F1,4,0.8223190546597695,0.8095651064317819,0.835385464349219,0.19764218627706756,0.17427591807723516,0.22565349264187817,0.07719149491260109,0.056634418922307195,0.10581253412681384,3,"n/a (per-seed, see a1_lira_pertask_*)",full,
cub200,m5_hybrid_replay,F1,4,0.8223190546597695,0.8095651064317819,0.835385464349219,0.19764218627706756,0.17427591807723516,0.22565349264187817,0.07719149491260109,0.056634418922307195,0.10581253412681384,3,"n/a (per-seed, see a1_lira_pertask_*)",aggregate,True
cub200,m5_hybrid_replay,F1,4,0.8223190546597695,0.8095651064317819,0.835385464349219,0.19764218627706756,0.17427591807723516,0.22565349264187817,0.07719149491260109,0.056634418922307195,0.10581253412681384,3,"n/a (per-seed, see a1_lira_pertask_*)",global,True
cub200,m5_hybrid_replay,F1,5,0.840160761799452,0.827782817408092,0.8527855797777653,0.23198212888077224,0.2043845500254797,0.2612275608855264,0.09848682494129925,0.07742793510408552,0.1286166381904223,3,"n/a (per-seed, see a1_lira_pertask_*)",full,
cub200,m5_hybrid_replay,F1,5,0.840160761799452,0.827782817408092,0.8527855797777653,0.23198212888077224,0.2043845500254797,0.2612275608855264,0.09848682494129925,0.07742793510408552,0.1286166381904223,3,"n/a (per-seed, see a1_lira_pertask_*)",aggregate,True
cub200,m5_hybrid_replay,F1,5,0.840160761799452,0.827782817408092,0.8527855797777653,0.23198212888077224,0.2043845500254797,0.2612275608855264,0.09848682494129925,0.07742793510408552,0.1286166381904223,3,"n/a (per-seed, see a1_lira_pertask_*)",global,True
cub200,m5_hybrid_replay,F1,6,0.8543641741052883,0.8424055120702235,0.8665177971824116,0.2613814244716932,0.23181669119870044,0.2931638930303682,0.11653730759196451,0.09388155505331262,0.14590005809889603,3,"n/a (per-seed, see a1_lira_pertask_*)",full,
cub200,m5_hybrid_replay,F1,6,0.8543641741052883,0.8424055120702235,0.8665177971824116,0.2613814244716932,0.23181669119870044,0.2931638930303682,0.11653730759196451,0.09388155505331262,0.14590005809889603,3,"n/a (per-seed, see a1_lira_pertask_*)",aggregate,True
cub200,m5_hybrid_replay,F1,6,0.8543641741052883,0.8424055120702235,0.8665177971824116,0.2613814244716932,0.23181669119870044,0.2931638930303682,0.11653730759196451,0.09388155505331262,0.14590005809889603,3,"n/a (per-seed, see a1_lira_pertask_*)",global,True
cub200,m8_analytic,F5,0,0.9999995708903426,0.9999931340330571,1.0,1.0,1.0,1.0,1.0,0.9976633191817056,1.0,3,"n/a (per-seed, see a1_lira_pertask_*)",aggregate,
cub200,m8_analytic,F5,1,0.9999995708903426,0.9999931340330571,1.0,1.0,1.0,1.0,1.0,0.9976633191817056,1.0,3,"n/a (per-seed, see a1_lira_pertask_*)",aggregate,
cub200,m8_analytic,F5,2,0.9999995708903426,0.9999931340330571,1.0,1.0,1.0,1.0,1.0,0.9976633191817056,1.0,3,"n/a (per-seed, see a1_lira_pertask_*)",aggregate,
cub200,m8_analytic,F5,3,0.9999995708903426,0.9999931340330571,1.0,1.0,1.0,1.0,1.0,0.9976633191817056,1.0,3,"n/a (per-seed, see a1_lira_pertask_*)",aggregate,
cub200,m8_analytic,F5,4,0.9999995708903426,0.9999931340330571,1.0,1.0,1.0,1.0,1.0,0.9976633191817056,1.0,3,"n/a (per-seed, see a1_lira_pertask_*)",aggregate,
cub200,m8_analytic,F5,5,0.9999995708903426,0.9999931340330571,1.0,1.0,1.0,1.0,1.0,0.9976633191817056,1.0,3,"n/a (per-seed, see a1_lira_pertask_*)",aggregate,
cub200,m8_analytic,F5,6,0.9999995708903426,0.9999931340330571,1.0,1.0,1.0,1.0,1.0,0.9976633191817056,1.0,3,"n/a (per-seed, see a1_lira_pertask_*)",aggregate,
cub200,m8_analytic,F5,0,1.0,1.0,1.0,1.0,1.0,1.0,1.0,1.0,1.0,3,"n/a (per-seed, see a1_lira_pertask_*)",full,
cub200,m8_analytic,F5,1,1.0,1.0,1.0,1.0,1.0,1.0,1.0,1.0,1.0,3,"n/a (per-seed, see a1_lira_pertask_*)",full,
cub200,m8_analytic,F5,2,1.0,1.0,1.0,1.0,1.0,1.0,1.0,1.0,1.0,3,"n/a (per-seed, see a1_lira_pertask_*)",full,
cub200,m8_analytic,F5,3,1.0,1.0,1.0,1.0,1.0,1.0,1.0,1.0,1.0,3,"n/a (per-seed, see a1_lira_pertask_*)",full,
cub200,m8_analytic,F5,4,1.0,1.0,1.0,1.0,1.0,1.0,1.0,1.0,1.0,3,"n/a (per-seed, see a1_lira_pertask_*)",full,
cub200,m8_analytic,F5,5,1.0,1.0,1.0,1.0,1.0,1.0,1.0,1.0,1.0,3,"n/a (per-seed, see a1_lira_pertask_*)",full,
cub200,m8_analytic,F5,6,1.0,1.0,1.0,1.0,1.0,1.0,1.0,1.0,1.0,3,"n/a (per-seed, see a1_lira_pertask_*)",full,
cub200,m8_analytic,F5,0,0.9999995135089182,0.9999922157124185,1.0,1.0,1.0,1.0,1.0,0.9972766134036462,1.0,3,"n/a (per-seed, see a1_lira_pertask_*)",global,
cub200,m8_analytic,F5,1,0.9999995523753252,0.9999929870802645,1.0,1.0,1.0,1.0,0.999983806192512,0.9975184665336561,1.0,3,"n/a (per-seed, see a1_lira_pertask_*)",global,
cub200,m8_analytic,F5,2,0.9999995330743204,0.9999930132332223,1.0,1.0,1.0,1.0,0.999951418577536,0.9973678683929675,1.0,3,"n/a (per-seed, see a1_lira_pertask_*)",global,
cub200,m8_analytic,F5,3,0.9999994500535597,0.9999925197925145,1.0,1.0,1.0,1.0,0.99991903096256,0.9972973709915577,1.0,3,"n/a (per-seed, see a1_lira_pertask_*)",global,
cub200,m8_analytic,F5,4,0.9999994270509922,0.99999247287966,1.0,1.0,1.0,1.0,0.9998866433475839,0.9972852904926649,1.0,3,"n/a (per-seed, see a1_lira_pertask_*)",global,
cub200,m8_analytic,F5,5,0.9999993503757674,0.9999921697140405,1.0,1.0,1.0,1.0,0.9998218681176319,0.9972093066955872,1.0,3,"n/a (per-seed, see a1_lira_pertask_*)",global,
cub200,m8_analytic,F5,6,0.9999993133601416,0.9999921192117889,1.0,1.0,1.0,1.0,0.9997894805026558,0.9972068926261246,1.0,3,"n/a (per-seed, see a1_lira_pertask_*)",global,
imagenet_r,m0_fedavg,F1,0,0.6780628969550911,0.6722111772787789,0.6844105863051242,0.07401433560366674,0.0689063937991534,0.07979759470969085,0.02227321715286993,0.019064357364801922,0.025989091782888316,5,"n/a (per-seed, see a1_lira_pertask_*)",full,
imagenet_r,m0_fedavg,F1,0,0.6780628969550911,0.6722111772787789,0.6844105863051242,0.07401433560366674,0.0689063937991534,0.07979759470969085,0.02227321715286993,0.019064357364801922,0.025989091782888316,5,"n/a (per-seed, see a1_lira_pertask_*)",aggregate,True
imagenet_r,m0_fedavg,F1,0,0.6780628969550911,0.6722111772787789,0.6844105863051242,0.07401433560366674,0.0689063937991534,0.07979759470969085,0.02227321715286993,0.019064357364801922,0.025989091782888316,5,"n/a (per-seed, see a1_lira_pertask_*)",global,True
imagenet_r,m0_fedavg,F1,1,0.6986701861362127,0.6922526736197829,0.7055880185215011,0.08030479653755826,0.07358276207505222,0.08798428287049716,0.017981822669609057,0.014432760610515672,0.0217178147405159,5,"n/a (per-seed, see a1_lira_pertask_*)",full,
imagenet_r,m0_fedavg,F1,1,0.6986701861362127,0.6922526736197829,0.7055880185215011,0.08030479653755826,0.07358276207505222,0.08798428287049716,0.017981822669609057,0.014432760610515672,0.0217178147405159,5,"n/a (per-seed, see a1_lira_pertask_*)",aggregate,True
imagenet_r,m0_fedavg,F1,1,0.6986701861362127,0.6922526736197829,0.7055880185215011,0.08030479653755826,0.07358276207505222,0.08798428287049716,0.017981822669609057,0.014432760610515672,0.0217178147405159,5,"n/a (per-seed, see a1_lira_pertask_*)",global,True
imagenet_r,m0_fedavg,F1,2,0.7052283357434718,0.6979784786559363,0.712857413324333,0.07685408525602958,0.06947182689241709,0.08521537074687233,0.016295568573111336,0.011574822326372096,0.021622294488607446,5,"n/a (per-seed, see a1_lira_pertask_*)",full,
imagenet_r,m0_fedavg,F1,2,0.7052283357434718,0.6979784786559363,0.712857413324333,0.07685408525602958,0.06947182689241709,0.08521537074687233,0.016295568573111336,0.011574822326372096,0.021622294488607446,5,"n/a (per-seed, see a1_lira_pertask_*)",aggregate,True
imagenet_r,m0_fedavg,F1,2,0.7052283357434718,0.6979784786559363,0.712857413324333,0.07685408525602958,0.06947182689241709,0.08521537074687233,0.016295568573111336,0.011574822326372096,0.021622294488607446,5,"n/a (per-seed, see a1_lira_pertask_*)",global,True
imagenet_r,m0_fedavg,F1,3,0.7048573319407831,0.6973953659169521,0.7127475610491132,0.07262867462871862,0.0642892972290263,0.08133537951918511,0.014929458370296512,0.010099404159204161,0.021400263084602415,5,"n/a (per-seed, see a1_lira_pertask_*)",full,
imagenet_r,m0_fedavg,F1,3,0.7048573319407831,0.6973953659169521,0.7127475610491132,0.07262867462871862,0.0642892972290263,0.08133537951918511,0.014929458370296512,0.010099404159204161,0.021400263084602415,5,"n/a (per-seed, see a1_lira_pertask_*)",aggregate,True
imagenet_r,m0_fedavg,F1,3,0.7048573319407831,0.6973953659169521,0.7127475610491132,0.07262867462871862,0.0642892972290263,0.08133537951918511,0.014929458370296512,0.010099404159204161,0.021400263084602415,5,"n/a (per-seed, see a1_lira_pertask_*)",global,True
imagenet_r,m0_fedavg,F1,4,0.7016707737941064,0.6937782807206758,0.7097586092400887,0.07148984215195349,0.06245695522209451,0.08016454974416987,0.014408919062247215,0.009721554294075042,0.021291937463168778,5,"n/a (per-seed, see a1_lira_pertask_*)",full,
imagenet_r,m0_fedavg,F1,4,0.7016707737941064,0.6937782807206758,0.7097586092400887,0.07148984215195349,0.06245695522209451,0.08016454974416987,0.014408919062247215,0.009721554294075042,0.021291937463168778,5,"n/a (per-seed, see a1_lira_pertask_*)",aggregate,True
imagenet_r,m0_fedavg,F1,4,0.7016707737941064,0.6937782807206758,0.7097586092400887,0.07148984215195349,0.06245695522209451,0.08016454974416987,0.014408919062247215,0.009721554294075042,0.021291937463168778,5,"n/a (per-seed, see a1_lira_pertask_*)",global,True
imagenet_r,m0_fedavg,F1,5,0.6975356990964358,0.6894108454955451,0.7057455756426065,0.07176599680833645,0.06227472613360013,0.08114338037881057,0.014037454391714383,0.009175351267348517,0.02141510357773161,5,"n/a (per-seed, see a1_lira_pertask_*)",full,
imagenet_r,m0_fedavg,F1,5,0.6975356990964358,0.6894108454955451,0.7057455756426065,0.07176599680833645,0.06227472613360013,0.08114338037881057,0.014037454391714383,0.009175351267348517,0.02141510357773161,5,"n/a (per-seed, see a1_lira_pertask_*)",aggregate,True
imagenet_r,m0_fedavg,F1,5,0.6975356990964358,0.6894108454955451,0.7057455756426065,0.07176599680833645,0.06227472613360013,0.08114338037881057,0.014037454391714383,0.009175351267348517,0.02141510357773161,5,"n/a (per-seed, see a1_lira_pertask_*)",global,True
imagenet_r,m0_fedavg,F1,6,0.6933083698293518,0.6847215583723543,0.7016238722287992,0.07197127991573617,0.06214255529054503,0.0811368820568488,0.014308721355064016,0.008934450513762132,0.02185244560934263,5,"n/a (per-seed, see a1_lira_pertask_*)",full,
imagenet_r,m0_fedavg,F1,6,0.6933083698293518,0.6847215583723543,0.7016238722287992,0.07197127991573617,0.06214255529054503,0.0811368820568488,0.014308721355064016,0.008934450513762132,0.02185244560934263,5,"n/a (per-seed, see a1_lira_pertask_*)",aggregate,True
imagenet_r,m0_fedavg,F1,6,0.6933083698293518,0.6847215583723543,0.7016238722287992,0.07197127991573617,0.06214255529054503,0.0811368820568488,0.014308721355064016,0.008934450513762132,0.02185244560934263,5,"n/a (per-seed, see a1_lira_pertask_*)",global,True
imagenet_r,m1_glfc,F1,0,0.6450617459274478,0.6362674251413237,0.6542129091508995,0.05955608956144766,0.05278409582657981,0.0665145314659764,0.015165045706213772,0.01087418045623654,0.01991521959031745,3,"n/a (per-seed, see a1_lira_pertask_*)",full,
imagenet_r,m1_glfc,F1,0,0.6450617459274478,0.6362674251413237,0.6542129091508995,0.05955608956144766,0.05278409582657981,0.0665145314659764,0.015165045706213772,0.01087418045623654,0.01991521959031745,3,"n/a (per-seed, see a1_lira_pertask_*)",aggregate,True
imagenet_r,m1_glfc,F1,0,0.6450617459274478,0.6362674251413237,0.6542129091508995,0.05955608956144766,0.05278409582657981,0.0665145314659764,0.015165045706213772,0.01087418045623654,0.01991521959031745,3,"n/a (per-seed, see a1_lira_pertask_*)",global,True
imagenet_r,m1_glfc,F1,1,0.6767431218143348,0.6690692870947982,0.6851130118039943,0.0776274984169251,0.06971781163246253,0.08613640088950726,0.01998733540080209,0.014971243852998695,0.025526234686746942,3,"n/a (per-seed, see a1_lira_pertask_*)",full,
imagenet_r,m1_glfc,F1,1,0.6767431218143348,0.6690692870947982,0.6851130118039943,0.0776274984169251,0.06971781163246253,0.08613640088950726,0.01998733540080209,0.014971243852998695,0.025526234686746942,3,"n/a (per-seed, see a1_lira_pertask_*)",aggregate,True
imagenet_r,m1_glfc,F1,1,0.6767431218143348,0.6690692870947982,0.6851130118039943,0.0776274984169251,0.06971781163246253,0.08613640088950726,0.01998733540080209,0.014971243852998695,0.025526234686746942,3,"n/a (per-seed, see a1_lira_pertask_*)",global,True
imagenet_r,m1_glfc,F1,2,0.7056090554906018,0.6960513020842184,0.7152264413625291,0.09698160385783175,0.08879227451439571,0.10583127381940789,0.029404601471041906,0.023424389590164546,0.03535308854138041,3,"n/a (per-seed, see a1_lira_pertask_*)",full,
imagenet_r,m1_glfc,F1,2,0.7056090554906018,0.6960513020842184,0.7152264413625291,0.09698160385783175,0.08879227451439571,0.10583127381940789,0.029404601471041906,0.023424389590164546,0.03535308854138041,3,"n/a (per-seed, see a1_lira_pertask_*)",aggregate,True
imagenet_r,m1_glfc,F1,2,0.7056090554906018,0.6960513020842184,0.7152264413625291,0.09698160385783175,0.08879227451439571,0.10583127381940789,0.029404601471041906,0.023424389590164546,0.03535308854138041,3,"n/a (per-seed, see a1_lira_pertask_*)",global,True
imagenet_r,m1_glfc,F1,3,0.7289875619830731,0.7179979437192915,0.7396287951099029,0.11972917241715242,0.10955979047505414,0.13002515375374,0.04114371072756499,0.03190324489340703,0.05120635875819577,3,"n/a (per-seed, see a1_lira_pertask_*)",full,
imagenet_r,m1_glfc,F1,3,0.7289875619830731,0.7179979437192915,0.7396287951099029,0.11972917241715242,0.10955979047505414,0.13002515375374,0.04114371072756499,0.03190324489340703,0.05120635875819577,3,"n/a (per-seed, see a1_lira_pertask_*)",aggregate,True
imagenet_r,m1_glfc,F1,3,0.7289875619830731,0.7179979437192915,0.7396287951099029,0.11972917241715242,0.10955979047505414,0.13002515375374,0.04114371072756499,0.03190324489340703,0.05120635875819577,3,"n/a (per-seed, see a1_lira_pertask_*)",global,True
imagenet_r,m1_glfc,F1,4,0.7485909330659741,0.7375715371905204,0.7594767541520271,0.14280147428923995,0.13026307593706307,0.15574409536789716,0.053386156618876746,0.0430269700086796,0.06522268823937967,3,"n/a (per-seed, see a1_lira_pertask_*)",full,
imagenet_r,m1_glfc,F1,4,0.7485909330659741,0.7375715371905204,0.7594767541520271,0.14280147428923995,0.13026307593706307,0.15574409536789716,0.053386156618876746,0.0430269700086796,0.06522268823937967,3,"n/a (per-seed, see a1_lira_pertask_*)",aggregate,True
imagenet_r,m1_glfc,F1,4,0.7485909330659741,0.7375715371905204,0.7594767541520271,0.14280147428923995,0.13026307593706307,0.15574409536789716,0.053386156618876746,0.0430269700086796,0.06522268823937967,3,"n/a (per-seed, see a1_lira_pertask_*)",global,True
imagenet_r,m1_glfc,F1,5,0.7647875103131387,0.7539245290335721,0.7758460454607472,0.16369806296578934,0.14860876317616434,0.17825444453351635,0.06708990241763951,0.05395520953410329,0.07945896743234857,3,"n/a (per-seed, see a1_lira_pertask_*)",full,
imagenet_r,m1_glfc,F1,5,0.7647875103131387,0.7539245290335721,0.7758460454607472,0.16369806296578934,0.14860876317616434,0.17825444453351635,0.06708990241763951,0.05395520953410329,0.07945896743234857,3,"n/a (per-seed, see a1_lira_pertask_*)",aggregate,True
imagenet_r,m1_glfc,F1,5,0.7647875103131387,0.7539245290335721,0.7758460454607472,0.16369806296578934,0.14860876317616434,0.17825444453351635,0.06708990241763951,0.05395520953410329,0.07945896743234857,3,"n/a (per-seed, see a1_lira_pertask_*)",global,True
imagenet_r,m1_glfc,F1,6,0.7778946126520528,0.766745108216702,0.7891521750537434,0.18095763853934957,0.16492346459833415,0.19713435212577501,0.07900761499618439,0.062260188018704476,0.09407447453265892,3,"n/a (per-seed, see a1_lira_pertask_*)",full,
imagenet_r,m1_glfc,F1,6,0.7778946126520528,0.766745108216702,0.7891521750537434,0.18095763853934957,0.16492346459833415,0.19713435212577501,0.07900761499618439,0.062260188018704476,0.09407447453265892,3,"n/a (per-seed, see a1_lira_pertask_*)",aggregate,True
imagenet_r,m1_glfc,F1,6,0.7778946126520528,0.766745108216702,0.7891521750537434,0.18095763853934957,0.16492346459833415,0.19713435212577501,0.07900761499618439,0.062260188018704476,0.09407447453265892,3,"n/a (per-seed, see a1_lira_pertask_*)",global,True
imagenet_r,m2_target,F1,0,0.7142164435635899,0.7038418230491565,0.7247918958769483,0.09454657558696111,0.08397693820715596,0.10602069312121931,0.02709675325728935,0.018638360666459443,0.03668823181595274,3,"n/a (per-seed, see a1_lira_pertask_*)",full,
imagenet_r,m2_target,F1,0,0.7142164435635899,0.7038418230491565,0.7247918958769483,0.09454657558696111,0.08397693820715596,0.10602069312121931,0.02709675325728935,0.018638360666459443,0.03668823181595274,3,"n/a (per-seed, see a1_lira_pertask_*)",aggregate,True
imagenet_r,m2_target,F1,0,0.7142164435635899,0.7038418230491565,0.7247918958769483,0.09454657558696111,0.08397693820715596,0.10602069312121931,0.02709675325728935,0.018638360666459443,0.03668823181595274,3,"n/a (per-seed, see a1_lira_pertask_*)",global,True
imagenet_r,m2_target,F1,1,0.7755402858210972,0.7620139606670804,0.7882549750891783,0.15039509337833235,0.1288259368898159,0.17215747205566276,0.05618925540718145,0.04538931488382264,0.0675152287269735,3,"n/a (per-seed, see a1_lira_pertask_*)",full,
imagenet_r,m2_target,F1,1,0.7755402858210972,0.7620139606670804,0.7882549750891783,0.15039509337833235,0.1288259368898159,0.17215747205566276,0.05618925540718145,0.04538931488382264,0.0675152287269735,3,"n/a (per-seed, see a1_lira_pertask_*)",aggregate,True
imagenet_r,m2_target,F1,1,0.7755402858210972,0.7620139606670804,0.7882549750891783,0.15039509337833235,0.1288259368898159,0.17215747205566276,0.05618925540718145,0.04538931488382264,0.0675152287269735,3,"n/a (per-seed, see a1_lira_pertask_*)",global,True
imagenet_r,m2_target,F1,2,0.8002119890112879,0.7847369663406372,0.8138192223535506,0.1766805665979783,0.14835708748769277,0.20465425129316606,0.07155489932014733,0.05806670895148541,0.0867083429857554,3,"n/a (per-seed, see a1_lira_pertask_*)",full,
imagenet_r,m2_target,F1,2,0.8002119890112879,0.7847369663406372,0.8138192223535506,0.1766805665979783,0.14835708748769277,0.20465425129316606,0.07155489932014733,0.05806670895148541,0.0867083429857554,3,"n/a (per-seed, see a1_lira_pertask_*)",aggregate,True
imagenet_r,m2_target,F1,2,0.8002119890112879,0.7847369663406372,0.8138192223535506,0.1766805665979783,0.14835708748769277,0.20465425129316606,0.07155489932014733,0.05806670895148541,0.0867083429857554,3,"n/a (per-seed, see a1_lira_pertask_*)",global,True
imagenet_r,m2_target,F1,3,0.8138791132208241,0.7977778015403154,0.8275965959155475,0.1997533708685564,0.17299074246900187,0.22670197856611826,0.08385390469082117,0.0669648272215105,0.09838916064072134,3,"n/a (per-seed, see a1_lira_pertask_*)",full,
imagenet_r,m2_target,F1,3,0.8138791132208241,0.7977778015403154,0.8275965959155475,0.1997533708685564,0.17299074246900187,0.22670197856611826,0.08385390469082117,0.0669648272215105,0.09838916064072134,3,"n/a (per-seed, see a1_lira_pertask_*)",aggregate,True
imagenet_r,m2_target,F1,3,0.8138791132208241,0.7977778015403154,0.8275965959155475,0.1997533708685564,0.17299074246900187,0.22670197856611826,0.08385390469082117,0.0669648272215105,0.09838916064072134,3,"n/a (per-seed, see a1_lira_pertask_*)",global,True
imagenet_r,m2_target,F1,4,0.822883394144207,0.8062201099069127,0.8369077448703401,0.21627103243497592,0.18586762766903078,0.2451283281761616,0.09378397235157632,0.07301601950179704,0.11145970130169741,3,"n/a (per-seed, see a1_lira_pertask_*)",full,
imagenet_r,m2_target,F1,4,0.822883394144207,0.8062201099069127,0.8369077448703401,0.21627103243497592,0.18586762766903078,0.2451283281761616,0.09378397235157632,0.07301601950179704,0.11145970130169741,3,"n/a (per-seed, see a1_lira_pertask_*)",aggregate,True
imagenet_r,m2_target,F1,4,0.822883394144207,0.8062201099069127,0.8369077448703401,0.21627103243497592,0.18586762766903078,0.2451283281761616,0.09378397235157632,0.07301601950179704,0.11145970130169741,3,"n/a (per-seed, see a1_lira_pertask_*)",global,True
imagenet_r,m2_target,F1,5,0.8302476581082849,0.8132847779651499,0.8443703169789666,0.22787233697327644,0.19651568868399166,0.25783666292288315,0.09988479823465464,0.07856943346345505,0.11809469099694285,3,"n/a (per-seed, see a1_lira_pertask_*)",full,
imagenet_r,m2_target,F1,5,0.8302476581082849,0.8132847779651499,0.8443703169789666,0.22787233697327644,0.19651568868399166,0.25783666292288315,0.09988479823465464,0.07856943346345505,0.11809469099694285,3,"n/a (per-seed, see a1_lira_pertask_*)",aggregate,True
imagenet_r,m2_target,F1,5,0.8302476581082849,0.8132847779651499,0.8443703169789666,0.22787233697327644,0.19651568868399166,0.25783666292288315,0.09988479823465464,0.07856943346345505,0.11809469099694285,3,"n/a (per-seed, see a1_lira_pertask_*)",global,True
imagenet_r,m2_target,F1,6,0.8360434668099501,0.8192244331223629,0.8501443918604017,0.2353685645211014,0.20388811678849197,0.2684976582649046,0.10532037448686538,0.08473361915875605,0.12393473616568781,3,"n/a (per-seed, see a1_lira_pertask_*)",full,
imagenet_r,m2_target,F1,6,0.8360434668099501,0.8192244331223629,0.8501443918604017,0.2353685645211014,0.20388811678849197,0.2684976582649046,0.10532037448686538,0.08473361915875605,0.12393473616568781,3,"n/a (per-seed, see a1_lira_pertask_*)",aggregate,True
imagenet_r,m2_target,F1,6,0.8360434668099501,0.8192244331223629,0.8501443918604017,0.2353685645211014,0.20388811678849197,0.2684976582649046,0.10532037448686538,0.08473361915875605,0.12393473616568781,3,"n/a (per-seed, see a1_lira_pertask_*)",global,True
imagenet_r,m3_fot,F1,0,0.6908409057210475,0.6808008767515067,0.7016953237751061,0.07861465929297379,0.06672683193368698,0.09029649026999649,0.02491068369793961,0.01696978527187902,0.03438915250246352,3,"n/a (per-seed, see a1_lira_pertask_*)",full,
imagenet_r,m3_fot,F1,0,0.6908409057210475,0.6808008767515067,0.7016953237751061,0.07861465929297379,0.06672683193368698,0.09029649026999649,0.02491068369793961,0.01696978527187902,0.03438915250246352,3,"n/a (per-seed, see a1_lira_pertask_*)",aggregate,True
imagenet_r,m3_fot,F1,0,0.6908409057210475,0.6808008767515067,0.7016953237751061,0.07861465929297379,0.06672683193368698,0.09029649026999649,0.02491068369793961,0.01696978527187902,0.03438915250246352,3,"n/a (per-seed, see a1_lira_pertask_*)",global,True
imagenet_r,m3_fot,F1,1,0.7180019728991228,0.7060754211048825,0.7305309243847758,0.08590678477626063,0.07531702991133674,0.09904097989149338,0.014894207083312941,0.009961131759584607,0.02119923831045524,3,"n/a (per-seed, see a1_lira_pertask_*)",full,
imagenet_r,m3_fot,F1,1,0.7180019728991228,0.7060754211048825,0.7305309243847758,0.08590678477626063,0.07531702991133674,0.09904097989149338,0.014894207083312941,0.009961131759584607,0.02119923831045524,3,"n/a (per-seed, see a1_lira_pertask_*)",aggregate,True
imagenet_r,m3_fot,F1,1,0.7180019728991228,0.7060754211048825,0.7305309243847758,0.08590678477626063,0.07531702991133674,0.09904097989149338,0.014894207083312941,0.009961131759584607,0.02119923831045524,3,"n/a (per-seed, see a1_lira_pertask_*)",global,True
imagenet_r,m3_fot,F1,2,0.7290313513373323,0.7172187418145776,0.7426722523283776,0.08823961239171928,0.07709635089970891,0.1030438331084111,0.011957780714204147,0.005740747423551563,0.019741588326274227,3,"n/a (per-seed, see a1_lira_pertask_*)",full,
imagenet_r,m3_fot,F1,2,0.7290313513373323,0.7172187418145776,0.7426722523283776,0.08823961239171928,0.07709635089970891,0.1030438331084111,0.011957780714204147,0.005740747423551563,0.019741588326274227,3,"n/a (per-seed, see a1_lira_pertask_*)",aggregate,True
imagenet_r,m3_fot,F1,2,0.7290313513373323,0.7172187418145776,0.7426722523283776,0.08823961239171928,0.07709635089970891,0.1030438331084111,0.011957780714204147,0.005740747423551563,0.019741588326274227,3,"n/a (per-seed, see a1_lira_pertask_*)",global,True
imagenet_r,m3_fot,F1,3,0.7312038396103706,0.7197586028435574,0.7443744182886304,0.08735868448098665,0.07436291445039905,0.1037594016751514,0.009641266578573875,0.003965253607059968,0.019408258128824043,3,"n/a (per-seed, see a1_lira_pertask_*)",full,
imagenet_r,m3_fot,F1,3,0.7312038396103706,0.7197586028435574,0.7443744182886304,0.08735868448098665,0.07436291445039905,0.1037594016751514,0.009641266578573875,0.003965253607059968,0.019408258128824043,3,"n/a (per-seed, see a1_lira_pertask_*)",aggregate,True
imagenet_r,m3_fot,F1,3,0.7312038396103706,0.7197586028435574,0.7443744182886304,0.08735868448098665,0.07436291445039905,0.1037594016751514,0.009641266578573875,0.003965253607059968,0.019408258128824043,3,"n/a (per-seed, see a1_lira_pertask_*)",global,True
imagenet_r,m3_fot,F1,4,0.7305608979815822,0.7189259455609569,0.7440867770125714,0.08541738038140916,0.0716061306145569,0.10382768268859979,0.008841906066983148,0.003483859827510708,0.019512767569708114,3,"n/a (per-seed, see a1_lira_pertask_*)",full,
imagenet_r,m3_fot,F1,4,0.7305608979815822,0.7189259455609569,0.7440867770125714,0.08541738038140916,0.0716061306145569,0.10382768268859979,0.008841906066983148,0.003483859827510708,0.019512767569708114,3,"n/a (per-seed, see a1_lira_pertask_*)",aggregate,True
imagenet_r,m3_fot,F1,4,0.7305608979815822,0.7189259455609569,0.7440867770125714,0.08541738038140916,0.0716061306145569,0.10382768268859979,0.008841906066983148,0.003483859827510708,0.019512767569708114,3,"n/a (per-seed, see a1_lira_pertask_*)",global,True
imagenet_r,m3_fot,F1,5,0.7297003835349846,0.7182141356232504,0.7434584871041456,0.08682033964665002,0.07150774975018412,0.10647286737053016,0.00825462079316139,0.0031320122717000244,0.018387043660814804,3,"n/a (per-seed, see a1_lira_pertask_*)",full,
imagenet_r,m3_fot,F1,5,0.7297003835349846,0.7182141356232504,0.7434584871041456,0.08682033964665002,0.07150774975018412,0.10647286737053016,0.00825462079316139,0.0031320122717000244,0.018387043660814804,3,"n/a (per-seed, see a1_lira_pertask_*)",aggregate,True
imagenet_r,m3_fot,F1,5,0.7297003835349846,0.7182141356232504,0.7434584871041456,0.08682033964665002,0.07150774975018412,0.10647286737053016,0.00825462079316139,0.0031320122717000244,0.018387043660814804,3,"n/a (per-seed, see a1_lira_pertask_*)",global,True
imagenet_r,m3_fot,F1,6,0.7286137544383087,0.7171811983069266,0.7425928458300449,0.0898709603745575,0.07316192604614216,0.11091686956136347,0.007863097277280217,0.0029404672309086013,0.0186477672691549,3,"n/a (per-seed, see a1_lira_pertask_*)",full,
imagenet_r,m3_fot,F1,6,0.7286137544383087,0.7171811983069266,0.7425928458300449,0.0898709603745575,0.07316192604614216,0.11091686956136347,0.007863097277280217,0.0029404672309086013,0.0186477672691549,3,"n/a (per-seed, see a1_lira_pertask_*)",aggregate,True
imagenet_r,m3_fot,F1,6,0.7286137544383087,0.7171811983069266,0.7425928458300449,0.0898709603745575,0.07316192604614216,0.11091686956136347,0.007863097277280217,0.0029404672309086013,0.0186477672691549,3,"n/a (per-seed, see a1_lira_pertask_*)",global,True
imagenet_r,m4_proto,F2,0,0.8422918231966118,0.8275347435183144,0.8569393290451808,0.23953708540088797,0.21552160386798608,0.26815000181104787,0.1024582136328023,0.08413475244451302,0.12682624182803823,3,"n/a (per-seed, see a1_lira_pertask_*)",aggregate,
imagenet_r,m4_proto,F2,1,0.8422918231966118,0.8275347435183144,0.8569393290451808,0.23953708540088797,0.21552160386798608,0.26815000181104787,0.1024582136328023,0.08413475244451302,0.12682624182803823,3,"n/a (per-seed, see a1_lira_pertask_*)",aggregate,
imagenet_r,m4_proto,F2,2,0.8422918231966118,0.8275347435183144,0.8569393290451808,0.23953708540088797,0.21552160386798608,0.26815000181104787,0.1024582136328023,0.08413475244451302,0.12682624182803823,3,"n/a (per-seed, see a1_lira_pertask_*)",aggregate,
imagenet_r,m4_proto,F2,3,0.8422918231966118,0.8275347435183144,0.8569393290451808,0.23953708540088797,0.21552160386798608,0.26815000181104787,0.1024582136328023,0.08413475244451302,0.12682624182803823,3,"n/a (per-seed, see a1_lira_pertask_*)",aggregate,
imagenet_r,m4_proto,F2,4,0.8422918231966118,0.8275347435183144,0.8569393290451808,0.23953708540088797,0.21552160386798608,0.26815000181104787,0.1024582136328023,0.08413475244451302,0.12682624182803823,3,"n/a (per-seed, see a1_lira_pertask_*)",aggregate,
imagenet_r,m4_proto,F2,5,0.8422918231966118,0.8275347435183144,0.8569393290451808,0.23953708540088797,0.21552160386798608,0.26815000181104787,0.1024582136328023,0.08413475244451302,0.12682624182803823,3,"n/a (per-seed, see a1_lira_pertask_*)",aggregate,
imagenet_r,m4_proto,F2,6,0.8422918231966118,0.8275347435183144,0.8569393290451808,0.23953708540088797,0.21552160386798608,0.26815000181104787,0.1024582136328023,0.08413475244451302,0.12682624182803823,3,"n/a (per-seed, see a1_lira_pertask_*)",aggregate,
imagenet_r,m4_proto,F2,0,0.9770387884296409,0.9725322268076979,0.9808809399587173,0.7324282862939808,0.7017801955866926,0.7625112788442225,0.5617339953483002,0.5228361423662516,0.5974815668632409,3,"n/a (per-seed, see a1_lira_pertask_*)",full,
imagenet_r,m4_proto,F2,1,0.9770387884296409,0.9725322268076979,0.9808809399587173,0.7324282862939808,0.7017801955866926,0.7625112788442225,0.5617339953483002,0.5228361423662516,0.5974815668632409,3,"n/a (per-seed, see a1_lira_pertask_*)",full,
imagenet_r,m4_proto,F2,2,0.9770387884296409,0.9725322268076979,0.9808809399587173,0.7324282862939808,0.7017801955866926,0.7625112788442225,0.5617339953483002,0.5228361423662516,0.5974815668632409,3,"n/a (per-seed, see a1_lira_pertask_*)",full,
imagenet_r,m4_proto,F2,3,0.9770387884296409,0.9725322268076979,0.9808809399587173,0.7324282862939808,0.7017801955866926,0.7625112788442225,0.5617339953483002,0.5228361423662516,0.5974815668632409,3,"n/a (per-seed, see a1_lira_pertask_*)",full,
imagenet_r,m4_proto,F2,4,0.9770387884296409,0.9725322268076979,0.9808809399587173,0.7324282862939808,0.7017801955866926,0.7625112788442225,0.5617339953483002,0.5228361423662516,0.5974815668632409,3,"n/a (per-seed, see a1_lira_pertask_*)",full,
imagenet_r,m4_proto,F2,5,0.9770387884296409,0.9725322268076979,0.9808809399587173,0.7324282862939808,0.7017801955866926,0.7625112788442225,0.5617339953483002,0.5228361423662516,0.5974815668632409,3,"n/a (per-seed, see a1_lira_pertask_*)",full,
imagenet_r,m4_proto,F2,6,0.9770387884296409,0.9725322268076979,0.9808809399587173,0.7324282862939808,0.7017801955866926,0.7625112788442225,0.5617339953483002,0.5228361423662516,0.5974815668632409,3,"n/a (per-seed, see a1_lira_pertask_*)",full,
imagenet_r,m4_proto,F2,0,0.8422918231966118,0.8275347435183144,0.8569393290451808,0.23953708540088797,0.21552160386798608,0.26815000181104787,0.1024582136328023,0.08413475244451302,0.12682624182803823,3,"n/a (per-seed, see a1_lira_pertask_*)",global,
imagenet_r,m4_proto,F2,1,0.8422918231966118,0.8275347435183144,0.8569393290451808,0.23953708540088797,0.21552160386798608,0.26815000181104787,0.1024582136328023,0.08413475244451302,0.12682624182803823,3,"n/a (per-seed, see a1_lira_pertask_*)",global,
imagenet_r,m4_proto,F2,2,0.8422918231966118,0.8275347435183144,0.8569393290451808,0.23953708540088797,0.21552160386798608,0.26815000181104787,0.1024582136328023,0.08413475244451302,0.12682624182803823,3,"n/a (per-seed, see a1_lira_pertask_*)",global,
imagenet_r,m4_proto,F2,3,0.8422918231966118,0.8275347435183144,0.8569393290451808,0.23953708540088797,0.21552160386798608,0.26815000181104787,0.1024582136328023,0.08413475244451302,0.12682624182803823,3,"n/a (per-seed, see a1_lira_pertask_*)",global,
imagenet_r,m4_proto,F2,4,0.8422918231966118,0.8275347435183144,0.8569393290451808,0.23953708540088797,0.21552160386798608,0.26815000181104787,0.1024582136328023,0.08413475244451302,0.12682624182803823,3,"n/a (per-seed, see a1_lira_pertask_*)",global,
imagenet_r,m4_proto,F2,5,0.8422918231966118,0.8275347435183144,0.8569393290451808,0.23953708540088797,0.21552160386798608,0.26815000181104787,0.1024582136328023,0.08413475244451302,0.12682624182803823,3,"n/a (per-seed, see a1_lira_pertask_*)",global,
imagenet_r,m4_proto,F2,6,0.8422918231966118,0.8275347435183144,0.8569393290451808,0.23953708540088797,0.21552160386798608,0.26815000181104787,0.1024582136328023,0.08413475244451302,0.12682624182803823,3,"n/a (per-seed, see a1_lira_pertask_*)",global,
imagenet_r,m5_hybrid_replay,F1,0,0.6962446346553818,0.6834011520018213,0.7085265263075721,0.08649493600807634,0.07463017908377939,0.09712815995410297,0.029309278014784904,0.021557659337486358,0.0371862946665299,3,"n/a (per-seed, see a1_lira_pertask_*)",full,
imagenet_r,m5_hybrid_replay,F1,0,0.6962446346553818,0.6834011520018213,0.7085265263075721,0.08649493600807634,0.07463017908377939,0.09712815995410297,0.029309278014784904,0.021557659337486358,0.0371862946665299,3,"n/a (per-seed, see a1_lira_pertask_*)",aggregate,True
imagenet_r,m5_hybrid_replay,F1,0,0.6962446346553818,0.6834011520018213,0.7085265263075721,0.08649493600807634,0.07463017908377939,0.09712815995410297,0.029309278014784904,0.021557659337486358,0.0371862946665299,3,"n/a (per-seed, see a1_lira_pertask_*)",global,True
imagenet_r,m5_hybrid_replay,F1,1,0.7605634617297542,0.7492903058060923,0.7720016496939516,0.13946331455368483,0.12234650055855195,0.15936879703287543,0.053245188393525905,0.040002963756710426,0.06794992569337237,3,"n/a (per-seed, see a1_lira_pertask_*)",full,
imagenet_r,m5_hybrid_replay,F1,1,0.7605634617297542,0.7492903058060923,0.7720016496939516,0.13946331455368483,0.12234650055855195,0.15936879703287543,0.053245188393525905,0.040002963756710426,0.06794992569337237,3,"n/a (per-seed, see a1_lira_pertask_*)",aggregate,True
imagenet_r,m5_hybrid_replay,F1,1,0.7605634617297542,0.7492903058060923,0.7720016496939516,0.13946331455368483,0.12234650055855195,0.15936879703287543,0.053245188393525905,0.040002963756710426,0.06794992569337237,3,"n/a (per-seed, see a1_lira_pertask_*)",global,True
imagenet_r,m5_hybrid_replay,F1,2,0.7960045140457098,0.7851622964222598,0.808048883903868,0.1867326668186407,0.16441217915414996,0.2099331699683521,0.07586218126160159,0.05862993231782363,0.09620764726571822,3,"n/a (per-seed, see a1_lira_pertask_*)",full,
imagenet_r,m5_hybrid_replay,F1,2,0.7960045140457098,0.7851622964222598,0.808048883903868,0.1867326668186407,0.16441217915414996,0.2099331699683521,0.07586218126160159,0.05862993231782363,0.09620764726571822,3,"n/a (per-seed, see a1_lira_pertask_*)",aggregate,True
imagenet_r,m5_hybrid_replay,F1,2,0.7960045140457098,0.7851622964222598,0.808048883903868,0.1867326668186407,0.16441217915414996,0.2099331699683521,0.07586218126160159,0.05862993231782363,0.09620764726571822,3,"n/a (per-seed, see a1_lira_pertask_*)",global,True
imagenet_r,m5_hybrid_replay,F1,3,0.8166681494025072,0.8062334926002299,0.8276762246142535,0.22278307877682613,0.20097998768240846,0.2466866922154472,0.10627869866805614,0.08605344935754498,0.1293116146987518,3,"n/a (per-seed, see a1_lira_pertask_*)",full,
imagenet_r,m5_hybrid_replay,F1,3,0.8166681494025072,0.8062334926002299,0.8276762246142535,0.22278307877682613,0.20097998768240846,0.2466866922154472,0.10627869866805614,0.08605344935754498,0.1293116146987518,3,"n/a (per-seed, see a1_lira_pertask_*)",aggregate,True
imagenet_r,m5_hybrid_replay,F1,3,0.8166681494025072,0.8062334926002299,0.8276762246142535,0.22278307877682613,0.20097998768240846,0.2466866922154472,0.10627869866805614,0.08605344935754498,0.1293116146987518,3,"n/a (per-seed, see a1_lira_pertask_*)",global,True
imagenet_r,m5_hybrid_replay,F1,4,0.8292683408734614,0.8188015637886146,0.8398874910578034,0.24989416094050215,0.22898679005070918,0.2747300993818762,0.13115901911616243,0.1092845666145562,0.1552093404338549,3,"n/a (per-seed, see a1_lira_pertask_*)",full,
imagenet_r,m5_hybrid_replay,F1,4,0.8292683408734614,0.8188015637886146,0.8398874910578034,0.24989416094050215,0.22898679005070918,0.2747300993818762,0.13115901911616243,0.1092845666145562,0.1552093404338549,3,"n/a (per-seed, see a1_lira_pertask_*)",aggregate,True
imagenet_r,m5_hybrid_replay,F1,4,0.8292683408734614,0.8188015637886146,0.8398874910578034,0.24989416094050215,0.22898679005070918,0.2747300993818762,0.13115901911616243,0.1092845666145562,0.1552093404338549,3,"n/a (per-seed, see a1_lira_pertask_*)",global,True
imagenet_r,m5_hybrid_replay,F1,5,0.8374428683263809,0.8264809824199223,0.8482987026314063,0.27417201289608234,0.25335672680896565,0.29776871256559906,0.1443319112905852,0.12343352411671152,0.17277054597905717,3,"n/a (per-seed, see a1_lira_pertask_*)",full,
imagenet_r,m5_hybrid_replay,F1,5,0.8374428683263809,0.8264809824199223,0.8482987026314063,0.27417201289608234,0.25335672680896565,0.29776871256559906,0.1443319112905852,0.12343352411671152,0.17277054597905717,3,"n/a (per-seed, see a1_lira_pertask_*)",aggregate,True
imagenet_r,m5_hybrid_replay,F1,5,0.8374428683263809,0.8264809824199223,0.8482987026314063,0.27417201289608234,0.25335672680896565,0.29776871256559906,0.1443319112905852,0.12343352411671152,0.17277054597905717,3,"n/a (per-seed, see a1_lira_pertask_*)",global,True
imagenet_r,m5_hybrid_replay,F1,6,0.8434821215926422,0.8324453191800133,0.8545278359138877,0.2922623506040968,0.27012784966211256,0.31642534981967574,0.15884000390790373,0.1371442210465605,0.18319946080336988,3,"n/a (per-seed, see a1_lira_pertask_*)",full,
imagenet_r,m5_hybrid_replay,F1,6,0.8434821215926422,0.8324453191800133,0.8545278359138877,0.2922623506040968,0.27012784966211256,0.31642534981967574,0.15884000390790373,0.1371442210465605,0.18319946080336988,3,"n/a (per-seed, see a1_lira_pertask_*)",aggregate,True
imagenet_r,m5_hybrid_replay,F1,6,0.8434821215926422,0.8324453191800133,0.8545278359138877,0.2922623506040968,0.27012784966211256,0.31642534981967574,0.15884000390790373,0.1371442210465605,0.18319946080336988,3,"n/a (per-seed, see a1_lira_pertask_*)",global,True
imagenet_r,m8_analytic,F5,0,0.9999914067017781,0.9999647305819943,0.9999997310458935,1.0,0.9997873074745087,1.0,0.9971389557188374,0.9912886701967566,1.0,3,"n/a (per-seed, see a1_lira_pertask_*)",aggregate,
imagenet_r,m8_analytic,F5,1,0.9999914067017781,0.9999647305819943,0.9999997310458935,1.0,0.9997873074745087,1.0,0.9971389557188374,0.9912886701967566,1.0,3,"n/a (per-seed, see a1_lira_pertask_*)",aggregate,
imagenet_r,m8_analytic,F5,2,0.9999914067017781,0.9999647305819943,0.9999997310458935,1.0,0.9997873074745087,1.0,0.9971389557188374,0.9912886701967566,1.0,3,"n/a (per-seed, see a1_lira_pertask_*)",aggregate,
imagenet_r,m8_analytic,F5,3,0.9999914067017781,0.9999647305819943,0.9999997310458935,1.0,0.9997873074745087,1.0,0.9971389557188374,0.9912886701967566,1.0,3,"n/a (per-seed, see a1_lira_pertask_*)",aggregate,
imagenet_r,m8_analytic,F5,4,0.9999914067017781,0.9999647305819943,0.9999997310458935,1.0,0.9997873074745087,1.0,0.9971389557188374,0.9912886701967566,1.0,3,"n/a (per-seed, see a1_lira_pertask_*)",aggregate,
imagenet_r,m8_analytic,F5,5,0.9999914067017781,0.9999647305819943,0.9999997310458935,1.0,0.9997873074745087,1.0,0.9971389557188374,0.9912886701967566,1.0,3,"n/a (per-seed, see a1_lira_pertask_*)",aggregate,
imagenet_r,m8_analytic,F5,6,0.9999914067017781,0.9999647305819943,0.9999997310458935,1.0,0.9997873074745087,1.0,0.9971389557188374,0.9912886701967566,1.0,3,"n/a (per-seed, see a1_lira_pertask_*)",aggregate,
imagenet_r,m8_analytic,F5,0,1.0,1.0,1.0,1.0,1.0,1.0,1.0,1.0,1.0,3,"n/a (per-seed, see a1_lira_pertask_*)",full,
imagenet_r,m8_analytic,F5,1,1.0,1.0,1.0,1.0,1.0,1.0,1.0,1.0,1.0,3,"n/a (per-seed, see a1_lira_pertask_*)",full,
imagenet_r,m8_analytic,F5,2,1.0,1.0,1.0,1.0,1.0,1.0,1.0,1.0,1.0,3,"n/a (per-seed, see a1_lira_pertask_*)",full,
imagenet_r,m8_analytic,F5,3,1.0,1.0,1.0,1.0,1.0,1.0,1.0,1.0,1.0,3,"n/a (per-seed, see a1_lira_pertask_*)",full,
imagenet_r,m8_analytic,F5,4,1.0,1.0,1.0,1.0,1.0,1.0,1.0,1.0,1.0,3,"n/a (per-seed, see a1_lira_pertask_*)",full,
imagenet_r,m8_analytic,F5,5,1.0,1.0,1.0,1.0,1.0,1.0,1.0,1.0,1.0,3,"n/a (per-seed, see a1_lira_pertask_*)",full,
imagenet_r,m8_analytic,F5,6,1.0,1.0,1.0,1.0,1.0,1.0,1.0,1.0,1.0,3,"n/a (per-seed, see a1_lira_pertask_*)",full,
imagenet_r,m8_analytic,F5,0,0.9998456617013021,0.9997452907420028,0.9999134824165999,0.9956270117371655,0.9910177548835916,0.9980504155307417,0.9812237864551159,0.9715496951858772,0.9872264622825155,3,"n/a (per-seed, see a1_lira_pertask_*)",global,
imagenet_r,m8_analytic,F5,1,0.9997955573957114,0.9996738279158792,0.9998814864656246,0.9940501349286341,0.9890904126675952,0.9972207905522001,0.9748349969112722,0.9649851469212749,0.9833614222875096,3,"n/a (per-seed, see a1_lira_pertask_*)",global,
imagenet_r,m8_analytic,F5,2,0.999741252680094,0.9995942736488542,0.9998462107225857,0.9922131547290047,0.9872302361713754,0.9961829165257046,0.9709497025067464,0.9587998051075038,0.9797585671501122,3,"n/a (per-seed, see a1_lira_pertask_*)",global,
imagenet_r,m8_analytic,F5,3,0.99968330886058,0.9995167426852648,0.9998090142427737,0.9904574568390936,0.9848449565721404,0.9949150254133479,0.9668693305588971,0.9527695002615995,0.9765750583291786,3,"n/a (per-seed, see a1_lira_pertask_*)",global,
imagenet_r,m8_analytic,F5,4,0.9996186547492251,0.9994253004325907,0.9997674568327364,0.98819780862893,0.9821219090267893,0.9933921723302994,0.9616510062749943,0.9493091591277979,0.9727349858374559,3,"n/a (per-seed, see a1_lira_pertask_*)",global,
imagenet_r,m8_analytic,F5,5,0.9995528550234277,0.9993319515069083,0.999725363971648,0.9861007250382027,0.9801653217843398,0.9917976546346956,0.9582859186526644,0.944784823760363,0.9698341315536907,3,"n/a (per-seed, see a1_lira_pertask_*)",global,
imagenet_r,m8_analytic,F5,6,0.9994825204305834,0.9992318938577747,0.9996763225183974,0.9841336931430243,0.9780644210822813,0.9901029246931663,0.9557173976655721,0.9405998624664004,0.9668603427432274,3,"n/a (per-seed, see a1_lira_pertask_*)",global,
