key,value,ci_lo,ci_hi,unit,source_csv,row_filter,note
m0_fedavg_cifar100_full_tpr1_e0,0.028,0.024,0.031,TPR@1%FPR,tables/tab03_leakage.csv,dataset=='cifar100' & method=='m0_fedavg' & view=='full' & condition=='elapsed=0',"A1 LiRA, trajectory ablation, full view, elapsed=0"
m0_fedavg_cifar100_full_tpr01_e0,0.007,0.005,0.009,TPR@0.1%FPR,tables/tab03_leakage.csv,dataset=='cifar100' & method=='m0_fedavg' & view=='full' & condition=='elapsed=0',"A1 LiRA, trajectory ablation, full view, elapsed=0"
m0_fedavg_cifar100_full_auc_e0,0.559,0.554,0.564,AUC,tables/tab03_leakage.csv,dataset=='cifar100' & method=='m0_fedavg' & view=='full' & condition=='elapsed=0',"A1 LiRA, trajectory ablation, full view, elapsed=0"
m0_fedavg_cifar100_full_tpr1_e6,0.026,0.022,0.030,TPR@1%FPR,tables/tab03_leakage.csv,dataset=='cifar100' & method=='m0_fedavg' & view=='full' & condition=='elapsed=max',"A1 LiRA, trajectory ablation, full view, elapsed=6"
m0_fedavg_cifar100_full_tpr01_e6,0.005,0.003,0.008,TPR@0.1%FPR,tables/tab03_leakage.csv,dataset=='cifar100' & method=='m0_fedavg' & view=='full' & condition=='elapsed=max',"A1 LiRA, trajectory ablation, full view, elapsed=6"
m0_fedavg_cifar100_full_auc_e6,0.563,0.558,0.569,AUC,tables/tab03_leakage.csv,dataset=='cifar100' & method=='m0_fedavg' & view=='full' & condition=='elapsed=max',"A1 LiRA, trajectory ablation, full view, elapsed=6"
m1_glfc_cifar100_full_tpr1_e0,0.030,0.025,0.036,TPR@1%FPR,tables/tab03_leakage.csv,dataset=='cifar100' & method=='m1_glfc' & view=='full' & condition=='elapsed=0',"A1 LiRA, trajectory ablation, full view, elapsed=0"
m1_glfc_cifar100_full_tpr01_e0,0.008,0.005,0.012,TPR@0.1%FPR,tables/tab03_leakage.csv,dataset=='cifar100' & method=='m1_glfc' & view=='full' & condition=='elapsed=0',"A1 LiRA, trajectory ablation, full view, elapsed=0"
m1_glfc_cifar100_full_auc_e0,0.561,0.553,0.570,AUC,tables/tab03_leakage.csv,dataset=='cifar100' & method=='m1_glfc' & view=='full' & condition=='elapsed=0',"A1 LiRA, trajectory ablation, full view, elapsed=0"
m1_glfc_cifar100_full_tpr1_e6,0.053,0.045,0.062,TPR@1%FPR,tables/tab03_leakage.csv,dataset=='cifar100' & method=='m1_glfc' & view=='full' & condition=='elapsed=max',"A1 LiRA, trajectory ablation, full view, elapsed=6"
m1_glfc_cifar100_full_tpr01_e6,0.019,0.014,0.026,TPR@0.1%FPR,tables/tab03_leakage.csv,dataset=='cifar100' & method=='m1_glfc' & view=='full' & condition=='elapsed=max',"A1 LiRA, trajectory ablation, full view, elapsed=6"
m1_glfc_cifar100_full_auc_e6,0.603,0.594,0.613,AUC,tables/tab03_leakage.csv,dataset=='cifar100' & method=='m1_glfc' & view=='full' & condition=='elapsed=max',"A1 LiRA, trajectory ablation, full view, elapsed=6"
m2_target_cifar100_full_tpr1_e0,0.031,0.025,0.037,TPR@1%FPR,tables/tab03_leakage.csv,dataset=='cifar100' & method=='m2_target' & view=='full' & condition=='elapsed=0',"A1 LiRA, trajectory ablation, full view, elapsed=0"
m2_target_cifar100_full_tpr01_e0,0.008,0.004,0.013,TPR@0.1%FPR,tables/tab03_leakage.csv,dataset=='cifar100' & method=='m2_target' & view=='full' & condition=='elapsed=0',"A1 LiRA, trajectory ablation, full view, elapsed=0"
m2_target_cifar100_full_auc_e0,0.568,0.562,0.576,AUC,tables/tab03_leakage.csv,dataset=='cifar100' & method=='m2_target' & view=='full' & condition=='elapsed=0',"A1 LiRA, trajectory ablation, full view, elapsed=0"
m2_target_cifar100_full_tpr1_e6,0.045,0.039,0.052,TPR@1%FPR,tables/tab03_leakage.csv,dataset=='cifar100' & method=='m2_target' & view=='full' & condition=='elapsed=max',"A1 LiRA, trajectory ablation, full view, elapsed=6"
m2_target_cifar100_full_tpr01_e6,0.012,0.008,0.018,TPR@0.1%FPR,tables/tab03_leakage.csv,dataset=='cifar100' & method=='m2_target' & view=='full' & condition=='elapsed=max',"A1 LiRA, trajectory ablation, full view, elapsed=6"
m2_target_cifar100_full_auc_e6,0.622,0.615,0.630,AUC,tables/tab03_leakage.csv,dataset=='cifar100' & method=='m2_target' & view=='full' & condition=='elapsed=max',"A1 LiRA, trajectory ablation, full view, elapsed=6"
m3_fot_cifar100_full_tpr1_e0,0.029,0.024,0.034,TPR@1%FPR,tables/tab03_leakage.csv,dataset=='cifar100' & method=='m3_fot' & view=='full' & condition=='elapsed=0',"A1 LiRA, trajectory ablation, full view, elapsed=0"
m3_fot_cifar100_full_tpr01_e0,0.005,0.004,0.007,TPR@0.1%FPR,tables/tab03_leakage.csv,dataset=='cifar100' & method=='m3_fot' & view=='full' & condition=='elapsed=0',"A1 LiRA, trajectory ablation, full view, elapsed=0"
m3_fot_cifar100_full_auc_e0,0.570,0.562,0.579,AUC,tables/tab03_leakage.csv,dataset=='cifar100' & method=='m3_fot' & view=='full' & condition=='elapsed=0',"A1 LiRA, trajectory ablation, full view, elapsed=0"
m3_fot_cifar100_full_tpr1_e6,0.038,0.033,0.043,TPR@1%FPR,tables/tab03_leakage.csv,dataset=='cifar100' & method=='m3_fot' & view=='full' & condition=='elapsed=max',"A1 LiRA, trajectory ablation, full view, elapsed=6"
m3_fot_cifar100_full_tpr01_e6,0.008,0.006,0.010,TPR@0.1%FPR,tables/tab03_leakage.csv,dataset=='cifar100' & method=='m3_fot' & view=='full' & condition=='elapsed=max',"A1 LiRA, trajectory ablation, full view, elapsed=6"
m3_fot_cifar100_full_auc_e6,0.603,0.594,0.613,AUC,tables/tab03_leakage.csv,dataset=='cifar100' & method=='m3_fot' & view=='full' & condition=='elapsed=max',"A1 LiRA, trajectory ablation, full view, elapsed=6"
m4_proto_cifar100_aggregate_tpr1_e0,0.058,0.051,0.066,TPR@1%FPR,tables/tab03_leakage.csv,dataset=='cifar100' & method=='m4_proto' & view=='aggregate' & condition=='elapsed=0',"A1 LiRA, trajectory ablation, aggregate view, elapsed=0"
m4_proto_cifar100_aggregate_tpr01_e0,0.010,0.008,0.014,TPR@0.1%FPR,tables/tab03_leakage.csv,dataset=='cifar100' & method=='m4_proto' & view=='aggregate' & condition=='elapsed=0',"A1 LiRA, trajectory ablation, aggregate view, elapsed=0"
m4_proto_cifar100_aggregate_auc_e0,0.681,0.676,0.686,AUC,tables/tab03_leakage.csv,dataset=='cifar100' & method=='m4_proto' & view=='aggregate' & condition=='elapsed=0',"A1 LiRA, trajectory ablation, aggregate view, elapsed=0"
m4_proto_cifar100_aggregate_tpr1_e6,0.058,0.051,0.066,TPR@1%FPR,tables/tab03_leakage.csv,dataset=='cifar100' & method=='m4_proto' & view=='aggregate' & condition=='elapsed=max',"A1 LiRA, trajectory ablation, aggregate view, elapsed=6"
m4_proto_cifar100_aggregate_tpr01_e6,0.010,0.008,0.014,TPR@0.1%FPR,tables/tab03_leakage.csv,dataset=='cifar100' & method=='m4_proto' & view=='aggregate' & condition=='elapsed=max',"A1 LiRA, trajectory ablation, aggregate view, elapsed=6"
m4_proto_cifar100_aggregate_auc_e6,0.681,0.676,0.686,AUC,tables/tab03_leakage.csv,dataset=='cifar100' & method=='m4_proto' & view=='aggregate' & condition=='elapsed=max',"A1 LiRA, trajectory ablation, aggregate view, elapsed=6"
m4_proto_cifar100_full_tpr1_e0,0.343,0.314,0.374,TPR@1%FPR,tables/tab03_leakage.csv,dataset=='cifar100' & method=='m4_proto' & view=='full' & condition=='elapsed=0',"A1 LiRA, trajectory ablation, full view, elapsed=0"
m4_proto_cifar100_full_tpr01_e0,0.183,0.155,0.219,TPR@0.1%FPR,tables/tab03_leakage.csv,dataset=='cifar100' & method=='m4_proto' & view=='full' & condition=='elapsed=0',"A1 LiRA, trajectory ablation, full view, elapsed=0"
m4_proto_cifar100_full_auc_e0,0.883,0.873,0.892,AUC,tables/tab03_leakage.csv,dataset=='cifar100' & method=='m4_proto' & view=='full' & condition=='elapsed=0',"A1 LiRA, trajectory ablation, full view, elapsed=0"
m4_proto_cifar100_full_tpr1_e6,0.343,0.314,0.374,TPR@1%FPR,tables/tab03_leakage.csv,dataset=='cifar100' & method=='m4_proto' & view=='full' & condition=='elapsed=max',"A1 LiRA, trajectory ablation, full view, elapsed=6"
m4_proto_cifar100_full_tpr01_e6,0.183,0.155,0.219,TPR@0.1%FPR,tables/tab03_leakage.csv,dataset=='cifar100' & method=='m4_proto' & view=='full' & condition=='elapsed=max',"A1 LiRA, trajectory ablation, full view, elapsed=6"
m4_proto_cifar100_full_auc_e6,0.883,0.873,0.892,AUC,tables/tab03_leakage.csv,dataset=='cifar100' & method=='m4_proto' & view=='full' & condition=='elapsed=max',"A1 LiRA, trajectory ablation, full view, elapsed=6"
m4_proto_cifar100_global_tpr1_e0,0.060,0.046,0.074,TPR@1%FPR,tables/tab03_leakage.csv,dataset=='cifar100' & method=='m4_proto' & view=='global' & condition=='elapsed=0',"A1 LiRA, trajectory ablation, global view, elapsed=0"
m4_proto_cifar100_global_tpr01_e0,0.031,0.019,0.042,TPR@0.1%FPR,tables/tab03_leakage.csv,dataset=='cifar100' & method=='m4_proto' & view=='global' & condition=='elapsed=0',"A1 LiRA, trajectory ablation, global view, elapsed=0"
m4_proto_cifar100_global_auc_e0,0.552,0.538,0.567,AUC,tables/tab03_leakage.csv,dataset=='cifar100' & method=='m4_proto' & view=='global' & condition=='elapsed=0',"A1 LiRA, trajectory ablation, global view, elapsed=0"
m4_proto_cifar100_global_tpr1_e6,0.060,0.046,0.074,TPR@1%FPR,tables/tab03_leakage.csv,dataset=='cifar100' & method=='m4_proto' & view=='global' & condition=='elapsed=max',"A1 LiRA, trajectory ablation, global view, elapsed=6"
m4_proto_cifar100_global_tpr01_e6,0.031,0.019,0.042,TPR@0.1%FPR,tables/tab03_leakage.csv,dataset=='cifar100' & method=='m4_proto' & view=='global' & condition=='elapsed=max',"A1 LiRA, trajectory ablation, global view, elapsed=6"
m4_proto_cifar100_global_auc_e6,0.552,0.538,0.567,AUC,tables/tab03_leakage.csv,dataset=='cifar100' & method=='m4_proto' & view=='global' & condition=='elapsed=max',"A1 LiRA, trajectory ablation, global view, elapsed=6"
m5_hybrid_replay_cifar100_full_tpr1_e0,0.030,0.025,0.036,TPR@1%FPR,tables/tab03_leakage.csv,dataset=='cifar100' & method=='m5_hybrid_replay' & view=='full' & condition=='elapsed=0',"A1 LiRA, trajectory ablation, full view, elapsed=0"
m5_hybrid_replay_cifar100_full_tpr01_e0,0.008,0.005,0.013,TPR@0.1%FPR,tables/tab03_leakage.csv,dataset=='cifar100' & method=='m5_hybrid_replay' & view=='full' & condition=='elapsed=0',"A1 LiRA, trajectory ablation, full view, elapsed=0"
m5_hybrid_replay_cifar100_full_auc_e0,0.564,0.556,0.574,AUC,tables/tab03_leakage.csv,dataset=='cifar100' & method=='m5_hybrid_replay' & view=='full' & condition=='elapsed=0',"A1 LiRA, trajectory ablation, full view, elapsed=0"
m5_hybrid_replay_cifar100_full_tpr1_e6,0.064,0.055,0.074,TPR@1%FPR,tables/tab03_leakage.csv,dataset=='cifar100' & method=='m5_hybrid_replay' & view=='full' & condition=='elapsed=max',"A1 LiRA, trajectory ablation, full view, elapsed=6"
m5_hybrid_replay_cifar100_full_tpr01_e6,0.024,0.019,0.031,TPR@0.1%FPR,tables/tab03_leakage.csv,dataset=='cifar100' & method=='m5_hybrid_replay' & view=='full' & condition=='elapsed=max',"A1 LiRA, trajectory ablation, full view, elapsed=6"
m5_hybrid_replay_cifar100_full_auc_e6,0.627,0.618,0.637,AUC,tables/tab03_leakage.csv,dataset=='cifar100' & method=='m5_hybrid_replay' & view=='full' & condition=='elapsed=max',"A1 LiRA, trajectory ablation, full view, elapsed=6"
m8_analytic_cifar100_aggregate_tpr1_e0,0.999,0.998,1.000,TPR@1%FPR,tables/tab03_leakage.csv,dataset=='cifar100' & method=='m8_analytic' & view=='aggregate' & condition=='elapsed=0',"A1 LiRA, trajectory ablation, aggregate view, elapsed=0"
m8_analytic_cifar100_aggregate_tpr01_e0,0.993,0.988,0.997,TPR@0.1%FPR,tables/tab03_leakage.csv,dataset=='cifar100' & method=='m8_analytic' & view=='aggregate' & condition=='elapsed=0',"A1 LiRA, trajectory ablation, aggregate view, elapsed=0"
m8_analytic_cifar100_aggregate_auc_e0,1.000,1.000,1.000,AUC,tables/tab03_leakage.csv,dataset=='cifar100' & method=='m8_analytic' & view=='aggregate' & condition=='elapsed=0',"A1 LiRA, trajectory ablation, aggregate view, elapsed=0"
m8_analytic_cifar100_aggregate_tpr1_e6,0.999,0.998,1.000,TPR@1%FPR,tables/tab03_leakage.csv,dataset=='cifar100' & method=='m8_analytic' & view=='aggregate' & condition=='elapsed=max',"A1 LiRA, trajectory ablation, aggregate view, elapsed=6"
m8_analytic_cifar100_aggregate_tpr01_e6,0.993,0.988,0.997,TPR@0.1%FPR,tables/tab03_leakage.csv,dataset=='cifar100' & method=='m8_analytic' & view=='aggregate' & condition=='elapsed=max',"A1 LiRA, trajectory ablation, aggregate view, elapsed=6"
m8_analytic_cifar100_aggregate_auc_e6,1.000,1.000,1.000,AUC,tables/tab03_leakage.csv,dataset=='cifar100' & method=='m8_analytic' & view=='aggregate' & condition=='elapsed=max',"A1 LiRA, trajectory ablation, aggregate view, elapsed=6"
m8_analytic_cifar100_full_tpr1_e0,1.000,1.000,1.000,TPR@1%FPR,tables/tab03_leakage.csv,dataset=='cifar100' & method=='m8_analytic' & view=='full' & condition=='elapsed=0',"A1 LiRA, trajectory ablation, full view, elapsed=0"
m8_analytic_cifar100_full_tpr01_e0,1.000,1.000,1.000,TPR@0.1%FPR,tables/tab03_leakage.csv,dataset=='cifar100' & method=='m8_analytic' & view=='full' & condition=='elapsed=0',"A1 LiRA, trajectory ablation, full view, elapsed=0"
m8_analytic_cifar100_full_auc_e0,1.000,1.000,1.000,AUC,tables/tab03_leakage.csv,dataset=='cifar100' & method=='m8_analytic' & view=='full' & condition=='elapsed=0',"A1 LiRA, trajectory ablation, full view, elapsed=0"
m8_analytic_cifar100_full_tpr1_e6,1.000,1.000,1.000,TPR@1%FPR,tables/tab03_leakage.csv,dataset=='cifar100' & method=='m8_analytic' & view=='full' & condition=='elapsed=max',"A1 LiRA, trajectory ablation, full view, elapsed=6"
m8_analytic_cifar100_full_tpr01_e6,1.000,1.000,1.000,TPR@0.1%FPR,tables/tab03_leakage.csv,dataset=='cifar100' & method=='m8_analytic' & view=='full' & condition=='elapsed=max',"A1 LiRA, trajectory ablation, full view, elapsed=6"
m8_analytic_cifar100_full_auc_e6,1.000,1.000,1.000,AUC,tables/tab03_leakage.csv,dataset=='cifar100' & method=='m8_analytic' & view=='full' & condition=='elapsed=max',"A1 LiRA, trajectory ablation, full view, elapsed=6"
m8_analytic_cifar100_global_tpr1_e0,0.966,0.955,0.975,TPR@1%FPR,tables/tab03_leakage.csv,dataset=='cifar100' & method=='m8_analytic' & view=='global' & condition=='elapsed=0',"A1 LiRA, trajectory ablation, global view, elapsed=0"
m8_analytic_cifar100_global_tpr01_e0,0.911,0.882,0.932,TPR@0.1%FPR,tables/tab03_leakage.csv,dataset=='cifar100' & method=='m8_analytic' & view=='global' & condition=='elapsed=0',"A1 LiRA, trajectory ablation, global view, elapsed=0"
m8_analytic_cifar100_global_auc_e0,0.999,0.998,0.999,AUC,tables/tab03_leakage.csv,dataset=='cifar100' & method=='m8_analytic' & view=='global' & condition=='elapsed=0',"A1 LiRA, trajectory ablation, global view, elapsed=0"
m8_analytic_cifar100_global_tpr1_e6,0.917,0.899,0.931,TPR@1%FPR,tables/tab03_leakage.csv,dataset=='cifar100' & method=='m8_analytic' & view=='global' & condition=='elapsed=max',"A1 LiRA, trajectory ablation, global view, elapsed=6"
m8_analytic_cifar100_global_tpr01_e6,0.816,0.791,0.845,TPR@0.1%FPR,tables/tab03_leakage.csv,dataset=='cifar100' & method=='m8_analytic' & view=='global' & condition=='elapsed=max',"A1 LiRA, trajectory ablation, global view, elapsed=6"
m8_analytic_cifar100_global_auc_e6,0.996,0.995,0.997,AUC,tables/tab03_leakage.csv,dataset=='cifar100' & method=='m8_analytic' & view=='global' & condition=='elapsed=max',"A1 LiRA, trajectory ablation, global view, elapsed=6"
m0_fedavg_cub200_full_tpr1_e0,0.058,0.054,0.063,TPR@1%FPR,tables/tab03_leakage.csv,dataset=='cub200' & method=='m0_fedavg' & view=='full' & condition=='elapsed=0',"A1 LiRA, trajectory ablation, full view, elapsed=0"
m0_fedavg_cub200_full_tpr01_e0,0.016,0.014,0.018,TPR@0.1%FPR,tables/tab03_leakage.csv,dataset=='cub200' & method=='m0_fedavg' & view=='full' & condition=='elapsed=0',"A1 LiRA, trajectory ablation, full view, elapsed=0"
m0_fedavg_cub200_full_auc_e0,0.657,0.651,0.664,AUC,tables/tab03_leakage.csv,dataset=='cub200' & method=='m0_fedavg' & view=='full' & condition=='elapsed=0',"A1 LiRA, trajectory ablation, full view, elapsed=0"
m0_fedavg_cub200_full_tpr1_e6,0.025,0.023,0.029,TPR@1%FPR,tables/tab03_leakage.csv,dataset=='cub200' & method=='m0_fedavg' & view=='full' & condition=='elapsed=max',"A1 LiRA, trajectory ablation, full view, elapsed=6"
m0_fedavg_cub200_full_tpr01_e6,0.004,0.003,0.004,TPR@0.1%FPR,tables/tab03_leakage.csv,dataset=='cub200' & method=='m0_fedavg' & view=='full' & condition=='elapsed=max',"A1 LiRA, trajectory ablation, full view, elapsed=6"
m0_fedavg_cub200_full_auc_e6,0.622,0.615,0.629,AUC,tables/tab03_leakage.csv,dataset=='cub200' & method=='m0_fedavg' & view=='full' & condition=='elapsed=max',"A1 LiRA, trajectory ablation, full view, elapsed=6"
m1_glfc_cub200_full_tpr1_e0,0.034,0.026,0.040,TPR@1%FPR,tables/tab03_leakage.csv,dataset=='cub200' & method=='m1_glfc' & view=='full' & condition=='elapsed=0',"A1 LiRA, trajectory ablation, full view, elapsed=0"
m1_glfc_cub200_full_tpr01_e0,0.001,0.001,0.001,TPR@0.1%FPR,tables/tab03_leakage.csv,dataset=='cub200' & method=='m1_glfc' & view=='full' & condition=='elapsed=0',"A1 LiRA, trajectory ablation, full view, elapsed=0"
m1_glfc_cub200_full_auc_e0,0.591,0.582,0.600,AUC,tables/tab03_leakage.csv,dataset=='cub200' & method=='m1_glfc' & view=='full' & condition=='elapsed=0',"A1 LiRA, trajectory ablation, full view, elapsed=0"
m1_glfc_cub200_full_tpr1_e6,0.020,0.013,0.029,TPR@1%FPR,tables/tab03_leakage.csv,dataset=='cub200' & method=='m1_glfc' & view=='full' & condition=='elapsed=max',"A1 LiRA, trajectory ablation, full view, elapsed=6"
m1_glfc_cub200_full_tpr01_e6,0.001,0.001,0.001,TPR@0.1%FPR,tables/tab03_leakage.csv,dataset=='cub200' & method=='m1_glfc' & view=='full' & condition=='elapsed=max',"A1 LiRA, trajectory ablation, full view, elapsed=6"
m1_glfc_cub200_full_auc_e6,0.604,0.588,0.622,AUC,tables/tab03_leakage.csv,dataset=='cub200' & method=='m1_glfc' & view=='full' & condition=='elapsed=max',"A1 LiRA, trajectory ablation, full view, elapsed=6"
m2_target_cub200_full_tpr1_e0,0.050,0.041,0.059,TPR@1%FPR,tables/tab03_leakage.csv,dataset=='cub200' & method=='m2_target' & view=='full' & condition=='elapsed=0',"A1 LiRA, trajectory ablation, full view, elapsed=0"
m2_target_cub200_full_tpr01_e0,0.012,0.008,0.016,TPR@0.1%FPR,tables/tab03_leakage.csv,dataset=='cub200' & method=='m2_target' & view=='full' & condition=='elapsed=0',"A1 LiRA, trajectory ablation, full view, elapsed=0"
m2_target_cub200_full_auc_e0,0.638,0.627,0.648,AUC,tables/tab03_leakage.csv,dataset=='cub200' & method=='m2_target' & view=='full' & condition=='elapsed=0',"A1 LiRA, trajectory ablation, full view, elapsed=0"
m2_target_cub200_full_tpr1_e6,0.231,0.202,0.264,TPR@1%FPR,tables/tab03_leakage.csv,dataset=='cub200' & method=='m2_target' & view=='full' & condition=='elapsed=max',"A1 LiRA, trajectory ablation, full view, elapsed=6"
m2_target_cub200_full_tpr01_e6,0.066,0.052,0.086,TPR@0.1%FPR,tables/tab03_leakage.csv,dataset=='cub200' & method=='m2_target' & view=='full' & condition=='elapsed=max',"A1 LiRA, trajectory ablation, full view, elapsed=6"
m2_target_cub200_full_auc_e6,0.860,0.848,0.872,AUC,tables/tab03_leakage.csv,dataset=='cub200' & method=='m2_target' & view=='full' & condition=='elapsed=max',"A1 LiRA, trajectory ablation, full view, elapsed=6"
m3_fot_cub200_full_tpr1_e0,0.062,0.052,0.074,TPR@1%FPR,tables/tab03_leakage.csv,dataset=='cub200' & method=='m3_fot' & view=='full' & condition=='elapsed=0',"A1 LiRA, trajectory ablation, full view, elapsed=0"
m3_fot_cub200_full_tpr01_e0,0.015,0.011,0.021,TPR@0.1%FPR,tables/tab03_leakage.csv,dataset=='cub200' & method=='m3_fot' & view=='full' & condition=='elapsed=0',"A1 LiRA, trajectory ablation, full view, elapsed=0"
m3_fot_cub200_full_auc_e0,0.680,0.665,0.698,AUC,tables/tab03_leakage.csv,dataset=='cub200' & method=='m3_fot' & view=='full' & condition=='elapsed=0',"A1 LiRA, trajectory ablation, full view, elapsed=0"
m3_fot_cub200_full_tpr1_e6,0.090,0.075,0.110,TPR@1%FPR,tables/tab03_leakage.csv,dataset=='cub200' & method=='m3_fot' & view=='full' & condition=='elapsed=max',"A1 LiRA, trajectory ablation, full view, elapsed=6"
m3_fot_cub200_full_tpr01_e6,0.011,0.004,0.020,TPR@0.1%FPR,tables/tab03_leakage.csv,dataset=='cub200' & method=='m3_fot' & view=='full' & condition=='elapsed=max',"A1 LiRA, trajectory ablation, full view, elapsed=6"
m3_fot_cub200_full_auc_e6,0.732,0.714,0.753,AUC,tables/tab03_leakage.csv,dataset=='cub200' & method=='m3_fot' & view=='full' & condition=='elapsed=max',"A1 LiRA, trajectory ablation, full view, elapsed=6"
m4_proto_cub200_aggregate_tpr1_e0,0.832,0.808,0.858,TPR@1%FPR,tables/tab03_leakage.csv,dataset=='cub200' & method=='m4_proto' & view=='aggregate' & condition=='elapsed=0',"A1 LiRA, trajectory ablation, aggregate view, elapsed=0"
m4_proto_cub200_aggregate_tpr01_e0,0.648,0.604,0.690,TPR@0.1%FPR,tables/tab03_leakage.csv,dataset=='cub200' & method=='m4_proto' & view=='aggregate' & condition=='elapsed=0',"A1 LiRA, trajectory ablation, aggregate view, elapsed=0"
m4_proto_cub200_aggregate_auc_e0,0.989,0.986,0.991,AUC,tables/tab03_leakage.csv,dataset=='cub200' & method=='m4_proto' & view=='aggregate' & condition=='elapsed=0',"A1 LiRA, trajectory ablation, aggregate view, elapsed=0"
m4_proto_cub200_aggregate_tpr1_e6,0.832,0.808,0.858,TPR@1%FPR,tables/tab03_leakage.csv,dataset=='cub200' & method=='m4_proto' & view=='aggregate' & condition=='elapsed=max',"A1 LiRA, trajectory ablation, aggregate view, elapsed=6"
m4_proto_cub200_aggregate_tpr01_e6,0.648,0.604,0.690,TPR@0.1%FPR,tables/tab03_leakage.csv,dataset=='cub200' & method=='m4_proto' & view=='aggregate' & condition=='elapsed=max',"A1 LiRA, trajectory ablation, aggregate view, elapsed=6"
m4_proto_cub200_aggregate_auc_e6,0.989,0.986,0.991,AUC,tables/tab03_leakage.csv,dataset=='cub200' & method=='m4_proto' & view=='aggregate' & condition=='elapsed=max',"A1 LiRA, trajectory ablation, aggregate view, elapsed=6"
m4_proto_cub200_full_tpr1_e0,0.996,0.993,0.998,TPR@1%FPR,tables/tab03_leakage.csv,dataset=='cub200' & method=='m4_proto' & view=='full' & condition=='elapsed=0',"A1 LiRA, trajectory ablation, full view, elapsed=0"
m4_proto_cub200_full_tpr01_e0,0.969,0.951,0.986,TPR@0.1%FPR,tables/tab03_leakage.csv,dataset=='cub200' & method=='m4_proto' & view=='full' & condition=='elapsed=0',"A1 LiRA, trajectory ablation, full view, elapsed=0"
m4_proto_cub200_full_auc_e0,1.000,0.999,1.000,AUC,tables/tab03_leakage.csv,dataset=='cub200' & method=='m4_proto' & view=='full' & condition=='elapsed=0',"A1 LiRA, trajectory ablation, full view, elapsed=0"
m4_proto_cub200_full_tpr1_e6,0.996,0.993,0.998,TPR@1%FPR,tables/tab03_leakage.csv,dataset=='cub200' & method=='m4_proto' & view=='full' & condition=='elapsed=max',"A1 LiRA, trajectory ablation, full view, elapsed=6"
m4_proto_cub200_full_tpr01_e6,0.969,0.951,0.986,TPR@0.1%FPR,tables/tab03_leakage.csv,dataset=='cub200' & method=='m4_proto' & view=='full' & condition=='elapsed=max',"A1 LiRA, trajectory ablation, full view, elapsed=6"
m4_proto_cub200_full_auc_e6,1.000,0.999,1.000,AUC,tables/tab03_leakage.csv,dataset=='cub200' & method=='m4_proto' & view=='full' & condition=='elapsed=max',"A1 LiRA, trajectory ablation, full view, elapsed=6"
m4_proto_cub200_global_tpr1_e0,0.157,0.133,0.183,TPR@1%FPR,tables/tab03_leakage.csv,dataset=='cub200' & method=='m4_proto' & view=='global' & condition=='elapsed=0',"A1 LiRA, trajectory ablation, global view, elapsed=0"
m4_proto_cub200_global_tpr01_e0,0.124,0.096,0.152,TPR@0.1%FPR,tables/tab03_leakage.csv,dataset=='cub200' & method=='m4_proto' & view=='global' & condition=='elapsed=0',"A1 LiRA, trajectory ablation, global view, elapsed=0"
m4_proto_cub200_global_auc_e0,0.622,0.602,0.643,AUC,tables/tab03_leakage.csv,dataset=='cub200' & method=='m4_proto' & view=='global' & condition=='elapsed=0',"A1 LiRA, trajectory ablation, global view, elapsed=0"
m4_proto_cub200_global_tpr1_e6,0.157,0.133,0.183,TPR@1%FPR,tables/tab03_leakage.csv,dataset=='cub200' & method=='m4_proto' & view=='global' & condition=='elapsed=max',"A1 LiRA, trajectory ablation, global view, elapsed=6"
m4_proto_cub200_global_tpr01_e6,0.124,0.096,0.152,TPR@0.1%FPR,tables/tab03_leakage.csv,dataset=='cub200' & method=='m4_proto' & view=='global' & condition=='elapsed=max',"A1 LiRA, trajectory ablation, global view, elapsed=6"
m4_proto_cub200_global_auc_e6,0.622,0.602,0.643,AUC,tables/tab03_leakage.csv,dataset=='cub200' & method=='m4_proto' & view=='global' & condition=='elapsed=max',"A1 LiRA, trajectory ablation, global view, elapsed=6"
m5_hybrid_replay_cub200_full_tpr1_e0,0.055,0.049,0.061,TPR@1%FPR,tables/tab03_leakage.csv,dataset=='cub200' & method=='m5_hybrid_replay' & view=='full' & condition=='elapsed=0',"A1 LiRA, trajectory ablation, full view, elapsed=0"
m5_hybrid_replay_cub200_full_tpr01_e0,0.014,0.010,0.018,TPR@0.1%FPR,tables/tab03_leakage.csv,dataset=='cub200' & method=='m5_hybrid_replay' & view=='full' & condition=='elapsed=0',"A1 LiRA, trajectory ablation, full view, elapsed=0"
m5_hybrid_replay_cub200_full_auc_e0,0.660,0.650,0.669,AUC,tables/tab03_leakage.csv,dataset=='cub200' & method=='m5_hybrid_replay' & view=='full' & condition=='elapsed=0',"A1 LiRA, trajectory ablation, full view, elapsed=0"
m5_hybrid_replay_cub200_full_tpr1_e6,0.276,0.254,0.300,TPR@1%FPR,tables/tab03_leakage.csv,dataset=='cub200' & method=='m5_hybrid_replay' & view=='full' & condition=='elapsed=max',"A1 LiRA, trajectory ablation, full view, elapsed=6"
m5_hybrid_replay_cub200_full_tpr01_e6,0.130,0.108,0.150,TPR@0.1%FPR,tables/tab03_leakage.csv,dataset=='cub200' & method=='m5_hybrid_replay' & view=='full' & condition=='elapsed=max',"A1 LiRA, trajectory ablation, full view, elapsed=6"
m5_hybrid_replay_cub200_full_auc_e6,0.862,0.851,0.872,AUC,tables/tab03_leakage.csv,dataset=='cub200' & method=='m5_hybrid_replay' & view=='full' & condition=='elapsed=max',"A1 LiRA, trajectory ablation, full view, elapsed=6"
m8_analytic_cub200_aggregate_tpr1_e0,1.000,1.000,1.000,TPR@1%FPR,tables/tab03_leakage.csv,dataset=='cub200' & method=='m8_analytic' & view=='aggregate' & condition=='elapsed=0',"A1 LiRA, trajectory ablation, aggregate view, elapsed=0"
m8_analytic_cub200_aggregate_tpr01_e0,1.000,0.998,1.000,TPR@0.1%FPR,tables/tab03_leakage.csv,dataset=='cub200' & method=='m8_analytic' & view=='aggregate' & condition=='elapsed=0',"A1 LiRA, trajectory ablation, aggregate view, elapsed=0"
m8_analytic_cub200_aggregate_auc_e0,1.000,1.000,1.000,AUC,tables/tab03_leakage.csv,dataset=='cub200' & method=='m8_analytic' & view=='aggregate' & condition=='elapsed=0',"A1 LiRA, trajectory ablation, aggregate view, elapsed=0"
m8_analytic_cub200_aggregate_tpr1_e6,1.000,1.000,1.000,TPR@1%FPR,tables/tab03_leakage.csv,dataset=='cub200' & method=='m8_analytic' & view=='aggregate' & condition=='elapsed=max',"A1 LiRA, trajectory ablation, aggregate view, elapsed=6"
m8_analytic_cub200_aggregate_tpr01_e6,1.000,0.998,1.000,TPR@0.1%FPR,tables/tab03_leakage.csv,dataset=='cub200' & method=='m8_analytic' & view=='aggregate' & condition=='elapsed=max',"A1 LiRA, trajectory ablation, aggregate view, elapsed=6"
m8_analytic_cub200_aggregate_auc_e6,1.000,1.000,1.000,AUC,tables/tab03_leakage.csv,dataset=='cub200' & method=='m8_analytic' & view=='aggregate' & condition=='elapsed=max',"A1 LiRA, trajectory ablation, aggregate view, elapsed=6"
m8_analytic_cub200_full_tpr1_e0,1.000,1.000,1.000,TPR@1%FPR,tables/tab03_leakage.csv,dataset=='cub200' & method=='m8_analytic' & view=='full' & condition=='elapsed=0',"A1 LiRA, trajectory ablation, full view, elapsed=0"
m8_analytic_cub200_full_tpr01_e0,1.000,1.000,1.000,TPR@0.1%FPR,tables/tab03_leakage.csv,dataset=='cub200' & method=='m8_analytic' & view=='full' & condition=='elapsed=0',"A1 LiRA, trajectory ablation, full view, elapsed=0"
m8_analytic_cub200_full_auc_e0,1.000,1.000,1.000,AUC,tables/tab03_leakage.csv,dataset=='cub200' & method=='m8_analytic' & view=='full' & condition=='elapsed=0',"A1 LiRA, trajectory ablation, full view, elapsed=0"
m8_analytic_cub200_full_tpr1_e6,1.000,1.000,1.000,TPR@1%FPR,tables/tab03_leakage.csv,dataset=='cub200' & method=='m8_analytic' & view=='full' & condition=='elapsed=max',"A1 LiRA, trajectory ablation, full view, elapsed=6"
m8_analytic_cub200_full_tpr01_e6,1.000,1.000,1.000,TPR@0.1%FPR,tables/tab03_leakage.csv,dataset=='cub200' & method=='m8_analytic' & view=='full' & condition=='elapsed=max',"A1 LiRA, trajectory ablation, full view, elapsed=6"
m8_analytic_cub200_full_auc_e6,1.000,1.000,1.000,AUC,tables/tab03_leakage.csv,dataset=='cub200' & method=='m8_analytic' & view=='full' & condition=='elapsed=max',"A1 LiRA, trajectory ablation, full view, elapsed=6"
m8_analytic_cub200_global_tpr1_e0,1.000,1.000,1.000,TPR@1%FPR,tables/tab03_leakage.csv,dataset=='cub200' & method=='m8_analytic' & view=='global' & condition=='elapsed=0',"A1 LiRA, trajectory ablation, global view, elapsed=0"
m8_analytic_cub200_global_tpr01_e0,1.000,0.997,1.000,TPR@0.1%FPR,tables/tab03_leakage.csv,dataset=='cub200' & method=='m8_analytic' & view=='global' & condition=='elapsed=0',"A1 LiRA, trajectory ablation, global view, elapsed=0"
m8_analytic_cub200_global_auc_e0,1.000,1.000,1.000,AUC,tables/tab03_leakage.csv,dataset=='cub200' & method=='m8_analytic' & view=='global' & condition=='elapsed=0',"A1 LiRA, trajectory ablation, global view, elapsed=0"
m8_analytic_cub200_global_tpr1_e6,1.000,1.000,1.000,TPR@1%FPR,tables/tab03_leakage.csv,dataset=='cub200' & method=='m8_analytic' & view=='global' & condition=='elapsed=max',"A1 LiRA, trajectory ablation, global view, elapsed=6"
m8_analytic_cub200_global_tpr01_e6,1.000,0.997,1.000,TPR@0.1%FPR,tables/tab03_leakage.csv,dataset=='cub200' & method=='m8_analytic' & view=='global' & condition=='elapsed=max',"A1 LiRA, trajectory ablation, global view, elapsed=6"
m8_analytic_cub200_global_auc_e6,1.000,1.000,1.000,AUC,tables/tab03_leakage.csv,dataset=='cub200' & method=='m8_analytic' & view=='global' & condition=='elapsed=max',"A1 LiRA, trajectory ablation, global view, elapsed=6"
m0_fedavg_imagenet_r_full_tpr1_e0,0.074,0.069,0.080,TPR@1%FPR,tables/tab03_leakage.csv,dataset=='imagenet_r' & method=='m0_fedavg' & view=='full' & condition=='elapsed=0',"A1 LiRA, trajectory ablation, full view, elapsed=0"
m0_fedavg_imagenet_r_full_tpr01_e0,0.022,0.019,0.026,TPR@0.1%FPR,tables/tab03_leakage.csv,dataset=='imagenet_r' & method=='m0_fedavg' & view=='full' & condition=='elapsed=0',"A1 LiRA, trajectory ablation, full view, elapsed=0"
m0_fedavg_imagenet_r_full_auc_e0,0.678,0.672,0.684,AUC,tables/tab03_leakage.csv,dataset=='imagenet_r' & method=='m0_fedavg' & view=='full' & condition=='elapsed=0',"A1 LiRA, trajectory ablation, full view, elapsed=0"
m0_fedavg_imagenet_r_full_tpr1_e6,0.072,0.062,0.081,TPR@1%FPR,tables/tab03_leakage.csv,dataset=='imagenet_r' & method=='m0_fedavg' & view=='full' & condition=='elapsed=max',"A1 LiRA, trajectory ablation, full view, elapsed=6"
m0_fedavg_imagenet_r_full_tpr01_e6,0.014,0.009,0.022,TPR@0.1%FPR,tables/tab03_leakage.csv,dataset=='imagenet_r' & method=='m0_fedavg' & view=='full' & condition=='elapsed=max',"A1 LiRA, trajectory ablation, full view, elapsed=6"
m0_fedavg_imagenet_r_full_auc_e6,0.693,0.685,0.702,AUC,tables/tab03_leakage.csv,dataset=='imagenet_r' & method=='m0_fedavg' & view=='full' & condition=='elapsed=max',"A1 LiRA, trajectory ablation, full view, elapsed=6"
m1_glfc_imagenet_r_full_tpr1_e0,0.057,0.049,0.065,TPR@1%FPR,tables/tab03_leakage.csv,dataset=='imagenet_r' & method=='m1_glfc' & view=='full' & condition=='elapsed=0',"A1 LiRA, trajectory ablation, full view, elapsed=0"
m1_glfc_imagenet_r_full_tpr01_e0,0.015,0.011,0.021,TPR@0.1%FPR,tables/tab03_leakage.csv,dataset=='imagenet_r' & method=='m1_glfc' & view=='full' & condition=='elapsed=0',"A1 LiRA, trajectory ablation, full view, elapsed=0"
m1_glfc_imagenet_r_full_auc_e0,0.629,0.619,0.639,AUC,tables/tab03_leakage.csv,dataset=='imagenet_r' & method=='m1_glfc' & view=='full' & condition=='elapsed=0',"A1 LiRA, trajectory ablation, full view, elapsed=0"
m1_glfc_imagenet_r_full_tpr1_e6,0.104,0.088,0.121,TPR@1%FPR,tables/tab03_leakage.csv,dataset=='imagenet_r' & method=='m1_glfc' & view=='full' & condition=='elapsed=max',"A1 LiRA, trajectory ablation, full view, elapsed=6"
m1_glfc_imagenet_r_full_tpr01_e6,0.033,0.026,0.042,TPR@0.1%FPR,tables/tab03_leakage.csv,dataset=='imagenet_r' & method=='m1_glfc' & view=='full' & condition=='elapsed=max',"A1 LiRA, trajectory ablation, full view, elapsed=6"
m1_glfc_imagenet_r_full_auc_e6,0.699,0.687,0.712,AUC,tables/tab03_leakage.csv,dataset=='imagenet_r' & method=='m1_glfc' & view=='full' & condition=='elapsed=max',"A1 LiRA, trajectory ablation, full view, elapsed=6"
m2_target_imagenet_r_full_tpr1_e0,0.066,0.060,0.075,TPR@1%FPR,tables/tab03_leakage.csv,dataset=='imagenet_r' & method=='m2_target' & view=='full' & condition=='elapsed=0',"A1 LiRA, trajectory ablation, full view, elapsed=0"
m2_target_imagenet_r_full_tpr01_e0,0.021,0.016,0.028,TPR@0.1%FPR,tables/tab03_leakage.csv,dataset=='imagenet_r' & method=='m2_target' & view=='full' & condition=='elapsed=0',"A1 LiRA, trajectory ablation, full view, elapsed=0"
m2_target_imagenet_r_full_auc_e0,0.661,0.652,0.671,AUC,tables/tab03_leakage.csv,dataset=='imagenet_r' & method=='m2_target' & view=='full' & condition=='elapsed=0',"A1 LiRA, trajectory ablation, full view, elapsed=0"
m2_target_imagenet_r_full_tpr1_e6,0.199,0.165,0.234,TPR@1%FPR,tables/tab03_leakage.csv,dataset=='imagenet_r' & method=='m2_target' & view=='full' & condition=='elapsed=max',"A1 LiRA, trajectory ablation, full view, elapsed=6"
m2_target_imagenet_r_full_tpr01_e6,0.073,0.050,0.101,TPR@0.1%FPR,tables/tab03_leakage.csv,dataset=='imagenet_r' & method=='m2_target' & view=='full' & condition=='elapsed=max',"A1 LiRA, trajectory ablation, full view, elapsed=6"
m2_target_imagenet_r_full_auc_e6,0.812,0.797,0.827,AUC,tables/tab03_leakage.csv,dataset=='imagenet_r' & method=='m2_target' & view=='full' & condition=='elapsed=max',"A1 LiRA, trajectory ablation, full view, elapsed=6"
m3_fot_imagenet_r_full_tpr1_e0,0.079,0.067,0.090,TPR@1%FPR,tables/tab03_leakage.csv,dataset=='imagenet_r' & method=='m3_fot' & view=='full' & condition=='elapsed=0',"A1 LiRA, trajectory ablation, full view, elapsed=0"
m3_fot_imagenet_r_full_tpr01_e0,0.025,0.017,0.034,TPR@0.1%FPR,tables/tab03_leakage.csv,dataset=='imagenet_r' & method=='m3_fot' & view=='full' & condition=='elapsed=0',"A1 LiRA, trajectory ablation, full view, elapsed=0"
m3_fot_imagenet_r_full_auc_e0,0.691,0.681,0.702,AUC,tables/tab03_leakage.csv,dataset=='imagenet_r' & method=='m3_fot' & view=='full' & condition=='elapsed=0',"A1 LiRA, trajectory ablation, full view, elapsed=0"
m3_fot_imagenet_r_full_tpr1_e6,0.090,0.073,0.111,TPR@1%FPR,tables/tab03_leakage.csv,dataset=='imagenet_r' & method=='m3_fot' & view=='full' & condition=='elapsed=max',"A1 LiRA, trajectory ablation, full view, elapsed=6"
m3_fot_imagenet_r_full_tpr01_e6,0.008,0.003,0.019,TPR@0.1%FPR,tables/tab03_leakage.csv,dataset=='imagenet_r' & method=='m3_fot' & view=='full' & condition=='elapsed=max',"A1 LiRA, trajectory ablation, full view, elapsed=6"
m3_fot_imagenet_r_full_auc_e6,0.729,0.717,0.743,AUC,tables/tab03_leakage.csv,dataset=='imagenet_r' & method=='m3_fot' & view=='full' & condition=='elapsed=max',"A1 LiRA, trajectory ablation, full view, elapsed=6"
m4_proto_imagenet_r_aggregate_tpr1_e0,0.240,0.216,0.268,TPR@1%FPR,tables/tab03_leakage.csv,dataset=='imagenet_r' & method=='m4_proto' & view=='aggregate' & condition=='elapsed=0',"A1 LiRA, trajectory ablation, aggregate view, elapsed=0"
m4_proto_imagenet_r_aggregate_tpr01_e0,0.102,0.084,0.127,TPR@0.1%FPR,tables/tab03_leakage.csv,dataset=='imagenet_r' & method=='m4_proto' & view=='aggregate' & condition=='elapsed=0',"A1 LiRA, trajectory ablation, aggregate view, elapsed=0"
m4_proto_imagenet_r_aggregate_auc_e0,0.842,0.828,0.857,AUC,tables/tab03_leakage.csv,dataset=='imagenet_r' & method=='m4_proto' & view=='aggregate' & condition=='elapsed=0',"A1 LiRA, trajectory ablation, aggregate view, elapsed=0"
m4_proto_imagenet_r_aggregate_tpr1_e6,0.240,0.216,0.268,TPR@1%FPR,tables/tab03_leakage.csv,dataset=='imagenet_r' & method=='m4_proto' & view=='aggregate' & condition=='elapsed=max',"A1 LiRA, trajectory ablation, aggregate view, elapsed=6"
m4_proto_imagenet_r_aggregate_tpr01_e6,0.102,0.084,0.127,TPR@0.1%FPR,tables/tab03_leakage.csv,dataset=='imagenet_r' & method=='m4_proto' & view=='aggregate' & condition=='elapsed=max',"A1 LiRA, trajectory ablation, aggregate view, elapsed=6"
m4_proto_imagenet_r_aggregate_auc_e6,0.842,0.828,0.857,AUC,tables/tab03_leakage.csv,dataset=='imagenet_r' & method=='m4_proto' & view=='aggregate' & condition=='elapsed=max',"A1 LiRA, trajectory ablation, aggregate view, elapsed=6"
m4_proto_imagenet_r_full_tpr1_e0,0.732,0.702,0.763,TPR@1%FPR,tables/tab03_leakage.csv,dataset=='imagenet_r' & method=='m4_proto' & view=='full' & condition=='elapsed=0',"A1 LiRA, trajectory ablation, full view, elapsed=0"
m4_proto_imagenet_r_full_tpr01_e0,0.562,0.523,0.597,TPR@0.1%FPR,tables/tab03_leakage.csv,dataset=='imagenet_r' & method=='m4_proto' & view=='full' & condition=='elapsed=0',"A1 LiRA, trajectory ablation, full view, elapsed=0"
m4_proto_imagenet_r_full_auc_e0,0.977,0.973,0.981,AUC,tables/tab03_leakage.csv,dataset=='imagenet_r' & method=='m4_proto' & view=='full' & condition=='elapsed=0',"A1 LiRA, trajectory ablation, full view, elapsed=0"
m4_proto_imagenet_r_full_tpr1_e6,0.732,0.702,0.763,TPR@1%FPR,tables/tab03_leakage.csv,dataset=='imagenet_r' & method=='m4_proto' & view=='full' & condition=='elapsed=max',"A1 LiRA, trajectory ablation, full view, elapsed=6"
m4_proto_imagenet_r_full_tpr01_e6,0.562,0.523,0.597,TPR@0.1%FPR,tables/tab03_leakage.csv,dataset=='imagenet_r' & method=='m4_proto' & view=='full' & condition=='elapsed=max',"A1 LiRA, trajectory ablation, full view, elapsed=6"
m4_proto_imagenet_r_full_auc_e6,0.977,0.973,0.981,AUC,tables/tab03_leakage.csv,dataset=='imagenet_r' & method=='m4_proto' & view=='full' & condition=='elapsed=max',"A1 LiRA, trajectory ablation, full view, elapsed=6"
m4_proto_imagenet_r_global_tpr1_e0,0.106,0.084,0.130,TPR@1%FPR,tables/tab03_leakage.csv,dataset=='imagenet_r' & method=='m4_proto' & view=='global' & condition=='elapsed=0',"A1 LiRA, trajectory ablation, global view, elapsed=0"
m4_proto_imagenet_r_global_tpr01_e0,0.085,0.065,0.107,TPR@0.1%FPR,tables/tab03_leakage.csv,dataset=='imagenet_r' & method=='m4_proto' & view=='global' & condition=='elapsed=0',"A1 LiRA, trajectory ablation, global view, elapsed=0"
m4_proto_imagenet_r_global_auc_e0,0.590,0.569,0.611,AUC,tables/tab03_leakage.csv,dataset=='imagenet_r' & method=='m4_proto' & view=='global' & condition=='elapsed=0',"A1 LiRA, trajectory ablation, global view, elapsed=0"
m4_proto_imagenet_r_global_tpr1_e6,0.106,0.084,0.130,TPR@1%FPR,tables/tab03_leakage.csv,dataset=='imagenet_r' & method=='m4_proto' & view=='global' & condition=='elapsed=max',"A1 LiRA, trajectory ablation, global view, elapsed=6"
m4_proto_imagenet_r_global_tpr01_e6,0.085,0.065,0.107,TPR@0.1%FPR,tables/tab03_leakage.csv,dataset=='imagenet_r' & method=='m4_proto' & view=='global' & condition=='elapsed=max',"A1 LiRA, trajectory ablation, global view, elapsed=6"
m4_proto_imagenet_r_global_auc_e6,0.590,0.569,0.611,AUC,tables/tab03_leakage.csv,dataset=='imagenet_r' & method=='m4_proto' & view=='global' & condition=='elapsed=max',"A1 LiRA, trajectory ablation, global view, elapsed=6"
m5_hybrid_replay_imagenet_r_full_tpr1_e0,0.083,0.072,0.096,TPR@1%FPR,tables/tab03_leakage.csv,dataset=='imagenet_r' & method=='m5_hybrid_replay' & view=='full' & condition=='elapsed=0',"A1 LiRA, trajectory ablation, full view, elapsed=0"
m5_hybrid_replay_imagenet_r_full_tpr01_e0,0.029,0.020,0.036,TPR@0.1%FPR,tables/tab03_leakage.csv,dataset=='imagenet_r' & method=='m5_hybrid_replay' & view=='full' & condition=='elapsed=0',"A1 LiRA, trajectory ablation, full view, elapsed=0"
m5_hybrid_replay_imagenet_r_full_auc_e0,0.685,0.675,0.696,AUC,tables/tab03_leakage.csv,dataset=='imagenet_r' & method=='m5_hybrid_replay' & view=='full' & condition=='elapsed=0',"A1 LiRA, trajectory ablation, full view, elapsed=0"
m5_hybrid_replay_imagenet_r_full_tpr1_e6,0.293,0.271,0.319,TPR@1%FPR,tables/tab03_leakage.csv,dataset=='imagenet_r' & method=='m5_hybrid_replay' & view=='full' & condition=='elapsed=max',"A1 LiRA, trajectory ablation, full view, elapsed=6"
m5_hybrid_replay_imagenet_r_full_tpr01_e6,0.159,0.140,0.183,TPR@0.1%FPR,tables/tab03_leakage.csv,dataset=='imagenet_r' & method=='m5_hybrid_replay' & view=='full' & condition=='elapsed=max',"A1 LiRA, trajectory ablation, full view, elapsed=6"
m5_hybrid_replay_imagenet_r_full_auc_e6,0.847,0.836,0.859,AUC,tables/tab03_leakage.csv,dataset=='imagenet_r' & method=='m5_hybrid_replay' & view=='full' & condition=='elapsed=max',"A1 LiRA, trajectory ablation, full view, elapsed=6"
m8_analytic_imagenet_r_aggregate_tpr1_e0,1.000,1.000,1.000,TPR@1%FPR,tables/tab03_leakage.csv,dataset=='imagenet_r' & method=='m8_analytic' & view=='aggregate' & condition=='elapsed=0',"A1 LiRA, trajectory ablation, aggregate view, elapsed=0"
m8_analytic_imagenet_r_aggregate_tpr01_e0,0.997,0.991,1.000,TPR@0.1%FPR,tables/tab03_leakage.csv,dataset=='imagenet_r' & method=='m8_analytic' & view=='aggregate' & condition=='elapsed=0',"A1 LiRA, trajectory ablation, aggregate view, elapsed=0"
m8_analytic_imagenet_r_aggregate_auc_e0,1.000,1.000,1.000,AUC,tables/tab03_leakage.csv,dataset=='imagenet_r' & method=='m8_analytic' & view=='aggregate' & condition=='elapsed=0',"A1 LiRA, trajectory ablation, aggregate view, elapsed=0"
m8_analytic_imagenet_r_aggregate_tpr1_e6,1.000,1.000,1.000,TPR@1%FPR,tables/tab03_leakage.csv,dataset=='imagenet_r' & method=='m8_analytic' & view=='aggregate' & condition=='elapsed=max',"A1 LiRA, trajectory ablation, aggregate view, elapsed=6"
m8_analytic_imagenet_r_aggregate_tpr01_e6,0.997,0.991,1.000,TPR@0.1%FPR,tables/tab03_leakage.csv,dataset=='imagenet_r' & method=='m8_analytic' & view=='aggregate' & condition=='elapsed=max',"A1 LiRA, trajectory ablation, aggregate view, elapsed=6"
m8_analytic_imagenet_r_aggregate_auc_e6,1.000,1.000,1.000,AUC,tables/tab03_leakage.csv,dataset=='imagenet_r' & method=='m8_analytic' & view=='aggregate' & condition=='elapsed=max',"A1 LiRA, trajectory ablation, aggregate view, elapsed=6"
m8_analytic_imagenet_r_full_tpr1_e0,1.000,1.000,1.000,TPR@1%FPR,tables/tab03_leakage.csv,dataset=='imagenet_r' & method=='m8_analytic' & view=='full' & condition=='elapsed=0',"A1 LiRA, trajectory ablation, full view, elapsed=0"
m8_analytic_imagenet_r_full_tpr01_e0,1.000,1.000,1.000,TPR@0.1%FPR,tables/tab03_leakage.csv,dataset=='imagenet_r' & method=='m8_analytic' & view=='full' & condition=='elapsed=0',"A1 LiRA, trajectory ablation, full view, elapsed=0"
m8_analytic_imagenet_r_full_auc_e0,1.000,1.000,1.000,AUC,tables/tab03_leakage.csv,dataset=='imagenet_r' & method=='m8_analytic' & view=='full' & condition=='elapsed=0',"A1 LiRA, trajectory ablation, full view, elapsed=0"
m8_analytic_imagenet_r_full_tpr1_e6,1.000,1.000,1.000,TPR@1%FPR,tables/tab03_leakage.csv,dataset=='imagenet_r' & method=='m8_analytic' & view=='full' & condition=='elapsed=max',"A1 LiRA, trajectory ablation, full view, elapsed=6"
m8_analytic_imagenet_r_full_tpr01_e6,1.000,1.000,1.000,TPR@0.1%FPR,tables/tab03_leakage.csv,dataset=='imagenet_r' & method=='m8_analytic' & view=='full' & condition=='elapsed=max',"A1 LiRA, trajectory ablation, full view, elapsed=6"
m8_analytic_imagenet_r_full_auc_e6,1.000,1.000,1.000,AUC,tables/tab03_leakage.csv,dataset=='imagenet_r' & method=='m8_analytic' & view=='full' & condition=='elapsed=max',"A1 LiRA, trajectory ablation, full view, elapsed=6"
m8_analytic_imagenet_r_global_tpr1_e0,0.996,0.991,0.998,TPR@1%FPR,tables/tab03_leakage.csv,dataset=='imagenet_r' & method=='m8_analytic' & view=='global' & condition=='elapsed=0',"A1 LiRA, trajectory ablation, global view, elapsed=0"
m8_analytic_imagenet_r_global_tpr01_e0,0.981,0.972,0.987,TPR@0.1%FPR,tables/tab03_leakage.csv,dataset=='imagenet_r' & method=='m8_analytic' & view=='global' & condition=='elapsed=0',"A1 LiRA, trajectory ablation, global view, elapsed=0"
m8_analytic_imagenet_r_global_auc_e0,1.000,1.000,1.000,AUC,tables/tab03_leakage.csv,dataset=='imagenet_r' & method=='m8_analytic' & view=='global' & condition=='elapsed=0',"A1 LiRA, trajectory ablation, global view, elapsed=0"
m8_analytic_imagenet_r_global_tpr1_e6,0.984,0.978,0.990,TPR@1%FPR,tables/tab03_leakage.csv,dataset=='imagenet_r' & method=='m8_analytic' & view=='global' & condition=='elapsed=max',"A1 LiRA, trajectory ablation, global view, elapsed=6"
m8_analytic_imagenet_r_global_tpr01_e6,0.956,0.941,0.967,TPR@0.1%FPR,tables/tab03_leakage.csv,dataset=='imagenet_r' & method=='m8_analytic' & view=='global' & condition=='elapsed=max',"A1 LiRA, trajectory ablation, global view, elapsed=6"
m8_analytic_imagenet_r_global_auc_e6,0.999,0.999,1.000,AUC,tables/tab03_leakage.csv,dataset=='imagenet_r' & method=='m8_analytic' & view=='global' & condition=='elapsed=max',"A1 LiRA, trajectory ablation, global view, elapsed=6"
m0_fedavg_cifar100_full_halflife_acc,0.8735735138004246,0.8004065906714731,0.9660518699588632,tasks,tables/tab04_halflife.csv,dataset=='cifar100' & method=='m0_fedavg' & view=='full' & quantity=='acc' & ablation=='n/a',"status=ok, horizon E=6"
m0_fedavg_cifar100_full_halflife_leak_auc_last_round,6.0,1.1672132754200015,6.0,tasks,tables/tab04_halflife.csv,dataset=='cifar100' & method=='m0_fedavg' & view=='full' & quantity=='leak_auc' & ablation=='last_round',"status=censored, horizon E=6 (never crossed half its base value within the observed horizon -- report as a lower bound '>E', do not extrapolate, per Definition 10)"
m0_fedavg_cifar100_full_halflife_leak_auc_trajectory,6.0,6.0,6.0,tasks,tables/tab04_halflife.csv,dataset=='cifar100' & method=='m0_fedavg' & view=='full' & quantity=='leak_auc' & ablation=='trajectory',"status=censored, horizon E=6 (never crossed half its base value within the observed horizon -- report as a lower bound '>E', do not extrapolate, per Definition 10)"
m0_fedavg_cifar100_full_halflife_leak_tpr1_last_round,1.9066745843230377,0.9091322878469092,6.0,tasks,tables/tab04_halflife.csv,dataset=='cifar100' & method=='m0_fedavg' & view=='full' & quantity=='leak_tpr1' & ablation=='last_round',"status=ok, horizon E=6"
m0_fedavg_cifar100_full_halflife_leak_tpr1_trajectory,6.0,6.0,6.0,tasks,tables/tab04_halflife.csv,dataset=='cifar100' & method=='m0_fedavg' & view=='full' & quantity=='leak_tpr1' & ablation=='trajectory',"status=censored, horizon E=6 (never crossed half its base value within the observed horizon -- report as a lower bound '>E', do not extrapolate, per Definition 10)"
m1_glfc_cifar100_full_halflife_acc,6.0,6.0,6.0,tasks,tables/tab04_halflife.csv,dataset=='cifar100' & method=='m1_glfc' & view=='full' & quantity=='acc' & ablation=='n/a',"status=censored, horizon E=6 (never crossed half its base value within the observed horizon -- report as a lower bound '>E', do not extrapolate, per Definition 10)"
m1_glfc_cifar100_full_halflife_leak_auc_last_round,6.0,6.0,6.0,tasks,tables/tab04_halflife.csv,dataset=='cifar100' & method=='m1_glfc' & view=='full' & quantity=='leak_auc' & ablation=='last_round',"status=censored, horizon E=6 (never crossed half its base value within the observed horizon -- report as a lower bound '>E', do not extrapolate, per Definition 10)"
m1_glfc_cifar100_full_halflife_leak_auc_trajectory,6.0,6.0,6.0,tasks,tables/tab04_halflife.csv,dataset=='cifar100' & method=='m1_glfc' & view=='full' & quantity=='leak_auc' & ablation=='trajectory',"status=censored, horizon E=6 (never crossed half its base value within the observed horizon -- report as a lower bound '>E', do not extrapolate, per Definition 10)"
m1_glfc_cifar100_full_halflife_leak_tpr1_last_round,6.0,6.0,6.0,tasks,tables/tab04_halflife.csv,dataset=='cifar100' & method=='m1_glfc' & view=='full' & quantity=='leak_tpr1' & ablation=='last_round',"status=censored, horizon E=6 (never crossed half its base value within the observed horizon -- report as a lower bound '>E', do not extrapolate, per Definition 10)"
m1_glfc_cifar100_full_halflife_leak_tpr1_trajectory,6.0,6.0,6.0,tasks,tables/tab04_halflife.csv,dataset=='cifar100' & method=='m1_glfc' & view=='full' & quantity=='leak_tpr1' & ablation=='trajectory',"status=censored, horizon E=6 (never crossed half its base value within the observed horizon -- report as a lower bound '>E', do not extrapolate, per Definition 10)"
m2_target_cifar100_full_halflife_acc,6.0,6.0,6.0,tasks,tables/tab04_halflife.csv,dataset=='cifar100' & method=='m2_target' & view=='full' & quantity=='acc' & ablation=='n/a',"status=censored, horizon E=6 (never crossed half its base value within the observed horizon -- report as a lower bound '>E', do not extrapolate, per Definition 10)"
m2_target_cifar100_full_halflife_leak_auc_last_round,6.0,6.0,6.0,tasks,tables/tab04_halflife.csv,dataset=='cifar100' & method=='m2_target' & view=='full' & quantity=='leak_auc' & ablation=='last_round',"status=censored, horizon E=6 (never crossed half its base value within the observed horizon -- report as a lower bound '>E', do not extrapolate, per Definition 10)"
m2_target_cifar100_full_halflife_leak_auc_trajectory,6.0,6.0,6.0,tasks,tables/tab04_halflife.csv,dataset=='cifar100' & method=='m2_target' & view=='full' & quantity=='leak_auc' & ablation=='trajectory',"status=censored, horizon E=6 (never crossed half its base value within the observed horizon -- report as a lower bound '>E', do not extrapolate, per Definition 10)"
m2_target_cifar100_full_halflife_leak_tpr1_last_round,6.0,6.0,6.0,tasks,tables/tab04_halflife.csv,dataset=='cifar100' & method=='m2_target' & view=='full' & quantity=='leak_tpr1' & ablation=='last_round',"status=censored, horizon E=6 (never crossed half its base value within the observed horizon -- report as a lower bound '>E', do not extrapolate, per Definition 10)"
m2_target_cifar100_full_halflife_leak_tpr1_trajectory,6.0,6.0,6.0,tasks,tables/tab04_halflife.csv,dataset=='cifar100' & method=='m2_target' & view=='full' & quantity=='leak_tpr1' & ablation=='trajectory',"status=censored, horizon E=6 (never crossed half its base value within the observed horizon -- report as a lower bound '>E', do not extrapolate, per Definition 10)"
m3_fot_cifar100_full_halflife_acc,6.0,6.0,6.0,tasks,tables/tab04_halflife.csv,dataset=='cifar100' & method=='m3_fot' & view=='full' & quantity=='acc' & ablation=='n/a',"status=censored, horizon E=6 (never crossed half its base value within the observed horizon -- report as a lower bound '>E', do not extrapolate, per Definition 10)"
m3_fot_cifar100_full_halflife_leak_auc_last_round,6.0,6.0,6.0,tasks,tables/tab04_halflife.csv,dataset=='cifar100' & method=='m3_fot' & view=='full' & quantity=='leak_auc' & ablation=='last_round',"status=censored, horizon E=6 (never crossed half its base value within the observed horizon -- report as a lower bound '>E', do not extrapolate, per Definition 10)"
m3_fot_cifar100_full_halflife_leak_auc_trajectory,6.0,6.0,6.0,tasks,tables/tab04_halflife.csv,dataset=='cifar100' & method=='m3_fot' & view=='full' & quantity=='leak_auc' & ablation=='trajectory',"status=censored, horizon E=6 (never crossed half its base value within the observed horizon -- report as a lower bound '>E', do not extrapolate, per Definition 10)"
m3_fot_cifar100_full_halflife_leak_tpr1_last_round,6.0,6.0,6.0,tasks,tables/tab04_halflife.csv,dataset=='cifar100' & method=='m3_fot' & view=='full' & quantity=='leak_tpr1' & ablation=='last_round',"status=censored, horizon E=6 (never crossed half its base value within the observed horizon -- report as a lower bound '>E', do not extrapolate, per Definition 10)"
m3_fot_cifar100_full_halflife_leak_tpr1_trajectory,6.0,6.0,6.0,tasks,tables/tab04_halflife.csv,dataset=='cifar100' & method=='m3_fot' & view=='full' & quantity=='leak_tpr1' & ablation=='trajectory',"status=censored, horizon E=6 (never crossed half its base value within the observed horizon -- report as a lower bound '>E', do not extrapolate, per Definition 10)"
m4_proto_cifar100_aggregate_halflife_leak_auc_last_round,6.0,6.0,6.0,tasks,tables/tab04_halflife.csv,dataset=='cifar100' & method=='m4_proto' & view=='aggregate' & quantity=='leak_auc' & ablation=='last_round',"status=censored, horizon E=6 (never crossed half its base value within the observed horizon -- report as a lower bound '>E', do not extrapolate, per Definition 10)"
m4_proto_cifar100_aggregate_halflife_leak_auc_trajectory,6.0,6.0,6.0,tasks,tables/tab04_halflife.csv,dataset=='cifar100' & method=='m4_proto' & view=='aggregate' & quantity=='leak_auc' & ablation=='trajectory',"status=censored, horizon E=6 (never crossed half its base value within the observed horizon -- report as a lower bound '>E', do not extrapolate, per Definition 10)"
m4_proto_cifar100_aggregate_halflife_leak_tpr1_last_round,6.0,6.0,6.0,tasks,tables/tab04_halflife.csv,dataset=='cifar100' & method=='m4_proto' & view=='aggregate' & quantity=='leak_tpr1' & ablation=='last_round',"status=censored, horizon E=6 (never crossed half its base value within the observed horizon -- report as a lower bound '>E', do not extrapolate, per Definition 10)"
m4_proto_cifar100_aggregate_halflife_leak_tpr1_trajectory,6.0,6.0,6.0,tasks,tables/tab04_halflife.csv,dataset=='cifar100' & method=='m4_proto' & view=='aggregate' & quantity=='leak_tpr1' & ablation=='trajectory',"status=censored, horizon E=6 (never crossed half its base value within the observed horizon -- report as a lower bound '>E', do not extrapolate, per Definition 10)"
m4_proto_cifar100_full_halflife_acc,6.0,6.0,6.0,tasks,tables/tab04_halflife.csv,dataset=='cifar100' & method=='m4_proto' & view=='full' & quantity=='acc' & ablation=='n/a',"status=censored, horizon E=6 (never crossed half its base value within the observed horizon -- report as a lower bound '>E', do not extrapolate, per Definition 10)"
m4_proto_cifar100_full_halflife_leak_auc_last_round,6.0,6.0,6.0,tasks,tables/tab04_halflife.csv,dataset=='cifar100' & method=='m4_proto' & view=='full' & quantity=='leak_auc' & ablation=='last_round',"status=censored, horizon E=6 (never crossed half its base value within the observed horizon -- report as a lower bound '>E', do not extrapolate, per Definition 10)"
m4_proto_cifar100_full_halflife_leak_auc_trajectory,6.0,6.0,6.0,tasks,tables/tab04_halflife.csv,dataset=='cifar100' & method=='m4_proto' & view=='full' & quantity=='leak_auc' & ablation=='trajectory',"status=censored, horizon E=6 (never crossed half its base value within the observed horizon -- report as a lower bound '>E', do not extrapolate, per Definition 10)"
m4_proto_cifar100_full_halflife_leak_tpr1_last_round,6.0,6.0,6.0,tasks,tables/tab04_halflife.csv,dataset=='cifar100' & method=='m4_proto' & view=='full' & quantity=='leak_tpr1' & ablation=='last_round',"status=censored, horizon E=6 (never crossed half its base value within the observed horizon -- report as a lower bound '>E', do not extrapolate, per Definition 10)"
m4_proto_cifar100_full_halflife_leak_tpr1_trajectory,6.0,6.0,6.0,tasks,tables/tab04_halflife.csv,dataset=='cifar100' & method=='m4_proto' & view=='full' & quantity=='leak_tpr1' & ablation=='trajectory',"status=censored, horizon E=6 (never crossed half its base value within the observed horizon -- report as a lower bound '>E', do not extrapolate, per Definition 10)"
m4_proto_cifar100_global_halflife_leak_auc_last_round,6.0,6.0,6.0,tasks,tables/tab04_halflife.csv,dataset=='cifar100' & method=='m4_proto' & view=='global' & quantity=='leak_auc' & ablation=='last_round',"status=censored, horizon E=6 (never crossed half its base value within the observed horizon -- report as a lower bound '>E', do not extrapolate, per Definition 10)"
m4_proto_cifar100_global_halflife_leak_auc_trajectory,6.0,6.0,6.0,tasks,tables/tab04_halflife.csv,dataset=='cifar100' & method=='m4_proto' & view=='global' & quantity=='leak_auc' & ablation=='trajectory',"status=censored, horizon E=6 (never crossed half its base value within the observed horizon -- report as a lower bound '>E', do not extrapolate, per Definition 10)"
m4_proto_cifar100_global_halflife_leak_tpr1_last_round,6.0,6.0,6.0,tasks,tables/tab04_halflife.csv,dataset=='cifar100' & method=='m4_proto' & view=='global' & quantity=='leak_tpr1' & ablation=='last_round',"status=censored, horizon E=6 (never crossed half its base value within the observed horizon -- report as a lower bound '>E', do not extrapolate, per Definition 10)"
m4_proto_cifar100_global_halflife_leak_tpr1_trajectory,6.0,6.0,6.0,tasks,tables/tab04_halflife.csv,dataset=='cifar100' & method=='m4_proto' & view=='global' & quantity=='leak_tpr1' & ablation=='trajectory',"status=censored, horizon E=6 (never crossed half its base value within the observed horizon -- report as a lower bound '>E', do not extrapolate, per Definition 10)"
m5_hybrid_replay_cifar100_full_halflife_acc,6.0,6.0,6.0,tasks,tables/tab04_halflife.csv,dataset=='cifar100' & method=='m5_hybrid_replay' & view=='full' & quantity=='acc' & ablation=='n/a',"status=censored, horizon E=6 (never crossed half its base value within the observed horizon -- report as a lower bound '>E', do not extrapolate, per Definition 10)"
m5_hybrid_replay_cifar100_full_halflife_leak_auc_last_round,6.0,6.0,6.0,tasks,tables/tab04_halflife.csv,dataset=='cifar100' & method=='m5_hybrid_replay' & view=='full' & quantity=='leak_auc' & ablation=='last_round',"status=censored, horizon E=6 (never crossed half its base value within the observed horizon -- report as a lower bound '>E', do not extrapolate, per Definition 10)"
m5_hybrid_replay_cifar100_full_halflife_leak_auc_trajectory,6.0,6.0,6.0,tasks,tables/tab04_halflife.csv,dataset=='cifar100' & method=='m5_hybrid_replay' & view=='full' & quantity=='leak_auc' & ablation=='trajectory',"status=censored, horizon E=6 (never crossed half its base value within the observed horizon -- report as a lower bound '>E', do not extrapolate, per Definition 10)"
m5_hybrid_replay_cifar100_full_halflife_leak_tpr1_last_round,6.0,6.0,6.0,tasks,tables/tab04_halflife.csv,dataset=='cifar100' & method=='m5_hybrid_replay' & view=='full' & quantity=='leak_tpr1' & ablation=='last_round',"status=censored, horizon E=6 (never crossed half its base value within the observed horizon -- report as a lower bound '>E', do not extrapolate, per Definition 10)"
m5_hybrid_replay_cifar100_full_halflife_leak_tpr1_trajectory,6.0,6.0,6.0,tasks,tables/tab04_halflife.csv,dataset=='cifar100' & method=='m5_hybrid_replay' & view=='full' & quantity=='leak_tpr1' & ablation=='trajectory',"status=censored, horizon E=6 (never crossed half its base value within the observed horizon -- report as a lower bound '>E', do not extrapolate, per Definition 10)"
m8_analytic_cifar100_aggregate_halflife_leak_auc_last_round,6.0,6.0,6.0,tasks,tables/tab04_halflife.csv,dataset=='cifar100' & method=='m8_analytic' & view=='aggregate' & quantity=='leak_auc' & ablation=='last_round',"status=censored, horizon E=6 (never crossed half its base value within the observed horizon -- report as a lower bound '>E', do not extrapolate, per Definition 10)"
m8_analytic_cifar100_aggregate_halflife_leak_auc_trajectory,6.0,6.0,6.0,tasks,tables/tab04_halflife.csv,dataset=='cifar100' & method=='m8_analytic' & view=='aggregate' & quantity=='leak_auc' & ablation=='trajectory',"status=censored, horizon E=6 (never crossed half its base value within the observed horizon -- report as a lower bound '>E', do not extrapolate, per Definition 10)"
m8_analytic_cifar100_aggregate_halflife_leak_tpr1_last_round,6.0,6.0,6.0,tasks,tables/tab04_halflife.csv,dataset=='cifar100' & method=='m8_analytic' & view=='aggregate' & quantity=='leak_tpr1' & ablation=='last_round',"status=censored, horizon E=6 (never crossed half its base value within the observed horizon -- report as a lower bound '>E', do not extrapolate, per Definition 10)"
m8_analytic_cifar100_aggregate_halflife_leak_tpr1_trajectory,6.0,6.0,6.0,tasks,tables/tab04_halflife.csv,dataset=='cifar100' & method=='m8_analytic' & view=='aggregate' & quantity=='leak_tpr1' & ablation=='trajectory',"status=censored, horizon E=6 (never crossed half its base value within the observed horizon -- report as a lower bound '>E', do not extrapolate, per Definition 10)"
m8_analytic_cifar100_full_halflife_acc,6.0,6.0,6.0,tasks,tables/tab04_halflife.csv,dataset=='cifar100' & method=='m8_analytic' & view=='full' & quantity=='acc' & ablation=='n/a',"status=censored, horizon E=6 (never crossed half its base value within the observed horizon -- report as a lower bound '>E', do not extrapolate, per Definition 10)"
m8_analytic_cifar100_full_halflife_leak_auc_last_round,6.0,6.0,6.0,tasks,tables/tab04_halflife.csv,dataset=='cifar100' & method=='m8_analytic' & view=='full' & quantity=='leak_auc' & ablation=='last_round',"status=censored, horizon E=6 (never crossed half its base value within the observed horizon -- report as a lower bound '>E', do not extrapolate, per Definition 10)"
m8_analytic_cifar100_full_halflife_leak_auc_trajectory,6.0,6.0,6.0,tasks,tables/tab04_halflife.csv,dataset=='cifar100' & method=='m8_analytic' & view=='full' & quantity=='leak_auc' & ablation=='trajectory',"status=censored, horizon E=6 (never crossed half its base value within the observed horizon -- report as a lower bound '>E', do not extrapolate, per Definition 10)"
m8_analytic_cifar100_full_halflife_leak_tpr1_last_round,6.0,6.0,6.0,tasks,tables/tab04_halflife.csv,dataset=='cifar100' & method=='m8_analytic' & view=='full' & quantity=='leak_tpr1' & ablation=='last_round',"status=censored, horizon E=6 (never crossed half its base value within the observed horizon -- report as a lower bound '>E', do not extrapolate, per Definition 10)"
m8_analytic_cifar100_full_halflife_leak_tpr1_trajectory,6.0,6.0,6.0,tasks,tables/tab04_halflife.csv,dataset=='cifar100' & method=='m8_analytic' & view=='full' & quantity=='leak_tpr1' & ablation=='trajectory',"status=censored, horizon E=6 (never crossed half its base value within the observed horizon -- report as a lower bound '>E', do not extrapolate, per Definition 10)"
m8_analytic_cifar100_global_halflife_leak_auc_last_round,6.0,6.0,6.0,tasks,tables/tab04_halflife.csv,dataset=='cifar100' & method=='m8_analytic' & view=='global' & quantity=='leak_auc' & ablation=='last_round',"status=censored, horizon E=6 (never crossed half its base value within the observed horizon -- report as a lower bound '>E', do not extrapolate, per Definition 10)"
m8_analytic_cifar100_global_halflife_leak_auc_trajectory,6.0,6.0,6.0,tasks,tables/tab04_halflife.csv,dataset=='cifar100' & method=='m8_analytic' & view=='global' & quantity=='leak_auc' & ablation=='trajectory',"status=censored, horizon E=6 (never crossed half its base value within the observed horizon -- report as a lower bound '>E', do not extrapolate, per Definition 10)"
m8_analytic_cifar100_global_halflife_leak_tpr1_last_round,6.0,6.0,6.0,tasks,tables/tab04_halflife.csv,dataset=='cifar100' & method=='m8_analytic' & view=='global' & quantity=='leak_tpr1' & ablation=='last_round',"status=censored, horizon E=6 (never crossed half its base value within the observed horizon -- report as a lower bound '>E', do not extrapolate, per Definition 10)"
m8_analytic_cifar100_global_halflife_leak_tpr1_trajectory,6.0,6.0,6.0,tasks,tables/tab04_halflife.csv,dataset=='cifar100' & method=='m8_analytic' & view=='global' & quantity=='leak_tpr1' & ablation=='trajectory',"status=censored, horizon E=6 (never crossed half its base value within the observed horizon -- report as a lower bound '>E', do not extrapolate, per Definition 10)"
m0_fedavg_cub200_full_halflife_acc,2.221483661856378,1.659896717542694,2.949873117741909,tasks,tables/tab04_halflife.csv,dataset=='cub200' & method=='m0_fedavg' & view=='full' & quantity=='acc' & ablation=='n/a',"status=ok, horizon E=6"
m0_fedavg_cub200_full_halflife_leak_auc_last_round,0.9426934028188642,0.8702563854702122,1.4038736031196277,tasks,tables/tab04_halflife.csv,dataset=='cub200' & method=='m0_fedavg' & view=='full' & quantity=='leak_auc' & ablation=='last_round',"status=ok, horizon E=6"
m0_fedavg_cub200_full_halflife_leak_auc_trajectory,6.0,6.0,6.0,tasks,tables/tab04_halflife.csv,dataset=='cub200' & method=='m0_fedavg' & view=='full' & quantity=='leak_auc' & ablation=='trajectory',"status=censored, horizon E=6 (never crossed half its base value within the observed horizon -- report as a lower bound '>E', do not extrapolate, per Definition 10)"
m0_fedavg_cub200_full_halflife_leak_tpr1_last_round,0.7428618968386023,0.6877338003733299,0.8315376463570844,tasks,tables/tab04_halflife.csv,dataset=='cub200' & method=='m0_fedavg' & view=='full' & quantity=='leak_tpr1' & ablation=='last_round',"status=ok, horizon E=6"
m0_fedavg_cub200_full_halflife_leak_tpr1_trajectory,1.0815769845498135,0.8828718541713326,1.958086953662842,tasks,tables/tab04_halflife.csv,dataset=='cub200' & method=='m0_fedavg' & view=='full' & quantity=='leak_tpr1' & ablation=='trajectory',"status=ok, horizon E=6"
m1_glfc_cub200_full_halflife_acc,6.0,6.0,6.0,tasks,tables/tab04_halflife.csv,dataset=='cub200' & method=='m1_glfc' & view=='full' & quantity=='acc' & ablation=='n/a',"status=censored, horizon E=6 (never crossed half its base value within the observed horizon -- report as a lower bound '>E', do not extrapolate, per Definition 10)"
m1_glfc_cub200_full_halflife_leak_auc_last_round,6.0,6.0,6.0,tasks,tables/tab04_halflife.csv,dataset=='cub200' & method=='m1_glfc' & view=='full' & quantity=='leak_auc' & ablation=='last_round',"status=censored, horizon E=6 (never crossed half its base value within the observed horizon -- report as a lower bound '>E', do not extrapolate, per Definition 10)"
m1_glfc_cub200_full_halflife_leak_auc_trajectory,6.0,6.0,6.0,tasks,tables/tab04_halflife.csv,dataset=='cub200' & method=='m1_glfc' & view=='full' & quantity=='leak_auc' & ablation=='trajectory',"status=censored, horizon E=6 (never crossed half its base value within the observed horizon -- report as a lower bound '>E', do not extrapolate, per Definition 10)"
m1_glfc_cub200_full_halflife_leak_tpr1_last_round,1.3984489795918376,0.8142084435626101,6.0,tasks,tables/tab04_halflife.csv,dataset=='cub200' & method=='m1_glfc' & view=='full' & quantity=='leak_tpr1' & ablation=='last_round',"status=ok, horizon E=6"
m1_glfc_cub200_full_halflife_leak_tpr1_trajectory,4.471076923076924,1.804232364848774,6.0,tasks,tables/tab04_halflife.csv,dataset=='cub200' & method=='m1_glfc' & view=='full' & quantity=='leak_tpr1' & ablation=='trajectory',"status=ok, horizon E=6"
m2_target_cub200_full_halflife_acc,6.0,6.0,6.0,tasks,tables/tab04_halflife.csv,dataset=='cub200' & method=='m2_target' & view=='full' & quantity=='acc' & ablation=='n/a',"status=censored, horizon E=6 (never crossed half its base value within the observed horizon -- report as a lower bound '>E', do not extrapolate, per Definition 10)"
m2_target_cub200_full_halflife_leak_auc_last_round,6.0,6.0,6.0,tasks,tables/tab04_halflife.csv,dataset=='cub200' & method=='m2_target' & view=='full' & quantity=='leak_auc' & ablation=='last_round',"status=censored, horizon E=6 (never crossed half its base value within the observed horizon -- report as a lower bound '>E', do not extrapolate, per Definition 10)"
m2_target_cub200_full_halflife_leak_auc_trajectory,6.0,6.0,6.0,tasks,tables/tab04_halflife.csv,dataset=='cub200' & method=='m2_target' & view=='full' & quantity=='leak_auc' & ablation=='trajectory',"status=censored, horizon E=6 (never crossed half its base value within the observed horizon -- report as a lower bound '>E', do not extrapolate, per Definition 10)"
m2_target_cub200_full_halflife_leak_tpr1_last_round,6.0,6.0,6.0,tasks,tables/tab04_halflife.csv,dataset=='cub200' & method=='m2_target' & view=='full' & quantity=='leak_tpr1' & ablation=='last_round',"status=censored, horizon E=6 (never crossed half its base value within the observed horizon -- report as a lower bound '>E', do not extrapolate, per Definition 10)"
m2_target_cub200_full_halflife_leak_tpr1_trajectory,6.0,6.0,6.0,tasks,tables/tab04_halflife.csv,dataset=='cub200' & method=='m2_target' & view=='full' & quantity=='leak_tpr1' & ablation=='trajectory',"status=censored, horizon E=6 (never crossed half its base value within the observed horizon -- report as a lower bound '>E', do not extrapolate, per Definition 10)"
m3_fot_cub200_full_halflife_acc,6.0,6.0,6.0,tasks,tables/tab04_halflife.csv,dataset=='cub200' & method=='m3_fot' & view=='full' & quantity=='acc' & ablation=='n/a',"status=censored, horizon E=6 (never crossed half its base value within the observed horizon -- report as a lower bound '>E', do not extrapolate, per Definition 10)"
m3_fot_cub200_full_halflife_leak_auc_last_round,6.0,6.0,6.0,tasks,tables/tab04_halflife.csv,dataset=='cub200' & method=='m3_fot' & view=='full' & quantity=='leak_auc' & ablation=='last_round',"status=censored, horizon E=6 (never crossed half its base value within the observed horizon -- report as a lower bound '>E', do not extrapolate, per Definition 10)"
m3_fot_cub200_full_halflife_leak_auc_trajectory,6.0,6.0,6.0,tasks,tables/tab04_halflife.csv,dataset=='cub200' & method=='m3_fot' & view=='full' & quantity=='leak_auc' & ablation=='trajectory',"status=censored, horizon E=6 (never crossed half its base value within the observed horizon -- report as a lower bound '>E', do not extrapolate, per Definition 10)"
m3_fot_cub200_full_halflife_leak_tpr1_last_round,6.0,6.0,6.0,tasks,tables/tab04_halflife.csv,dataset=='cub200' & method=='m3_fot' & view=='full' & quantity=='leak_tpr1' & ablation=='last_round',"status=censored, horizon E=6 (never crossed half its base value within the observed horizon -- report as a lower bound '>E', do not extrapolate, per Definition 10)"
m3_fot_cub200_full_halflife_leak_tpr1_trajectory,6.0,6.0,6.0,tasks,tables/tab04_halflife.csv,dataset=='cub200' & method=='m3_fot' & view=='full' & quantity=='leak_tpr1' & ablation=='trajectory',"status=censored, horizon E=6 (never crossed half its base value within the observed horizon -- report as a lower bound '>E', do not extrapolate, per Definition 10)"
m4_proto_cub200_aggregate_halflife_leak_auc_last_round,6.0,6.0,6.0,tasks,tables/tab04_halflife.csv,dataset=='cub200' & method=='m4_proto' & view=='aggregate' & quantity=='leak_auc' & ablation=='last_round',"status=censored, horizon E=6 (never crossed half its base value within the observed horizon -- report as a lower bound '>E', do not extrapolate, per Definition 10)"
m4_proto_cub200_aggregate_halflife_leak_auc_trajectory,6.0,6.0,6.0,tasks,tables/tab04_halflife.csv,dataset=='cub200' & method=='m4_proto' & view=='aggregate' & quantity=='leak_auc' & ablation=='trajectory',"status=censored, horizon E=6 (never crossed half its base value within the observed horizon -- report as a lower bound '>E', do not extrapolate, per Definition 10)"
m4_proto_cub200_aggregate_halflife_leak_tpr1_last_round,6.0,6.0,6.0,tasks,tables/tab04_halflife.csv,dataset=='cub200' & method=='m4_proto' & view=='aggregate' & quantity=='leak_tpr1' & ablation=='last_round',"status=censored, horizon E=6 (never crossed half its base value within the observed horizon -- report as a lower bound '>E', do not extrapolate, per Definition 10)"
m4_proto_cub200_aggregate_halflife_leak_tpr1_trajectory,6.0,6.0,6.0,tasks,tables/tab04_halflife.csv,dataset=='cub200' & method=='m4_proto' & view=='aggregate' & quantity=='leak_tpr1' & ablation=='trajectory',"status=censored, horizon E=6 (never crossed half its base value within the observed horizon -- report as a lower bound '>E', do not extrapolate, per Definition 10)"
m4_proto_cub200_full_halflife_acc,6.0,6.0,6.0,tasks,tables/tab04_halflife.csv,dataset=='cub200' & method=='m4_proto' & view=='full' & quantity=='acc' & ablation=='n/a',"status=censored, horizon E=6 (never crossed half its base value within the observed horizon -- report as a lower bound '>E', do not extrapolate, per Definition 10)"
m4_proto_cub200_full_halflife_leak_auc_last_round,6.0,6.0,6.0,tasks,tables/tab04_halflife.csv,dataset=='cub200' & method=='m4_proto' & view=='full' & quantity=='leak_auc' & ablation=='last_round',"status=censored, horizon E=6 (never crossed half its base value within the observed horizon -- report as a lower bound '>E', do not extrapolate, per Definition 10)"
m4_proto_cub200_full_halflife_leak_auc_trajectory,6.0,6.0,6.0,tasks,tables/tab04_halflife.csv,dataset=='cub200' & method=='m4_proto' & view=='full' & quantity=='leak_auc' & ablation=='trajectory',"status=censored, horizon E=6 (never crossed half its base value within the observed horizon -- report as a lower bound '>E', do not extrapolate, per Definition 10)"
m4_proto_cub200_full_halflife_leak_tpr1_last_round,6.0,6.0,6.0,tasks,tables/tab04_halflife.csv,dataset=='cub200' & method=='m4_proto' & view=='full' & quantity=='leak_tpr1' & ablation=='last_round',"status=censored, horizon E=6 (never crossed half its base value within the observed horizon -- report as a lower bound '>E', do not extrapolate, per Definition 10)"
m4_proto_cub200_full_halflife_leak_tpr1_trajectory,6.0,6.0,6.0,tasks,tables/tab04_halflife.csv,dataset=='cub200' & method=='m4_proto' & view=='full' & quantity=='leak_tpr1' & ablation=='trajectory',"status=censored, horizon E=6 (never crossed half its base value within the observed horizon -- report as a lower bound '>E', do not extrapolate, per Definition 10)"
m4_proto_cub200_global_halflife_leak_auc_last_round,6.0,6.0,6.0,tasks,tables/tab04_halflife.csv,dataset=='cub200' & method=='m4_proto' & view=='global' & quantity=='leak_auc' & ablation=='last_round',"status=censored, horizon E=6 (never crossed half its base value within the observed horizon -- report as a lower bound '>E', do not extrapolate, per Definition 10)"
m4_proto_cub200_global_halflife_leak_auc_trajectory,6.0,6.0,6.0,tasks,tables/tab04_halflife.csv,dataset=='cub200' & method=='m4_proto' & view=='global' & quantity=='leak_auc' & ablation=='trajectory',"status=censored, horizon E=6 (never crossed half its base value within the observed horizon -- report as a lower bound '>E', do not extrapolate, per Definition 10)"
m4_proto_cub200_global_halflife_leak_tpr1_last_round,6.0,6.0,6.0,tasks,tables/tab04_halflife.csv,dataset=='cub200' & method=='m4_proto' & view=='global' & quantity=='leak_tpr1' & ablation=='last_round',"status=censored, horizon E=6 (never crossed half its base value within the observed horizon -- report as a lower bound '>E', do not extrapolate, per Definition 10)"
m4_proto_cub200_global_halflife_leak_tpr1_trajectory,6.0,6.0,6.0,tasks,tables/tab04_halflife.csv,dataset=='cub200' & method=='m4_proto' & view=='global' & quantity=='leak_tpr1' & ablation=='trajectory',"status=censored, horizon E=6 (never crossed half its base value within the observed horizon -- report as a lower bound '>E', do not extrapolate, per Definition 10)"
m5_hybrid_replay_cub200_full_halflife_acc,6.0,6.0,6.0,tasks,tables/tab04_halflife.csv,dataset=='cub200' & method=='m5_hybrid_replay' & view=='full' & quantity=='acc' & ablation=='n/a',"status=censored, horizon E=6 (never crossed half its base value within the observed horizon -- report as a lower bound '>E', do not extrapolate, per Definition 10)"
m5_hybrid_replay_cub200_full_halflife_leak_auc_last_round,6.0,6.0,6.0,tasks,tables/tab04_halflife.csv,dataset=='cub200' & method=='m5_hybrid_replay' & view=='full' & quantity=='leak_auc' & ablation=='last_round',"status=censored, horizon E=6 (never crossed half its base value within the observed horizon -- report as a lower bound '>E', do not extrapolate, per Definition 10)"
m5_hybrid_replay_cub200_full_halflife_leak_auc_trajectory,6.0,6.0,6.0,tasks,tables/tab04_halflife.csv,dataset=='cub200' & method=='m5_hybrid_replay' & view=='full' & quantity=='leak_auc' & ablation=='trajectory',"status=censored, horizon E=6 (never crossed half its base value within the observed horizon -- report as a lower bound '>E', do not extrapolate, per Definition 10)"
m5_hybrid_replay_cub200_full_halflife_leak_tpr1_last_round,6.0,6.0,6.0,tasks,tables/tab04_halflife.csv,dataset=='cub200' & method=='m5_hybrid_replay' & view=='full' & quantity=='leak_tpr1' & ablation=='last_round',"status=censored, horizon E=6 (never crossed half its base value within the observed horizon -- report as a lower bound '>E', do not extrapolate, per Definition 10)"
m5_hybrid_replay_cub200_full_halflife_leak_tpr1_trajectory,6.0,6.0,6.0,tasks,tables/tab04_halflife.csv,dataset=='cub200' & method=='m5_hybrid_replay' & view=='full' & quantity=='leak_tpr1' & ablation=='trajectory',"status=censored, horizon E=6 (never crossed half its base value within the observed horizon -- report as a lower bound '>E', do not extrapolate, per Definition 10)"
m8_analytic_cub200_aggregate_halflife_leak_auc_last_round,6.0,6.0,6.0,tasks,tables/tab04_halflife.csv,dataset=='cub200' & method=='m8_analytic' & view=='aggregate' & quantity=='leak_auc' & ablation=='last_round',"status=censored, horizon E=6 (never crossed half its base value within the observed horizon -- report as a lower bound '>E', do not extrapolate, per Definition 10)"
m8_analytic_cub200_aggregate_halflife_leak_auc_trajectory,6.0,6.0,6.0,tasks,tables/tab04_halflife.csv,dataset=='cub200' & method=='m8_analytic' & view=='aggregate' & quantity=='leak_auc' & ablation=='trajectory',"status=censored, horizon E=6 (never crossed half its base value within the observed horizon -- report as a lower bound '>E', do not extrapolate, per Definition 10)"
m8_analytic_cub200_aggregate_halflife_leak_tpr1_last_round,6.0,6.0,6.0,tasks,tables/tab04_halflife.csv,dataset=='cub200' & method=='m8_analytic' & view=='aggregate' & quantity=='leak_tpr1' & ablation=='last_round',"status=censored, horizon E=6 (never crossed half its base value within the observed horizon -- report as a lower bound '>E', do not extrapolate, per Definition 10)"
m8_analytic_cub200_aggregate_halflife_leak_tpr1_trajectory,6.0,6.0,6.0,tasks,tables/tab04_halflife.csv,dataset=='cub200' & method=='m8_analytic' & view=='aggregate' & quantity=='leak_tpr1' & ablation=='trajectory',"status=censored, horizon E=6 (never crossed half its base value within the observed horizon -- report as a lower bound '>E', do not extrapolate, per Definition 10)"
m8_analytic_cub200_full_halflife_acc,6.0,6.0,6.0,tasks,tables/tab04_halflife.csv,dataset=='cub200' & method=='m8_analytic' & view=='full' & quantity=='acc' & ablation=='n/a',"status=censored, horizon E=6 (never crossed half its base value within the observed horizon -- report as a lower bound '>E', do not extrapolate, per Definition 10)"
m8_analytic_cub200_full_halflife_leak_auc_last_round,6.0,6.0,6.0,tasks,tables/tab04_halflife.csv,dataset=='cub200' & method=='m8_analytic' & view=='full' & quantity=='leak_auc' & ablation=='last_round',"status=censored, horizon E=6 (never crossed half its base value within the observed horizon -- report as a lower bound '>E', do not extrapolate, per Definition 10)"
m8_analytic_cub200_full_halflife_leak_auc_trajectory,6.0,6.0,6.0,tasks,tables/tab04_halflife.csv,dataset=='cub200' & method=='m8_analytic' & view=='full' & quantity=='leak_auc' & ablation=='trajectory',"status=censored, horizon E=6 (never crossed half its base value within the observed horizon -- report as a lower bound '>E', do not extrapolate, per Definition 10)"
m8_analytic_cub200_full_halflife_leak_tpr1_last_round,6.0,6.0,6.0,tasks,tables/tab04_halflife.csv,dataset=='cub200' & method=='m8_analytic' & view=='full' & quantity=='leak_tpr1' & ablation=='last_round',"status=censored, horizon E=6 (never crossed half its base value within the observed horizon -- report as a lower bound '>E', do not extrapolate, per Definition 10)"
m8_analytic_cub200_full_halflife_leak_tpr1_trajectory,6.0,6.0,6.0,tasks,tables/tab04_halflife.csv,dataset=='cub200' & method=='m8_analytic' & view=='full' & quantity=='leak_tpr1' & ablation=='trajectory',"status=censored, horizon E=6 (never crossed half its base value within the observed horizon -- report as a lower bound '>E', do not extrapolate, per Definition 10)"
m8_analytic_cub200_global_halflife_leak_auc_last_round,6.0,6.0,6.0,tasks,tables/tab04_halflife.csv,dataset=='cub200' & method=='m8_analytic' & view=='global' & quantity=='leak_auc' & ablation=='last_round',"status=censored, horizon E=6 (never crossed half its base value within the observed horizon -- report as a lower bound '>E', do not extrapolate, per Definition 10)"
m8_analytic_cub200_global_halflife_leak_auc_trajectory,6.0,6.0,6.0,tasks,tables/tab04_halflife.csv,dataset=='cub200' & method=='m8_analytic' & view=='global' & quantity=='leak_auc' & ablation=='trajectory',"status=censored, horizon E=6 (never crossed half its base value within the observed horizon -- report as a lower bound '>E', do not extrapolate, per Definition 10)"
m8_analytic_cub200_global_halflife_leak_tpr1_last_round,6.0,6.0,6.0,tasks,tables/tab04_halflife.csv,dataset=='cub200' & method=='m8_analytic' & view=='global' & quantity=='leak_tpr1' & ablation=='last_round',"status=censored, horizon E=6 (never crossed half its base value within the observed horizon -- report as a lower bound '>E', do not extrapolate, per Definition 10)"
m8_analytic_cub200_global_halflife_leak_tpr1_trajectory,6.0,6.0,6.0,tasks,tables/tab04_halflife.csv,dataset=='cub200' & method=='m8_analytic' & view=='global' & quantity=='leak_tpr1' & ablation=='trajectory',"status=censored, horizon E=6 (never crossed half its base value within the observed horizon -- report as a lower bound '>E', do not extrapolate, per Definition 10)"
m0_fedavg_imagenet_r_full_halflife_acc,0.7587912120292266,0.7223168908339416,0.8013594115746787,tasks,tables/tab04_halflife.csv,dataset=='imagenet_r' & method=='m0_fedavg' & view=='full' & quantity=='acc' & ablation=='n/a',"status=ok, horizon E=6"
m0_fedavg_imagenet_r_full_halflife_leak_auc_last_round,6.0,0.9935704880188055,6.0,tasks,tables/tab04_halflife.csv,dataset=='imagenet_r' & method=='m0_fedavg' & view=='full' & quantity=='leak_auc' & ablation=='last_round',"status=censored, horizon E=6 (never crossed half its base value within the observed horizon -- report as a lower bound '>E', do not extrapolate, per Definition 10)"
m0_fedavg_imagenet_r_full_halflife_leak_auc_trajectory,6.0,6.0,6.0,tasks,tables/tab04_halflife.csv,dataset=='imagenet_r' & method=='m0_fedavg' & view=='full' & quantity=='leak_auc' & ablation=='trajectory',"status=censored, horizon E=6 (never crossed half its base value within the observed horizon -- report as a lower bound '>E', do not extrapolate, per Definition 10)"
m0_fedavg_imagenet_r_full_halflife_leak_tpr1_last_round,6.0,0.9465743074219284,6.0,tasks,tables/tab04_halflife.csv,dataset=='imagenet_r' & method=='m0_fedavg' & view=='full' & quantity=='leak_tpr1' & ablation=='last_round',"status=censored, horizon E=6 (never crossed half its base value within the observed horizon -- report as a lower bound '>E', do not extrapolate, per Definition 10)"
m0_fedavg_imagenet_r_full_halflife_leak_tpr1_trajectory,6.0,6.0,6.0,tasks,tables/tab04_halflife.csv,dataset=='imagenet_r' & method=='m0_fedavg' & view=='full' & quantity=='leak_tpr1' & ablation=='trajectory',"status=censored, horizon E=6 (never crossed half its base value within the observed horizon -- report as a lower bound '>E', do not extrapolate, per Definition 10)"
m1_glfc_imagenet_r_full_halflife_acc,6.0,6.0,6.0,tasks,tables/tab04_halflife.csv,dataset=='imagenet_r' & method=='m1_glfc' & view=='full' & quantity=='acc' & ablation=='n/a',"status=censored, horizon E=6 (never crossed half its base value within the observed horizon -- report as a lower bound '>E', do not extrapolate, per Definition 10)"
m1_glfc_imagenet_r_full_halflife_leak_auc_last_round,6.0,6.0,6.0,tasks,tables/tab04_halflife.csv,dataset=='imagenet_r' & method=='m1_glfc' & view=='full' & quantity=='leak_auc' & ablation=='last_round',"status=censored, horizon E=6 (never crossed half its base value within the observed horizon -- report as a lower bound '>E', do not extrapolate, per Definition 10)"
m1_glfc_imagenet_r_full_halflife_leak_auc_trajectory,6.0,6.0,6.0,tasks,tables/tab04_halflife.csv,dataset=='imagenet_r' & method=='m1_glfc' & view=='full' & quantity=='leak_auc' & ablation=='trajectory',"status=censored, horizon E=6 (never crossed half its base value within the observed horizon -- report as a lower bound '>E', do not extrapolate, per Definition 10)"
m1_glfc_imagenet_r_full_halflife_leak_tpr1_last_round,6.0,6.0,6.0,tasks,tables/tab04_halflife.csv,dataset=='imagenet_r' & method=='m1_glfc' & view=='full' & quantity=='leak_tpr1' & ablation=='last_round',"status=censored, horizon E=6 (never crossed half its base value within the observed horizon -- report as a lower bound '>E', do not extrapolate, per Definition 10)"
m1_glfc_imagenet_r_full_halflife_leak_tpr1_trajectory,6.0,6.0,6.0,tasks,tables/tab04_halflife.csv,dataset=='imagenet_r' & method=='m1_glfc' & view=='full' & quantity=='leak_tpr1' & ablation=='trajectory',"status=censored, horizon E=6 (never crossed half its base value within the observed horizon -- report as a lower bound '>E', do not extrapolate, per Definition 10)"
m2_target_imagenet_r_full_halflife_acc,6.0,6.0,6.0,tasks,tables/tab04_halflife.csv,dataset=='imagenet_r' & method=='m2_target' & view=='full' & quantity=='acc' & ablation=='n/a',"status=censored, horizon E=6 (never crossed half its base value within the observed horizon -- report as a lower bound '>E', do not extrapolate, per Definition 10)"
m2_target_imagenet_r_full_halflife_leak_auc_last_round,6.0,6.0,6.0,tasks,tables/tab04_halflife.csv,dataset=='imagenet_r' & method=='m2_target' & view=='full' & quantity=='leak_auc' & ablation=='last_round',"status=censored, horizon E=6 (never crossed half its base value within the observed horizon -- report as a lower bound '>E', do not extrapolate, per Definition 10)"
m2_target_imagenet_r_full_halflife_leak_auc_trajectory,6.0,6.0,6.0,tasks,tables/tab04_halflife.csv,dataset=='imagenet_r' & method=='m2_target' & view=='full' & quantity=='leak_auc' & ablation=='trajectory',"status=censored, horizon E=6 (never crossed half its base value within the observed horizon -- report as a lower bound '>E', do not extrapolate, per Definition 10)"
m2_target_imagenet_r_full_halflife_leak_tpr1_last_round,6.0,6.0,6.0,tasks,tables/tab04_halflife.csv,dataset=='imagenet_r' & method=='m2_target' & view=='full' & quantity=='leak_tpr1' & ablation=='last_round',"status=censored, horizon E=6 (never crossed half its base value within the observed horizon -- report as a lower bound '>E', do not extrapolate, per Definition 10)"
m2_target_imagenet_r_full_halflife_leak_tpr1_trajectory,6.0,6.0,6.0,tasks,tables/tab04_halflife.csv,dataset=='imagenet_r' & method=='m2_target' & view=='full' & quantity=='leak_tpr1' & ablation=='trajectory',"status=censored, horizon E=6 (never crossed half its base value within the observed horizon -- report as a lower bound '>E', do not extrapolate, per Definition 10)"
m3_fot_imagenet_r_full_halflife_acc,6.0,6.0,6.0,tasks,tables/tab04_halflife.csv,dataset=='imagenet_r' & method=='m3_fot' & view=='full' & quantity=='acc' & ablation=='n/a',"status=censored, horizon E=6 (never crossed half its base value within the observed horizon -- report as a lower bound '>E', do not extrapolate, per Definition 10)"
m3_fot_imagenet_r_full_halflife_leak_auc_last_round,6.0,6.0,6.0,tasks,tables/tab04_halflife.csv,dataset=='imagenet_r' & method=='m3_fot' & view=='full' & quantity=='leak_auc' & ablation=='last_round',"status=censored, horizon E=6 (never crossed half its base value within the observed horizon -- report as a lower bound '>E', do not extrapolate, per Definition 10)"
m3_fot_imagenet_r_full_halflife_leak_auc_trajectory,6.0,6.0,6.0,tasks,tables/tab04_halflife.csv,dataset=='imagenet_r' & method=='m3_fot' & view=='full' & quantity=='leak_auc' & ablation=='trajectory',"status=censored, horizon E=6 (never crossed half its base value within the observed horizon -- report as a lower bound '>E', do not extrapolate, per Definition 10)"
m3_fot_imagenet_r_full_halflife_leak_tpr1_last_round,6.0,6.0,6.0,tasks,tables/tab04_halflife.csv,dataset=='imagenet_r' & method=='m3_fot' & view=='full' & quantity=='leak_tpr1' & ablation=='last_round',"status=censored, horizon E=6 (never crossed half its base value within the observed horizon -- report as a lower bound '>E', do not extrapolate, per Definition 10)"
m3_fot_imagenet_r_full_halflife_leak_tpr1_trajectory,6.0,6.0,6.0,tasks,tables/tab04_halflife.csv,dataset=='imagenet_r' & method=='m3_fot' & view=='full' & quantity=='leak_tpr1' & ablation=='trajectory',"status=censored, horizon E=6 (never crossed half its base value within the observed horizon -- report as a lower bound '>E', do not extrapolate, per Definition 10)"
m4_proto_imagenet_r_aggregate_halflife_leak_auc_last_round,6.0,6.0,6.0,tasks,tables/tab04_halflife.csv,dataset=='imagenet_r' & method=='m4_proto' & view=='aggregate' & quantity=='leak_auc' & ablation=='last_round',"status=censored, horizon E=6 (never crossed half its base value within the observed horizon -- report as a lower bound '>E', do not extrapolate, per Definition 10)"
m4_proto_imagenet_r_aggregate_halflife_leak_auc_trajectory,6.0,6.0,6.0,tasks,tables/tab04_halflife.csv,dataset=='imagenet_r' & method=='m4_proto' & view=='aggregate' & quantity=='leak_auc' & ablation=='trajectory',"status=censored, horizon E=6 (never crossed half its base value within the observed horizon -- report as a lower bound '>E', do not extrapolate, per Definition 10)"
m4_proto_imagenet_r_aggregate_halflife_leak_tpr1_last_round,6.0,6.0,6.0,tasks,tables/tab04_halflife.csv,dataset=='imagenet_r' & method=='m4_proto' & view=='aggregate' & quantity=='leak_tpr1' & ablation=='last_round',"status=censored, horizon E=6 (never crossed half its base value within the observed horizon -- report as a lower bound '>E', do not extrapolate, per Definition 10)"
m4_proto_imagenet_r_aggregate_halflife_leak_tpr1_trajectory,6.0,6.0,6.0,tasks,tables/tab04_halflife.csv,dataset=='imagenet_r' & method=='m4_proto' & view=='aggregate' & quantity=='leak_tpr1' & ablation=='trajectory',"status=censored, horizon E=6 (never crossed half its base value within the observed horizon -- report as a lower bound '>E', do not extrapolate, per Definition 10)"
m4_proto_imagenet_r_full_halflife_acc,6.0,6.0,6.0,tasks,tables/tab04_halflife.csv,dataset=='imagenet_r' & method=='m4_proto' & view=='full' & quantity=='acc' & ablation=='n/a',"status=censored, horizon E=6 (never crossed half its base value within the observed horizon -- report as a lower bound '>E', do not extrapolate, per Definition 10)"
m4_proto_imagenet_r_full_halflife_leak_auc_last_round,6.0,6.0,6.0,tasks,tables/tab04_halflife.csv,dataset=='imagenet_r' & method=='m4_proto' & view=='full' & quantity=='leak_auc' & ablation=='last_round',"status=censored, horizon E=6 (never crossed half its base value within the observed horizon -- report as a lower bound '>E', do not extrapolate, per Definition 10)"
m4_proto_imagenet_r_full_halflife_leak_auc_trajectory,6.0,6.0,6.0,tasks,tables/tab04_halflife.csv,dataset=='imagenet_r' & method=='m4_proto' & view=='full' & quantity=='leak_auc' & ablation=='trajectory',"status=censored, horizon E=6 (never crossed half its base value within the observed horizon -- report as a lower bound '>E', do not extrapolate, per Definition 10)"
m4_proto_imagenet_r_full_halflife_leak_tpr1_last_round,6.0,6.0,6.0,tasks,tables/tab04_halflife.csv,dataset=='imagenet_r' & method=='m4_proto' & view=='full' & quantity=='leak_tpr1' & ablation=='last_round',"status=censored, horizon E=6 (never crossed half its base value within the observed horizon -- report as a lower bound '>E', do not extrapolate, per Definition 10)"
m4_proto_imagenet_r_full_halflife_leak_tpr1_trajectory,6.0,6.0,6.0,tasks,tables/tab04_halflife.csv,dataset=='imagenet_r' & method=='m4_proto' & view=='full' & quantity=='leak_tpr1' & ablation=='trajectory',"status=censored, horizon E=6 (never crossed half its base value within the observed horizon -- report as a lower bound '>E', do not extrapolate, per Definition 10)"
m4_proto_imagenet_r_global_halflife_leak_auc_last_round,6.0,6.0,6.0,tasks,tables/tab04_halflife.csv,dataset=='imagenet_r' & method=='m4_proto' & view=='global' & quantity=='leak_auc' & ablation=='last_round',"status=censored, horizon E=6 (never crossed half its base value within the observed horizon -- report as a lower bound '>E', do not extrapolate, per Definition 10)"
m4_proto_imagenet_r_global_halflife_leak_auc_trajectory,6.0,6.0,6.0,tasks,tables/tab04_halflife.csv,dataset=='imagenet_r' & method=='m4_proto' & view=='global' & quantity=='leak_auc' & ablation=='trajectory',"status=censored, horizon E=6 (never crossed half its base value within the observed horizon -- report as a lower bound '>E', do not extrapolate, per Definition 10)"
m4_proto_imagenet_r_global_halflife_leak_tpr1_last_round,6.0,6.0,6.0,tasks,tables/tab04_halflife.csv,dataset=='imagenet_r' & method=='m4_proto' & view=='global' & quantity=='leak_tpr1' & ablation=='last_round',"status=censored, horizon E=6 (never crossed half its base value within the observed horizon -- report as a lower bound '>E', do not extrapolate, per Definition 10)"
m4_proto_imagenet_r_global_halflife_leak_tpr1_trajectory,6.0,6.0,6.0,tasks,tables/tab04_halflife.csv,dataset=='imagenet_r' & method=='m4_proto' & view=='global' & quantity=='leak_tpr1' & ablation=='trajectory',"status=censored, horizon E=6 (never crossed half its base value within the observed horizon -- report as a lower bound '>E', do not extrapolate, per Definition 10)"
m5_hybrid_replay_imagenet_r_full_halflife_acc,6.0,6.0,6.0,tasks,tables/tab04_halflife.csv,dataset=='imagenet_r' & method=='m5_hybrid_replay' & view=='full' & quantity=='acc' & ablation=='n/a',"status=censored, horizon E=6 (never crossed half its base value within the observed horizon -- report as a lower bound '>E', do not extrapolate, per Definition 10)"
m5_hybrid_replay_imagenet_r_full_halflife_leak_auc_last_round,6.0,6.0,6.0,tasks,tables/tab04_halflife.csv,dataset=='imagenet_r' & method=='m5_hybrid_replay' & view=='full' & quantity=='leak_auc' & ablation=='last_round',"status=censored, horizon E=6 (never crossed half its base value within the observed horizon -- report as a lower bound '>E', do not extrapolate, per Definition 10)"
m5_hybrid_replay_imagenet_r_full_halflife_leak_auc_trajectory,6.0,6.0,6.0,tasks,tables/tab04_halflife.csv,dataset=='imagenet_r' & method=='m5_hybrid_replay' & view=='full' & quantity=='leak_auc' & ablation=='trajectory',"status=censored, horizon E=6 (never crossed half its base value within the observed horizon -- report as a lower bound '>E', do not extrapolate, per Definition 10)"
m5_hybrid_replay_imagenet_r_full_halflife_leak_tpr1_last_round,6.0,6.0,6.0,tasks,tables/tab04_halflife.csv,dataset=='imagenet_r' & method=='m5_hybrid_replay' & view=='full' & quantity=='leak_tpr1' & ablation=='last_round',"status=censored, horizon E=6 (never crossed half its base value within the observed horizon -- report as a lower bound '>E', do not extrapolate, per Definition 10)"
m5_hybrid_replay_imagenet_r_full_halflife_leak_tpr1_trajectory,6.0,6.0,6.0,tasks,tables/tab04_halflife.csv,dataset=='imagenet_r' & method=='m5_hybrid_replay' & view=='full' & quantity=='leak_tpr1' & ablation=='trajectory',"status=censored, horizon E=6 (never crossed half its base value within the observed horizon -- report as a lower bound '>E', do not extrapolate, per Definition 10)"
m8_analytic_imagenet_r_aggregate_halflife_leak_auc_last_round,6.0,6.0,6.0,tasks,tables/tab04_halflife.csv,dataset=='imagenet_r' & method=='m8_analytic' & view=='aggregate' & quantity=='leak_auc' & ablation=='last_round',"status=censored, horizon E=6 (never crossed half its base value within the observed horizon -- report as a lower bound '>E', do not extrapolate, per Definition 10)"
m8_analytic_imagenet_r_aggregate_halflife_leak_auc_trajectory,6.0,6.0,6.0,tasks,tables/tab04_halflife.csv,dataset=='imagenet_r' & method=='m8_analytic' & view=='aggregate' & quantity=='leak_auc' & ablation=='trajectory',"status=censored, horizon E=6 (never crossed half its base value within the observed horizon -- report as a lower bound '>E', do not extrapolate, per Definition 10)"
m8_analytic_imagenet_r_aggregate_halflife_leak_tpr1_last_round,6.0,6.0,6.0,tasks,tables/tab04_halflife.csv,dataset=='imagenet_r' & method=='m8_analytic' & view=='aggregate' & quantity=='leak_tpr1' & ablation=='last_round',"status=censored, horizon E=6 (never crossed half its base value within the observed horizon -- report as a lower bound '>E', do not extrapolate, per Definition 10)"
m8_analytic_imagenet_r_aggregate_halflife_leak_tpr1_trajectory,6.0,6.0,6.0,tasks,tables/tab04_halflife.csv,dataset=='imagenet_r' & method=='m8_analytic' & view=='aggregate' & quantity=='leak_tpr1' & ablation=='trajectory',"status=censored, horizon E=6 (never crossed half its base value within the observed horizon -- report as a lower bound '>E', do not extrapolate, per Definition 10)"
m8_analytic_imagenet_r_full_halflife_acc,6.0,6.0,6.0,tasks,tables/tab04_halflife.csv,dataset=='imagenet_r' & method=='m8_analytic' & view=='full' & quantity=='acc' & ablation=='n/a',"status=censored, horizon E=6 (never crossed half its base value within the observed horizon -- report as a lower bound '>E', do not extrapolate, per Definition 10)"
m8_analytic_imagenet_r_full_halflife_leak_auc_last_round,6.0,6.0,6.0,tasks,tables/tab04_halflife.csv,dataset=='imagenet_r' & method=='m8_analytic' & view=='full' & quantity=='leak_auc' & ablation=='last_round',"status=censored, horizon E=6 (never crossed half its base value within the observed horizon -- report as a lower bound '>E', do not extrapolate, per Definition 10)"
m8_analytic_imagenet_r_full_halflife_leak_auc_trajectory,6.0,6.0,6.0,tasks,tables/tab04_halflife.csv,dataset=='imagenet_r' & method=='m8_analytic' & view=='full' & quantity=='leak_auc' & ablation=='trajectory',"status=censored, horizon E=6 (never crossed half its base value within the observed horizon -- report as a lower bound '>E', do not extrapolate, per Definition 10)"
m8_analytic_imagenet_r_full_halflife_leak_tpr1_last_round,6.0,6.0,6.0,tasks,tables/tab04_halflife.csv,dataset=='imagenet_r' & method=='m8_analytic' & view=='full' & quantity=='leak_tpr1' & ablation=='last_round',"status=censored, horizon E=6 (never crossed half its base value within the observed horizon -- report as a lower bound '>E', do not extrapolate, per Definition 10)"
m8_analytic_imagenet_r_full_halflife_leak_tpr1_trajectory,6.0,6.0,6.0,tasks,tables/tab04_halflife.csv,dataset=='imagenet_r' & method=='m8_analytic' & view=='full' & quantity=='leak_tpr1' & ablation=='trajectory',"status=censored, horizon E=6 (never crossed half its base value within the observed horizon -- report as a lower bound '>E', do not extrapolate, per Definition 10)"
m8_analytic_imagenet_r_global_halflife_leak_auc_last_round,6.0,6.0,6.0,tasks,tables/tab04_halflife.csv,dataset=='imagenet_r' & method=='m8_analytic' & view=='global' & quantity=='leak_auc' & ablation=='last_round',"status=censored, horizon E=6 (never crossed half its base value within the observed horizon -- report as a lower bound '>E', do not extrapolate, per Definition 10)"
m8_analytic_imagenet_r_global_halflife_leak_auc_trajectory,6.0,6.0,6.0,tasks,tables/tab04_halflife.csv,dataset=='imagenet_r' & method=='m8_analytic' & view=='global' & quantity=='leak_auc' & ablation=='trajectory',"status=censored, horizon E=6 (never crossed half its base value within the observed horizon -- report as a lower bound '>E', do not extrapolate, per Definition 10)"
m8_analytic_imagenet_r_global_halflife_leak_tpr1_last_round,6.0,6.0,6.0,tasks,tables/tab04_halflife.csv,dataset=='imagenet_r' & method=='m8_analytic' & view=='global' & quantity=='leak_tpr1' & ablation=='last_round',"status=censored, horizon E=6 (never crossed half its base value within the observed horizon -- report as a lower bound '>E', do not extrapolate, per Definition 10)"
m8_analytic_imagenet_r_global_halflife_leak_tpr1_trajectory,6.0,6.0,6.0,tasks,tables/tab04_halflife.csv,dataset=='imagenet_r' & method=='m8_analytic' & view=='global' & quantity=='leak_tpr1' & ablation=='trajectory',"status=censored, horizon E=6 (never crossed half its base value within the observed horizon -- report as a lower bound '>E', do not extrapolate, per Definition 10)"
m0_fedavg_cifar100_decoupling_ratio,6.868340105570957,,,ratio (leak half-life / accuracy half-life),results/decoupling_ratio.csv,dataset=='cifar100' & method=='m0_fedavg' & view=='full',"lower bound -- leak half-life censored at the observed horizon, ratio only increases with a longer horizon"
m0_fedavg_cub200_decoupling_ratio,0.48687145582965763,,,ratio (leak half-life / accuracy half-life),results/decoupling_ratio.csv,dataset=='cub200' & method=='m0_fedavg' & view=='full',real point estimate
m0_fedavg_imagenet_r_decoupling_ratio,7.907313507169211,,,ratio (leak half-life / accuracy half-life),results/decoupling_ratio.csv,dataset=='imagenet_r' & method=='m0_fedavg' & view=='full',"lower bound -- leak half-life censored at the observed horizon, ratio only increases with a longer horizon"
M0_cifar100_eps_T10_U1,2.5292139405522476,,,epsilon (DP),results/fig05_eps_of_T.csv,dataset=='cifar100' & method=='M0' & unit=='U1' & T==10,"last observed T (regime=contractive); deterministic accountant computation, no CI"
M0_cifar100_eps_T10_U2,2.5292139405522476,,,epsilon (DP),results/fig05_eps_of_T.csv,dataset=='cifar100' & method=='M0' & unit=='U2' & T==10,"last observed T (regime=contractive); deterministic accountant computation, no CI"
M0_cifar100_eps_T10_U3,4.530670910207755,,,epsilon (DP),results/fig05_eps_of_T.csv,dataset=='cifar100' & method=='M0' & unit=='U3' & T==10,"last observed T (regime=contractive); deterministic accountant computation, no CI"
M0_cifar100_eps_T10_U4,8.837137179629,,,epsilon (DP),results/fig05_eps_of_T.csv,dataset=='cifar100' & method=='M0' & unit=='U4' & T==10,"last observed T (regime=accumulating); deterministic accountant computation, no CI"
M1_cifar100_eps_T10_U1,9.332482635101428,,,epsilon (DP),results/fig05_eps_of_T.csv,dataset=='cifar100' & method=='M1' & unit=='U1' & T==10,"last observed T (regime=accumulating); deterministic accountant computation, no CI"
M1_cifar100_eps_T10_U2,9.332482635101428,,,epsilon (DP),results/fig05_eps_of_T.csv,dataset=='cifar100' & method=='M1' & unit=='U2' & T==10,"last observed T (regime=accumulating); deterministic accountant computation, no CI"
M1_cifar100_eps_T10_U3,10.275778510681564,,,epsilon (DP),results/fig05_eps_of_T.csv,dataset=='cifar100' & method=='M1' & unit=='U3' & T==10,"last observed T (regime=accumulating); deterministic accountant computation, no CI"
M1_cifar100_eps_T10_U4,13.230019140012296,,,epsilon (DP),results/fig05_eps_of_T.csv,dataset=='cifar100' & method=='M1' & unit=='U4' & T==10,"last observed T (regime=accumulating); deterministic accountant computation, no CI"
M2_cifar100_eps_T10_U1,3.6430702143557943,,,epsilon (DP),results/fig05_eps_of_T.csv,dataset=='cifar100' & method=='M2' & unit=='U1' & T==10,"last observed T (regime=contractive); deterministic accountant computation, no CI"
M2_cifar100_eps_T10_U2,3.6430702143557943,,,epsilon (DP),results/fig05_eps_of_T.csv,dataset=='cifar100' & method=='M2' & unit=='U2' & T==10,"last observed T (regime=contractive); deterministic accountant computation, no CI"
M2_cifar100_eps_T10_U3,6.627064838413654,,,epsilon (DP),results/fig05_eps_of_T.csv,dataset=='cifar100' & method=='M2' & unit=='U3' & T==10,"last observed T (regime=contractive); deterministic accountant computation, no CI"
M2_cifar100_eps_T10_U4,13.230019140012296,,,epsilon (DP),results/fig05_eps_of_T.csv,dataset=='cifar100' & method=='M2' & unit=='U4' & T==10,"last observed T (regime=accumulating); deterministic accountant computation, no CI"
M3_cifar100_eps_T10_U1,3.6430702143557943,,,epsilon (DP),results/fig05_eps_of_T.csv,dataset=='cifar100' & method=='M3' & unit=='U1' & T==10,"last observed T (regime=contractive); deterministic accountant computation, no CI"
M3_cifar100_eps_T10_U2,3.6430702143557943,,,epsilon (DP),results/fig05_eps_of_T.csv,dataset=='cifar100' & method=='M3' & unit=='U2' & T==10,"last observed T (regime=contractive); deterministic accountant computation, no CI"
M3_cifar100_eps_T10_U3,6.627064838413654,,,epsilon (DP),results/fig05_eps_of_T.csv,dataset=='cifar100' & method=='M3' & unit=='U3' & T==10,"last observed T (regime=contractive); deterministic accountant computation, no CI"
M3_cifar100_eps_T10_U4,13.230019140012296,,,epsilon (DP),results/fig05_eps_of_T.csv,dataset=='cifar100' & method=='M3' & unit=='U4' & T==10,"last observed T (regime=accumulating); deterministic accountant computation, no CI"
M4_cifar100_eps_T10_U1,3.6430702143557943,,,epsilon (DP),results/fig05_eps_of_T.csv,dataset=='cifar100' & method=='M4' & unit=='U1' & T==10,"last observed T (regime=contractive); deterministic accountant computation, no CI"
M4_cifar100_eps_T10_U2,3.6430702143557943,,,epsilon (DP),results/fig05_eps_of_T.csv,dataset=='cifar100' & method=='M4' & unit=='U2' & T==10,"last observed T (regime=contractive); deterministic accountant computation, no CI"
M4_cifar100_eps_T10_U3,6.627064838413654,,,epsilon (DP),results/fig05_eps_of_T.csv,dataset=='cifar100' & method=='M4' & unit=='U3' & T==10,"last observed T (regime=contractive); deterministic accountant computation, no CI"
M4_cifar100_eps_T10_U4,13.230019140012296,,,epsilon (DP),results/fig05_eps_of_T.csv,dataset=='cifar100' & method=='M4' & unit=='U4' & T==10,"last observed T (regime=accumulating); deterministic accountant computation, no CI"
M5_cifar100_eps_T10_U1,9.332482635101428,,,epsilon (DP),results/fig05_eps_of_T.csv,dataset=='cifar100' & method=='M5' & unit=='U1' & T==10,"last observed T (regime=accumulating); deterministic accountant computation, no CI"
M5_cifar100_eps_T10_U2,9.332482635101428,,,epsilon (DP),results/fig05_eps_of_T.csv,dataset=='cifar100' & method=='M5' & unit=='U2' & T==10,"last observed T (regime=accumulating); deterministic accountant computation, no CI"
M5_cifar100_eps_T10_U3,10.275778510681564,,,epsilon (DP),results/fig05_eps_of_T.csv,dataset=='cifar100' & method=='M5' & unit=='U3' & T==10,"last observed T (regime=accumulating); deterministic accountant computation, no CI"
M5_cifar100_eps_T10_U4,13.230019140012296,,,epsilon (DP),results/fig05_eps_of_T.csv,dataset=='cifar100' & method=='M5' & unit=='U4' & T==10,"last observed T (regime=accumulating); deterministic accountant computation, no CI"
M8_cifar100_eps_T10_U1,2.5292139405522476,,,epsilon (DP),results/fig05_eps_of_T.csv,dataset=='cifar100' & method=='M8' & unit=='U1' & T==10,"last observed T (regime=contractive); deterministic accountant computation, no CI"
M8_cifar100_eps_T10_U2,2.5292139405522476,,,epsilon (DP),results/fig05_eps_of_T.csv,dataset=='cifar100' & method=='M8' & unit=='U2' & T==10,"last observed T (regime=contractive); deterministic accountant computation, no CI"
M8_cifar100_eps_T10_U3,4.530670910207755,,,epsilon (DP),results/fig05_eps_of_T.csv,dataset=='cifar100' & method=='M8' & unit=='U3' & T==10,"last observed T (regime=contractive); deterministic accountant computation, no CI"
M8_cifar100_eps_T10_U4,8.837137179629,,,epsilon (DP),results/fig05_eps_of_T.csv,dataset=='cifar100' & method=='M8' & unit=='U4' & T==10,"last observed T (regime=accumulating); deterministic accountant computation, no CI"
m0_camelyon17_natural_n5_tpr1_e0,0.021485077154672738,0.01161166273742801,0.03135849157191747,TPR@1%FPR,results/fig18_natural_federation.csv,partition=='natural' & elapsed=='0',"FIG18 v2 matched-5-client redesign, n_seeds=3; H13 correction -- see agents/OPEN_QUESTIONS.md"
m0_camelyon17_natural_n5_acc_norm_e0,1.0,,,"accuracy, normalised to elapsed=0",results/fig18_natural_federation.csv,partition=='natural' & elapsed=='0',"FIG18 v2 matched-5-client redesign, mean over 3 seeds"
m0_camelyon17_natural_n5_tpr1_e1,0.025769224653305348,0.013438679700043022,0.03809976960656768,TPR@1%FPR,results/fig18_natural_federation.csv,partition=='natural' & elapsed=='1',"FIG18 v2 matched-5-client redesign, n_seeds=3; H13 correction -- see agents/OPEN_QUESTIONS.md"
m0_camelyon17_natural_n5_acc_norm_e1,0.9844014520184644,,,"accuracy, normalised to elapsed=0",results/fig18_natural_federation.csv,partition=='natural' & elapsed=='1',"FIG18 v2 matched-5-client redesign, mean over 3 seeds"
m0_camelyon17_natural_n5_tpr1_e2,0.027849429156898923,0.018425604745486206,0.03727325356831164,TPR@1%FPR,results/fig18_natural_federation.csv,partition=='natural' & elapsed=='2',"FIG18 v2 matched-5-client redesign, n_seeds=3; H13 correction -- see agents/OPEN_QUESTIONS.md"
m0_camelyon17_natural_n5_acc_norm_e2,0.9891829203643662,,,"accuracy, normalised to elapsed=0",results/fig18_natural_federation.csv,partition=='natural' & elapsed=='2',"FIG18 v2 matched-5-client redesign, mean over 3 seeds"
m0_camelyon17_natural_n5_tpr1_e3,0.031608578726268204,0.020154531622956457,0.043062625829579954,TPR@1%FPR,results/fig18_natural_federation.csv,partition=='natural' & elapsed=='3',"FIG18 v2 matched-5-client redesign, n_seeds=3; H13 correction -- see agents/OPEN_QUESTIONS.md"
m0_camelyon17_natural_n5_acc_norm_e3,1.0172251051209946,,,"accuracy, normalised to elapsed=0",results/fig18_natural_federation.csv,partition=='natural' & elapsed=='3',"FIG18 v2 matched-5-client redesign, mean over 3 seeds"
m0_camelyon17_natural_n5_tpr1_e4,0.034384162058176224,0.021788352459263777,0.04697997165708867,TPR@1%FPR,results/fig18_natural_federation.csv,partition=='natural' & elapsed=='4',"FIG18 v2 matched-5-client redesign, n_seeds=3; H13 correction -- see agents/OPEN_QUESTIONS.md"
m0_camelyon17_natural_n5_acc_norm_e4,1.0468341182626897,,,"accuracy, normalised to elapsed=0",results/fig18_natural_federation.csv,partition=='natural' & elapsed=='4',"FIG18 v2 matched-5-client redesign, mean over 3 seeds"
m0_camelyon17_dirichlet_n5_tpr1_e0,0.02307281028467277,0.011020315950868205,0.035125304618477335,TPR@1%FPR,results/fig18_natural_federation.csv,partition=='dirichlet' & elapsed=='0',"FIG18 v2 matched-5-client redesign, n_seeds=3; H13 correction -- see agents/OPEN_QUESTIONS.md"
m0_camelyon17_dirichlet_n5_acc_norm_e0,1.0,,,"accuracy, normalised to elapsed=0",results/fig18_natural_federation.csv,partition=='dirichlet' & elapsed=='0',"FIG18 v2 matched-5-client redesign, mean over 3 seeds"
m0_camelyon17_dirichlet_n5_tpr1_e1,0.025124024268611416,0.00561195012234459,0.04463609841487824,TPR@1%FPR,results/fig18_natural_federation.csv,partition=='dirichlet' & elapsed=='1',"FIG18 v2 matched-5-client redesign, n_seeds=3; H13 correction -- see agents/OPEN_QUESTIONS.md"
m0_camelyon17_dirichlet_n5_acc_norm_e1,0.9784818335836571,,,"accuracy, normalised to elapsed=0",results/fig18_natural_federation.csv,partition=='dirichlet' & elapsed=='1',"FIG18 v2 matched-5-client redesign, mean over 3 seeds"
m0_camelyon17_dirichlet_n5_tpr1_e2,0.02837614768983067,0.010340502337313807,0.046411793042347535,TPR@1%FPR,results/fig18_natural_federation.csv,partition=='dirichlet' & elapsed=='2',"FIG18 v2 matched-5-client redesign, n_seeds=3; H13 correction -- see agents/OPEN_QUESTIONS.md"
m0_camelyon17_dirichlet_n5_acc_norm_e2,0.9943468091207842,,,"accuracy, normalised to elapsed=0",results/fig18_natural_federation.csv,partition=='dirichlet' & elapsed=='2',"FIG18 v2 matched-5-client redesign, mean over 3 seeds"
m0_camelyon17_dirichlet_n5_tpr1_e3,0.036269701450121365,0.013127812558712933,0.0594115903415298,TPR@1%FPR,results/fig18_natural_federation.csv,partition=='dirichlet' & elapsed=='3',"FIG18 v2 matched-5-client redesign, n_seeds=3; H13 correction -- see agents/OPEN_QUESTIONS.md"
m0_camelyon17_dirichlet_n5_acc_norm_e3,0.9950638460072424,,,"accuracy, normalised to elapsed=0",results/fig18_natural_federation.csv,partition=='dirichlet' & elapsed=='3',"FIG18 v2 matched-5-client redesign, mean over 3 seeds"
m0_camelyon17_dirichlet_n5_tpr1_e4,0.04868103656362386,0.018099185464845183,0.07926288766240254,TPR@1%FPR,results/fig18_natural_federation.csv,partition=='dirichlet' & elapsed=='4',"FIG18 v2 matched-5-client redesign, n_seeds=3; H13 correction -- see agents/OPEN_QUESTIONS.md"
m0_camelyon17_dirichlet_n5_acc_norm_e4,0.9881074899942824,,,"accuracy, normalised to elapsed=0",results/fig18_natural_federation.csv,partition=='dirichlet' & elapsed=='4',"FIG18 v2 matched-5-client redesign, mean over 3 seeds"
m5_hybrid_replay_cifar100_buffer_size_per_class1_seed0_tpr1,0.031158429380738425,0.027877966120116702,0.03470900237185926,TPR@1%FPR,results/fig03_dose_response.csv,method=='m5_hybrid_replay' & knob_value=='1' & seed=='0',"FX8 dose-response, pooled K=[0,1,2,3], elapsed=6"
m5_hybrid_replay_cifar100_buffer_size_per_class1_seed0_retention_bwt,-0.2607777777777778,,,backward transfer,results/fig03_dose_response.csv,method=='m5_hybrid_replay' & knob_value=='1' & seed=='0',FX8 dose-response; -BWT is the retention-strength reading
m5_hybrid_replay_cifar100_buffer_size_per_class1_seed1_tpr1,0.03506022916462638,0.031576839709305145,0.038811918505541054,TPR@1%FPR,results/fig03_dose_response.csv,method=='m5_hybrid_replay' & knob_value=='1' & seed=='1',"FX8 dose-response, pooled K=[0,1,2,3], elapsed=6"
m5_hybrid_replay_cifar100_buffer_size_per_class1_seed1_retention_bwt,-0.25755555555555554,,,backward transfer,results/fig03_dose_response.csv,method=='m5_hybrid_replay' & knob_value=='1' & seed=='1',FX8 dose-response; -BWT is the retention-strength reading
m5_hybrid_replay_cifar100_buffer_size_per_class1_seed2_tpr1,0.03495544893762851,0.031477563536986594,0.03870164849591419,TPR@1%FPR,results/fig03_dose_response.csv,method=='m5_hybrid_replay' & knob_value=='1' & seed=='2',"FX8 dose-response, pooled K=[0,1,2,3], elapsed=6"
m5_hybrid_replay_cifar100_buffer_size_per_class1_seed2_retention_bwt,-0.2614444444444444,,,backward transfer,results/fig03_dose_response.csv,method=='m5_hybrid_replay' & knob_value=='1' & seed=='2',FX8 dose-response; -BWT is the retention-strength reading
m5_hybrid_replay_cifar100_buffer_size_per_class2_seed0_tpr1,0.046456692913385826,0.042445434696318854,0.050730413842093106,TPR@1%FPR,results/fig03_dose_response.csv,method=='m5_hybrid_replay' & knob_value=='2' & seed=='0',"FX8 dose-response, pooled K=[0,1,2,3], elapsed=6"
m5_hybrid_replay_cifar100_buffer_size_per_class2_seed0_retention_bwt,-0.14533333333333331,,,backward transfer,results/fig03_dose_response.csv,method=='m5_hybrid_replay' & knob_value=='2' & seed=='0',FX8 dose-response; -BWT is the retention-strength reading
m5_hybrid_replay_cifar100_buffer_size_per_class2_seed1_tpr1,0.04528042431981141,0.04132315836524449,0.04950033668133715,TPR@1%FPR,results/fig03_dose_response.csv,method=='m5_hybrid_replay' & knob_value=='2' & seed=='1',"FX8 dose-response, pooled K=[0,1,2,3], elapsed=6"
m5_hybrid_replay_cifar100_buffer_size_per_class2_seed1_retention_bwt,-0.15066666666666667,,,backward transfer,results/fig03_dose_response.csv,method=='m5_hybrid_replay' & knob_value=='2' & seed=='1',FX8 dose-response; -BWT is the retention-strength reading
m5_hybrid_replay_cifar100_buffer_size_per_class2_seed2_tpr1,0.045388278744290016,0.04144681810307026,0.04958954163762123,TPR@1%FPR,results/fig03_dose_response.csv,method=='m5_hybrid_replay' & knob_value=='2' & seed=='2',"FX8 dose-response, pooled K=[0,1,2,3], elapsed=6"
m5_hybrid_replay_cifar100_buffer_size_per_class2_seed2_retention_bwt,-0.14966666666666673,,,backward transfer,results/fig03_dose_response.csv,method=='m5_hybrid_replay' & knob_value=='2' & seed=='2',FX8 dose-response; -BWT is the retention-strength reading
m5_hybrid_replay_cifar100_buffer_size_per_class5_seed0_tpr1,0.05268292682926829,0.04843691606340678,0.0571852780743271,TPR@1%FPR,results/fig03_dose_response.csv,method=='m5_hybrid_replay' & knob_value=='5' & seed=='0',"FX8 dose-response, pooled K=[0,1,2,3], elapsed=6"
m5_hybrid_replay_cifar100_buffer_size_per_class5_seed0_retention_bwt,-0.06977777777777777,,,backward transfer,results/fig03_dose_response.csv,method=='m5_hybrid_replay' & knob_value=='5' & seed=='0',FX8 dose-response; -BWT is the retention-strength reading
m5_hybrid_replay_cifar100_buffer_size_per_class5_seed1_tpr1,0.0534037558685446,0.04912438148088222,0.057939689234063375,TPR@1%FPR,results/fig03_dose_response.csv,method=='m5_hybrid_replay' & knob_value=='5' & seed=='1',"FX8 dose-response, pooled K=[0,1,2,3], elapsed=6"
m5_hybrid_replay_cifar100_buffer_size_per_class5_seed1_retention_bwt,-0.06500000000000002,,,backward transfer,results/fig03_dose_response.csv,method=='m5_hybrid_replay' & knob_value=='5' & seed=='1',FX8 dose-response; -BWT is the retention-strength reading
m5_hybrid_replay_cifar100_buffer_size_per_class5_seed2_tpr1,0.05464854824518526,0.050322257587535536,0.05923051682548101,TPR@1%FPR,results/fig03_dose_response.csv,method=='m5_hybrid_replay' & knob_value=='5' & seed=='2',"FX8 dose-response, pooled K=[0,1,2,3], elapsed=6"
m5_hybrid_replay_cifar100_buffer_size_per_class5_seed2_retention_bwt,-0.05644444444444444,,,backward transfer,results/fig03_dose_response.csv,method=='m5_hybrid_replay' & knob_value=='5' & seed=='2',FX8 dose-response; -BWT is the retention-strength reading
m5_hybrid_replay_cifar100_buffer_size_per_class10_seed0_tpr1,0.06450987989151492,0.05984612629548002,0.06942106905193454,TPR@1%FPR,results/fig03_dose_response.csv,method=='m5_hybrid_replay' & knob_value=='10' & seed=='0',"FX8 dose-response, pooled K=[0,1,2,3], elapsed=6"
m5_hybrid_replay_cifar100_buffer_size_per_class10_seed0_retention_bwt,-0.026333333333333344,,,backward transfer,results/fig03_dose_response.csv,method=='m5_hybrid_replay' & knob_value=='10' & seed=='0',FX8 dose-response; -BWT is the retention-strength reading
m5_hybrid_replay_cifar100_buffer_size_per_class10_seed1_tpr1,0.05915134923738757,0.05465661731214228,0.06389906646026111,TPR@1%FPR,results/fig03_dose_response.csv,method=='m5_hybrid_replay' & knob_value=='10' & seed=='1',"FX8 dose-response, pooled K=[0,1,2,3], elapsed=6"
m5_hybrid_replay_cifar100_buffer_size_per_class10_seed1_retention_bwt,-0.023222222222222207,,,backward transfer,results/fig03_dose_response.csv,method=='m5_hybrid_replay' & knob_value=='10' & seed=='1',FX8 dose-response; -BWT is the retention-strength reading
m5_hybrid_replay_cifar100_buffer_size_per_class10_seed2_tpr1,0.059547051932838733,0.05504136737342029,0.06430508639509731,TPR@1%FPR,results/fig03_dose_response.csv,method=='m5_hybrid_replay' & knob_value=='10' & seed=='2',"FX8 dose-response, pooled K=[0,1,2,3], elapsed=6"
m5_hybrid_replay_cifar100_buffer_size_per_class10_seed2_retention_bwt,-0.02188888888888891,,,backward transfer,results/fig03_dose_response.csv,method=='m5_hybrid_replay' & knob_value=='10' & seed=='2',FX8 dose-response; -BWT is the retention-strength reading
m5_hybrid_replay_cifar100_buffer_size_per_class20_seed0_tpr1,0.09179938668513206,0.08623944627837533,0.09759574983032614,TPR@1%FPR,results/fig03_dose_response.csv,method=='m5_hybrid_replay' & knob_value=='20' & seed=='0',"FX8 dose-response, pooled K=[0,1,2,3], elapsed=6"
m5_hybrid_replay_cifar100_buffer_size_per_class20_seed0_retention_bwt,0.015111111111111124,,,backward transfer,results/fig03_dose_response.csv,method=='m5_hybrid_replay' & knob_value=='20' & seed=='0',FX8 dose-response; -BWT is the retention-strength reading
m5_hybrid_replay_cifar100_buffer_size_per_class20_seed1_tpr1,0.07089660508753265,0.06602249304288402,0.07601403005946107,TPR@1%FPR,results/fig03_dose_response.csv,method=='m5_hybrid_replay' & knob_value=='20' & seed=='1',"FX8 dose-response, pooled K=[0,1,2,3], elapsed=6"
m5_hybrid_replay_cifar100_buffer_size_per_class20_seed1_retention_bwt,0.009666666666666688,,,backward transfer,results/fig03_dose_response.csv,method=='m5_hybrid_replay' & knob_value=='20' & seed=='1',FX8 dose-response; -BWT is the retention-strength reading
m5_hybrid_replay_cifar100_buffer_size_per_class20_seed2_tpr1,0.07006928857226505,0.06520079317441445,0.07518378539997515,TPR@1%FPR,results/fig03_dose_response.csv,method=='m5_hybrid_replay' & knob_value=='20' & seed=='2',"FX8 dose-response, pooled K=[0,1,2,3], elapsed=6"
m5_hybrid_replay_cifar100_buffer_size_per_class20_seed2_retention_bwt,0.010444444444444454,,,backward transfer,results/fig03_dose_response.csv,method=='m5_hybrid_replay' & knob_value=='20' & seed=='2',FX8 dose-response; -BWT is the retention-strength reading
m5_hybrid_replay_cifar100_buffer_size_per_class50_seed0_tpr1,0.10365913798204951,0.09779104400001846,0.10975596516940879,TPR@1%FPR,results/fig03_dose_response.csv,method=='m5_hybrid_replay' & knob_value=='50' & seed=='0',"FX8 dose-response, pooled K=[0,1,2,3], elapsed=6"
m5_hybrid_replay_cifar100_buffer_size_per_class50_seed0_retention_bwt,0.05077777777777778,,,backward transfer,results/fig03_dose_response.csv,method=='m5_hybrid_replay' & knob_value=='50' & seed=='0',FX8 dose-response; -BWT is the retention-strength reading
m5_hybrid_replay_cifar100_buffer_size_per_class50_seed1_tpr1,0.08085064680517444,0.07563252571694101,0.08630942097514514,TPR@1%FPR,results/fig03_dose_response.csv,method=='m5_hybrid_replay' & knob_value=='50' & seed=='1',"FX8 dose-response, pooled K=[0,1,2,3], elapsed=6"
m5_hybrid_replay_cifar100_buffer_size_per_class50_seed1_retention_bwt,0.04300000000000001,,,backward transfer,results/fig03_dose_response.csv,method=='m5_hybrid_replay' & knob_value=='50' & seed=='1',FX8 dose-response; -BWT is the retention-strength reading
m5_hybrid_replay_cifar100_buffer_size_per_class50_seed2_tpr1,0.08046200135882753,0.07528032942078228,0.08588222776727997,TPR@1%FPR,results/fig03_dose_response.csv,method=='m5_hybrid_replay' & knob_value=='50' & seed=='2',"FX8 dose-response, pooled K=[0,1,2,3], elapsed=6"
m5_hybrid_replay_cifar100_buffer_size_per_class50_seed2_retention_bwt,0.04588888888888887,,,backward transfer,results/fig03_dose_response.csv,method=='m5_hybrid_replay' & knob_value=='50' & seed=='2',FX8 dose-response; -BWT is the retention-strength reading
m2_target_cifar100_n_synthetic_per_class1_seed0_tpr1,0.030007794232268122,0.026792401533724496,0.03349335949543822,TPR@1%FPR,results/fig03_dose_response.csv,method=='m2_target' & knob_value=='1' & seed=='0',"FX8 dose-response, pooled K=[0,1,2,3], elapsed=6"
m2_target_cifar100_n_synthetic_per_class1_seed0_retention_bwt,-0.2306666666666667,,,backward transfer,results/fig03_dose_response.csv,method=='m2_target' & knob_value=='1' & seed=='0',FX8 dose-response; -BWT is the retention-strength reading
m2_target_cifar100_n_synthetic_per_class1_seed1_tpr1,0.030162860171533197,0.026956300653986576,0.03363652241770931,TPR@1%FPR,results/fig03_dose_response.csv,method=='m2_target' & knob_value=='1' & seed=='1',"FX8 dose-response, pooled K=[0,1,2,3], elapsed=6"
m2_target_cifar100_n_synthetic_per_class1_seed1_retention_bwt,-0.24166666666666664,,,backward transfer,results/fig03_dose_response.csv,method=='m2_target' & knob_value=='1' & seed=='1',FX8 dose-response; -BWT is the retention-strength reading
m2_target_cifar100_n_synthetic_per_class1_seed2_tpr1,0.02731638983390034,0.024208934178325044,0.030703224503746518,TPR@1%FPR,results/fig03_dose_response.csv,method=='m2_target' & knob_value=='1' & seed=='2',"FX8 dose-response, pooled K=[0,1,2,3], elapsed=6"
m2_target_cifar100_n_synthetic_per_class1_seed2_retention_bwt,-0.23422222222222222,,,backward transfer,results/fig03_dose_response.csv,method=='m2_target' & knob_value=='1' & seed=='2',FX8 dose-response; -BWT is the retention-strength reading
m2_target_cifar100_n_synthetic_per_class2_seed0_tpr1,0.029891042329572848,0.026698064513382205,0.03335145547149469,TPR@1%FPR,results/fig03_dose_response.csv,method=='m2_target' & knob_value=='2' & seed=='0',"FX8 dose-response, pooled K=[0,1,2,3], elapsed=6"
m2_target_cifar100_n_synthetic_per_class2_seed0_retention_bwt,-0.14044444444444446,,,backward transfer,results/fig03_dose_response.csv,method=='m2_target' & knob_value=='2' & seed=='0',FX8 dose-response; -BWT is the retention-strength reading
m2_target_cifar100_n_synthetic_per_class2_seed1_tpr1,0.032610818199570395,0.029255608819559624,0.03623508552197503,TPR@1%FPR,results/fig03_dose_response.csv,method=='m2_target' & knob_value=='2' & seed=='1',"FX8 dose-response, pooled K=[0,1,2,3], elapsed=6"
m2_target_cifar100_n_synthetic_per_class2_seed1_retention_bwt,-0.13411111111111115,,,backward transfer,results/fig03_dose_response.csv,method=='m2_target' & knob_value=='2' & seed=='1',FX8 dose-response; -BWT is the retention-strength reading
m2_target_cifar100_n_synthetic_per_class2_seed2_tpr1,0.02609205511580182,0.023090066061220264,0.02936766329296229,TPR@1%FPR,results/fig03_dose_response.csv,method=='m2_target' & knob_value=='2' & seed=='2',"FX8 dose-response, pooled K=[0,1,2,3], elapsed=6"
m2_target_cifar100_n_synthetic_per_class2_seed2_retention_bwt,-0.1327777777777778,,,backward transfer,results/fig03_dose_response.csv,method=='m2_target' & knob_value=='2' & seed=='2',FX8 dose-response; -BWT is the retention-strength reading
m2_target_cifar100_n_synthetic_per_class5_seed0_tpr1,0.03561887800534283,0.032090481244422396,0.039417997466617345,TPR@1%FPR,results/fig03_dose_response.csv,method=='m2_target' & knob_value=='5' & seed=='0',"FX8 dose-response, pooled K=[0,1,2,3], elapsed=6"
m2_target_cifar100_n_synthetic_per_class5_seed0_retention_bwt,-0.0808888888888889,,,backward transfer,results/fig03_dose_response.csv,method=='m2_target' & knob_value=='5' & seed=='0',FX8 dose-response; -BWT is the retention-strength reading
m2_target_cifar100_n_synthetic_per_class5_seed1_tpr1,0.04056177568257709,0.036812837498283665,0.04457628358677551,TPR@1%FPR,results/fig03_dose_response.csv,method=='m2_target' & knob_value=='5' & seed=='1',"FX8 dose-response, pooled K=[0,1,2,3], elapsed=6"
m2_target_cifar100_n_synthetic_per_class5_seed1_retention_bwt,-0.06133333333333334,,,backward transfer,results/fig03_dose_response.csv,method=='m2_target' & knob_value=='5' & seed=='1',FX8 dose-response; -BWT is the retention-strength reading
m2_target_cifar100_n_synthetic_per_class5_seed2_tpr1,0.03249414519906323,0.029145876865090247,0.03611138813419198,TPR@1%FPR,results/fig03_dose_response.csv,method=='m2_target' & knob_value=='5' & seed=='2',"FX8 dose-response, pooled K=[0,1,2,3], elapsed=6"
m2_target_cifar100_n_synthetic_per_class5_seed2_retention_bwt,-0.05977777777777779,,,backward transfer,results/fig03_dose_response.csv,method=='m2_target' & knob_value=='5' & seed=='2',FX8 dose-response; -BWT is the retention-strength reading
m2_target_cifar100_n_synthetic_per_class10_seed0_tpr1,0.04243849848083897,0.0386090740333027,0.046531766096897055,TPR@1%FPR,results/fig03_dose_response.csv,method=='m2_target' & knob_value=='10' & seed=='0',"FX8 dose-response, pooled K=[0,1,2,3], elapsed=6"
m2_target_cifar100_n_synthetic_per_class10_seed0_retention_bwt,-0.031333333333333324,,,backward transfer,results/fig03_dose_response.csv,method=='m2_target' & knob_value=='10' & seed=='0',FX8 dose-response; -BWT is the retention-strength reading
m2_target_cifar100_n_synthetic_per_class10_seed1_tpr1,0.04306173795239017,0.039228798541452704,0.047154765968024676,TPR@1%FPR,results/fig03_dose_response.csv,method=='m2_target' & knob_value=='10' & seed=='1',"FX8 dose-response, pooled K=[0,1,2,3], elapsed=6"
m2_target_cifar100_n_synthetic_per_class10_seed1_retention_bwt,-0.024999999999999984,,,backward transfer,results/fig03_dose_response.csv,method=='m2_target' & knob_value=='10' & seed=='1',FX8 dose-response; -BWT is the retention-strength reading
m2_target_cifar100_n_synthetic_per_class10_seed2_tpr1,0.03645884793992688,0.03289185248098978,0.04029564656092111,TPR@1%FPR,results/fig03_dose_response.csv,method=='m2_target' & knob_value=='10' & seed=='2',"FX8 dose-response, pooled K=[0,1,2,3], elapsed=6"
m2_target_cifar100_n_synthetic_per_class10_seed2_retention_bwt,-0.027555555555555555,,,backward transfer,results/fig03_dose_response.csv,method=='m2_target' & knob_value=='10' & seed=='2',FX8 dose-response; -BWT is the retention-strength reading
m2_target_cifar100_n_synthetic_per_class20_seed0_tpr1,0.04296339792522998,0.03911355392113999,0.047076367676664475,TPR@1%FPR,results/fig03_dose_response.csv,method=='m2_target' & knob_value=='20' & seed=='0',"FX8 dose-response, pooled K=[0,1,2,3], elapsed=6"
m2_target_cifar100_n_synthetic_per_class20_seed0_retention_bwt,-0.005555555555555548,,,backward transfer,results/fig03_dose_response.csv,method=='m2_target' & knob_value=='20' & seed=='0',FX8 dose-response; -BWT is the retention-strength reading
m2_target_cifar100_n_synthetic_per_class20_seed1_tpr1,0.04390195885421794,0.040000041316005,0.048067955319215414,TPR@1%FPR,results/fig03_dose_response.csv,method=='m2_target' & knob_value=='20' & seed=='1',"FX8 dose-response, pooled K=[0,1,2,3], elapsed=6"
m2_target_cifar100_n_synthetic_per_class20_seed1_retention_bwt,-0.0016666666666666557,,,backward transfer,results/fig03_dose_response.csv,method=='m2_target' & knob_value=='20' & seed=='1',FX8 dose-response; -BWT is the retention-strength reading
m2_target_cifar100_n_synthetic_per_class20_seed2_tpr1,0.04450365107558713,0.040570875265378,0.04870078590256182,TPR@1%FPR,results/fig03_dose_response.csv,method=='m2_target' & knob_value=='20' & seed=='2',"FX8 dose-response, pooled K=[0,1,2,3], elapsed=6"
m2_target_cifar100_n_synthetic_per_class20_seed2_retention_bwt,0.0012222222222222233,,,backward transfer,results/fig03_dose_response.csv,method=='m2_target' & knob_value=='20' & seed=='2',FX8 dose-response; -BWT is the retention-strength reading
m2_target_cifar100_n_synthetic_per_class50_seed0_tpr1,0.03513909224011713,0.03165746552647487,0.03888807030317637,TPR@1%FPR,results/fig03_dose_response.csv,method=='m2_target' & knob_value=='50' & seed=='0',"FX8 dose-response, pooled K=[0,1,2,3], elapsed=6"
m2_target_cifar100_n_synthetic_per_class50_seed0_retention_bwt,0.044666666666666646,,,backward transfer,results/fig03_dose_response.csv,method=='m2_target' & knob_value=='50' & seed=='0',FX8 dose-response; -BWT is the retention-strength reading
m2_target_cifar100_n_synthetic_per_class50_seed1_tpr1,0.04758660957571039,0.043550520594740044,0.05188148441593243,TPR@1%FPR,results/fig03_dose_response.csv,method=='m2_target' & knob_value=='50' & seed=='1',"FX8 dose-response, pooled K=[0,1,2,3], elapsed=6"
m2_target_cifar100_n_synthetic_per_class50_seed1_retention_bwt,0.05644444444444444,,,backward transfer,results/fig03_dose_response.csv,method=='m2_target' & knob_value=='50' & seed=='1',FX8 dose-response; -BWT is the retention-strength reading
m2_target_cifar100_n_synthetic_per_class50_seed2_tpr1,0.04260111644305161,0.038765961648941534,0.046699804610222606,TPR@1%FPR,results/fig03_dose_response.csv,method=='m2_target' & knob_value=='50' & seed=='2',"FX8 dose-response, pooled K=[0,1,2,3], elapsed=6"
m2_target_cifar100_n_synthetic_per_class50_seed2_retention_bwt,0.051,,,backward transfer,results/fig03_dose_response.csv,method=='m2_target' & knob_value=='50' & seed=='2',FX8 dose-response; -BWT is the retention-strength reading
m9_audit_cifar100_eps1_tpr_1pctfpr,0.009547004383828543,,0.010426342843852649,TPR@1pctFPR,results/m9_audit_summary.csv,eps=='1.0',"online LiRA vs global state, elapsed=0, trajectory; DP bound=0.027192818284590452, audit_passed=1, n_shadows=1024"
m9_audit_cifar100_eps1_tpr_0.1pctfpr,0.0008377983438869947,,0.0011283448194833905,TPR@0.1pctFPR,results/m9_audit_summary.csv,eps=='1.0',"online LiRA vs global state, elapsed=0, trajectory; DP bound=0.0027282818284590452, audit_passed=1, n_shadows=1024"
m9_audit_cifar100_eps1_auc,0.4996744287138271,,,AUC,results/m9_audit_summary.csv,eps=='1.0',"online LiRA vs global state, n_shadows=1024"
m9_audit_cifar100_eps4_tpr_1pctfpr,0.008704118391587965,,0.009545628870125862,TPR@1pctFPR,results/m9_audit_summary.csv,eps=='4.0',"online LiRA vs global state, elapsed=0, trajectory; DP bound=0.5459915003314423, audit_passed=1, n_shadows=1024"
m9_audit_cifar100_eps4_tpr_0.1pctfpr,0.000798364326745205,,0.0010829171637655717,TPR@0.1pctFPR,results/m9_audit_summary.csv,eps=='4.0',"online LiRA vs global state, elapsed=0, trajectory; DP bound=0.05460815003314424, audit_passed=1, n_shadows=1024"
m9_audit_cifar100_eps4_auc,0.49858841772746904,,,AUC,results/m9_audit_summary.csv,eps=='4.0',"online LiRA vs global state, n_shadows=1024"
m9_audit_cifar100_epsinf_tpr_1pctfpr,0.871142667654976,,0.8740315814781723,TPR@1pctFPR,results/m9_audit_summary.csv,eps=='inf',"online LiRA vs global state, elapsed=0, trajectory; DP bound=1.0, audit_passed=1, n_shadows=1024"
m9_audit_cifar100_epsinf_tpr_0.1pctfpr,0.7555884992002497,,0.7593036490795005,TPR@0.1pctFPR,results/m9_audit_summary.csv,eps=='inf',"online LiRA vs global state, elapsed=0, trajectory; DP bound=1.0, audit_passed=1, n_shadows=1024"
m9_audit_cifar100_epsinf_auc,0.9926301011734181,,,AUC,results/m9_audit_summary.csv,eps=='inf',"online LiRA vs global state, n_shadows=1024"
m9_cifar100_U1_acc_eps0.5,0.36556666666666665,0.34418527715025576,0.38694805618307754,final average accuracy,tables/tab08_dp_utility.csv,dataset=='cifar100' & unit=='U1' & eps=='0.5',"M9 contractive DP analytic, gamma=1.0, T=10, n_seeds=3"
m9_cifar100_U1_acc_eps1.0,0.596,0.5638181900934203,0.6281818099065797,final average accuracy,tables/tab08_dp_utility.csv,dataset=='cifar100' & unit=='U1' & eps=='1.0',"M9 contractive DP analytic, gamma=1.0, T=10, n_seeds=3"
m9_cifar100_U1_acc_eps2.0,0.6897333333333333,0.6824937303158639,0.6969729363508027,final average accuracy,tables/tab08_dp_utility.csv,dataset=='cifar100' & unit=='U1' & eps=='2.0',"M9 contractive DP analytic, gamma=1.0, T=10, n_seeds=3"
m9_cifar100_U1_acc_eps4.0,0.8104999999999999,0.809506344915312,0.8114936550846877,final average accuracy,tables/tab08_dp_utility.csv,dataset=='cifar100' & unit=='U1' & eps=='4.0',"M9 contractive DP analytic, gamma=1.0, T=10, n_seeds=3"
m9_cifar100_U1_acc_eps8.0,0.8179666666666666,0.8154171457352176,0.8205161875981156,final average accuracy,tables/tab08_dp_utility.csv,dataset=='cifar100' & unit=='U1' & eps=='8.0',"M9 contractive DP analytic, gamma=1.0, T=10, n_seeds=3"
m9_cifar100_U1_acc_epsinf,0.8835000000000001,0.8834999999999998,0.8835000000000003,final average accuracy,tables/tab08_dp_utility.csv,dataset=='cifar100' & unit=='U1' & eps=='inf',"M9 contractive DP analytic, gamma=1.0, T=10, n_seeds=3"
m9_cifar100_U2_acc_eps0.5,0.014066666666666667,-0.00777727216784386,0.035910605501177195,final average accuracy,tables/tab08_dp_utility.csv,dataset=='cifar100' & unit=='U2' & eps=='0.5',"M9 contractive DP analytic, gamma=1.0, T=10, n_seeds=3"
m9_cifar100_U2_acc_eps1.0,0.014733333333333334,-0.0048997380735540524,0.03436640474022072,final average accuracy,tables/tab08_dp_utility.csv,dataset=='cifar100' & unit=='U2' & eps=='1.0',"M9 contractive DP analytic, gamma=1.0, T=10, n_seeds=3"
m9_cifar100_U2_acc_eps2.0,0.014466666666666664,-0.002294054271729856,0.031227387605063182,final average accuracy,tables/tab08_dp_utility.csv,dataset=='cifar100' & unit=='U2' & eps=='2.0',"M9 contractive DP analytic, gamma=1.0, T=10, n_seeds=3"
m9_cifar100_U2_acc_eps4.0,0.015533333333333335,0.0031267295409974707,0.0279399371256692,final average accuracy,tables/tab08_dp_utility.csv,dataset=='cifar100' & unit=='U2' & eps=='4.0',"M9 contractive DP analytic, gamma=1.0, T=10, n_seeds=3"
m9_cifar100_U2_acc_eps8.0,0.017133333333333334,0.010668208836713117,0.02359845782995355,final average accuracy,tables/tab08_dp_utility.csv,dataset=='cifar100' & unit=='U2' & eps=='8.0',"M9 contractive DP analytic, gamma=1.0, T=10, n_seeds=3"
m9_cifar100_U2_acc_epsinf,0.8804,0.8775785619233596,0.8832214380766403,final average accuracy,tables/tab08_dp_utility.csv,dataset=='cifar100' & unit=='U2' & eps=='inf',"M9 contractive DP analytic, gamma=1.0, T=10, n_seeds=3"
m9_cub200_U1_acc_eps0.5,0.007974958290907984,-0.000142659400813731,0.016092575982629698,final average accuracy,tables/tab08_dp_utility.csv,dataset=='cub200' & unit=='U1' & eps=='0.5',"M9 contractive DP analytic, gamma=1.0, T=10, n_seeds=3"
m9_cub200_U1_acc_eps1.0,0.017461385879119093,0.0006578022024242951,0.03426496955581389,final average accuracy,tables/tab08_dp_utility.csv,dataset=='cub200' & unit=='U1' & eps=='1.0',"M9 contractive DP analytic, gamma=1.0, T=10, n_seeds=3"
m9_cub200_U1_acc_eps2.0,0.050393298364505436,0.02398587911374623,0.07680071761526464,final average accuracy,tables/tab08_dp_utility.csv,dataset=='cub200' & unit=='U1' & eps=='2.0',"M9 contractive DP analytic, gamma=1.0, T=10, n_seeds=3"
m9_cub200_U1_acc_eps4.0,0.08833134531092128,0.06511634435668597,0.1115463462651566,final average accuracy,tables/tab08_dp_utility.csv,dataset=='cub200' & unit=='U1' & eps=='4.0',"M9 contractive DP analytic, gamma=1.0, T=10, n_seeds=3"
m9_cub200_U1_acc_eps8.0,0.1612263190200517,0.1265519899508334,0.19590064808927,final average accuracy,tables/tab08_dp_utility.csv,dataset=='cub200' & unit=='U1' & eps=='8.0',"M9 contractive DP analytic, gamma=1.0, T=10, n_seeds=3"
m9_cub200_U1_acc_epsinf,0.8679096699739871,0.8676227946235775,0.8681965453243967,final average accuracy,tables/tab08_dp_utility.csv,dataset=='cub200' & unit=='U1' & eps=='inf',"M9 contractive DP analytic, gamma=1.0, T=10, n_seeds=3"
m9_cub200_U2_acc_eps0.5,0.003266362177454317,0.0008362121768336582,0.005696512178074976,final average accuracy,tables/tab08_dp_utility.csv,dataset=='cub200' & unit=='U2' & eps=='0.5',"M9 contractive DP analytic, gamma=1.0, T=10, n_seeds=3"
m9_cub200_U2_acc_eps1.0,0.0036582760568870305,-0.0004406576695261482,0.007757209783300209,final average accuracy,tables/tab08_dp_utility.csv,dataset=='cub200' & unit=='U2' & eps=='1.0',"M9 contractive DP analytic, gamma=1.0, T=10, n_seeds=3"
m9_cub200_U2_acc_eps2.0,0.005406877280116376,-0.004255902956597084,0.015069657516829836,final average accuracy,tables/tab08_dp_utility.csv,dataset=='cub200' & unit=='U2' & eps=='2.0',"M9 contractive DP analytic, gamma=1.0, T=10, n_seeds=3"
m9_cub200_U2_acc_eps4.0,0.006053080550553472,-0.0037366615451133412,0.015842822646220285,final average accuracy,tables/tab08_dp_utility.csv,dataset=='cub200' & unit=='U2' & eps=='4.0',"M9 contractive DP analytic, gamma=1.0, T=10, n_seeds=3"
m9_cub200_U2_acc_eps8.0,0.0074354063007464445,-0.0025544072608552357,0.017425219862348126,final average accuracy,tables/tab08_dp_utility.csv,dataset=='cub200' & unit=='U2' & eps=='8.0',"M9 contractive DP analytic, gamma=1.0, T=10, n_seeds=3"
m9_cub200_U2_acc_epsinf,0.8475712897372213,0.8372150529014185,0.8579275265730241,final average accuracy,tables/tab08_dp_utility.csv,dataset=='cub200' & unit=='U2' & eps=='inf',"M9 contractive DP analytic, gamma=1.0, T=10, n_seeds=3"
m9_imagenet_r_U1_acc_eps0.5,0.014665862791985703,0.009801021335403157,0.01953070424856825,final average accuracy,tables/tab08_dp_utility.csv,dataset=='imagenet_r' & unit=='U1' & eps=='0.5',"M9 contractive DP analytic, gamma=1.0, T=10, n_seeds=3"
m9_imagenet_r_U1_acc_eps1.0,0.08201010996273823,0.04857527967073555,0.11544494025474092,final average accuracy,tables/tab08_dp_utility.csv,dataset=='imagenet_r' & unit=='U1' & eps=='1.0',"M9 contractive DP analytic, gamma=1.0, T=10, n_seeds=3"
m9_imagenet_r_U1_acc_eps2.0,0.2028934555762353,0.18845567776321165,0.21733123338925897,final average accuracy,tables/tab08_dp_utility.csv,dataset=='imagenet_r' & unit=='U1' & eps=='2.0',"M9 contractive DP analytic, gamma=1.0, T=10, n_seeds=3"
m9_imagenet_r_U1_acc_eps4.0,0.3239535338266682,0.3149563985453958,0.3329506691079406,final average accuracy,tables/tab08_dp_utility.csv,dataset=='imagenet_r' & unit=='U1' & eps=='4.0',"M9 contractive DP analytic, gamma=1.0, T=10, n_seeds=3"
m9_imagenet_r_U1_acc_eps8.0,0.3849102882406788,0.37188859915245814,0.39793197732889946,final average accuracy,tables/tab08_dp_utility.csv,dataset=='imagenet_r' & unit=='U1' & eps=='8.0',"M9 contractive DP analytic, gamma=1.0, T=10, n_seeds=3"
m9_imagenet_r_U1_acc_epsinf,0.6341625871268016,0.6325411411805656,0.6357840330730377,final average accuracy,tables/tab08_dp_utility.csv,dataset=='imagenet_r' & unit=='U1' & eps=='inf',"M9 contractive DP analytic, gamma=1.0, T=10, n_seeds=3"
m9_imagenet_r_U2_acc_eps0.5,0.004256631908805011,0.0003105737729381178,0.008202690044671904,final average accuracy,tables/tab08_dp_utility.csv,dataset=='imagenet_r' & unit=='U2' & eps=='0.5',"M9 contractive DP analytic, gamma=1.0, T=10, n_seeds=3"
m9_imagenet_r_U2_acc_eps1.0,0.004612503708607587,0.003228181693410071,0.005996825723805103,final average accuracy,tables/tab08_dp_utility.csv,dataset=='imagenet_r' & unit=='U2' & eps=='1.0',"M9 contractive DP analytic, gamma=1.0, T=10, n_seeds=3"
m9_imagenet_r_U2_acc_eps2.0,0.005820572146717561,0.0046090225325661665,0.007032121760868956,final average accuracy,tables/tab08_dp_utility.csv,dataset=='imagenet_r' & unit=='U2' & eps=='2.0',"M9 contractive DP analytic, gamma=1.0, T=10, n_seeds=3"
m9_imagenet_r_U2_acc_eps4.0,0.005874349801877986,0.0020648585182058542,0.009683841085550118,final average accuracy,tables/tab08_dp_utility.csv,dataset=='imagenet_r' & unit=='U2' & eps=='4.0',"M9 contractive DP analytic, gamma=1.0, T=10, n_seeds=3"
m9_imagenet_r_U2_acc_eps8.0,0.006467216306357671,0.003965801479977372,0.00896863113273797,final average accuracy,tables/tab08_dp_utility.csv,dataset=='imagenet_r' & unit=='U2' & eps=='8.0',"M9 contractive DP analytic, gamma=1.0, T=10, n_seeds=3"
m9_imagenet_r_U2_acc_epsinf,0.6236521233524495,0.6178963961835511,0.6294078505213478,final average accuracy,tables/tab08_dp_utility.csv,dataset=='imagenet_r' & unit=='U2' & eps=='inf',"M9 contractive DP analytic, gamma=1.0, T=10, n_seeds=3"
m0_fedavg_cifar100_gate_final_avg_acc_mean,0.33253333333333335,,,final average accuracy,results/fx4_gate.csv,dataset=='cifar100' & method=='m0_fedavg',mean over 3 seeds at the gate-selected config; gate outcome=n/a (baseline)
m0_fedavg_cifar100_gate_bwt_mean,-0.6703703703703704,,,backward transfer,results/fx4_gate.csv,dataset=='cifar100' & method=='m0_fedavg',mean over 3 seeds at the gate-selected config; gate outcome=n/a (baseline)
m1_glfc_cifar100_gate_final_avg_acc_mean,0.8388666666666666,,,final average accuracy,results/fx4_gate.csv,dataset=='cifar100' & method=='m1_glfc',mean over 3 seeds at the gate-selected config; gate outcome=True
m1_glfc_cifar100_gate_bwt_mean,-0.002296296296296303,,,backward transfer,results/fx4_gate.csv,dataset=='cifar100' & method=='m1_glfc',mean over 3 seeds at the gate-selected config; gate outcome=True
m2_target_cifar100_gate_final_avg_acc_mean,0.8333333333333334,,,final average accuracy,results/fx4_gate.csv,dataset=='cifar100' & method=='m2_target',mean over 3 seeds at the gate-selected config; gate outcome=False
m2_target_cifar100_gate_bwt_mean,-0.0019999999999999935,,,backward transfer,results/fx4_gate.csv,dataset=='cifar100' & method=='m2_target',mean over 3 seeds at the gate-selected config; gate outcome=False
m3_fot_cifar100_gate_final_avg_acc_mean,0.7480333333333334,,,final average accuracy,results/fx4_gate.csv,dataset=='cifar100' & method=='m3_fot',mean over 3 seeds at the gate-selected config; gate outcome=True
m3_fot_cifar100_gate_bwt_mean,-0.1742962962962963,,,backward transfer,results/fx4_gate.csv,dataset=='cifar100' & method=='m3_fot',mean over 3 seeds at the gate-selected config; gate outcome=True
m5_hybrid_replay_cifar100_gate_final_avg_acc_mean,0.8395333333333334,,,final average accuracy,results/fx4_gate.csv,dataset=='cifar100' & method=='m5_hybrid_replay',mean over 3 seeds at the gate-selected config; gate outcome=True
m5_hybrid_replay_cifar100_gate_bwt_mean,-0.023814814814814816,,,backward transfer,results/fx4_gate.csv,dataset=='cifar100' & method=='m5_hybrid_replay',mean over 3 seeds at the gate-selected config; gate outcome=True
m0_fedavg_cub200_gate_final_avg_acc_mean,0.38623045860454264,,,final average accuracy,results/fx4_gate.csv,dataset=='cub200' & method=='m0_fedavg',mean over 3 seeds at the gate-selected config; gate outcome=n/a (baseline)
m0_fedavg_cub200_gate_bwt_mean,-0.5253406363254697,,,backward transfer,results/fx4_gate.csv,dataset=='cub200' & method=='m0_fedavg',mean over 3 seeds at the gate-selected config; gate outcome=n/a (baseline)
m1_glfc_cub200_gate_final_avg_acc_mean,0.5684876837291276,,,final average accuracy,results/fx4_gate.csv,dataset=='cub200' & method=='m1_glfc',mean over 3 seeds at the gate-selected config; gate outcome=False
m1_glfc_cub200_gate_bwt_mean,0.2569095346610013,,,backward transfer,results/fx4_gate.csv,dataset=='cub200' & method=='m1_glfc',mean over 3 seeds at the gate-selected config; gate outcome=False
m2_target_cub200_gate_final_avg_acc_mean,0.7361572913566373,,,final average accuracy,results/fx4_gate.csv,dataset=='cub200' & method=='m2_target',mean over 3 seeds at the gate-selected config; gate outcome=False
m2_target_cub200_gate_bwt_mean,0.7098915222794685,,,backward transfer,results/fx4_gate.csv,dataset=='cub200' & method=='m2_target',mean over 3 seeds at the gate-selected config; gate outcome=False
m3_fot_cub200_gate_final_avg_acc_mean,0.6708084631859403,,,final average accuracy,results/fx4_gate.csv,dataset=='cub200' & method=='m3_fot',mean over 3 seeds at the gate-selected config; gate outcome=True
m3_fot_cub200_gate_bwt_mean,-0.008482997853071885,,,backward transfer,results/fx4_gate.csv,dataset=='cub200' & method=='m3_fot',mean over 3 seeds at the gate-selected config; gate outcome=True
m5_hybrid_replay_cub200_gate_final_avg_acc_mean,0.751391283116559,,,final average accuracy,results/fx4_gate.csv,dataset=='cub200' & method=='m5_hybrid_replay',mean over 3 seeds at the gate-selected config; gate outcome=False
m5_hybrid_replay_cub200_gate_bwt_mean,0.47385479228683214,,,backward transfer,results/fx4_gate.csv,dataset=='cub200' & method=='m5_hybrid_replay',mean over 3 seeds at the gate-selected config; gate outcome=False
m0_fedavg_imagenet_r_gate_final_avg_acc_mean,0.24800126100925612,,,final average accuracy,results/fx4_gate.csv,dataset=='imagenet_r' & method=='m0_fedavg',mean over 3 seeds at the gate-selected config; gate outcome=n/a (baseline)
m0_fedavg_imagenet_r_gate_bwt_mean,-0.5264127077175106,,,backward transfer,results/fx4_gate.csv,dataset=='imagenet_r' & method=='m0_fedavg',mean over 3 seeds at the gate-selected config; gate outcome=n/a (baseline)
m1_glfc_imagenet_r_gate_final_avg_acc_mean,0.524232425285791,,,final average accuracy,results/fx4_gate.csv,dataset=='imagenet_r' & method=='m1_glfc',mean over 3 seeds at the gate-selected config; gate outcome=False
m1_glfc_imagenet_r_gate_bwt_mean,0.08937149244865385,,,backward transfer,results/fx4_gate.csv,dataset=='imagenet_r' & method=='m1_glfc',mean over 3 seeds at the gate-selected config; gate outcome=False
m2_target_imagenet_r_gate_final_avg_acc_mean,0.5776786468216702,,,final average accuracy,results/fx4_gate.csv,dataset=='imagenet_r' & method=='m2_target',mean over 3 seeds at the gate-selected config; gate outcome=False
m2_target_imagenet_r_gate_bwt_mean,0.2515680738289379,,,backward transfer,results/fx4_gate.csv,dataset=='imagenet_r' & method=='m2_target',mean over 3 seeds at the gate-selected config; gate outcome=False
m3_fot_imagenet_r_gate_final_avg_acc_mean,0.4522566957673873,,,final average accuracy,results/fx4_gate.csv,dataset=='imagenet_r' & method=='m3_fot',mean over 3 seeds at the gate-selected config; gate outcome=True
m3_fot_imagenet_r_gate_bwt_mean,-0.2694499363949288,,,backward transfer,results/fx4_gate.csv,dataset=='imagenet_r' & method=='m3_fot',mean over 3 seeds at the gate-selected config; gate outcome=True
m5_hybrid_replay_imagenet_r_gate_final_avg_acc_mean,0.6175420053642071,,,final average accuracy,results/fx4_gate.csv,dataset=='imagenet_r' & method=='m5_hybrid_replay',mean over 3 seeds at the gate-selected config; gate outcome=False
m5_hybrid_replay_imagenet_r_gate_bwt_mean,0.12974690205631426,,,backward transfer,results/fx4_gate.csv,dataset=='imagenet_r' & method=='m5_hybrid_replay',mean over 3 seeds at the gate-selected config; gate outcome=False
m0_fedavg_sequential_our_reimpl_acc,0.7321,,,final average accuracy,results/tab07_reproduction_gap.csv,method=='M0_fedavg_sequential',"n_seeds=3, std=0.0048; CIFAR-100, 10 class-incremental tasks, frozen ViT-B/16 features, 10 clients, Dirichlet beta=0.5"
m1_glfc_our_reimpl_acc,0.8701,,,final average accuracy,results/tab07_reproduction_gap.csv,method=='M1_glfc',"n_seeds=3, std=0.0012; CIFAR-100, 10 class-incremental tasks, frozen ViT-B/16 features, 10 clients, Dirichlet beta=0.5"
m1_glfc_gap_vs_published_1,0.2011,,,accuracy fraction (ours - published),results/tab07_reproduction_gap.csv,"method=='M1_glfc' & source_paper==""Dong et al., CVPR 2022 (GLFC's own paper), Table 1""","published=0.669 (Dong et al., CVPR 2022 (GLFC's own paper), Table 1, 10 tasks, CIFAR-100, ResNet18, 30-120 clients). CAVEAT (read before citing this gap): our number sits on a frozen, IN21k-pretrained ViT-B/16 (RESEARCH_PLAN.md's cacheable-methods architecture); the published number trains a ResNet18 substantially from scratch inside the federated loop. A strong-enough frozen backbone routinely outperforms a weak-backbone method with sophisticated anti-forgetting machinery on its own -- this gap is dominated by that protocol difference, not by reimplementation fidelity. See notes/2026-09-15_p2_tab05_tab07.md."
m1_glfc_gap_vs_published_2,0.2518,,,accuracy fraction (ours - published),results/tab07_reproduction_gap.csv,"method=='M1_glfc' & source_paper==""Nori et al., ICLR 2025 (Hybrid Replay paper's independent reproduction of GLFC), Table 2""","published=0.6183 (Nori et al., ICLR 2025 (Hybrid Replay paper's independent reproduction of GLFC), Table 2, 10/10/50/5 (tasks/classes-per-task/clients/active-per-round), CIFAR-100). CAVEAT (read before citing this gap): our number sits on a frozen, IN21k-pretrained ViT-B/16 (RESEARCH_PLAN.md's cacheable-methods architecture); the published number trains a ResNet18 substantially from scratch inside the federated loop. A strong-enough frozen backbone routinely outperforms a weak-backbone method with sophisticated anti-forgetting machinery on its own -- this gap is dominated by that protocol difference, not by reimplementation fidelity. See notes/2026-09-15_p2_tab05_tab07.md."
m2_target_our_reimpl_acc,0.8656,,,final average accuracy,results/tab07_reproduction_gap.csv,method=='M2_target',"n_seeds=3, std=0.0012; CIFAR-100, 10 class-incremental tasks, frozen ViT-B/16 features, 10 clients, Dirichlet beta=0.5"
m2_target_gap_vs_published_1,0.5025,,,accuracy fraction (ours - published),results/tab07_reproduction_gap.csv,"method=='M2_target' & source_paper==""Zhang et al., ICCV 2023 (TARGET's own paper), §5 text""","published=0.3631 (Zhang et al., ICCV 2023 (TARGET's own paper), §5 text, 5 tasks, CIFAR-100, ResNet18, trainable generator). Three independent papers report three very different numbers for the SAME method (0.363 / 0.713 / 0.500) under three different protocols (5 vs 10 tasks, different client counts and skew) -- this is itself evidence for H12 (reproduction attrition): published numbers for these methods are highly protocol-sensitive, which is a finding, not noise. CAVEAT (read before citing this gap): our number sits on a frozen, IN21k-pretrained ViT-B/16 (RESEARCH_PLAN.md's cacheable-methods architecture); the published number trains a ResNet18 substantially from scratch inside the federated loop. A strong-enough frozen backbone routinely outperforms a weak-backbone method with sophisticated anti-forgetting machinery on its own -- this gap is dominated by that protocol difference, not by reimplementation fidelity. See notes/2026-09-15_p2_tab05_tab07.md."
m2_target_gap_vs_published_2,0.1526,,,accuracy fraction (ours - published),results/tab07_reproduction_gap.csv,"method=='M2_target' & source_paper==""Guo et al., ECCV 2024 (PILoRA paper's independent reproduction of TARGET), Table 1 (avg. accuracy column)""","published=0.713 (Guo et al., ECCV 2024 (PILoRA paper's independent reproduction of TARGET), Table 1 (avg. accuracy column), 10 tasks, CIFAR-100, quantity-skew alpha=6, 10 clients). Three independent papers report three very different numbers for the SAME method (0.363 / 0.713 / 0.500) under three different protocols (5 vs 10 tasks, different client counts and skew) -- this is itself evidence for H12 (reproduction attrition): published numbers for these methods are highly protocol-sensitive, which is a finding, not noise. CAVEAT (read before citing this gap): our number sits on a frozen, IN21k-pretrained ViT-B/16 (RESEARCH_PLAN.md's cacheable-methods architecture); the published number trains a ResNet18 substantially from scratch inside the federated loop. A strong-enough frozen backbone routinely outperforms a weak-backbone method with sophisticated anti-forgetting machinery on its own -- this gap is dominated by that protocol difference, not by reimplementation fidelity. See notes/2026-09-15_p2_tab05_tab07.md."
m2_target_gap_vs_published_3,0.3653,,,accuracy fraction (ours - published),results/tab07_reproduction_gap.csv,"method=='M2_target' & source_paper==""Nori et al., ICLR 2025 (Hybrid Replay paper's independent reproduction of TARGET), Table 2""","published=0.5003 (Nori et al., ICLR 2025 (Hybrid Replay paper's independent reproduction of TARGET), Table 2, 10/10/50/5, CIFAR-100). Three independent papers report three very different numbers for the SAME method (0.363 / 0.713 / 0.500) under three different protocols (5 vs 10 tasks, different client counts and skew) -- this is itself evidence for H12 (reproduction attrition): published numbers for these methods are highly protocol-sensitive, which is a finding, not noise. CAVEAT (read before citing this gap): our number sits on a frozen, IN21k-pretrained ViT-B/16 (RESEARCH_PLAN.md's cacheable-methods architecture); the published number trains a ResNet18 substantially from scratch inside the federated loop. A strong-enough frozen backbone routinely outperforms a weak-backbone method with sophisticated anti-forgetting machinery on its own -- this gap is dominated by that protocol difference, not by reimplementation fidelity. See notes/2026-09-15_p2_tab05_tab07.md."
m3_fot_our_reimpl_acc,0.8628,,,final average accuracy,results/tab07_reproduction_gap.csv,method=='M3_fot',"n_seeds=3, std=0.0005; CIFAR-100, 10 class-incremental tasks, frozen ViT-B/16 features, 10 clients, Dirichlet beta=0.5"
m4_prototype_half_our_reimpl_acc,0.6565,,,final average accuracy,results/tab07_reproduction_gap.csv,method=='M4_prototype_half',"n_seeds=3, std=0.037; CIFAR-100, 10 class-incremental tasks, frozen ViT-B/16 features, 10 clients, Dirichlet beta=0.5"
m4_prototype_half_gap_vs_published_1,-0.1295,,,accuracy fraction (ours - published),results/tab07_reproduction_gap.csv,"method=='M4_prototype_half' & source_paper==""Guo et al., ECCV 2024 (PILoRA's own paper), Table 1 (avg. accuracy column)""","published=0.786 (Guo et al., ECCV 2024 (PILoRA's own paper), Table 1 (avg. accuracy column), 10 tasks, CIFAR-100, quantity-skew alpha=6, 10 clients -- FULL PILoRA (prototype+LoRA), not the prototype-only half we reimplement). We reimplement only PILoRA's prototype half (frozen backbone, no LoRA fine-tuning of the ViT -- LoRA needs backprop through the network and is out of scope for the cacheable-methods pass, 00_BUILD_PLAN.md P2). This is the one method in the table where our number is LOWER than published, which is independent structural evidence for the same backbone-confound point (see M1/M2/M5's note): the missing LoRA half is exactly the part that would let the backbone adapt, and its absence costs accuracy in the direction you'd expect."
m5_hybrid_replay_our_reimpl_acc,0.8777,,,final average accuracy,results/tab07_reproduction_gap.csv,method=='M5_hybrid_replay',"n_seeds=3, std=0.0007; CIFAR-100, 10 class-incremental tasks, frozen ViT-B/16 features, 10 clients, Dirichlet beta=0.5"
m5_hybrid_replay_gap_vs_published_1,0.2193,,,accuracy fraction (ours - published),results/tab07_reproduction_gap.csv,"method=='M5_hybrid_replay' & source_paper==""Nori et al., ICLR 2025 (Hybrid Replay's own paper), Table 2""","published=0.6584 (Nori et al., ICLR 2025 (Hybrid Replay's own paper), Table 2, 10/10/50/5, CIFAR-100). CAVEAT (read before citing this gap): our number sits on a frozen, IN21k-pretrained ViT-B/16 (RESEARCH_PLAN.md's cacheable-methods architecture); the published number trains a ResNet18 substantially from scratch inside the federated loop. A strong-enough frozen backbone routinely outperforms a weak-backbone method with sophisticated anti-forgetting machinery on its own -- this gap is dominated by that protocol difference, not by reimplementation fidelity. See notes/2026-09-15_p2_tab05_tab07.md."
m8_analytic_fcl_our_reimpl_acc,0.8833,,,final average accuracy,results/tab07_reproduction_gap.csv,method=='M8_analytic_fcl',"n_seeds=3, std=0.0; CIFAR-100, 10 class-incremental tasks, frozen ViT-B/16 features, 10 clients, Dirichlet beta=0.5"
